/* Generated by tools/genfont.py from public-domain misc-fixed fonts. Do not edit. */
#include "gfx.h"

/* 5x7.bdf: 1847 glyphs in 5x7 cells */
static const unsigned short codes_5x7[] = {
    0x0020, 0x0021, 0x0022, 0x0023, 0x0024, 0x0025, 0x0026, 0x0027, 0x0028, 0x0029, 0x002A, 0x002B,
    0x002C, 0x002D, 0x002E, 0x002F, 0x0030, 0x0031, 0x0032, 0x0033, 0x0034, 0x0035, 0x0036, 0x0037,
    0x0038, 0x0039, 0x003A, 0x003B, 0x003C, 0x003D, 0x003E, 0x003F, 0x0040, 0x0041, 0x0042, 0x0043,
    0x0044, 0x0045, 0x0046, 0x0047, 0x0048, 0x0049, 0x004A, 0x004B, 0x004C, 0x004D, 0x004E, 0x004F,
    0x0050, 0x0051, 0x0052, 0x0053, 0x0054, 0x0055, 0x0056, 0x0057, 0x0058, 0x0059, 0x005A, 0x005B,
    0x005C, 0x005D, 0x005E, 0x005F, 0x0060, 0x0061, 0x0062, 0x0063, 0x0064, 0x0065, 0x0066, 0x0067,
    0x0068, 0x0069, 0x006A, 0x006B, 0x006C, 0x006D, 0x006E, 0x006F, 0x0070, 0x0071, 0x0072, 0x0073,
    0x0074, 0x0075, 0x0076, 0x0077, 0x0078, 0x0079, 0x007A, 0x007B, 0x007C, 0x007D, 0x007E, 0x00A0,
    0x00A1, 0x00A2, 0x00A3, 0x00A4, 0x00A5, 0x00A6, 0x00A7, 0x00A8, 0x00A9, 0x00AA, 0x00AB, 0x00AC,
    0x00AD, 0x00AE, 0x00AF, 0x00B0, 0x00B1, 0x00B2, 0x00B3, 0x00B4, 0x00B5, 0x00B6, 0x00B7, 0x00B8,
    0x00B9, 0x00BA, 0x00BB, 0x00BC, 0x00BD, 0x00BE, 0x00BF, 0x00C0, 0x00C1, 0x00C2, 0x00C3, 0x00C4,
    0x00C5, 0x00C6, 0x00C7, 0x00C8, 0x00C9, 0x00CA, 0x00CB, 0x00CC, 0x00CD, 0x00CE, 0x00CF, 0x00D0,
    0x00D1, 0x00D2, 0x00D3, 0x00D4, 0x00D5, 0x00D6, 0x00D7, 0x00D8, 0x00D9, 0x00DA, 0x00DB, 0x00DC,
    0x00DD, 0x00DE, 0x00DF, 0x00E0, 0x00E1, 0x00E2, 0x00E3, 0x00E4, 0x00E5, 0x00E6, 0x00E7, 0x00E8,
    0x00E9, 0x00EA, 0x00EB, 0x00EC, 0x00ED, 0x00EE, 0x00EF, 0x00F0, 0x00F1, 0x00F2, 0x00F3, 0x00F4,
    0x00F5, 0x00F6, 0x00F7, 0x00F8, 0x00F9, 0x00FA, 0x00FB, 0x00FC, 0x00FD, 0x00FE, 0x00FF, 0x0100,
    0x0101, 0x0102, 0x0103, 0x0104, 0x0105, 0x0106, 0x0107, 0x0108, 0x0109, 0x010A, 0x010B, 0x010C,
    0x010D, 0x010E, 0x010F, 0x0110, 0x0111, 0x0112, 0x0113, 0x0114, 0x0115, 0x0116, 0x0117, 0x0118,
    0x0119, 0x011A, 0x011B, 0x011C, 0x011D, 0x011E, 0x011F, 0x0120, 0x0121, 0x0122, 0x0123, 0x0124,
    0x0125, 0x0126, 0x0127, 0x0128, 0x0129, 0x012A, 0x012B, 0x012C, 0x012D, 0x012E, 0x012F, 0x0130,
    0x0131, 0x0132, 0x0133, 0x0134, 0x0135, 0x0136, 0x0137, 0x0138, 0x0139, 0x013A, 0x013B, 0x013C,
    0x013D, 0x013E, 0x013F, 0x0140, 0x0141, 0x0142, 0x0143, 0x0144, 0x0145, 0x0146, 0x0147, 0x0148,
    0x0149, 0x014A, 0x014B, 0x014C, 0x014D, 0x014E, 0x014F, 0x0150, 0x0151, 0x0152, 0x0153, 0x0154,
    0x0155, 0x0156, 0x0157, 0x0158, 0x0159, 0x015A, 0x015B, 0x015C, 0x015D, 0x015E, 0x015F, 0x0160,
    0x0161, 0x0162, 0x0163, 0x0164, 0x0165, 0x0166, 0x0167, 0x0168, 0x0169, 0x016A, 0x016B, 0x016C,
    0x016D, 0x016E, 0x016F, 0x0170, 0x0171, 0x0172, 0x0173, 0x0174, 0x0175, 0x0176, 0x0177, 0x0178,
    0x0179, 0x017A, 0x017B, 0x017C, 0x017D, 0x017E, 0x017F, 0x0180, 0x0181, 0x0182, 0x0183, 0x0184,
    0x0185, 0x0186, 0x0187, 0x0188, 0x0189, 0x018A, 0x018B, 0x018C, 0x018D, 0x018E, 0x018F, 0x0190,
    0x0191, 0x0192, 0x0193, 0x0194, 0x0195, 0x0196, 0x0197, 0x0198, 0x0199, 0x019A, 0x019B, 0x019C,
    0x019D, 0x019E, 0x019F, 0x01A0, 0x01A1, 0x01A2, 0x01A3, 0x01A4, 0x01A5, 0x01A6, 0x01A7, 0x01A8,
    0x01A9, 0x01AA, 0x01AB, 0x01AC, 0x01AD, 0x01AE, 0x01AF, 0x01B0, 0x01B1, 0x01B2, 0x01B3, 0x01B4,
    0x01B5, 0x01B6, 0x01B7, 0x01B8, 0x01B9, 0x01BA, 0x01BB, 0x01BC, 0x01BD, 0x01BE, 0x01BF, 0x01C0,
    0x01C1, 0x01C2, 0x01C3, 0x01C4, 0x01C5, 0x01C6, 0x01C7, 0x01C8, 0x01C9, 0x01CA, 0x01CB, 0x01CC,
    0x01CD, 0x01CE, 0x01CF, 0x01D0, 0x01D1, 0x01D2, 0x01D3, 0x01D4, 0x01D5, 0x01D6, 0x01D7, 0x01D8,
    0x01D9, 0x01DA, 0x01DB, 0x01DC, 0x01DD, 0x01DE, 0x01DF, 0x01E0, 0x01E1, 0x01E2, 0x01E3, 0x01E4,
    0x01E5, 0x01E6, 0x01E7, 0x01E8, 0x01E9, 0x01EA, 0x01EB, 0x01EC, 0x01ED, 0x01EE, 0x01EF, 0x01F0,
    0x01F1, 0x01F2, 0x01F3, 0x01F4, 0x01F5, 0x01F6, 0x01F7, 0x01F8, 0x01F9, 0x01FA, 0x01FB, 0x01FC,
    0x01FD, 0x01FE, 0x01FF, 0x0200, 0x0201, 0x0202, 0x0203, 0x0204, 0x0205, 0x0206, 0x0207, 0x0208,
    0x0209, 0x020A, 0x020B, 0x020C, 0x020D, 0x020E, 0x020F, 0x0210, 0x0211, 0x0212, 0x0213, 0x0214,
    0x0215, 0x0216, 0x0217, 0x0218, 0x0219, 0x021A, 0x021B, 0x021C, 0x021D, 0x021E, 0x021F, 0x0250,
    0x0251, 0x0252, 0x0253, 0x0254, 0x0255, 0x0256, 0x0257, 0x0258, 0x0259, 0x025A, 0x025B, 0x025C,
    0x025D, 0x025E, 0x025F, 0x0260, 0x0261, 0x0262, 0x0263, 0x0264, 0x0265, 0x0266, 0x0267, 0x0268,
    0x0269, 0x026A, 0x026B, 0x026C, 0x026D, 0x026E, 0x026F, 0x0270, 0x0271, 0x0272, 0x0273, 0x0274,
    0x0275, 0x0276, 0x0277, 0x0278, 0x0279, 0x027A, 0x027B, 0x027C, 0x027D, 0x027E, 0x027F, 0x0280,
    0x0281, 0x0282, 0x0283, 0x0284, 0x0285, 0x0286, 0x0287, 0x0288, 0x0289, 0x028A, 0x028B, 0x028C,
    0x028D, 0x028E, 0x028F, 0x0290, 0x0291, 0x0292, 0x0293, 0x0294, 0x0295, 0x0296, 0x0297, 0x0298,
    0x0299, 0x029A, 0x029B, 0x029C, 0x029D, 0x029E, 0x029F, 0x02A0, 0x02A1, 0x02A2, 0x02A3, 0x02A4,
    0x02A5, 0x02A6, 0x02A7, 0x02A8, 0x02B6, 0x02B8, 0x02B9, 0x02BC, 0x02BD, 0x02C6, 0x02C7, 0x02C8,
    0x02C9, 0x02CC, 0x02D0, 0x02D6, 0x02D8, 0x02D9, 0x02DA, 0x02DB, 0x02DC, 0x02DD, 0x0300, 0x0301,
    0x0302, 0x0303, 0x0304, 0x0305, 0x0306, 0x0307, 0x0308, 0x0309, 0x030A, 0x030B, 0x030C, 0x030D,
    0x030E, 0x030F, 0x0310, 0x0311, 0x0323, 0x0324, 0x0338, 0x0340, 0x0341, 0x0374, 0x0375, 0x037A,
    0x037E, 0x0384, 0x0385, 0x0386, 0x0387, 0x0388, 0x0389, 0x038A, 0x038C, 0x038E, 0x038F, 0x0390,
    0x0391, 0x0392, 0x0393, 0x0394, 0x0395, 0x0396, 0x0397, 0x0398, 0x0399, 0x039A, 0x039B, 0x039C,
    0x039D, 0x039E, 0x039F, 0x03A0, 0x03A1, 0x03A3, 0x03A4, 0x03A5, 0x03A6, 0x03A7, 0x03A8, 0x03A9,
    0x03AA, 0x03AB, 0x03AC, 0x03AD, 0x03AE, 0x03AF, 0x03B0, 0x03B1, 0x03B2, 0x03B3, 0x03B4, 0x03B5,
    0x03B6, 0x03B7, 0x03B8, 0x03B9, 0x03BA, 0x03BB, 0x03BC, 0x03BD, 0x03BE, 0x03BF, 0x03C0, 0x03C1,
    0x03C2, 0x03C3, 0x03C4, 0x03C5, 0x03C6, 0x03C7, 0x03C8, 0x03C9, 0x03CA, 0x03CB, 0x03CC, 0x03CD,
    0x03CE, 0x03D0, 0x03D1, 0x03D2, 0x03D3, 0x03D4, 0x03D5, 0x03D6, 0x03D7, 0x03DA, 0x03DB, 0x03DC,
    0x03DD, 0x03DE, 0x03DF, 0x03E0, 0x03E1, 0x03F0, 0x03F1, 0x03F2, 0x03F3, 0x03F4, 0x03F5, 0x0401,
    0x0402, 0x0403, 0x0404, 0x0405, 0x0406, 0x0407, 0x0408, 0x0409, 0x040A, 0x040B, 0x040C, 0x040E,
    0x040F, 0x0410, 0x0411, 0x0412, 0x0413, 0x0414, 0x0415, 0x0416, 0x0417, 0x0418, 0x0419, 0x041A,
    0x041B, 0x041C, 0x041D, 0x041E, 0x041F, 0x0420, 0x0421, 0x0422, 0x0423, 0x0424, 0x0425, 0x0426,
    0x0427, 0x0428, 0x0429, 0x042A, 0x042B, 0x042C, 0x042D, 0x042E, 0x042F, 0x0430, 0x0431, 0x0432,
    0x0433, 0x0434, 0x0435, 0x0436, 0x0437, 0x0438, 0x0439, 0x043A, 0x043B, 0x043C, 0x043D, 0x043E,
    0x043F, 0x0440, 0x0441, 0x0442, 0x0443, 0x0444, 0x0445, 0x0446, 0x0447, 0x0448, 0x0449, 0x044A,
    0x044B, 0x044C, 0x044D, 0x044E, 0x044F, 0x0451, 0x0452, 0x0453, 0x0454, 0x0455, 0x0456, 0x0457,
    0x0458, 0x0459, 0x045A, 0x045B, 0x045C, 0x045E, 0x045F, 0x0490, 0x0491, 0x0492, 0x0493, 0x0496,
    0x0497, 0x049A, 0x049B, 0x04AE, 0x04AF, 0x04B0, 0x04B1, 0x04B2, 0x04B3, 0x04BA, 0x04BB, 0x04D8,
    0x04D9, 0x04E2, 0x04E3, 0x04E8, 0x04E9, 0x04EE, 0x04EF, 0x05D0, 0x05D1, 0x05D2, 0x05D3, 0x05D4,
    0x05D5, 0x05D6, 0x05D7, 0x05D8, 0x05D9, 0x05DA, 0x05DB, 0x05DC, 0x05DD, 0x05DE, 0x05DF, 0x05E0,
    0x05E1, 0x05E2, 0x05E3, 0x05E4, 0x05E5, 0x05E6, 0x05E7, 0x05E8, 0x05E9, 0x05EA, 0x16A0, 0x16A2,
    0x16A3, 0x16A6, 0x16A9, 0x16AA, 0x16AB, 0x16B1, 0x16B3, 0x16B7, 0x16B8, 0x16B9, 0x16BB, 0x16BE,
    0x16C0, 0x16C4, 0x16C7, 0x16C8, 0x16C9, 0x16CB, 0x16CF, 0x16D2, 0x16D6, 0x16D7, 0x16DA, 0x16DD,
    0x16DE, 0x16DF, 0x16E0, 0x16E1, 0x16E2, 0x16E3, 0x16E4, 0x16EB, 0x16EC, 0x16ED, 0x1E02, 0x1E03,
    0x1E0A, 0x1E0B, 0x1E1E, 0x1E1F, 0x1E40, 0x1E41, 0x1E56, 0x1E57, 0x1E60, 0x1E61, 0x1E6A, 0x1E6B,
    0x1E80, 0x1E81, 0x1E82, 0x1E83, 0x1E84, 0x1E85, 0x1EF2, 0x1EF3, 0x1F00, 0x1F01, 0x1F02, 0x1F03,
    0x1F04, 0x1F05, 0x1F06, 0x1F07, 0x1F08, 0x1F09, 0x1F0A, 0x1F0B, 0x1F0C, 0x1F0D, 0x1F0E, 0x1F0F,
    0x1F10, 0x1F11, 0x1F12, 0x1F13, 0x1F14, 0x1F15, 0x1F18, 0x1F19, 0x1F1A, 0x1F1B, 0x1F1C, 0x1F1D,
    0x1F20, 0x1F21, 0x1F22, 0x1F23, 0x1F24, 0x1F25, 0x1F26, 0x1F27, 0x1F28, 0x1F29, 0x1F2A, 0x1F2B,
    0x1F2C, 0x1F2D, 0x1F2E, 0x1F2F, 0x1F30, 0x1F31, 0x1F32, 0x1F33, 0x1F34, 0x1F35, 0x1F36, 0x1F37,
    0x1F38, 0x1F39, 0x1F3A, 0x1F3B, 0x1F3C, 0x1F3D, 0x1F3E, 0x1F3F, 0x1F40, 0x1F41, 0x1F42, 0x1F43,
    0x1F44, 0x1F45, 0x1F48, 0x1F49, 0x1F4A, 0x1F4B, 0x1F4C, 0x1F4D, 0x1F50, 0x1F51, 0x1F52, 0x1F53,
    0x1F54, 0x1F55, 0x1F56, 0x1F57, 0x1F59, 0x1F5B, 0x1F5D, 0x1F5F, 0x1F60, 0x1F61, 0x1F62, 0x1F63,
    0x1F64, 0x1F65, 0x1F66, 0x1F67, 0x1F68, 0x1F69, 0x1F6A, 0x1F6B, 0x1F6C, 0x1F6D, 0x1F6E, 0x1F6F,
    0x1F70, 0x1F71, 0x1F72, 0x1F73, 0x1F74, 0x1F75, 0x1F76, 0x1F77, 0x1F78, 0x1F79, 0x1F7A, 0x1F7B,
    0x1F7C, 0x1F7D, 0x1F80, 0x1F81, 0x1F82, 0x1F83, 0x1F84, 0x1F85, 0x1F86, 0x1F87, 0x1F88, 0x1F89,
    0x1F8A, 0x1F8B, 0x1F8C, 0x1F8D, 0x1F8E, 0x1F8F, 0x1F90, 0x1F91, 0x1F92, 0x1F93, 0x1F94, 0x1F95,
    0x1F96, 0x1F97, 0x1F98, 0x1F99, 0x1F9A, 0x1F9B, 0x1F9C, 0x1F9D, 0x1F9E, 0x1F9F, 0x1FA0, 0x1FA1,
    0x1FA2, 0x1FA3, 0x1FA4, 0x1FA5, 0x1FA6, 0x1FA7, 0x1FA8, 0x1FA9, 0x1FAA, 0x1FAB, 0x1FAC, 0x1FAD,
    0x1FAE, 0x1FAF, 0x1FB0, 0x1FB1, 0x1FB2, 0x1FB3, 0x1FB4, 0x1FB6, 0x1FB7, 0x1FB8, 0x1FB9, 0x1FBA,
    0x1FBB, 0x1FBC, 0x1FBD, 0x1FBE, 0x1FBF, 0x1FC0, 0x1FC1, 0x1FC2, 0x1FC3, 0x1FC4, 0x1FC6, 0x1FC7,
    0x1FC8, 0x1FC9, 0x1FCA, 0x1FCB, 0x1FCC, 0x1FCD, 0x1FCE, 0x1FCF, 0x1FD0, 0x1FD1, 0x1FD2, 0x1FD3,
    0x1FD6, 0x1FD7, 0x1FD8, 0x1FD9, 0x1FDA, 0x1FDB, 0x1FDD, 0x1FDE, 0x1FDF, 0x1FE0, 0x1FE1, 0x1FE2,
    0x1FE3, 0x1FE4, 0x1FE5, 0x1FE6, 0x1FE7, 0x1FE8, 0x1FE9, 0x1FEA, 0x1FEB, 0x1FEC, 0x1FED, 0x1FEE,
    0x1FEF, 0x1FF2, 0x1FF3, 0x1FF4, 0x1FF6, 0x1FF7, 0x1FF8, 0x1FF9, 0x1FFA, 0x1FFB, 0x1FFC, 0x1FFD,
    0x1FFE, 0x2010, 0x2011, 0x2012, 0x2013, 0x2014, 0x2015, 0x2016, 0x2017, 0x2018, 0x2019, 0x201A,
    0x201B, 0x201C, 0x201D, 0x201E, 0x201F, 0x2020, 0x2021, 0x2022, 0x2023, 0x2024, 0x2025, 0x2026,
    0x2027, 0x2030, 0x2032, 0x2033, 0x2034, 0x2035, 0x2036, 0x2037, 0x2039, 0x203A, 0x203C, 0x203E,
    0x2044, 0x2070, 0x2071, 0x2074, 0x2075, 0x2076, 0x2077, 0x2078, 0x2079, 0x207A, 0x207B, 0x207C,
    0x207D, 0x207E, 0x207F, 0x2080, 0x2081, 0x2082, 0x2083, 0x2084, 0x2085, 0x2086, 0x2087, 0x2088,
    0x2089, 0x208A, 0x208B, 0x208C, 0x208D, 0x208E, 0x20A3, 0x20A4, 0x20A7, 0x20AB, 0x20AC, 0x20AF,
    0x20D0, 0x20D1, 0x20D2, 0x20D3, 0x20D4, 0x20D5, 0x20D6, 0x20D7, 0x2102, 0x2105, 0x2113, 0x2115,
    0x2116, 0x211A, 0x211D, 0x2122, 0x2124, 0x2126, 0x2127, 0x212E, 0x215B, 0x215C, 0x215D, 0x215E,
    0x2190, 0x2191, 0x2192, 0x2193, 0x2194, 0x2195, 0x21A4, 0x21A5, 0x21A6, 0x21A7, 0x21A8, 0x21C4,
    0x21C6, 0x21CB, 0x21CC, 0x21D0, 0x21D1, 0x21D2, 0x21D3, 0x21D4, 0x21D5, 0x2200, 0x2201, 0x2202,
    0x2203, 0x2204, 0x2205, 0x2206, 0x2207, 0x2208, 0x2209, 0x220A, 0x220B, 0x220C, 0x220D, 0x220E,
    0x220F, 0x2210, 0x2211, 0x2212, 0x2213, 0x2214, 0x2215, 0x2216, 0x2217, 0x2218, 0x2219, 0x221A,
    0x221B, 0x221C, 0x221D, 0x221E, 0x221F, 0x2220, 0x2221, 0x2222, 0x2223, 0x2224, 0x2225, 0x2226,
    0x2227, 0x2228, 0x2229, 0x222A, 0x222B, 0x222C, 0x222D, 0x222E, 0x222F, 0x2230, 0x2234, 0x2235,
    0x2236, 0x2237, 0x2238, 0x2239, 0x223A, 0x223C, 0x2243, 0x2245, 0x2248, 0x2249, 0x2259, 0x225A,
    0x225F, 0x2260, 0x2261, 0x2262, 0x2263, 0x2264, 0x2265, 0x226A, 0x226B, 0x2282, 0x2283, 0x2284,
    0x2285, 0x2286, 0x2287, 0x2288, 0x2289, 0x228A, 0x228B, 0x2295, 0x2296, 0x2297, 0x2298, 0x2299,
    0x22A2, 0x22A3, 0x22A4, 0x22A5, 0x22A6, 0x22A7, 0x22A8, 0x22C2, 0x22C3, 0x22C5, 0x22EE, 0x22EF,
    0x22F0, 0x22F1, 0x2300, 0x2302, 0x2308, 0x2309, 0x230A, 0x230B, 0x2310, 0x2320, 0x2321, 0x23BA,
    0x23BB, 0x23BC, 0x23BD, 0x2409, 0x240A, 0x240B, 0x240C, 0x240D, 0x2423, 0x2424, 0x2500, 0x2501,
    0x2502, 0x2503, 0x2504, 0x2505, 0x2506, 0x2507, 0x2508, 0x2509, 0x250A, 0x250B, 0x250C, 0x250D,
    0x250E, 0x250F, 0x2510, 0x2511, 0x2512, 0x2513, 0x2514, 0x2515, 0x2516, 0x2517, 0x2518, 0x2519,
    0x251A, 0x251B, 0x251C, 0x251D, 0x251E, 0x251F, 0x2520, 0x2521, 0x2522, 0x2523, 0x2524, 0x2525,
    0x2526, 0x2527, 0x2528, 0x2529, 0x252A, 0x252B, 0x252C, 0x252D, 0x252E, 0x252F, 0x2530, 0x2531,
    0x2532, 0x2533, 0x2534, 0x2535, 0x2536, 0x2537, 0x2538, 0x2539, 0x253A, 0x253B, 0x253C, 0x253D,
    0x253E, 0x253F, 0x2540, 0x2541, 0x2542, 0x2543, 0x2544, 0x2545, 0x2546, 0x2547, 0x2548, 0x2549,
    0x254A, 0x254B, 0x254C, 0x254D, 0x254E, 0x254F, 0x2550, 0x2551, 0x2552, 0x2553, 0x2554, 0x2555,
    0x2556, 0x2557, 0x2558, 0x2559, 0x255A, 0x255B, 0x255C, 0x255D, 0x255E, 0x255F, 0x2560, 0x2561,
    0x2562, 0x2563, 0x2564, 0x2565, 0x2566, 0x2567, 0x2568, 0x2569, 0x256A, 0x256B, 0x256C, 0x256D,
    0x256E, 0x256F, 0x2570, 0x2571, 0x2572, 0x2573, 0x2574, 0x2575, 0x2576, 0x2577, 0x2578, 0x2579,
    0x257A, 0x257B, 0x257C, 0x257D, 0x257E, 0x257F, 0x2580, 0x2581, 0x2582, 0x2583, 0x2584, 0x2585,
    0x2586, 0x2587, 0x2588, 0x2589, 0x258A, 0x258B, 0x258C, 0x258D, 0x258E, 0x258F, 0x2590, 0x2591,
    0x2592, 0x2593, 0x2594, 0x2595, 0x2596, 0x2597, 0x2598, 0x2599, 0x259A, 0x259B, 0x259C, 0x259D,
    0x259E, 0x259F, 0x25A0, 0x25A1, 0x25AA, 0x25AB, 0x25AC, 0x25AD, 0x25AE, 0x25B2, 0x25B3, 0x25B6,
    0x25B7, 0x25B8, 0x25B9, 0x25BA, 0x25BB, 0x25BC, 0x25BD, 0x25C0, 0x25C1, 0x25C2, 0x25C3, 0x25C4,
    0x25C5, 0x25C6, 0x25CA, 0x25CB, 0x25CF, 0x25D8, 0x25D9, 0x25E6, 0x2639, 0x263A, 0x263B, 0x263C,
    0x2640, 0x2641, 0x2642, 0x2660, 0x2663, 0x2665, 0x2666, 0x2669, 0x266A, 0x266B, 0x266C, 0x266D,
    0x266E, 0x266F, 0x27E8, 0x27E9, 0x2800, 0x2801, 0x2802, 0x2803, 0x2804, 0x2805, 0x2806, 0x2807,
    0x2808, 0x2809, 0x280A, 0x280B, 0x280C, 0x280D, 0x280E, 0x280F, 0x2810, 0x2811, 0x2812, 0x2813,
    0x2814, 0x2815, 0x2816, 0x2817, 0x2818, 0x2819, 0x281A, 0x281B, 0x281C, 0x281D, 0x281E, 0x281F,
    0x2820, 0x2821, 0x2822, 0x2823, 0x2824, 0x2825, 0x2826, 0x2827, 0x2828, 0x2829, 0x282A, 0x282B,
    0x282C, 0x282D, 0x282E, 0x282F, 0x2830, 0x2831, 0x2832, 0x2833, 0x2834, 0x2835, 0x2836, 0x2837,
    0x2838, 0x2839, 0x283A, 0x283B, 0x283C, 0x283D, 0x283E, 0x283F, 0x2840, 0x2841, 0x2842, 0x2843,
    0x2844, 0x2845, 0x2846, 0x2847, 0x2848, 0x2849, 0x284A, 0x284B, 0x284C, 0x284D, 0x284E, 0x284F,
    0x2850, 0x2851, 0x2852, 0x2853, 0x2854, 0x2855, 0x2856, 0x2857, 0x2858, 0x2859, 0x285A, 0x285B,
    0x285C, 0x285D, 0x285E, 0x285F, 0x2860, 0x2861, 0x2862, 0x2863, 0x2864, 0x2865, 0x2866, 0x2867,
    0x2868, 0x2869, 0x286A, 0x286B, 0x286C, 0x286D, 0x286E, 0x286F, 0x2870, 0x2871, 0x2872, 0x2873,
    0x2874, 0x2875, 0x2876, 0x2877, 0x2878, 0x2879, 0x287A, 0x287B, 0x287C, 0x287D, 0x287E, 0x287F,
    0x2880, 0x2881, 0x2882, 0x2883, 0x2884, 0x2885, 0x2886, 0x2887, 0x2888, 0x2889, 0x288A, 0x288B,
    0x288C, 0x288D, 0x288E, 0x288F, 0x2890, 0x2891, 0x2892, 0x2893, 0x2894, 0x2895, 0x2896, 0x2897,
    0x2898, 0x2899, 0x289A, 0x289B, 0x289C, 0x289D, 0x289E, 0x289F, 0x28A0, 0x28A1, 0x28A2, 0x28A3,
    0x28A4, 0x28A5, 0x28A6, 0x28A7, 0x28A8, 0x28A9, 0x28AA, 0x28AB, 0x28AC, 0x28AD, 0x28AE, 0x28AF,
    0x28B0, 0x28B1, 0x28B2, 0x28B3, 0x28B4, 0x28B5, 0x28B6, 0x28B7, 0x28B8, 0x28B9, 0x28BA, 0x28BB,
    0x28BC, 0x28BD, 0x28BE, 0x28BF, 0x28C0, 0x28C1, 0x28C2, 0x28C3, 0x28C4, 0x28C5, 0x28C6, 0x28C7,
    0x28C8, 0x28C9, 0x28CA, 0x28CB, 0x28CC, 0x28CD, 0x28CE, 0x28CF, 0x28D0, 0x28D1, 0x28D2, 0x28D3,
    0x28D4, 0x28D5, 0x28D6, 0x28D7, 0x28D8, 0x28D9, 0x28DA, 0x28DB, 0x28DC, 0x28DD, 0x28DE, 0x28DF,
    0x28E0, 0x28E1, 0x28E2, 0x28E3, 0x28E4, 0x28E5, 0x28E6, 0x28E7, 0x28E8, 0x28E9, 0x28EA, 0x28EB,
    0x28EC, 0x28ED, 0x28EE, 0x28EF, 0x28F0, 0x28F1, 0x28F2, 0x28F3, 0x28F4, 0x28F5, 0x28F6, 0x28F7,
    0x28F8, 0x28F9, 0x28FA, 0x28FB, 0x28FC, 0x28FD, 0x28FE, 0x28FF, 0xFB01, 0xFB02, 0xFFFD,
};
static const unsigned char rows_5x7[] = {
    0x00,0x00,0x00,0x00,0x00,0x00,0x00,
    0x20,0x20,0x20,0x20,0x00,0x20,0x00,
    0x50,0x50,0x50,0x00,0x00,0x00,0x00,
    0x00,0x50,0xF8,0x50,0xF8,0x50,0x00,
    0x00,0x70,0xA0,0x70,0x28,0x70,0x00,
    0x80,0x90,0x20,0x40,0x90,0x10,0x00,
    0x00,0x40,0xA0,0x40,0xA0,0x50,0x00,
    0x20,0x20,0x20,0x00,0x00,0x00,0x00,
    0x20,0x40,0x40,0x40,0x40,0x20,0x00,
    0x40,0x20,0x20,0x20,0x20,0x40,0x00,
    0x00,0x50,0x20,0x70,0x20,0x50,0x00,
    0x00,0x20,0x20,0xF8,0x20,0x20,0x00,
    0x00,0x00,0x00,0x00,0x30,0x20,0x40,
    0x00,0x00,0x00,0xF0,0x00,0x00,0x00,
    0x00,0x00,0x00,0x00,0x60,0x60,0x00,
    0x00,0x10,0x20,0x40,0x80,0x00,0x00,
    0x20,0x50,0x50,0x50,0x50,0x20,0x00,
    0x20,0x60,0x20,0x20,0x20,0x70,0x00,
    0x60,0x90,0x10,0x20,0x40,0xF0,0x00,
    0xF0,0x10,0x60,0x10,0x90,0x60,0x00,
    0x20,0x60,0xA0,0xF0,0x20,0x20,0x00,
    0xF0,0x80,0xE0,0x10,0x90,0x60,0x00,
    0x60,0x80,0xE0,0x90,0x90,0x60,0x00,
    0xF0,0x10,0x20,0x20,0x40,0x40,0x00,
    0x60,0x90,0x60,0x90,0x90,0x60,0x00,
    0x60,0x90,0x90,0x70,0x10,0x60,0x00,
    0x00,0x60,0x60,0x00,0x60,0x60,0x00,
    0x00,0x60,0x60,0x00,0x60,0x40,0x80,
    0x00,0x10,0x20,0x40,0x20,0x10,0x00,
    0x00,0x00,0xF0,0x00,0xF0,0x00,0x00,
    0x00,0x40,0x20,0x10,0x20,0x40,0x00,
    0x20,0x50,0x10,0x20,0x00,0x20,0x00,
    0x60,0x90,0xB0,0xB0,0x80,0x60,0x00,
    0x60,0x90,0x90,0xF0,0x90,0x90,0x00,
    0xE0,0x90,0xE0,0x90,0x90,0xE0,0x00,
    0x60,0x90,0x80,0x80,0x90,0x60,0x00,
    0xE0,0x90,0x90,0x90,0x90,0xE0,0x00,
    0xF0,0x80,0xE0,0x80,0x80,0xF0,0x00,
    0xF0,0x80,0xE0,0x80,0x80,0x80,0x00,
    0x60,0x90,0x80,0xB0,0x90,0x70,0x00,
    0x90,0x90,0xF0,0x90,0x90,0x90,0x00,
    0x70,0x20,0x20,0x20,0x20,0x70,0x00,
    0x10,0x10,0x10,0x10,0x90,0x60,0x00,
    0x90,0xA0,0xC0,0xC0,0xA0,0x90,0x00,
    0x80,0x80,0x80,0x80,0x80,0xF0,0x00,
    0x90,0xF0,0xF0,0x90,0x90,0x90,0x00,
    0x90,0xD0,0xD0,0xB0,0xB0,0x90,0x00,
    0x60,0x90,0x90,0x90,0x90,0x60,0x00,
    0xE0,0x90,0x90,0xE0,0x80,0x80,0x00,
    0x60,0x90,0x90,0x90,0xD0,0x60,0x10,
    0xE0,0x90,0x90,0xE0,0xA0,0x90,0x00,
    0x60,0x90,0x40,0x20,0x90,0x60,0x00,
    0x70,0x20,0x20,0x20,0x20,0x20,0x00,
    0x90,0x90,0x90,0x90,0x90,0x60,0x00,
    0x90,0x90,0x90,0x90,0x60,0x60,0x00,
    0x90,0x90,0x90,0xF0,0xF0,0x90,0x00,
    0x90,0x90,0x60,0x60,0x90,0x90,0x00,
    0x50,0x50,0x50,0x20,0x20,0x20,0x00,
    0xF0,0x10,0x20,0x40,0x80,0xF0,0x00,
    0x70,0x40,0x40,0x40,0x40,0x70,0x00,
    0x00,0x80,0x40,0x20,0x10,0x00,0x00,
    0x70,0x10,0x10,0x10,0x10,0x70,0x00,
    0x20,0x50,0x00,0x00,0x00,0x00,0x00,
    0x00,0x00,0x00,0x00,0x00,0xF0,0x00,
    0x40,0x20,0x00,0x00,0x00,0x00,0x00,
    0x00,0x00,0x70,0x90,0xB0,0x50,0x00,
    0x80,0x80,0xE0,0x90,0x90,0xE0,0x00,
    0x00,0x00,0x60,0x80,0x80,0x60,0x00,
    0x10,0x10,0x70,0x90,0x90,0x70,0x00,
    0x00,0x00,0x60,0xB0,0xC0,0x60,0x00,
    0x20,0x50,0x40,0xE0,0x40,0x40,0x00,
    0x00,0x00,0x70,0x90,0x60,0x80,0x70,
    0x80,0x80,0xE0,0x90,0x90,0x90,0x00,
    0x20,0x00,0x60,0x20,0x20,0x70,0x00,
    0x10,0x00,0x10,0x10,0x10,0x50,0x20,
    0x80,0x80,0xA0,0xC0,0xA0,0x90,0x00,
    0x60,0x20,0x20,0x20,0x20,0x70,0x00,
    0x00,0x00,0xA0,0xF0,0x90,0x90,0x00,
    0x00,0x00,0xE0,0x90,0x90,0x90,0x00,
    0x00,0x00,0x60,0x90,0x90,0x60,0x00,
    0x00,0x00,0xE0,0x90,0x90,0xE0,0x80,
    0x00,0x00,0x70,0x90,0x90,0x70,0x10,
    0x00,0x00,0xE0,0x90,0x80,0x80,0x00,
    0x00,0x00,0x70,0xC0,0x30,0xE0,0x00,
    0x40,0x40,0xE0,0x40,0x40,0x30,0x00,
    0x00,0x00,0x90,0x90,0x90,0x70,0x00,
    0x00,0x00,0x50,0x50,0x50,0x20,0x00,
    0x00,0x00,0x90,0x90,0xF0,0xF0,0x00,
    0x00,0x00,0x90,0x60,0x60,0x90,0x00,
    0x00,0x00,0x90,0x90,0x50,0x20,0x40,
    0x00,0x00,0xF0,0x20,0x40,0xF0,0x00,
    0x10,0x20,0x60,0x20,0x20,0x10,0x00,
    0x20,0x20,0x20,0x20,0x20,0x20,0x00,
    0x40,0x20,0x30,0x20,0x20,0x40,0x00,
    0x50,0xA0,0x00,0x00,0x00,0x00,0x00,
    0x00,0x00,0x00,0x00,0x00,0x00,0x00,
    0x20,0x00,0x20,0x20,0x20,0x20,0x00,
    0x00,0x20,0x70,0xA0,0xA0,0x70,0x20,
    0x00,0x30,0x40,0xE0,0x40,0xB0,0x00,
    0x00,0x88,0x70,0x50,0x70,0x88,0x00,
    0x50,0x50,0x20,0x70,0x20,0x20,0x00,
    0x00,0x20,0x20,0x00,0x20,0x20,0x00,
    0x30,0x40,0x60,0x50,0x30,0x10,0x60,
    0x50,0x00,0x00,0x00,0x00,0x00,0x00,
    0x70,0x88,0xA8,0xC8,0xA8,0x88,0x70,
    0x60,0xA0,0x60,0x00,0x00,0x00,0x00,
    0x00,0x00,0x48,0x90,0x48,0x00,0x00,
    0x00,0x00,0x00,0xF0,0x10,0x00,0x00,
    0x00,0x00,0x00,0x70,0x00,0x00,0x00,
    0x70,0x88,0xE8,0xC8,0xC8,0x88,0x70,
    0xF0,0x00,0x00,0x00,0x00,0x00,0x00,
    0x20,0x50,0x20,0x00,0x00,0x00,0x00,
    0x20,0x20,0xF8,0x20,0x20,0xF8,0x00,
    0x60,0x20,0x40,0x60,0x00,0x00,0x00,
    0x60,0x60,0x20,0x60,0x00,0x00,0x00,
    0x20,0x40,0x00,0x00,0x00,0x00,0x00,
    0x00,0x00,0x90,0x90,0x90,0xE0,0x80,
    0x70,0xD0,0xD0,0x50,0x50,0x50,0x00,
    0x00,0x00,0x60,0x60,0x00,0x00,0x00,
    0x00,0x00,0x00,0x00,0x00,0x20,0x40,
    0x20,0x60,0x20,0x70,0x00,0x00,0x00,
    0x40,0xA0,0x40,0x00,0x00,0x00,0x00,
    0x00,0x00,0x90,0x48,0x90,0x00,0x00,
    0x80,0x80,0x80,0x90,0x30,0x70,0x10,
    0x80,0x80,0x80,0xB0,0x10,0x20,0x30,
    0xC0,0xC0,0x40,0xD0,0x30,0x70,0x10,
    0x20,0x00,0x20,0x40,0x50,0x20,0x00,
    0x60,0x90,0x90,0xF0,0x90,0x90,0x00,
    0x60,0x90,0x90,0xF0,0x90,0x90,0x00,
    0x60,0x90,0x90,0xF0,0x90,0x90,0x00,
    0x60,0x90,0x90,0xF0,0x90,0x90,0x00,
    0x90,0x60,0x90,0xF0,0x90,0x90,0x00,
    0x60,0x60,0x90,0xF0,0x90,0x90,0x00,
    0x70,0xA0,0xB0,0xE0,0xA0,0xB0,0x00,
    0x60,0x90,0x80,0x80,0x90,0x60,0x40,
    0xF0,0x80,0xE0,0x80,0x80,0xF0,0x00,
    0xF0,0x80,0xE0,0x80,0x80,0xF0,0x00,
    0xF0,0x80,0xE0,0x80,0x80,0xF0,0x00,
    0xF0,0x80,0xE0,0x80,0x80,0xF0,0x00,
    0x70,0x20,0x20,0x20,0x20,0x70,0x00,
    0x70,0x20,0x20,0x20,0x20,0x70,0x00,
    0x70,0x20,0x20,0x20,0x20,0x70,0x00,
    0x70,0x20,0x20,0x20,0x20,0x70,0x00,
    0xE0,0x50,0xD0,0x50,0x50,0xE0,0x00,
    0xB0,0x90,0xD0,0xB0,0xB0,0x90,0x00,
    0x60,0x90,0x90,0x90,0x90,0x60,0x00,
    0x60,0x90,0x90,0x90,0x90,0x60,0x00,
    0x60,0x90,0x90,0x90,0x90,0x60,0x00,
    0x60,0x90,0x90,0x90,0x90,0x60,0x00,
    0x90,0x60,0x90,0x90,0x90,0x60,0x00,
    0x00,0x00,0x90,0x60,0x60,0x90,0x00,
    0x70,0xB0,0xB0,0xD0,0xD0,0xE0,0x00,
    0x90,0x90,0x90,0x90,0x90,0x60,0x00,
    0x90,0x90,0x90,0x90,0x90,0x60,0x00,
    0x90,0x90,0x90,0x90,0x90,0x60,0x00,
    0x90,0x00,0x90,0x90,0x90,0x60,0x00,
    0x50,0x50,0x50,0x20,0x20,0x20,0x00,
    0x80,0xE0,0x90,0xE0,0x80,0x80,0x00,
    0x60,0x90,0xA0,0x90,0x90,0xA0,0x00,
    0x40,0x20,0x70,0x90,0xB0,0x50,0x00,
    0x20,0x40,0x70,0x90,0xB0,0x50,0x00,
    0x20,0x50,0x70,0x90,0xB0,0x50,0x00,
    0x50,0xA0,0x70,0x90,0xB0,0x50,0x00,
    0x50,0x00,0x70,0x90,0xB0,0x50,0x00,
    0x60,0x60,0x70,0x90,0xB0,0x50,0x00,
    0x00,0x00,0x70,0xB0,0xA0,0x70,0x00,
    0x00,0x00,0x30,0x40,0x40,0x30,0x20,
    0x40,0x20,0x60,0xB0,0xC0,0x60,0x00,
    0x20,0x40,0x60,0xB0,0xC0,0x60,0x00,
    0x40,0xA0,0x60,0xB0,0xC0,0x60,0x00,
    0xA0,0x00,0x60,0xB0,0xC0,0x60,0x00,
    0x40,0x20,0x60,0x20,0x20,0x70,0x00,
    0x20,0x40,0x60,0x20,0x20,0x70,0x00,
    0x20,0x50,0x60,0x20,0x20,0x70,0x00,
    0x50,0x00,0x60,0x20,0x20,0x70,0x00,
    0x40,0x30,0x60,0x90,0x90,0x60,0x00,
    0x50,0xA0,0xE0,0x90,0x90,0x90,0x00,
    0x40,0x20,0x60,0x90,0x90,0x60,0x00,
    0x20,0x40,0x60,0x90,0x90,0x60,0x00,
    0x60,0x00,0x60,0x90,0x90,0x60,0x00,
    0x50,0xA0,0x60,0x90,0x90,0x60,0x00,
    0x50,0x00,0x60,0x90,0x90,0x60,0x00,
    0x00,0x60,0x00,0xF0,0x00,0x60,0x00,
    0x00,0x00,0x70,0xB0,0xD0,0xE0,0x00,
    0x40,0x20,0x90,0x90,0x90,0x70,0x00,
    0x20,0x40,0x90,0x90,0x90,0x70,0x00,
    0x60,0x00,0x90,0x90,0x90,0x70,0x00,
    0x50,0x00,0x90,0x90,0x90,0x70,0x00,
    0x20,0x40,0x90,0x90,0x50,0x20,0x40,
    0x00,0x80,0xE0,0x90,0x90,0xE0,0x80,
    0x50,0x00,0x90,0x90,0x50,0x20,0x40,
    0x60,0x90,0x90,0xF0,0x90,0x90,0x00,
    0x70,0x00,0x70,0x90,0xB0,0x50,0x00,
    0x60,0x90,0x90,0xF0,0x90,0x90,0x00,
    0x90,0x60,0x70,0x90,0xB0,0x50,0x00,
    0x60,0x90,0x90,0xF0,0x90,0x90,0x10,
    0x00,0x00,0x70,0x90,0xB0,0x50,0x08,
    0x60,0x90,0x80,0x80,0x90,0x60,0x00,
    0x10,0x20,0x30,0x40,0x40,0x30,0x00,
    0x60,0x90,0x80,0x80,0x90,0x60,0x00,
    0x60,0x00,0x60,0x80,0x80,0x60,0x00,
    0x60,0x90,0x80,0x80,0x90,0x60,0x00,
    0x40,0x00,0x60,0x80,0x80,0x60,0x00,
    0x60,0x90,0x80,0x80,0x90,0x60,0x00,
    0xA0,0x40,0x60,0x80,0x80,0x60,0x00,
    0xE0,0x90,0x90,0x90,0x90,0xE0,0x00,
    0xA0,0x50,0x10,0x70,0x90,0x70,0x00,
    0xE0,0x90,0xD0,0x90,0x90,0xE0,0x00,
    0x10,0x38,0x10,0x70,0x90,0x70,0x00,
    0xF0,0x80,0xE0,0x80,0x80,0xF0,0x00,
    0xE0,0x00,0x60,0xB0,0xC0,0x60,0x00,
    0xF0,0x80,0xE0,0x80,0x80,0xF0,0x00,
    0x90,0x60,0x60,0xB0,0xC0,0x60,0x00,
    0xF0,0x80,0xE0,0x80,0x80,0xF0,0x00,
    0x40,0x00,0x60,0xB0,0xC0,0x60,0x00,
    0xF0,0x80,0xE0,0x80,0x80,0xF0,0x40,
    0x00,0x00,0x60,0xB0,0xC0,0x60,0x40,
    0xF0,0x80,0xE0,0x80,0x80,0xF0,0x00,
    0xA0,0x40,0x60,0xB0,0xC0,0x60,0x00,
    0x60,0x90,0x80,0xB0,0x90,0x70,0x00,
    0x60,0x00,0x70,0x90,0x60,0x80,0x70,
    0x60,0x90,0x80,0xB0,0x90,0x70,0x00,
    0x50,0x20,0x70,0x90,0x60,0x80,0x70,
    0x60,0x90,0x80,0xB0,0x90,0x70,0x00,
    0x20,0x00,0x70,0x90,0x60,0x80,0x70,
    0x60,0x90,0x80,0xB0,0x90,0x70,0x40,
    0x60,0x20,0x70,0x90,0x60,0x80,0x70,
    0x90,0x90,0xF0,0x90,0x90,0x90,0x00,
    0x40,0xA0,0x80,0xE0,0x90,0x90,0x00,
    0x90,0xF8,0x90,0xF0,0x90,0x90,0x00,
    0x80,0xC0,0x80,0xE0,0x90,0x90,0x00,
    0x70,0x20,0x20,0x20,0x20,0x70,0x00,
    0x50,0xA0,0x60,0x20,0x20,0x70,0x00,
    0x70,0x20,0x20,0x20,0x20,0x70,0x00,
    0x70,0x00,0x60,0x20,0x20,0x70,0x00,
    0x70,0x20,0x20,0x20,0x20,0x70,0x00,
    0x90,0x60,0x60,0x20,0x20,0x70,0x00,
    0x70,0x20,0x20,0x20,0x20,0x70,0x40,
    0x20,0x00,0x60,0x20,0x20,0x70,0x40,
    0x70,0x20,0x20,0x20,0x20,0x70,0x00,
    0x00,0x00,0x60,0x20,0x20,0x70,0x00,
    0x90,0x90,0x90,0x90,0xD0,0xA0,0x00,
    0x90,0x00,0x90,0x90,0x90,0xD0,0x20,
    0x10,0x10,0x10,0x10,0x90,0x60,0x00,
    0x20,0x50,0x00,0x20,0x20,0xA0,0x40,
    0x90,0xA0,0xC0,0xC0,0xA0,0x90,0x80,
    0x80,0x80,0xA0,0xC0,0xA0,0x90,0x80,
    0x00,0x00,0x90,0xE0,0x90,0x90,0x00,
    0x90,0xA0,0x80,0x80,0x80,0xF0,0x00,
    0xC8,0x50,0x40,0x40,0x40,0xE0,0x00,
    0x80,0x80,0x80,0x80,0x80,0xF0,0x80,
    0x60,0x20,0x20,0x20,0x20,0x70,0x40,
    0xA8,0x90,0x80,0x80,0x80,0xF0,0x00,
    0xA8,0x90,0x80,0x80,0x80,0x40,0x00,
    0x80,0x80,0xA0,0x80,0x80,0xF0,0x00,
    0xC0,0x40,0x50,0x40,0x40,0xE0,0x00,
    0x80,0x80,0xC0,0x80,0x80,0xF0,0x00,
    0x60,0x20,0x30,0x60,0x20,0x70,0x00,
    0x90,0xD0,0xD0,0xB0,0xB0,0x90,0x00,
    0x20,0x40,0xE0,0x90,0x90,0x90,0x00,
    0x90,0xD0,0xD0,0xB0,0xB0,0x90,0x80,
    0x00,0x00,0xE0,0x90,0x90,0x90,0x80,
    0x90,0xD0,0xD0,0xB0,0xB0,0x90,0x00,
    0xA0,0x40,0xE0,0x90,0x90,0x90,0x00,
    0x80,0x00,0xE0,0x90,0x90,0x90,0x00,
    0x90,0xD0,0xD0,0xB0,0xB0,0x90,0x20,
    0x00,0x00,0xE0,0x90,0x90,0x90,0x20,
    0x60,0x90,0x90,0x90,0x90,0x60,0x00,
    0xF0,0x00,0x60,0x90,0x90,0x60,0x00,
    0x60,0x90,0x90,0x90,0x90,0x60,0x00,
    0x90,0x60,0x60,0x90,0x90,0x60,0x00,
    0x60,0x90,0x90,0x90,0x90,0x60,0x00,
    0x48,0x90,0x60,0x90,0x90,0x60,0x00,
    0x70,0xA0,0xB0,0xA0,0xA0,0x70,0x00,
    0x00,0x00,0x70,0xB0,0xA0,0x70,0x00,
    0xE0,0x90,0x90,0xE0,0xA0,0x90,0x00,
    0x20,0x40,0xE0,0x90,0x80,0x80,0x00,
    0xE0,0x90,0x90,0xE0,0xA0,0x90,0x80,
    0x00,0x00,0xE0,0x90,0x80,0x80,0x40,
    0xE0,0x90,0x90,0xE0,0xA0,0x90,0x00,
    0xA0,0x40,0xE0,0x90,0x80,0x80,0x00,
    0x60,0x90,0x40,0x20,0x90,0x60,0x00,
    0x20,0x40,0x70,0xC0,0x30,0xE0,0x00,
    0x60,0x90,0x40,0x20,0x90,0x60,0x00,
    0x60,0x00,0x70,0xC0,0x30,0xE0,0x00,
    0x60,0x90,0x40,0x20,0x90,0x60,0x40,
    0x00,0x00,0x70,0xC0,0x30,0xE0,0x40,
    0x60,0x90,0x40,0x20,0x90,0x60,0x00,
    0x50,0x20,0x70,0xC0,0x30,0xE0,0x00,
    0x70,0x20,0x20,0x20,0x20,0x20,0x40,
    0x40,0x40,0xE0,0x40,0x40,0x30,0x40,
    0xE0,0x40,0x40,0x40,0x40,0x40,0x00,
    0x50,0x20,0x40,0xE0,0x40,0x30,0x00,
    0xE0,0x40,0xE0,0x40,0x40,0x40,0x00,
    0x40,0xE0,0x40,0xE0,0x40,0x30,0x00,
    0x90,0x90,0x90,0x90,0x90,0x60,0x00,
    0x50,0xA0,0x90,0x90,0x90,0x70,0x00,
    0x90,0x90,0x90,0x90,0x90,0x60,0x00,
    0xF0,0x00,0x90,0x90,0x90,0x70,0x00,
    0x90,0x90,0x90,0x90,0x90,0x60,0x00,
    0x90,0x60,0x00,0x90,0x90,0x70,0x00,
    0x90,0x90,0x90,0x90,0x90,0x60,0x00,
    0x60,0x60,0x00,0x90,0x90,0x70,0x00,
    0x90,0x90,0x90,0x90,0x90,0x60,0x00,
    0x48,0x90,0x00,0x90,0x90,0x70,0x00,
    0x90,0x90,0x90,0x90,0x90,0x60,0x40,
    0x00,0x00,0x90,0x90,0x90,0x70,0x20,
    0x90,0x90,0x90,0xF0,0xF0,0x90,0x00,
    0x20,0x50,0x00,0x90,0xF0,0xF0,0x00,
    0xA0,0xA0,0xA0,0x40,0x40,0x40,0x00,
    0x20,0x50,0x00,0x90,0x50,0x20,0x40,
    0xA0,0xA0,0xA0,0x40,0x40,0x40,0x00,
    0xF0,0x10,0x20,0x40,0x80,0xF0,0x00,
    0x20,0x40,0xF0,0x20,0x40,0xF0,0x00,
    0xF0,0x10,0x20,0x40,0x80,0xF0,0x00,
    0x20,0x00,0xF0,0x20,0x40,0xF0,0x00,
    0xF0,0x10,0x20,0x40,0x80,0xF0,0x00,
    0x50,0x20,0xF0,0x20,0x40,0xF0,0x00,
    0x10,0x20,0x60,0x20,0x20,0x20,0x00,
    0x40,0xE0,0x40,0x60,0x50,0x60,0x00,
    0xE0,0x50,0x60,0x50,0x50,0x60,0x00,
    0xE0,0x80,0xE0,0x90,0x90,0xE0,0x00,
    0x60,0x40,0x60,0x50,0x50,0x60,0x00,
    0x40,0xC0,0xF0,0x48,0x48,0x70,0x00,
    0x40,0xC0,0x60,0x50,0x50,0x60,0x00,
    0x60,0x90,0x10,0x10,0x90,0x60,0x00,
    0x68,0x90,0x80,0x80,0x90,0x60,0x00,
    0x00,0x10,0x60,0x80,0x80,0x60,0x00,
    0xE0,0x50,0xD0,0x50,0x50,0xE0,0x00,
    0xE0,0x50,0x50,0x50,0x50,0x60,0x00,
    0x70,0x10,0x70,0x90,0x90,0x70,0x00,
    0x30,0x10,0x30,0x50,0x50,0x30,0x00,
    0x00,0x00,0x60,0x90,0x60,0x10,0x60,
    0xF0,0x10,0x70,0x10,0x10,0xF0,0x00,
    0x60,0x90,0x10,0xF0,0x90,0x60,0x00,
    0x60,0x90,0x40,0x80,0x90,0x60,0x00,
    0x70,0x40,0x60,0x40,0x40,0x40,0x80,
    0x20,0x50,0x40,0xE0,0x40,0x40,0x80,
    0x70,0x90,0x80,0xB0,0x90,0x70,0x00,
    0x00,0x90,0x90,0x60,0x90,0x60,0x00,
    0x80,0x80,0xC8,0xA8,0xA8,0x90,0x00,
    0x60,0x20,0x20,0x20,0x20,0x10,0x00,
    0x70,0x20,0x70,0x20,0x20,0x70,0x00,
    0xA0,0xD0,0x80,0xC0,0xA0,0x90,0x00,
    0x60,0x80,0xA0,0xC0,0xA0,0x90,0x00,
    0x60,0x20,0x70,0x20,0x20,0x70,0x00,
    0x40,0x30,0x60,0x20,0x50,0x50,0x00,
    0x90,0x90,0x90,0x90,0xF0,0x50,0x00,
    0x48,0x68,0x68,0x58,0x58,0x48,0x80,
    0x00,0x00,0xE0,0x90,0x90,0x90,0x10,
    0x60,0x90,0xF0,0x90,0x90,0x60,0x00,
    0x68,0x90,0x90,0x90,0x90,0x60,0x00,
    0x00,0x08,0x70,0x90,0x90,0x60,0x00,
    0x70,0xA8,0xA8,0xA8,0xA8,0x40,0x00,
    0x00,0x00,0x70,0xA8,0xA8,0x48,0x00,
    0xE0,0x50,0x50,0x60,0x40,0x40,0x00,
    0x60,0x80,0xE0,0x90,0x90,0xE0,0x80,
    0x80,0xE0,0x90,0xE0,0xC0,0xA0,0x10,
    0x60,0x90,0x20,0x40,0x90,0x60,0x00,
    0x00,0x00,0xE0,0x30,0xC0,0x70,0x00,
    0xF0,0x80,0x40,0x40,0x80,0xF0,0x00,
    0x40,0xA0,0x70,0x20,0x20,0x20,0x10,
    0x40,0x40,0xE0,0x40,0x70,0x10,0x20,
    0x70,0xA0,0xA0,0x20,0x20,0x20,0x00,
    0x30,0x40,0xE0,0x40,0x40,0x30,0x00,
    0xE0,0x40,0x40,0x40,0x40,0x40,0x30,
    0x98,0x90,0x90,0x90,0x90,0x60,0x00,
    0x00,0x08,0x90,0x90,0x90,0x70,0x00,
    0x50,0x88,0x88,0x88,0x88,0x70,0x00,
    0xA0,0x90,0x90,0x90,0x90,0x60,0x00,
    0x90,0x50,0x50,0x20,0x20,0x20,0x00,
    0x00,0x00,0x90,0xA0,0xA0,0x40,0x80,
    0xF0,0x10,0xF0,0x40,0x80,0xF0,0x00,
    0x00,0x00,0xF0,0x70,0x40,0xF0,0x00,
    0xF0,0x20,0x60,0x10,0x10,0xE0,0x00,
    0xF0,0x40,0x60,0x80,0x80,0x70,0x00,
    0x00,0x00,0xF0,0x40,0x60,0x80,0x70,
    0x00,0x00,0xF0,0x20,0x60,0x30,0xF8,
    0x60,0x90,0x10,0xF0,0x40,0xF0,0x00,
    0xF0,0x80,0xE0,0x90,0x10,0xE0,0x00,
    0x00,0x00,0x70,0x60,0x10,0x60,0x00,
    0x00,0x20,0x70,0x20,0x10,0x60,0x00,
    0x00,0x00,0xE0,0x90,0xA0,0xC0,0x80,
    0x00,0x20,0x20,0x20,0x20,0x20,0x00,
    0x00,0x50,0x50,0x50,0x50,0x50,0x00,
    0x00,0x20,0x70,0x20,0x70,0x20,0x00,
    0x00,0x20,0x20,0x20,0x00,0x20,0x00,
    0x18,0xD8,0xA8,0xA8,0xB0,0xD8,0x00,
    0xD8,0xA0,0xB8,0xA8,0xB0,0xD8,0x00,
    0x38,0x20,0x78,0xA8,0xB0,0x78,0x00,
    0x88,0x88,0x88,0x88,0xA8,0xD0,0x00,
    0x88,0x80,0x88,0x88,0x88,0xE8,0x10,
    0xC8,0x40,0x48,0x48,0x48,0xE8,0x10,
    0xC8,0xA8,0xA8,0xA8,0xA8,0xB0,0x00,
    0xC8,0xA0,0xA8,0xA8,0xA8,0xA8,0x10,
    0x08,0x00,0xC8,0xA8,0xA8,0xA8,0x10,
    0x60,0x90,0x90,0xF0,0x90,0x90,0x00,
    0x50,0x20,0x70,0x90,0xB0,0x50,0x00,
    0x70,0x20,0x20,0x20,0x20,0x70,0x00,
    0x50,0x20,0x60,0x20,0x20,0x70,0x00,
    0x60,0x90,0x90,0x90,0x90,0x60,0x00,
    0xA0,0x40,0x60,0x90,0x90,0x60,0x00,
    0x90,0x90,0x90,0x90,0x90,0x60,0x00,
    0x50,0x20,0x90,0x90,0x90,0x70,0x00,
    0x90,0x90,0x90,0x90,0x90,0x60,0x00,
    0x70,0x50,0x00,0x90,0x90,0x70,0x00,
    0x90,0x90,0x90,0x90,0x90,0x60,0x00,
    0x10,0x70,0x00,0x90,0x90,0x70,0x00,
    0x90,0x90,0x90,0x90,0x90,0x60,0x00,
    0x50,0x70,0x00,0x90,0x90,0x70,0x00,
    0x90,0x90,0x90,0x90,0x90,0x60,0x00,
    0x40,0x70,0x00,0x90,0x90,0x70,0x00,
    0x00,0x00,0x60,0x30,0xD0,0x60,0x00,
    0x60,0x90,0x90,0xF0,0x90,0x90,0x00,
    0x70,0x50,0x70,0x90,0xB0,0x50,0x00,
    0x60,0x90,0x90,0xF0,0x90,0x90,0x00,
    0x70,0x20,0x70,0x90,0xB0,0x50,0x00,
    0xF0,0x70,0xA0,0xF0,0xA0,0xB0,0x00,
    0xF0,0x00,0x70,0xB0,0xA0,0x70,0x00,
    0x60,0x90,0x80,0xB0,0xB8,0x70,0x00,
    0x00,0x00,0x70,0x90,0x60,0xB8,0x70,
    0x60,0x90,0x80,0xB0,0x90,0x70,0x00,
    0x50,0x20,0x70,0x90,0x60,0x80,0x70,
    0x90,0xA0,0xC0,0xC0,0xA0,0x90,0x00,
    0xD0,0xA0,0x80,0xA0,0xC0,0xA0,0x00,
    0x60,0x90,0x90,0x90,0x90,0x60,0x40,
    0x00,0x00,0x60,0x90,0x90,0x60,0x40,
    0x60,0x90,0x90,0x90,0x90,0x60,0x40,
    0xF0,0x00,0x60,0x90,0x90,0x60,0x40,
    0xF0,0x20,0x60,0x10,0x10,0xE0,0x00,
    0x50,0x20,0xF0,0x20,0x60,0x10,0xE0,
    0x50,0x20,0x00,0x20,0x20,0xA0,0x40,
    0xD8,0xA8,0xA8,0xB0,0xB0,0xD8,0x00,
    0xC0,0xA0,0xB8,0xA8,0xB0,0xD8,0x00,
    0x20,0x20,0x78,0xA8,0xB0,0x78,0x00,
    0x60,0x90,0x80,0xB0,0x90,0x70,0x00,
    0x10,0x20,0x70,0x90,0x60,0x80,0x70,
    0xA0,0xA0,0xE8,0xA8,0xA8,0x90,0x00,
    0xE0,0x90,0xA0,0xC0,0x80,0x80,0x00,
    0x90,0xD0,0xD0,0xB0,0xB0,0x90,0x00,
    0x40,0x20,0xE0,0x90,0x90,0x90,0x00,
    0x60,0x90,0x90,0xF0,0x90,0x90,0x00,
    0x20,0x40,0x60,0x60,0x90,0x70,0x00,
    0x70,0xA0,0xB0,0xE0,0xA0,0xB0,0x00,
    0x10,0x20,0x70,0xB0,0xA0,0x70,0x00,
    0x70,0xB0,0xB0,0xD0,0xD0,0xE0,0x00,
    0x10,0x20,0x70,0xB0,0xD0,0xE0,0x00,
    0x60,0x90,0x90,0xF0,0x90,0x90,0x00,
    0xA0,0x50,0x70,0x90,0xB0,0x50,0x00,
    0x60,0x90,0x90,0xF0,0x90,0x90,0x00,
    0x60,0x90,0x70,0x90,0xB0,0x50,0x00,
    0xF0,0x80,0xE0,0x80,0x80,0xF0,0x00,
    0xA0,0x50,0x60,0xB0,0xC0,0x60,0x00,
    0xF0,0x80,0xE0,0x80,0x80,0xF0,0x00,
    0x60,0x90,0x60,0xB0,0xC0,0x60,0x00,
    0x70,0x20,0x20,0x20,0x20,0x70,0x00,
    0xA0,0x50,0x60,0x20,0x20,0x70,0x00,
    0x70,0x20,0x20,0x20,0x20,0x70,0x00,
    0x60,0x90,0x60,0x20,0x20,0x70,0x00,
    0x60,0x90,0x90,0x90,0x90,0x60,0x00,
    0xA0,0x50,0x60,0x90,0x90,0x60,0x00,
    0x60,0x90,0x90,0x90,0x90,0x60,0x00,
    0x60,0x90,0x60,0x90,0x90,0x60,0x00,
    0xE0,0x90,0x90,0xE0,0xA0,0x90,0x00,
    0xA0,0x50,0xE0,0x90,0x80,0x80,0x00,
    0xE0,0x90,0x90,0xE0,0xA0,0x90,0x00,
    0x60,0x90,0xE0,0x90,0x80,0x80,0x00,
    0x90,0x90,0x90,0x90,0x90,0x60,0x00,
    0xA0,0x50,0x90,0x90,0x90,0x70,0x00,
    0x90,0x90,0x90,0x90,0x90,0x60,0x00,
    0x60,0x90,0x90,0x90,0x90,0x70,0x00,
    0x60,0x90,0x40,0x20,0x90,0x60,0xC0,
    0x00,0x00,0x70,0xC0,0x30,0xE0,0xC0,
    0x70,0x20,0x20,0x20,0x20,0x20,0x40,
    0x40,0x40,0xE0,0x40,0x40,0x30,0x40,
    0x60,0x90,0x10,0x20,0x10,0xE0,0x00,
    0x00,0x00,0x60,0xB0,0x50,0x20,0xC0,
    0x90,0x90,0xF0,0x90,0x90,0x90,0x00,
    0x50,0xA0,0x80,0xE0,0x90,0x90,0x00,
    0x00,0x00,0xA0,0xD0,0x90,0xE0,0x00,
    0x00,0x00,0x70,0x90,0x90,0x70,0x00,
    0x00,0x00,0xE0,0x90,0x90,0xE0,0x00,
    0x60,0x80,0xE0,0x90,0x90,0xE0,0x00,
    0x00,0x00,0x60,0x10,0x10,0x60,0x00,
    0x00,0x00,0x60,0x80,0xB0,0x60,0x80,
    0x10,0x10,0x70,0x90,0x90,0x70,0x18,
    0x18,0x10,0x70,0x90,0x90,0x70,0x00,
    0x00,0x00,0x60,0xD0,0x30,0x60,0x00,
    0x00,0x00,0x60,0x30,0xD0,0x60,0x00,
    0x00,0x00,0x60,0x38,0xD0,0x60,0x00,
    0x00,0x00,0x30,0x20,0x40,0x30,0x00,
    0x00,0x00,0x60,0x20,0x10,0x60,0x00,
    0x00,0x00,0xF0,0x40,0x20,0xC0,0x00,
    0x00,0x00,0x60,0xA0,0x90,0x60,0x00,
    0x00,0x20,0x20,0x70,0x20,0xA0,0x40,
    0x00,0x08,0x70,0x90,0x70,0x10,0x60,
    0x00,0x00,0x70,0x90,0x70,0x10,0x60,
    0x00,0x00,0x70,0x80,0x90,0x70,0x00,
    0x00,0x00,0x50,0x50,0x20,0x50,0x20,
    0x00,0x00,0x50,0x20,0x50,0x20,0x00,
    0x00,0x00,0x90,0x90,0x90,0x70,0x10,
    0x60,0x80,0xE0,0x90,0x90,0x90,0x00,
    0x60,0x80,0xE0,0x90,0x90,0x90,0x20,
    0x20,0x00,0x20,0x70,0x20,0x70,0x00,
    0x00,0x00,0x40,0x40,0x40,0x20,0x00,
    0x00,0x00,0xE0,0x40,0x40,0xE0,0x00,
    0x60,0x20,0x68,0xB0,0x20,0x70,0x00,
    0x60,0x20,0x60,0x70,0x20,0x70,0x00,
    0x60,0x20,0x20,0x20,0x20,0x20,0x10,
    0x80,0x80,0xE0,0x90,0x90,0xA0,0x60,
    0x00,0x00,0x90,0x90,0xF0,0x50,0x00,
    0x00,0x00,0x90,0x90,0xF0,0x50,0x10,
    0x00,0x00,0xA0,0xF0,0x90,0x90,0x20,
    0x00,0x00,0x60,0x50,0x50,0x50,0x80,
    0x00,0x00,0xC0,0xA0,0xA0,0xA0,0x10,
    0x00,0x00,0x90,0xD0,0xB0,0x90,0x00,
    0x00,0x60,0x90,0xF0,0x90,0x60,0x00,
    0x00,0x00,0x70,0xB0,0xA0,0x70,0x00,
    0x00,0x00,0x60,0x90,0xF0,0xF0,0x00,
    0x00,0x20,0x70,0xA8,0x70,0x20,0x00,
    0x00,0x00,0x10,0x10,0x90,0x70,0x00,
    0x00,0x10,0x10,0x10,0x90,0x70,0x00,
    0x00,0x00,0x20,0xA0,0x60,0x30,0x00,
    0x00,0xE0,0x90,0x80,0x80,0x80,0x80,
    0x00,0xE0,0x90,0x80,0x80,0x80,0x40,
    0x00,0x00,0x60,0x90,0x80,0x80,0x00,
    0x00,0x00,0x60,0x90,0x10,0x10,0x00,
    0x00,0x00,0xE0,0x90,0xE0,0x90,0x00,
    0x00,0x00,0x90,0xE0,0x90,0xE0,0x00,
    0x00,0x00,0x70,0xC0,0x30,0xE0,0x80,
    0x10,0x20,0x20,0x20,0x20,0x20,0x40,
    0x10,0x20,0x20,0x20,0x70,0x20,0x40,
    0x00,0x00,0x40,0x20,0x20,0x10,0x00,
    0x10,0x20,0x20,0x20,0x70,0xA0,0x40,
    0x00,0xC0,0x20,0x20,0x70,0x20,0x20,
    0x40,0x40,0xE0,0x40,0x40,0x40,0x30,
    0x00,0x00,0x90,0xF0,0x90,0x70,0x00,
    0x00,0x00,0x90,0x90,0x90,0x60,0x00,
    0x00,0x00,0xA0,0x90,0x90,0x60,0x00,
    0x00,0x00,0x20,0x50,0x50,0x50,0x00,
    0x00,0x00,0xF0,0xF0,0x90,0x90,0x00,
    0x00,0x20,0x40,0xA0,0x90,0x90,0x00,
    0x00,0x00,0xA0,0x40,0x40,0x40,0x00,
    0x00,0x00,0xF0,0x20,0x40,0xF0,0x10,
    0x00,0x00,0xF0,0x20,0x50,0xF0,0x40,
    0x00,0x00,0xF0,0x20,0x60,0x10,0xE0,
    0x00,0x00,0xF0,0x20,0x60,0x50,0x78,
    0x00,0x60,0x10,0x30,0x20,0x20,0x00,
    0x00,0x30,0x40,0x60,0x20,0x20,0x00,
    0x00,0x20,0x20,0x30,0x10,0x60,0x00,
    0x00,0x20,0x50,0x40,0x40,0x50,0x20,
    0x00,0x70,0x88,0xA8,0x88,0x70,0x00,
    0x00,0x00,0xE0,0xE0,0x90,0xE0,0x00,
    0x00,0x00,0x60,0x50,0x90,0x60,0x00,
    0x00,0x18,0x70,0x80,0x90,0x70,0x00,
    0x00,0x00,0x90,0xF0,0x90,0x90,0x00,
    0x20,0x00,0x20,0x20,0x70,0xA0,0x40,
    0x00,0x00,0x90,0x50,0x30,0x50,0x10,
    0x00,0x00,0x80,0x80,0x80,0xF0,0x00,
    0x00,0x18,0x70,0x90,0x90,0x70,0x10,
    0x00,0x60,0x10,0x20,0x70,0x20,0x00,
    0x00,0x30,0x40,0x20,0x70,0x20,0x00,
    0x20,0x20,0x78,0xA8,0xB0,0x78,0x00,
    0x20,0x20,0x78,0xA8,0xB0,0x68,0x10,
    0x20,0x20,0x78,0xA8,0xB8,0x78,0x00,
    0x40,0x40,0xE8,0x50,0x48,0x30,0x00,
    0x48,0x50,0xF0,0x50,0x50,0x30,0x20,
    0x40,0x40,0xE8,0x50,0x50,0x38,0x10,
    0xA0,0xC0,0xA0,0xC0,0x00,0x00,0x00,
    0x40,0x80,0x00,0x00,0x00,0x00,0x00,
    0x50,0xA0,0x00,0x00,0x00,0x00,0x00,
    0x30,0x20,0x40,0x00,0x00,0x00,0x00,
    0x60,0x20,0x10,0x00,0x00,0x00,0x00,
    0x20,0x50,0x00,0x00,0x00,0x00,0x00,
    0x50,0x20,0x00,0x00,0x00,0x00,0x00,
    0x20,0x20,0x00,0x00,0x00,0x00,0x00,
    0x70,0x00,0x00,0x00,0x00,0x00,0x00,
    0x00,0x00,0x00,0x00,0x00,0x20,0x20,
    0x00,0x70,0x20,0x00,0x20,0x70,0x00,
    0x00,0x00,0x20,0x70,0x20,0x00,0x00,
    0x90,0x60,0x00,0x00,0x00,0x00,0x00,
    0x20,0x00,0x00,0x00,0x00,0x00,0x00,
    0x20,0x50,0x20,0x00,0x00,0x00,0x00,
    0x00,0x00,0x00,0x00,0x00,0x20,0x30,
    0x50,0xA0,0x00,0x00,0x00,0x00,0x00,
    0x48,0x90,0x00,0x00,0x00,0x00,0x00,
    0x40,0x20,0x00,0x00,0x00,0x00,0x00,
    0x20,0x40,0x00,0x00,0x00,0x00,0x00,
    0x60,0x00,0x00,0x00,0x00,0x00,0x00,
    0x50,0xA0,0x00,0x00,0x00,0x00,0x00,
    0x70,0x00,0x00,0x00,0x00,0x00,0x00,
    0xF8,0x00,0x00,0x00,0x00,0x00,0x00,
    0x90,0x60,0x00,0x00,0x00,0x00,0x00,
    0x20,0x00,0x00,0x00,0x00,0x00,0x00,
    0x50,0x00,0x00,0x00,0x00,0x00,0x00,
    0x60,0x20,0x00,0x00,0x00,0x00,0x00,
    0x60,0x60,0x00,0x00,0x00,0x00,0x00,
    0x48,0x90,0x00,0x00,0x00,0x00,0x00,
    0x50,0x20,0x00,0x00,0x00,0x00,0x00,
    0x20,0x20,0x00,0x00,0x00,0x00,0x00,
    0x50,0x50,0x00,0x00,0x00,0x00,0x00,
    0x90,0x48,0x00,0x00,0x00,0x00,0x00,
    0xA8,0x70,0x00,0x00,0x00,0x00,0x00,
    0x60,0x90,0x00,0x00,0x00,0x00,0x00,
    0x00,0x00,0x00,0x00,0x00,0x00,0x20,
    0x00,0x00,0x00,0x00,0x00,0x00,0x50,
    0x10,0x20,0x20,0x40,0x40,0x80,0x00,
    0x40,0x20,0x00,0x00,0x00,0x00,0x00,
    0x20,0x40,0x00,0x00,0x00,0x00,0x00,
    0x20,0x40,0x00,0x00,0x00,0x00,0x00,
    0x00,0x00,0x00,0x00,0x00,0x20,0x40,
    0x00,0x00,0x00,0x00,0x00,0x00,0x40,
    0x00,0x60,0x60,0x00,0x60,0x40,0x80,
    0x20,0x40,0x00,0x00,0x00,0x00,0x00,
    0xB0,0x40,0x00,0x00,0x00,0x00,0x00,
    0xA0,0xD0,0x50,0x70,0x50,0x50,0x00,
    0x00,0x00,0x60,0x60,0x00,0x00,0x00,
    0xF0,0xC0,0x60,0x40,0x40,0x70,0x00,
    0xD0,0xD0,0x70,0x50,0x50,0x50,0x00,
    0xF0,0xA0,0x20,0x20,0x20,0x70,0x00,
    0xA0,0xD0,0x50,0x50,0x50,0x20,0x00,
    0xD0,0xD0,0x50,0x20,0x20,0x20,0x00,
    0xA0,0xD0,0x50,0x50,0x20,0x50,0x00,
    0xB0,0x40,0x00,0x40,0x40,0x20,0x00,
    0x60,0x90,0x90,0xF0,0x90,0x90,0x00,
    0xE0,0x90,0xE0,0x90,0x90,0xE0,0x00,
    0xF0,0x80,0x80,0x80,0x80,0x80,0x00,
    0x60,0x60,0x90,0x90,0x90,0xF0,0x00,
    0xF0,0x80,0xE0,0x80,0x80,0xF0,0x00,
    0xF0,0x10,0x20,0x40,0x80,0xF0,0x00,
    0x90,0x90,0xF0,0x90,0x90,0x90,0x00,
    0x60,0x90,0xF0,0x90,0x90,0x60,0x00,
    0x70,0x20,0x20,0x20,0x20,0x70,0x00,
    0x90,0xA0,0xC0,0xC0,0xA0,0x90,0x00,
    0x60,0x60,0x60,0x90,0x90,0x90,0x00,
    0x90,0xF0,0xF0,0x90,0x90,0x90,0x00,
    0x90,0xD0,0xD0,0xB0,0xB0,0x90,0x00,
    0xF0,0x00,0x60,0x00,0x00,0xF0,0x00,
    0x60,0x90,0x90,0x90,0x90,0x60,0x00,
    0xF0,0x90,0x90,0x90,0x90,0x90,0x00,
    0xE0,0x90,0x90,0xE0,0x80,0x80,0x00,
    0xF0,0x80,0x40,0x40,0x80,0xF0,0x00,
    0x70,0x20,0x20,0x20,0x20,0x20,0x00,
    0x50,0x50,0x50,0x20,0x20,0x20,0x00,
    0x20,0x70,0x50,0x50,0x70,0x20,0x00,
    0x90,0x90,0x60,0x60,0x90,0x90,0x00,
    0x50,0x70,0x70,0x70,0x20,0x20,0x00,
    0x20,0x50,0x50,0x50,0x20,0x50,0x00,
    0x50,0x00,0x70,0x20,0x20,0x70,0x00,
    0xA0,0x00,0xA0,0xA0,0x40,0x40,0x00,
    0x10,0x20,0x70,0x90,0xB0,0x50,0x00,
    0x10,0x20,0x70,0x20,0x40,0x30,0x00,
    0x20,0x40,0xE0,0x90,0x90,0x90,0x10,
    0x20,0x40,0x00,0x40,0x40,0x20,0x00,
    0xB0,0x40,0x90,0x90,0x90,0x60,0x00,
    0x00,0x00,0x70,0x90,0xB0,0x50,0x00,
    0x60,0x90,0xE0,0x90,0x90,0xE0,0x80,
    0x00,0x00,0x50,0x50,0x20,0x20,0x20,
    0x70,0x80,0x60,0x90,0x90,0x60,0x00,
    0x00,0x00,0x70,0x20,0x40,0x30,0x00,
    0xF0,0x40,0x80,0x80,0x80,0x70,0x10,
    0x00,0x00,0xE0,0x90,0x90,0x90,0x10,
    0x20,0x50,0x70,0x50,0x50,0x20,0x00,
    0x00,0x00,0x40,0x40,0x40,0x20,0x00,
    0x00,0x00,0x90,0xA0,0xE0,0x90,0x00,
    0xE0,0x10,0x50,0xB0,0x90,0x90,0x00,
    0x00,0x00,0x90,0x90,0x90,0xF0,0x80,
    0x00,0x00,0x50,0x50,0x50,0x20,0x00,
    0xF0,0x40,0x80,0x60,0x80,0x70,0x10,
    0x00,0x00,0x60,0x90,0x90,0x60,0x00,
    0x00,0x00,0x70,0x50,0x50,0x50,0x00,
    0x00,0x00,0x60,0x90,0x90,0xE0,0x80,
    0x00,0x00,0x70,0xC0,0x30,0x60,0x00,
    0x00,0x00,0x70,0xA0,0x90,0x60,0x00,
    0x00,0x00,0xF0,0x40,0x40,0x20,0x00,
    0x00,0x00,0x90,0x90,0x90,0x60,0x00,
    0x00,0x00,0x20,0x70,0x50,0x70,0x20,
    0x00,0x00,0x90,0x60,0x60,0x90,0x90,
    0x00,0x00,0x50,0x70,0x70,0x20,0x20,
    0x00,0x00,0x90,0x90,0xF0,0xF0,0x00,
    0xA0,0x00,0x40,0x40,0x40,0x20,0x00,
    0x90,0x00,0x90,0x90,0x90,0x60,0x00,
    0x20,0x40,0x60,0x90,0x90,0x60,0x00,
    0x20,0x40,0x90,0x90,0x90,0x60,0x00,
    0x20,0x40,0x90,0x90,0xF0,0xF0,0x00,
    0x60,0x90,0xA0,0xD0,0x90,0x60,0x00,
    0x60,0x90,0x70,0x10,0x90,0x60,0x00,
    0x50,0x50,0x50,0x20,0x20,0x20,0x00,
    0xD0,0xD0,0x50,0x20,0x20,0x20,0x00,
    0x50,0x00,0x50,0x50,0x20,0x20,0x00,
    0x00,0x00,0x20,0x70,0x50,0x70,0x20,
    0x00,0x00,0xF0,0x90,0xF0,0xF0,0x00,
    0x40,0x20,0x90,0x60,0x60,0x90,0x30,
    0x20,0x50,0x80,0x80,0x60,0x10,0x20,
    0x00,0x00,0x70,0xC0,0x30,0x60,0x00,
    0xF0,0x80,0xE0,0x80,0x80,0x80,0x00,
    0x00,0x00,0x70,0x40,0x60,0x40,0x40,
    0x80,0x90,0xB0,0xD0,0x90,0x10,0x00,
    0x40,0x40,0x80,0xF0,0x10,0x20,0x20,
    0x60,0x60,0x60,0x90,0xB0,0xB0,0x00,
    0xC0,0x20,0x50,0xB0,0x50,0x10,0x10,
    0x00,0x00,0x90,0x60,0x60,0xB0,0x00,
    0x00,0x00,0x60,0x90,0xE0,0x80,0x60,
    0x00,0x00,0x30,0x40,0x40,0x30,0x00,
    0x10,0x00,0x10,0x10,0x10,0x50,0x20,
    0x60,0x90,0xF0,0x90,0x90,0x60,0x00,
    0x00,0x00,0x30,0x60,0x40,0x30,0x00,
    0xF0,0x80,0xE0,0x80,0x80,0xF0,0x00,
    0xE0,0x40,0x60,0x50,0x50,0x10,0x20,
    0xF0,0x80,0x80,0x80,0x80,0x80,0x00,
    0x60,0x90,0xC0,0x80,0x90,0x60,0x00,
    0x60,0x90,0x40,0x20,0x90,0x60,0x00,
    0x70,0x20,0x20,0x20,0x20,0x70,0x00,
    0x70,0x20,0x20,0x20,0x20,0x70,0x00,
    0x10,0x10,0x10,0x10,0x90,0x60,0x00,
    0x60,0xA0,0xB0,0xA8,0xA8,0xB0,0x00,
    0xA0,0xA0,0xF0,0xA8,0xA8,0xB0,0x00,
    0xE0,0x40,0x60,0x50,0x50,0x50,0x00,
    0x90,0xA0,0xC0,0xC0,0xA0,0x90,0x00,
    0x50,0x50,0x50,0x20,0x20,0x40,0x00,
    0x50,0x50,0x50,0x50,0x50,0x70,0x20,
    0x60,0x90,0x90,0xF0,0x90,0x90,0x00,
    0xE0,0x80,0xE0,0x90,0x90,0xE0,0x00,
    0xE0,0x90,0xE0,0x90,0x90,0xE0,0x00,
    0xF0,0x80,0x80,0x80,0x80,0x80,0x00,
    0x30,0x50,0x50,0x50,0x50,0xF0,0x90,
    0xF0,0x80,0xE0,0x80,0x80,0xF0,0x00,
    0xA8,0xA8,0x70,0x70,0xA8,0xA8,0x00,
    0xE0,0x10,0x60,0x10,0x90,0x60,0x00,
    0x90,0xB0,0xB0,0xD0,0xD0,0x90,0x00,
    0xD0,0xB0,0xB0,0xD0,0xD0,0x90,0x00,
    0x90,0xA0,0xC0,0xC0,0xA0,0x90,0x00,
    0x30,0x50,0x50,0x50,0x50,0x90,0x00,
    0x90,0xF0,0xF0,0x90,0x90,0x90,0x00,
    0x90,0x90,0xF0,0x90,0x90,0x90,0x00,
    0x60,0x90,0x90,0x90,0x90,0x60,0x00,
    0xF0,0x90,0x90,0x90,0x90,0x90,0x00,
    0xE0,0x90,0x90,0xE0,0x80,0x80,0x00,
    0x60,0x90,0x80,0x80,0x90,0x60,0x00,
    0x70,0x20,0x20,0x20,0x20,0x20,0x00,
    0x50,0x50,0x50,0x20,0x20,0x40,0x00,
    0x20,0x70,0x50,0x50,0x70,0x20,0x00,
    0x90,0x90,0x60,0x60,0x90,0x90,0x00,
    0x90,0x90,0x90,0x90,0x90,0xF0,0x10,
    0x90,0x90,0x90,0x70,0x10,0x10,0x00,
    0xA8,0xA8,0xA8,0xA8,0xA8,0xF8,0x00,
    0xA8,0xA8,0xA8,0xA8,0xA8,0xF8,0x08,
    0xC0,0x40,0x60,0x50,0x50,0x60,0x00,
    0x90,0x90,0xD0,0xB0,0xB0,0xD0,0x00,
    0x80,0x80,0xE0,0x90,0x90,0xE0,0x00,
    0x60,0x90,0x30,0x10,0x90,0x60,0x00,
    0xA0,0xD0,0xD0,0xD0,0xD0,0xA0,0x00,
    0x70,0x90,0x90,0x70,0x50,0x90,0x00,
    0x00,0x00,0x70,0x90,0xB0,0x50,0x00,
    0x00,0x60,0x80,0xE0,0x90,0x60,0x00,
    0x00,0x00,0xE0,0xE0,0x90,0xE0,0x00,
    0x00,0x00,0xF0,0x80,0x80,0x80,0x00,
    0x00,0x00,0x30,0x50,0x50,0xF0,0x90,
    0x00,0x00,0x60,0xB0,0xC0,0x60,0x00,
    0x00,0x00,0xA8,0x70,0x70,0xA8,0x00,
    0x00,0x00,0xE0,0x60,0x20,0xC0,0x00,
    0x00,0x00,0x90,0xB0,0xD0,0x90,0x00,
    0x90,0x60,0x90,0xB0,0xD0,0x90,0x00,
    0x00,0x00,0x90,0xE0,0xA0,0x90,0x00,
    0x00,0x00,0x30,0x50,0x50,0x90,0x00,
    0x00,0x00,0x88,0xD8,0xA8,0xA8,0x00,
    0x00,0x00,0x90,0xF0,0x90,0x90,0x00,
    0x00,0x00,0x60,0x90,0x90,0x60,0x00,
    0x00,0x00,0xF0,0x90,0x90,0x90,0x00,
    0x00,0x00,0xE0,0x90,0x90,0xE0,0x80,
    0x00,0x00,0x60,0x80,0x80,0x60,0x00,
    0x00,0x00,0xE0,0x40,0x40,0x40,0x00,
    0x00,0x00,0x90,0x90,0x50,0x20,0x40,
    0x60,0x20,0x20,0x70,0x50,0x70,0x20,
    0x00,0x00,0x90,0x60,0x60,0x90,0x00,
    0x00,0x00,0x90,0x90,0x90,0xF0,0x10,
    0x00,0x00,0x90,0x90,0x70,0x10,0x00,
    0x00,0x00,0xA8,0xA8,0xA8,0xF8,0x00,
    0x00,0x00,0xA8,0xA8,0xA8,0xF8,0x08,
    0x00,0x00,0xC0,0x60,0x50,0x60,0x00,
    0x00,0x00,0x90,0xD0,0xB0,0xD0,0x00,
    0x00,0x00,0x80,0xE0,0x90,0xE0,0x00,
    0x00,0x00,0x60,0x30,0x10,0x60,0x00,
    0x00,0x00,0xA0,0xD0,0xD0,0xA0,0x00,
    0x00,0x00,0x60,0xA0,0x60,0xA0,0x00,
    0xA0,0x00,0x60,0xB0,0xC0,0x60,0x00,
    0x40,0xE0,0x40,0x60,0x50,0x10,0x20,
    0x20,0x40,0xF0,0x80,0x80,0x80,0x00,
    0x00,0x00,0x30,0x60,0x40,0x30,0x00,
    0x00,0x00,0x70,0xC0,0x30,0xE0,0x00,
    0x20,0x00,0x60,0x20,0x20,0x70,0x00,
    0x50,0x00,0x60,0x20,0x20,0x70,0x00,
    0x10,0x00,0x10,0x10,0x10,0x50,0x20,
    0x00,0x00,0x60,0xB8,0xA8,0xB0,0x00,
    0x00,0x00,0xA0,0xF0,0xA8,0xB0,0x00,
    0x40,0xE0,0x40,0x70,0x48,0x48,0x00,
    0x20,0x40,0x90,0xE0,0xA0,0x90,0x00,
    0x90,0x60,0x00,0x90,0x50,0x20,0x40,
    0x00,0x00,0x50,0x50,0x50,0x70,0x20,
    0x10,0xF0,0x80,0x80,0x80,0x80,0x00,
    0x00,0x10,0xF0,0x80,0x80,0x80,0x00,
    0x00,0x70,0x40,0xE0,0x40,0x40,0x00,
    0x00,0x00,0x70,0x40,0xE0,0x40,0x00,
    0xA8,0xA8,0x70,0x70,0xA8,0xA8,0x08,
    0x00,0x00,0xA8,0x70,0x70,0xA8,0x08,
    0x90,0xA0,0xC0,0xC0,0xA0,0x90,0x08,
    0x00,0x00,0x90,0xE0,0xA0,0x90,0x08,
    0x50,0x50,0x50,0x20,0x20,0x20,0x00,
    0x00,0x00,0x50,0x50,0x20,0x20,0x20,
    0x50,0x50,0x20,0x70,0x20,0x20,0x00,
    0x00,0x00,0x50,0x20,0x70,0x20,0x20,
    0x90,0x90,0x60,0x60,0x90,0x90,0x08,
    0x00,0x00,0x90,0x60,0x60,0x90,0x08,
    0x80,0x80,0xE0,0x90,0x90,0x90,0x00,
    0x40,0x40,0x60,0x50,0x50,0x50,0x00,
    0x60,0x90,0x10,0xF0,0x90,0x60,0x00,
    0x00,0x00,0x60,0x30,0xD0,0x60,0x00,
    0x70,0x20,0x20,0x20,0x20,0x70,0x00,
    0x70,0x00,0x60,0x20,0x20,0x70,0x00,
    0x60,0x90,0xF0,0x90,0x90,0x60,0x00,
    0x00,0x00,0x60,0xF0,0x90,0x60,0x00,
    0x90,0x90,0x90,0x90,0x90,0x60,0x00,
    0xF0,0x00,0x90,0x90,0x90,0x70,0x00,
    0x00,0x00,0x90,0x50,0xA0,0x90,0x00,
    0x00,0x00,0xE0,0x20,0x20,0xF0,0x00,
    0x00,0x40,0x20,0x20,0x20,0xD0,0x00,
    0x00,0x00,0xF0,0x20,0x20,0x20,0x00,
    0x00,0x00,0xF0,0x10,0x90,0x90,0x00,
    0x00,0x40,0x20,0x20,0x20,0x20,0x00,
    0x00,0x00,0x70,0x20,0x20,0x20,0x00,
    0x00,0x00,0xF0,0x50,0x50,0x50,0x00,
    0x00,0x00,0x90,0x90,0x90,0xF0,0x00,
    0x00,0x40,0x20,0x00,0x00,0x00,0x00,
    0x00,0x00,0xF0,0x10,0x20,0x20,0x00,
    0x00,0x80,0x70,0x10,0x10,0xE0,0x00,
    0x00,0x80,0x70,0x10,0x20,0x40,0x00,
    0x00,0x80,0x70,0x90,0x90,0xF0,0x00,
    0x00,0x80,0x70,0x90,0x90,0xB0,0x00,
    0x00,0x40,0x20,0x40,0x40,0x40,0x00,
    0x00,0x40,0x20,0x20,0x20,0x60,0x00,
    0x00,0x80,0x78,0x48,0x48,0x30,0x00,
    0x00,0x00,0x90,0x50,0x50,0xF0,0x00,
    0x00,0x00,0x70,0x90,0x10,0x10,0x00,
    0x00,0x00,0xF0,0x90,0x10,0xF0,0x00,
    0x00,0x00,0x50,0x60,0x40,0x40,0x00,
    0x00,0x00,0x90,0x60,0x20,0xF0,0x00,
    0x00,0x00,0xE0,0x10,0xA0,0x80,0x00,
    0x00,0x00,0xF0,0x10,0x10,0x10,0x00,
    0x00,0x00,0xA8,0xC8,0x88,0xF0,0x00,
    0x00,0x00,0xF0,0x50,0x50,0xD0,0x00,
    0x50,0x60,0x50,0x60,0x40,0x40,0x00,
    0x60,0x50,0x50,0x50,0x50,0x50,0x00,
    0x20,0x50,0x50,0x70,0x70,0x70,0x00,
    0x40,0x60,0x50,0x50,0x60,0x40,0x00,
    0xD0,0xA0,0x80,0x80,0x80,0x80,0x00,
    0xD0,0xA0,0x80,0xC0,0xA0,0x80,0x00,
    0x60,0x50,0x60,0x50,0x40,0x40,0x00,
    0xE0,0x90,0xA0,0xC0,0xA0,0x80,0x00,
    0x40,0x40,0x60,0x50,0x50,0x50,0x00,
    0x50,0x50,0x20,0x20,0x50,0x50,0x00,
    0x50,0x70,0xA8,0xA8,0x70,0x50,0x00,
    0x60,0x50,0x50,0x60,0x40,0x40,0x00,
    0x90,0x90,0xD0,0xB0,0xD0,0xB0,0x00,
    0x20,0x20,0x60,0x30,0x20,0x20,0x00,
    0x20,0x20,0x20,0x20,0x20,0x20,0x00,
    0x20,0x70,0xA8,0xA8,0x70,0x20,0x00,
    0x20,0x30,0x28,0xA0,0x60,0x20,0x00,
    0xD0,0xA0,0x80,0x80,0xA0,0xD0,0x00,
    0xA8,0xA8,0xA8,0x70,0x20,0x20,0x00,
    0x80,0x90,0xB0,0xD0,0x90,0x10,0x00,
    0x20,0x70,0xA8,0x20,0x20,0x20,0x00,
    0xE0,0x90,0xE0,0xE0,0x90,0xE0,0x00,
    0x88,0xD8,0xA8,0x88,0x88,0x88,0x00,
    0x88,0xD8,0xA8,0xD8,0x88,0x88,0x00,
    0x40,0x60,0x50,0x40,0x40,0x40,0x00,
    0x50,0x20,0x50,0x50,0x20,0x50,0x00,
    0x88,0x88,0xD8,0xA8,0xD8,0x88,0x00,
    0x20,0x50,0x50,0x20,0x50,0x50,0x00,
    0xA8,0x70,0x20,0x20,0x20,0x20,0x00,
    0xA8,0x70,0x70,0xA8,0x20,0x20,0x00,
    0x28,0x30,0x20,0x20,0x60,0xA0,0x00,
    0x20,0x20,0x20,0x70,0xA8,0xA8,0x00,
    0x90,0xF0,0x90,0x90,0xF0,0x90,0x00,
    0x00,0x00,0x00,0x20,0x00,0x00,0x00,
    0x00,0x00,0x20,0x00,0x20,0x00,0x00,
    0x00,0x00,0x50,0x20,0x50,0x00,0x00,
    0xE0,0x90,0xE0,0x90,0x90,0xE0,0x00,
    0x20,0x80,0x80,0xE0,0x90,0xE0,0x00,
    0xE0,0x90,0x90,0x90,0x90,0xE0,0x00,
    0x40,0x10,0x10,0x70,0x90,0x70,0x00,
    0xF0,0x80,0xE0,0x80,0x80,0x80,0x00,
    0x80,0x20,0x40,0xE0,0x40,0x40,0x00,
    0x90,0xF0,0xF0,0x90,0x90,0x90,0x00,
    0x20,0x00,0xA0,0xF0,0x90,0x90,0x00,
    0xE0,0x90,0x90,0xE0,0x80,0x80,0x00,
    0x20,0x00,0xE0,0x90,0x90,0xE0,0x80,
    0x60,0x90,0x40,0x20,0x90,0x60,0x00,
    0x20,0x00,0x70,0xC0,0x30,0xE0,0x00,
    0x70,0x20,0x20,0x20,0x20,0x20,0x00,
    0x80,0x20,0x70,0x20,0x20,0x10,0x00,
    0x90,0x90,0x90,0xF0,0xF0,0x90,0x00,
    0x40,0x20,0x00,0x90,0xF0,0xF0,0x00,
    0x90,0x90,0x90,0xF0,0xF0,0x90,0x00,
    0x20,0x40,0x00,0x90,0xF0,0xF0,0x00,
    0x90,0x90,0x90,0xF0,0xF0,0x90,0x00,
    0x00,0xA0,0x00,0x90,0xF0,0xF0,0x00,
    0x50,0x50,0x50,0x20,0x20,0x20,0x00,
    0x40,0x20,0x00,0x90,0x50,0x20,0x40,
    0x60,0x20,0x70,0x90,0xB0,0x50,0x00,
    0x60,0x40,0x70,0x90,0xB0,0x50,0x00,
    0xE0,0x50,0x70,0x90,0xB0,0x50,0x00,
    0xE0,0x90,0x70,0x90,0xB0,0x50,0x00,
    0xD0,0x60,0x70,0x90,0xB0,0x50,0x00,
    0xD0,0xA0,0x70,0x90,0xB0,0x50,0x00,
    0x70,0x20,0x70,0x90,0xB0,0x50,0x00,
    0x70,0x20,0x70,0x90,0xB0,0x50,0x00,
    0xA0,0xD0,0x50,0x70,0x50,0x50,0x00,
    0xA0,0xD0,0x50,0x70,0x50,0x50,0x00,
    0xA0,0xD0,0x50,0x70,0x50,0x50,0x00,
    0xA0,0xD0,0x50,0x70,0x50,0x50,0x00,
    0xA0,0xD0,0x50,0x70,0x50,0x50,0x00,
    0xA0,0xD0,0x50,0x70,0x50,0x50,0x00,
    0xA0,0xD0,0x50,0x70,0x50,0x50,0x00,
    0xA0,0xD0,0x50,0x70,0x50,0x50,0x00,
    0x30,0x10,0x70,0x20,0x40,0x30,0x00,
    0x30,0x20,0x70,0x20,0x40,0x30,0x00,
    0xE0,0x50,0xE0,0x40,0x80,0x60,0x00,
    0xE0,0x90,0xE0,0x40,0x80,0x60,0x00,
    0xD0,0x60,0xE0,0x40,0x80,0x60,0x00,
    0xD0,0xA0,0xE0,0x40,0x80,0x60,0x00,
    0xF0,0xC0,0x60,0x40,0x40,0x70,0x00,
    0xF0,0xC0,0x60,0x40,0x40,0x70,0x00,
    0xF0,0xC0,0x60,0x40,0x40,0x70,0x00,
    0xF0,0xC0,0x60,0x40,0x40,0x70,0x00,
    0xF0,0xC0,0x60,0x40,0x40,0x70,0x00,
    0xF0,0xC0,0x60,0x40,0x40,0x70,0x00,
    0x60,0x20,0xE0,0x90,0x90,0x90,0x10,
    0x60,0x40,0xE0,0x90,0x90,0x90,0x10,
    0xE0,0x50,0xE0,0x90,0x90,0x90,0x10,
    0xE0,0x90,0xE0,0x90,0x90,0x90,0x10,
    0xD0,0x60,0xE0,0x90,0x90,0x90,0x10,
    0xD0,0xA0,0xE0,0x90,0x90,0x90,0x10,
    0x70,0x20,0xE0,0x90,0x90,0x90,0x10,
    0x70,0x20,0xE0,0x90,0x90,0x90,0x10,
    0xD0,0xD0,0x70,0x50,0x50,0x50,0x00,
    0xD0,0xD0,0x70,0x50,0x50,0x50,0x00,
    0xD0,0xD0,0x70,0x50,0x50,0x50,0x00,
    0xD0,0xD0,0x70,0x50,0x50,0x50,0x00,
    0xD0,0xD0,0x70,0x50,0x50,0x50,0x00,
    0xD0,0xD0,0x70,0x50,0x50,0x50,0x00,
    0xD0,0xD0,0x70,0x50,0x50,0x50,0x00,
    0xD0,0xD0,0x70,0x50,0x50,0x50,0x00,
    0x60,0x20,0x00,0x40,0x40,0x20,0x00,
    0x60,0x40,0x00,0x40,0x40,0x20,0x00,
    0xE0,0x50,0x00,0x40,0x40,0x20,0x00,
    0xE0,0x90,0x00,0x40,0x40,0x20,0x00,
    0xD0,0x60,0x00,0x40,0x40,0x20,0x00,
    0xD0,0xA0,0x00,0x40,0x40,0x20,0x00,
    0xE0,0x40,0x00,0x40,0x40,0x20,0x00,
    0xE0,0x40,0x00,0x40,0x40,0x20,0x00,
    0xF0,0xA0,0x20,0x20,0x20,0x70,0x00,
    0xF0,0xA0,0x20,0x20,0x20,0x70,0x00,
    0xF0,0xA0,0x20,0x20,0x20,0x70,0x00,
    0xF0,0xA0,0x20,0x20,0x20,0x70,0x00,
    0xF0,0xA0,0x20,0x20,0x20,0x70,0x00,
    0xF0,0xA0,0x20,0x20,0x20,0x70,0x00,
    0xF0,0xA0,0x20,0x20,0x20,0x70,0x00,
    0xF0,0xA0,0x20,0x20,0x20,0x70,0x00,
    0x60,0x20,0x60,0x90,0x90,0x60,0x00,
    0x60,0x40,0x60,0x90,0x90,0x60,0x00,
    0xE0,0x50,0x60,0x90,0x90,0x60,0x00,
    0xE0,0x90,0x60,0x90,0x90,0x60,0x00,
    0xD0,0x60,0x60,0x90,0x90,0x60,0x00,
    0xD0,0xA0,0x60,0x90,0x90,0x60,0x00,
    0xA0,0xD0,0x50,0x50,0x50,0x20,0x00,
    0xA0,0xD0,0x50,0x50,0x50,0x20,0x00,
    0xA0,0xD0,0x50,0x50,0x50,0x20,0x00,
    0xA0,0xD0,0x50,0x50,0x50,0x20,0x00,
    0xA0,0xD0,0x50,0x50,0x50,0x20,0x00,
    0xA0,0xD0,0x50,0x50,0x50,0x20,0x00,
    0x60,0x20,0x90,0x90,0x90,0x60,0x00,
    0x60,0x40,0x90,0x90,0x90,0x60,0x00,
    0xE0,0x50,0x90,0x90,0x90,0x60,0x00,
    0xE0,0x90,0x90,0x90,0x90,0x60,0x00,
    0xD0,0x60,0x90,0x90,0x90,0x60,0x00,
    0xD0,0xA0,0x90,0x90,0x90,0x60,0x00,
    0x70,0x20,0x90,0x90,0x90,0x60,0x00,
    0x70,0x20,0x90,0x90,0x90,0x60,0x00,
    0xD0,0xD0,0x50,0x20,0x20,0x20,0x00,
    0xD0,0xD0,0x50,0x20,0x20,0x20,0x00,
    0xD0,0xD0,0x50,0x20,0x20,0x20,0x00,
    0xD0,0xD0,0x50,0x20,0x20,0x20,0x00,
    0x60,0x20,0x90,0x90,0xF0,0xF0,0x00,
    0x60,0x40,0x90,0x90,0xF0,0xF0,0x00,
    0xE0,0x50,0x90,0x90,0xF0,0xF0,0x00,
    0xE0,0x90,0x90,0x90,0xF0,0xF0,0x00,
    0xD0,0x60,0x90,0x90,0xF0,0xF0,0x00,
    0xD0,0xA0,0x90,0x90,0xF0,0xF0,0x00,
    0x70,0x20,0x90,0x90,0xF0,0xF0,0x00,
    0x70,0x20,0x90,0x90,0xF0,0xF0,0x00,
    0xA0,0xD0,0x50,0x50,0x20,0x50,0x00,
    0xA0,0xD0,0x50,0x50,0x20,0x50,0x00,
    0xA0,0xD0,0x50,0x50,0x20,0x50,0x00,
    0xA0,0xD0,0x50,0x50,0x20,0x50,0x00,
    0xA0,0xD0,0x50,0x50,0x20,0x50,0x00,
    0xA0,0xD0,0x50,0x50,0x20,0x50,0x00,
    0xA0,0xD0,0x50,0x50,0x20,0x50,0x00,
    0xA0,0xD0,0x50,0x50,0x20,0x50,0x00,
    0x40,0x20,0x70,0x90,0xB0,0x50,0x00,
    0x10,0x20,0x70,0x90,0xB0,0x50,0x00,
    0x40,0x20,0x70,0x20,0x40,0x30,0x00,
    0x10,0x20,0x70,0x20,0x40,0x30,0x00,
    0x80,0x40,0xE0,0x90,0x90,0x90,0x10,
    0x20,0x40,0xE0,0x90,0x90,0x90,0x10,
    0x80,0x40,0x00,0x40,0x40,0x20,0x00,
    0x20,0x40,0x00,0x40,0x40,0x20,0x00,
    0x80,0x40,0x60,0x90,0x90,0x60,0x00,
    0x20,0x40,0x60,0x90,0x90,0x60,0x00,
    0x40,0x20,0x90,0x90,0x90,0x60,0x00,
    0x20,0x40,0x90,0x90,0x90,0x60,0x00,
    0x40,0x20,0x90,0x90,0xF0,0xF0,0x00,
    0x20,0x40,0x90,0x90,0xF0,0xF0,0x00,
    0x60,0x20,0x70,0x90,0xB0,0x50,0x40,
    0x60,0x40,0x70,0x90,0xB0,0x50,0x40,
    0xE0,0x50,0x70,0x90,0xB0,0x50,0x40,
    0xE0,0x90,0x70,0x90,0xB0,0x50,0x40,
    0xD0,0x60,0x70,0x90,0xB0,0x50,0x40,
    0xD0,0xA0,0x70,0x90,0xB0,0x50,0x40,
    0x70,0x20,0x70,0x90,0xB0,0x50,0x40,
    0x70,0x20,0x70,0x90,0xB0,0x50,0x40,
    0xA0,0xD0,0x50,0x70,0x50,0x50,0x20,
    0xA0,0xD0,0x50,0x70,0x50,0x50,0x20,
    0xA0,0xD0,0x50,0x70,0x50,0x50,0x20,
    0xA0,0xD0,0x50,0x70,0x50,0x50,0x20,
    0xA0,0xD0,0x50,0x70,0x50,0x50,0x20,
    0xA0,0xD0,0x50,0x70,0x50,0x50,0x20,
    0xA0,0xD0,0x50,0x70,0x50,0x50,0x20,
    0xA0,0xD0,0x50,0x70,0x50,0x50,0x20,
    0x60,0x20,0xE0,0x90,0x90,0x10,0x90,
    0x60,0x40,0xE0,0x90,0x90,0x10,0x90,
    0xE0,0x50,0xE0,0x90,0x90,0x10,0x90,
    0xE0,0x90,0xE0,0x90,0x90,0x10,0x90,
    0xD0,0x60,0xE0,0x90,0x90,0x10,0x90,
    0xD0,0xA0,0xE0,0x90,0x90,0x10,0x90,
    0x70,0x20,0xE0,0x90,0x90,0x10,0x90,
    0x70,0x20,0xE0,0x90,0x90,0x10,0x90,
    0xD0,0xD0,0x70,0x50,0x50,0x50,0x20,
    0xD0,0xD0,0x70,0x50,0x50,0x50,0x20,
    0xD0,0xD0,0x70,0x50,0x50,0x50,0x20,
    0xD0,0xD0,0x70,0x50,0x50,0x50,0x20,
    0xD0,0xD0,0x70,0x50,0x50,0x50,0x20,
    0xD0,0xD0,0x70,0x50,0x50,0x50,0x20,
    0xD0,0xD0,0x70,0x50,0x50,0x50,0x20,
    0xD0,0xD0,0x70,0x50,0x50,0x50,0x20,
    0x60,0x20,0x90,0x90,0xF0,0xF0,0x40,
    0x60,0x40,0x90,0x90,0xF0,0xF0,0x40,
    0xE0,0x50,0x90,0x90,0xF0,0xF0,0x40,
    0xE0,0x90,0x90,0x90,0xF0,0xF0,0x40,
    0xD0,0x60,0x90,0x90,0xF0,0xF0,0x40,
    0xD0,0xA0,0x90,0x90,0xF0,0xF0,0x40,
    0x70,0x20,0x90,0x90,0xF0,0xF0,0x40,
    0x70,0x20,0x90,0x90,0xF0,0xF0,0x40,
    0xA0,0xD0,0x50,0x50,0x20,0x50,0x20,
    0xA0,0xD0,0x50,0x50,0x20,0x50,0x20,
    0xA0,0xD0,0x50,0x50,0x20,0x50,0x20,
    0xA0,0xD0,0x50,0x50,0x20,0x50,0x20,
    0xA0,0xD0,0x50,0x50,0x20,0x50,0x20,
    0xA0,0xD0,0x50,0x50,0x20,0x50,0x20,
    0xA0,0xD0,0x50,0x50,0x20,0x50,0x20,
    0xA0,0xD0,0x50,0x50,0x20,0x50,0x20,
    0x90,0x60,0x70,0x90,0xB0,0x50,0x00,
    0xF0,0x00,0x70,0x90,0xB0,0x50,0x00,
    0x40,0x20,0x70,0x90,0xB0,0x50,0x40,
    0x00,0x00,0x70,0x90,0xB0,0x50,0x40,
    0x10,0x20,0x70,0x90,0xB0,0x50,0x40,
    0x70,0x00,0x70,0x90,0xB0,0x50,0x00,
    0x70,0x00,0x70,0x90,0xB0,0x50,0x40,
    0x90,0x60,0x60,0x90,0xF0,0x90,0x00,
    0xF0,0x00,0x60,0x90,0xF0,0x90,0x00,
    0xA0,0xD0,0x50,0x70,0x50,0x50,0x00,
    0xA0,0xD0,0x50,0x70,0x50,0x50,0x00,
    0x60,0x90,0x90,0xF0,0x90,0x90,0x40,
    0x60,0x20,0x00,0x00,0x00,0x00,0x00,
    0x00,0x00,0x00,0x40,0x40,0x20,0x00,
    0x60,0x20,0x00,0x00,0x00,0x00,0x00,
    0xE0,0x00,0x00,0x00,0x00,0x00,0x00,
    0xE0,0xA0,0x00,0x00,0x00,0x00,0x00,
    0x80,0x40,0xE0,0x90,0x90,0x10,0x90,
    0x00,0x00,0xE0,0x90,0x90,0x10,0x90,
    0x20,0x40,0xE0,0x90,0x90,0x10,0x90,
    0x70,0x00,0xE0,0x90,0x90,0x90,0x10,
    0x70,0x00,0xE0,0x90,0x90,0x10,0x90,
    0xF0,0xC0,0x60,0x40,0x40,0x70,0x00,
    0xF0,0xC0,0x60,0x40,0x40,0x70,0x00,
    0xD0,0xD0,0x70,0x50,0x50,0x50,0x00,
    0xD0,0xD0,0x70,0x50,0x50,0x50,0x00,
    0x90,0x90,0xF0,0x90,0x90,0x90,0x40,
    0xE0,0x50,0x00,0x00,0x00,0x00,0x00,
    0xD0,0x60,0x00,0x00,0x00,0x00,0x00,
    0xE0,0x40,0x00,0x00,0x00,0x00,0x00,
    0x90,0x60,0x40,0x40,0x40,0x20,0x00,
    0xF0,0x00,0x40,0x40,0x40,0x20,0x00,
    0xD0,0x20,0x00,0x20,0x20,0x10,0x00,
    0xB0,0x40,0x00,0x40,0x40,0x20,0x00,
    0xE0,0x00,0x40,0x40,0x40,0x20,0x00,
    0xE0,0xA0,0x00,0x40,0x40,0x20,0x00,
    0x90,0x60,0x70,0x20,0x20,0x70,0x00,
    0x70,0x00,0x70,0x20,0x20,0x70,0x00,
    0xF0,0xA0,0x20,0x20,0x20,0x70,0x00,
    0xF0,0xA0,0x20,0x20,0x20,0x70,0x00,
    0xE0,0x90,0x00,0x00,0x00,0x00,0x00,
    0xD0,0xA0,0x00,0x00,0x00,0x00,0x00,
    0xE0,0x40,0x00,0x00,0x00,0x00,0x00,
    0x90,0x60,0x90,0x90,0x90,0x60,0x00,
    0xF0,0x00,0x90,0x90,0x90,0x60,0x00,
    0xD0,0x20,0x90,0x90,0x90,0x60,0x00,
    0xB0,0x40,0x90,0x90,0x90,0x60,0x00,
    0x60,0x20,0x60,0x90,0x90,0xE0,0x80,
    0x60,0x40,0x60,0x90,0x90,0xE0,0x80,
    0x70,0x00,0x90,0x90,0x90,0x60,0x00,
    0xF0,0x90,0x00,0x90,0x90,0x60,0x00,
    0x90,0x60,0xA0,0xA0,0x40,0x40,0x00,
    0xF0,0x00,0xA0,0xA0,0x40,0x40,0x00,
    0xD0,0xD0,0x50,0x20,0x20,0x20,0x00,
    0xD0,0xD0,0x50,0x20,0x20,0x20,0x00,
    0xE0,0xD0,0x50,0x60,0x40,0x40,0x00,
    0xD0,0x20,0x00,0x00,0x00,0x00,0x00,
    0xB0,0x40,0x00,0x00,0x00,0x00,0x00,
    0x40,0x20,0x00,0x00,0x00,0x00,0x00,
    0x40,0x20,0x90,0x90,0xF0,0xF0,0x40,
    0x00,0x00,0x90,0x90,0xF0,0xF0,0x40,
    0x20,0x40,0x90,0x90,0xF0,0xF0,0x40,
    0x70,0x00,0x90,0x90,0xF0,0xF0,0x00,
    0x70,0x00,0x90,0x90,0xF0,0xF0,0x40,
    0xA0,0xD0,0x50,0x50,0x50,0x20,0x00,
    0xA0,0xD0,0x50,0x50,0x50,0x20,0x00,
    0xA0,0xD0,0x50,0x50,0x20,0x50,0x00,
    0xA0,0xD0,0x50,0x50,0x20,0x50,0x00,
    0x20,0x50,0x50,0x50,0x20,0x50,0x20,
    0x20,0x40,0x00,0x00,0x00,0x00,0x00,
    0x60,0x40,0x00,0x00,0x00,0x00,0x00,
    0x00,0x00,0x00,0x70,0x00,0x00,0x00,
    0x00,0x00,0x00,0x70,0x00,0x00,0x00,
    0x00,0x00,0x00,0xF0,0x00,0x00,0x00,
    0x00,0x00,0x00,0xF0,0x00,0x00,0x00,
    0x00,0x00,0x00,0xF8,0x00,0x00,0x00,
    0x00,0x00,0x00,0xF8,0x00,0x00,0x00,
    0x50,0x50,0x50,0x50,0x50,0x50,0x00,
    0x00,0x00,0x00,0x00,0xF0,0x00,0xF0,
    0x20,0x40,0x60,0x00,0x00,0x00,0x00,
    0x60,0x20,0x40,0x00,0x00,0x00,0x00,
    0x00,0x00,0x00,0x00,0x60,0x20,0x40,
    0x60,0x40,0x20,0x00,0x00,0x00,0x00,
    0x50,0xA0,0xA0,0x00,0x00,0x00,0x00,
    0x50,0x50,0xA0,0x00,0x00,0x00,0x00,
    0x00,0x00,0x00,0x00,0x50,0x50,0xA0,
    0xA0,0xA0,0x50,0x00,0x00,0x00,0x00,
    0x00,0x20,0x70,0x20,0x20,0x20,0x00,
    0x00,0x20,0x70,0x20,0x70,0x20,0x00,
    0x00,0x00,0x60,0xF0,0xF0,0x60,0x00,
    0x00,0x40,0x60,0x70,0x60,0x40,0x00,
    0x00,0x00,0x00,0x00,0x00,0x20,0x00,
    0x00,0x00,0x00,0x00,0x00,0x50,0x00,
    0x00,0x00,0x00,0x00,0x00,0xA8,0x00,
    0x00,0x00,0x00,0x60,0x00,0x00,0x00,
    0x80,0x90,0x20,0x40,0xA8,0x28,0x00,
    0x20,0x20,0x40,0x00,0x00,0x00,0x00,
    0x50,0x50,0xA0,0x00,0x00,0x00,0x00,
    0x70,0x70,0xE0,0x00,0x00,0x00,0x00,
    0x40,0x40,0x20,0x00,0x00,0x00,0x00,
    0xA0,0xA0,0x50,0x00,0x00,0x00,0x00,
    0xE0,0xE0,0x70,0x00,0x00,0x00,0x00,
    0x00,0x00,0x20,0x40,0x20,0x00,0x00,
    0x00,0x00,0x40,0x20,0x40,0x00,0x00,
    0x50,0x50,0x50,0x50,0x00,0x50,0x00,
    0xF8,0x00,0x00,0x00,0x00,0x00,0x00,
    0x00,0x10,0x20,0x40,0x80,0x00,0x00,
    0x20,0x50,0x50,0x20,0x00,0x00,0x00,
    0x20,0x00,0x20,0x20,0x00,0x00,0x00,
    0x20,0x60,0x70,0x20,0x00,0x00,0x00,
    0x70,0x60,0x10,0x60,0x00,0x00,0x00,
    0x30,0x60,0x50,0x20,0x00,0x00,0x00,
    0x70,0x10,0x20,0x20,0x00,0x00,0x00,
    0x20,0x50,0x20,0x50,0x20,0x00,0x00,
    0x20,0x50,0x30,0x60,0x00,0x00,0x00,
    0x00,0x20,0x70,0x20,0x00,0x00,0x00,
    0x00,0x00,0x70,0x00,0x00,0x00,0x00,
    0x00,0x70,0x00,0x70,0x00,0x00,0x00,
    0x20,0x40,0x40,0x20,0x00,0x00,0x00,
    0x20,0x10,0x10,0x20,0x00,0x00,0x00,
    0x00,0x60,0x50,0x50,0x00,0x00,0x00,
    0x00,0x00,0x00,0x20,0x50,0x50,0x20,
    0x00,0x00,0x00,0x20,0x60,0x20,0x70,
    0x00,0x00,0x00,0x60,0x20,0x40,0x60,
    0x00,0x00,0x00,0x60,0x60,0x20,0x60,
    0x00,0x00,0x00,0x20,0x60,0x70,0x20,
    0x00,0x00,0x00,0x70,0x60,0x10,0x60,
    0x00,0x00,0x00,0x30,0x60,0x50,0x20,
    0x00,0x00,0x00,0x70,0x10,0x20,0x20,
    0x00,0x00,0x20,0x50,0x20,0x50,0x20,
    0x00,0x00,0x00,0x20,0x50,0x30,0x60,
    0x00,0x00,0x00,0x00,0x20,0x70,0x20,
    0x00,0x00,0x00,0x00,0x00,0x70,0x00,
    0x00,0x00,0x00,0x00,0x70,0x00,0x70,
    0x00,0x00,0x00,0x20,0x40,0x40,0x20,
    0x00,0x00,0x00,0x20,0x10,0x10,0x20,
    0xF0,0x80,0xD8,0xA0,0xA0,0xA0,0x00,
    0x30,0x40,0xE0,0xE0,0x40,0xB0,0x00,
    0x60,0x50,0xF8,0x70,0x40,0x40,0x00,
    0x10,0x38,0x70,0x90,0x90,0x70,0xF0,
    0x30,0x40,0xE0,0xE0,0x40,0x30,0x00,
    0x40,0x60,0xD0,0x50,0xD0,0xE0,0x00,
    0x40,0xF8,0x00,0x00,0x00,0x00,0x00,
    0x10,0xF8,0x00,0x00,0x00,0x00,0x00,
    0x20,0x20,0x20,0x20,0x20,0x20,0x20,
    0x00,0x20,0x20,0x20,0x20,0x20,0x20,
    0xA0,0xD0,0xD0,0x00,0x00,0x00,0x00,
    0x50,0xB0,0xB0,0x00,0x00,0x00,0x00,
    0x40,0xF8,0x40,0x00,0x00,0x00,0x00,
    0x10,0xF8,0x10,0x00,0x00,0x00,0x00,
    0x60,0xD0,0xC0,0xC0,0xD0,0x60,0x00,
    0x60,0x80,0x70,0x60,0xA0,0x50,0x20,
    0x30,0x30,0x30,0x20,0x20,0x50,0x00,
    0xC8,0xC8,0xE8,0xD8,0xC8,0xC8,0x00,
    0xC0,0xA0,0xA0,0xB0,0xA8,0xB0,0x00,
    0x60,0xD0,0xD0,0xD0,0xF0,0x70,0x10,
    0xE0,0xD0,0xD0,0xF0,0xE0,0xD0,0x00,
    0x70,0x20,0x20,0x00,0xF8,0xA8,0xA8,
    0xF0,0x30,0x60,0x60,0xC0,0xF0,0x00,
    0x20,0x50,0x50,0x50,0x20,0x70,0x00,
    0x70,0x20,0x50,0x50,0x50,0x20,0x00,
    0x00,0x00,0x70,0xD8,0xE0,0x70,0x00,
    0x80,0x80,0x80,0xB0,0x30,0x30,0x30,
    0xC0,0xC0,0x40,0xF0,0x30,0x30,0x30,
    0xC0,0x80,0x40,0xB0,0x30,0x30,0x30,
    0xC0,0x40,0x80,0xB0,0x30,0x30,0x30,
    0x00,0x00,0x40,0xF0,0x40,0x00,0x00,
    0x20,0x70,0x20,0x20,0x20,0x20,0x00,
    0x00,0x00,0x20,0xF0,0x20,0x00,0x00,
    0x20,0x20,0x20,0x20,0x70,0x20,0x00,
    0x00,0x00,0x50,0xF8,0x50,0x00,0x00,
    0x20,0x70,0x20,0x20,0x70,0x20,0x00,
    0x00,0x00,0x50,0xF0,0x50,0x00,0x00,
    0x20,0x70,0x20,0x20,0x20,0x70,0x00,
    0x00,0x00,0xA0,0xF0,0xA0,0x00,0x00,
    0x70,0x20,0x20,0x20,0x70,0x20,0x00,
    0x20,0x70,0x20,0x20,0x70,0x20,0x70,
    0x10,0xF8,0x10,0x40,0xF8,0x40,0x00,
    0x40,0xF8,0x40,0x10,0xF8,0x10,0x00,
    0x00,0x40,0xF0,0x00,0xF0,0x20,0x00,
    0x00,0x20,0xF0,0x00,0xF0,0x40,0x00,
    0x10,0x20,0x78,0x80,0x78,0x20,0x10,
    0x20,0x50,0xD8,0x50,0x50,0x50,0x00,
    0x40,0x20,0xF0,0x08,0xF0,0x20,0x40,
    0x50,0x50,0x50,0xD8,0x50,0x20,0x00,
    0x00,0x20,0x70,0x88,0x70,0x20,0x00,
    0x20,0x50,0xD8,0x50,0xD8,0x50,0x20,
    0x90,0x90,0xF0,0x90,0x90,0x60,0x00,
    0x20,0x50,0x40,0x40,0x50,0x20,0x00,
    0x20,0x10,0x30,0x50,0x50,0x20,0x00,
    0xF0,0x10,0x70,0x10,0x10,0xF0,0x00,
    0x20,0xF0,0x50,0x70,0x50,0xF0,0x40,
    0x10,0x70,0xB0,0xD0,0xD0,0xE0,0x80,
    0x20,0x20,0x50,0x50,0x88,0xF8,0x00,
    0xF8,0x88,0x50,0x50,0x20,0x20,0x00,
    0x00,0x70,0x80,0xF0,0x80,0x70,0x00,
    0x10,0x70,0xA0,0xF0,0xA0,0x70,0x40,
    0x00,0x30,0x40,0x70,0x40,0x30,0x00,
    0x00,0xE0,0x10,0xF0,0x10,0xE0,0x00,
    0x20,0xE0,0x50,0xF0,0x50,0xE0,0x80,
    0x00,0x60,0x10,0x70,0x10,0x60,0x00,
    0x00,0xF0,0xF0,0xF0,0xF0,0xF0,0x00,
    0xF8,0x50,0x50,0x50,0x50,0xD8,0x00,
    0xD8,0x50,0x50,0x50,0x50,0xF8,0x00,
    0xF0,0x40,0x20,0x40,0x80,0xF0,0x00,
    0x00,0x00,0x00,0xF8,0x00,0x00,0x00,
    0xF8,0x20,0x20,0xF8,0x20,0x20,0x00,
    0x20,0x00,0x20,0x20,0xF8,0x20,0x20,
    0x10,0x10,0x20,0x40,0x80,0x80,0x00,
    0x00,0x00,0x80,0x40,0x20,0x10,0x00,
    0x00,0x20,0xA8,0x70,0xA8,0x20,0x00,
    0x00,0x00,0x20,0x50,0x20,0x00,0x00,
    0x00,0x00,0x20,0x70,0x20,0x00,0x00,
    0x08,0x10,0x10,0x20,0xA0,0x40,0x00,
    0x88,0xD0,0x90,0x20,0xA0,0x40,0x00,
    0x88,0xD0,0x50,0x20,0xA0,0x40,0x00,
    0x00,0x00,0x50,0xA0,0xA0,0x50,0x00,
    0x00,0x00,0x50,0xA8,0xA8,0x50,0x00,
    0x00,0x00,0x80,0x80,0x80,0xF0,0x00,
    0x00,0x00,0x10,0x20,0x40,0xF0,0x00,
    0x00,0x00,0x10,0xA0,0x40,0xF0,0x20,
    0x00,0x50,0x60,0xA0,0x60,0x50,0x00,
    0x20,0x20,0x20,0x20,0x20,0x20,0x00,
    0x20,0x20,0x30,0x60,0x20,0x20,0x00,
    0x50,0x50,0x50,0x50,0x50,0x50,0x00,
    0x50,0x58,0x70,0x70,0xD0,0x50,0x00,
    0x00,0x00,0x20,0x20,0x50,0x50,0x00,
    0x00,0x00,0x50,0x50,0x20,0x20,0x00,
    0x00,0x00,0x60,0x90,0x90,0x90,0x00,
    0x00,0x00,0x90,0x90,0x90,0x60,0x00,
    0x10,0x28,0x20,0x20,0x20,0xA0,0x40,
    0x28,0x50,0x50,0x50,0x50,0x50,0xA0,
    0x38,0x70,0x70,0x70,0x70,0x70,0xE0,
    0x10,0x28,0x70,0xA8,0x70,0xA0,0x40,
    0x28,0x50,0x70,0xD8,0x70,0x50,0xA0,
    0x38,0x70,0x70,0xF8,0x70,0x70,0xE0,
    0x00,0x00,0x20,0x00,0x50,0x00,0x00,
    0x00,0x00,0x50,0x00,0x20,0x00,0x00,
    0x00,0x00,0x20,0x00,0x00,0x20,0x00,
    0x00,0x00,0x90,0x00,0x00,0x90,0x00,
    0x00,0x00,0x20,0x00,0xF8,0x00,0x00,
    0x00,0x00,0x10,0xC0,0x10,0x00,0x00,
    0x00,0x90,0x00,0xF0,0x00,0x90,0x00,
    0x00,0x00,0x00,0x50,0xA0,0x00,0x00,
    0x00,0x50,0xA0,0x00,0xF0,0x00,0x00,
    0x50,0xA0,0x00,0xF0,0x00,0xF0,0x00,
    0x00,0x50,0xA0,0x00,0x50,0xA0,0x00,
    0x10,0x50,0xA0,0x20,0x50,0xA0,0x80,
    0x20,0x50,0x00,0xF0,0x00,0xF0,0x00,
    0x50,0x20,0x00,0xF0,0x00,0xF0,0x00,
    0x60,0x20,0x00,0x20,0xF0,0x00,0xF0,
    0x00,0x10,0xF0,0x20,0xF0,0x40,0x00,
    0x00,0xF0,0x00,0xF0,0x00,0xF0,0x00,
    0x10,0xF0,0x20,0xF0,0x20,0xF0,0x40,
    0xF0,0x00,0xF0,0x00,0xF0,0x00,0xF0,
    0x10,0x20,0x40,0x20,0x10,0x70,0x00,
    0x40,0x20,0x10,0x20,0x40,0x70,0x00,
    0x00,0x28,0x50,0xA0,0x50,0x28,0x00,
    0x00,0xA0,0x50,0x28,0x50,0xA0,0x00,
    0x00,0x00,0x70,0x80,0x80,0x70,0x00,
    0x00,0x00,0xE0,0x10,0x10,0xE0,0x00,
    0x00,0x20,0x70,0xA0,0xA0,0x70,0x20,
    0x00,0x40,0xE0,0x50,0x50,0xE0,0x40,
    0x00,0x70,0x80,0x70,0x00,0xF0,0x00,
    0x00,0xE0,0x10,0xE0,0x00,0xF0,0x00,
    0x20,0x70,0xA0,0x70,0x20,0xF0,0x20,
    0x40,0xE0,0x50,0xE0,0x40,0xF0,0x40,
    0x00,0x70,0x80,0x70,0x20,0xF0,0x20,
    0x00,0xE0,0x10,0xE0,0x40,0xF0,0x40,
    0x00,0x70,0xA8,0xF8,0xA8,0x70,0x00,
    0x00,0x70,0x88,0xF8,0x88,0x70,0x00,
    0x00,0x70,0xD8,0xA8,0xD8,0x70,0x00,
    0x00,0x70,0x98,0xA8,0xC8,0x70,0x00,
    0x00,0x70,0x88,0xA8,0x88,0x70,0x00,
    0x00,0x80,0x80,0xF0,0x80,0x80,0x00,
    0x00,0x10,0x10,0xF0,0x10,0x10,0x00,
    0x70,0x20,0x20,0x20,0x20,0x20,0x00,
    0x20,0x20,0x20,0x20,0x20,0x70,0x00,
    0x00,0x40,0x40,0x70,0x40,0x40,0x00,
    0x00,0x40,0x70,0x40,0x70,0x40,0x00,
    0x00,0x80,0xF0,0x80,0xF0,0x80,0x00,
    0x60,0x90,0x90,0x90,0x90,0x90,0x00,
    0x90,0x90,0x90,0x90,0x90,0x60,0x00,
    0x00,0x00,0x00,0x20,0x00,0x00,0x00,
    0x00,0x20,0x00,0x20,0x00,0x20,0x00,
    0x00,0x00,0x00,0xA8,0x00,0x00,0x00,
    0x00,0x08,0x00,0x20,0x00,0x80,0x00,
    0x00,0x80,0x00,0x20,0x00,0x08,0x00,
    0x00,0x78,0x98,0xA8,0xC8,0xF0,0x00,
    0x00,0x20,0x50,0x88,0x88,0xF8,0x00,
    0x70,0x40,0x40,0x40,0x40,0x40,0x00,
    0x70,0x10,0x10,0x10,0x10,0x10,0x00,
    0x40,0x40,0x40,0x40,0x40,0x70,0x00,
    0x10,0x10,0x10,0x10,0x10,0x70,0x00,
    0x00,0x00,0x00,0xF0,0x80,0x00,0x00,
    0x10,0x28,0x20,0x20,0x20,0x20,0x20,
    0x20,0x20,0x20,0x20,0x20,0xA0,0x40,
    0xF8,0x00,0x00,0x00,0x00,0x00,0x00,
    0x00,0xF8,0x00,0x00,0x00,0x00,0x00,
    0x00,0x00,0x00,0x00,0x00,0xF8,0x00,
    0x00,0x00,0x00,0x00,0x00,0x00,0xF8,
    0xA0,0xE0,0xA0,0x70,0x20,0x20,0x00,
    0x80,0x80,0xF0,0x20,0x30,0x20,0x00,
    0xA0,0xA0,0x78,0x50,0x10,0x10,0x00,
    0xE0,0x80,0xF8,0xA0,0x30,0x20,0x00,
    0x60,0x80,0xE0,0x50,0x60,0x50,0x00,
    0x00,0x00,0x00,0x00,0x90,0xF0,0x00,
    0xC0,0xA0,0xA0,0xA0,0x20,0x38,0x00,
    0x00,0x00,0x00,0xF8,0x00,0x00,0x00,
    0x00,0x00,0xF8,0xF8,0x00,0x00,0x00,
    0x20,0x20,0x20,0x20,0x20,0x20,0x20,
    0x30,0x30,0x30,0x30,0x30,0x30,0x30,
    0x00,0x00,0x00,0xA8,0x00,0x00,0x00,
    0x00,0x00,0xA8,0xA8,0x00,0x00,0x00,
    0x20,0x00,0x20,0x20,0x00,0x20,0x00,
    0x30,0x00,0x30,0x30,0x00,0x30,0x00,
    0x00,0x00,0x00,0xA8,0x00,0x00,0x00,
    0x00,0x00,0xA8,0xA8,0x00,0x00,0x00,
    0x20,0x00,0x20,0x00,0x20,0x00,0x20,
    0x30,0x00,0x30,0x00,0x30,0x00,0x30,
    0x00,0x00,0x00,0x38,0x20,0x20,0x20,
    0x00,0x00,0x38,0x38,0x20,0x20,0x20,
    0x00,0x00,0x00,0x38,0x30,0x30,0x30,
    0x00,0x00,0x38,0x38,0x30,0x30,0x30,
    0x00,0x00,0x00,0xE0,0x20,0x20,0x20,
    0x00,0x00,0xE0,0xE0,0x20,0x20,0x20,
    0x00,0x00,0x00,0xF0,0x30,0x30,0x30,
    0x00,0x00,0xF0,0xF0,0x30,0x30,0x30,
    0x20,0x20,0x20,0x38,0x00,0x00,0x00,
    0x20,0x20,0x38,0x38,0x00,0x00,0x00,
    0x30,0x30,0x30,0x38,0x00,0x00,0x00,
    0x30,0x30,0x38,0x38,0x00,0x00,0x00,
    0x20,0x20,0x20,0xE0,0x00,0x00,0x00,
    0x20,0x20,0xE0,0xE0,0x00,0x00,0x00,
    0x30,0x30,0x30,0xF0,0x00,0x00,0x00,
    0x30,0x30,0xF0,0xF0,0x00,0x00,0x00,
    0x20,0x20,0x20,0x38,0x20,0x20,0x20,
    0x20,0x20,0x38,0x38,0x20,0x20,0x20,
    0x30,0x30,0x30,0x38,0x20,0x20,0x20,
    0x20,0x20,0x20,0x38,0x30,0x30,0x30,
    0x30,0x30,0x30,0x38,0x30,0x30,0x30,
    0x30,0x30,0x38,0x38,0x20,0x20,0x20,
    0x20,0x20,0x38,0x38,0x30,0x30,0x30,
    0x30,0x30,0x38,0x38,0x30,0x30,0x30,
    0x20,0x20,0x20,0xE0,0x20,0x20,0x20,
    0x20,0x20,0xE0,0xE0,0x20,0x20,0x20,
    0x30,0x30,0x30,0xF0,0x20,0x20,0x20,
    0x20,0x20,0x20,0xF0,0x30,0x30,0x30,
    0x30,0x30,0x30,0xF0,0x30,0x30,0x30,
    0x30,0x30,0xF0,0xF0,0x20,0x20,0x20,
    0x20,0x20,0xF0,0xF0,0x30,0x30,0x30,
    0x30,0x30,0xF0,0xF0,0x30,0x30,0x30,
    0x00,0x00,0x00,0xF8,0x20,0x20,0x20,
    0x00,0x00,0xE0,0xF8,0x20,0x20,0x20,
    0x00,0x00,0x38,0xF8,0x20,0x20,0x20,
    0x00,0x00,0xF8,0xF8,0x20,0x20,0x20,
    0x00,0x00,0x00,0xF8,0x30,0x30,0x30,
    0x00,0x00,0xE0,0xF8,0x30,0x30,0x30,
    0x00,0x00,0x18,0xF8,0x30,0x30,0x30,
    0x00,0x00,0xF8,0xF8,0x30,0x30,0x30,
    0x20,0x20,0x20,0xF8,0x00,0x00,0x00,
    0x20,0x20,0xE0,0xF8,0x00,0x00,0x00,
    0x20,0x20,0x38,0xF8,0x00,0x00,0x00,
    0x20,0x20,0xF8,0xF8,0x00,0x00,0x00,
    0x30,0x30,0x30,0xF8,0x00,0x00,0x00,
    0x30,0x30,0xF0,0xF8,0x00,0x00,0x00,
    0x30,0x30,0x38,0xF8,0x00,0x00,0x00,
    0x30,0x30,0xF8,0xF8,0x00,0x00,0x00,
    0x20,0x20,0x20,0xF8,0x20,0x20,0x20,
    0x20,0x20,0xE0,0xF8,0x20,0x20,0x20,
    0x20,0x20,0x38,0xF8,0x20,0x20,0x20,
    0x20,0x20,0xF8,0xF8,0x20,0x20,0x20,
    0x30,0x30,0x30,0xF8,0x20,0x20,0x20,
    0x20,0x20,0x20,0xF8,0x30,0x30,0x30,
    0x30,0x30,0x30,0xF8,0x30,0x30,0x30,
    0x30,0x30,0xF0,0xF8,0x20,0x20,0x20,
    0x30,0x30,0x38,0xF8,0x20,0x20,0x20,
    0x20,0x20,0xE0,0xF8,0x30,0x30,0x30,
    0x20,0x20,0x38,0xF8,0x30,0x30,0x30,
    0x30,0x30,0xF8,0xF8,0x20,0x20,0x20,
    0x20,0x20,0xF8,0xF8,0x30,0x30,0x30,
    0x30,0x30,0xF0,0xF8,0x30,0x30,0x30,
    0x30,0x30,0x38,0xF8,0x30,0x30,0x30,
    0x30,0x30,0xF8,0xF8,0x30,0x30,0x30,
    0x00,0x00,0x00,0xD0,0x00,0x00,0x00,
    0x00,0x00,0xD0,0xD0,0x00,0x00,0x00,
    0x20,0x20,0x20,0x00,0x20,0x20,0x00,
    0x30,0x30,0x30,0x00,0x30,0x30,0x00,
    0x00,0x00,0xF8,0x00,0xF8,0x00,0x00,
    0x50,0x50,0x50,0x50,0x50,0x50,0x50,
    0x00,0x00,0x38,0x20,0x38,0x20,0x20,
    0x00,0x00,0x00,0x78,0x50,0x50,0x50,
    0x00,0x00,0x78,0x40,0x58,0x50,0x50,
    0x00,0x00,0xE0,0x20,0xE0,0x20,0x20,
    0x00,0x00,0x00,0xF0,0x50,0x50,0x50,
    0x00,0x00,0xF0,0x10,0xD0,0x50,0x50,
    0x20,0x20,0x38,0x20,0x38,0x00,0x00,
    0x50,0x50,0x50,0x78,0x00,0x00,0x00,
    0x50,0x50,0x58,0x40,0x78,0x00,0x00,
    0x20,0x20,0xE0,0x20,0xE0,0x00,0x00,
    0x50,0x50,0x50,0xF0,0x00,0x00,0x00,
    0x50,0x50,0xD0,0x10,0xF0,0x00,0x00,
    0x20,0x20,0x38,0x20,0x38,0x20,0x20,
    0x50,0x50,0x50,0x58,0x50,0x50,0x50,
    0x50,0x50,0x58,0x40,0x58,0x50,0x50,
    0x20,0x20,0xE0,0x20,0xE0,0x20,0x20,
    0x50,0x50,0x50,0xD0,0x50,0x50,0x50,
    0x50,0x50,0xD0,0x10,0xD0,0x50,0x50,
    0x00,0x00,0xF8,0x00,0xF8,0x20,0x20,
    0x00,0x00,0x00,0xF8,0x50,0x50,0x50,
    0x00,0x00,0xF8,0x00,0xD8,0x50,0x50,
    0x20,0x20,0xF8,0x00,0xF8,0x00,0x00,
    0x50,0x50,0x50,0xF8,0x00,0x00,0x00,
    0x50,0x50,0xD8,0x00,0xF8,0x00,0x00,
    0x20,0x20,0xF8,0x20,0xF8,0x20,0x20,
    0x50,0x50,0x50,0xF8,0x50,0x50,0x50,
    0x50,0x50,0xD8,0x00,0xD8,0x50,0x50,
    0x00,0x00,0x00,0x18,0x20,0x20,0x20,
    0x00,0x00,0x00,0xC0,0x20,0x20,0x20,
    0x20,0x20,0x20,0xC0,0x00,0x00,0x00,
    0x20,0x20,0x20,0x18,0x00,0x00,0x00,
    0x08,0x10,0x10,0x20,0x40,0x40,0x80,
    0x80,0x40,0x40,0x20,0x10,0x10,0x08,
    0x88,0x50,0x50,0x20,0x50,0x50,0x88,
    0x00,0x00,0x00,0xE0,0x00,0x00,0x00,
    0x20,0x20,0x20,0x20,0x00,0x00,0x00,
    0x00,0x00,0x00,0x38,0x00,0x00,0x00,
    0x00,0x00,0x00,0x20,0x20,0x20,0x20,
    0x00,0x00,0xE0,0xE0,0x00,0x00,0x00,
    0x30,0x30,0x30,0x30,0x00,0x00,0x00,
    0x00,0x00,0x38,0x38,0x00,0x00,0x00,
    0x00,0x00,0x00,0x30,0x30,0x30,0x30,
    0x00,0x00,0x38,0xF8,0x00,0x00,0x00,
    0x20,0x20,0x20,0x30,0x30,0x30,0x30,
    0x00,0x00,0xE0,0xF8,0x00,0x00,0x00,
    0x30,0x30,0x30,0x30,0x20,0x20,0x20,
    0xF8,0xF8,0xF8,0x00,0x00,0x00,0x00,
    0x00,0x00,0x00,0x00,0x00,0x00,0xF8,
    0x00,0x00,0x00,0x00,0x00,0xF8,0xF8,
    0x00,0x00,0x00,0x00,0xF8,0xF8,0xF8,
    0x00,0x00,0x00,0xF8,0xF8,0xF8,0xF8,
    0x00,0x00,0x00,0xF8,0xF8,0xF8,0xF8,
    0x00,0x00,0xF8,0xF8,0xF8,0xF8,0xF8,
    0x00,0xF8,0xF8,0xF8,0xF8,0xF8,0xF8,
    0xF8,0xF8,0xF8,0xF8,0xF8,0xF8,0xF8,
    0xF0,0xF0,0xF0,0xF0,0xF0,0xF0,0xF0,
    0xF0,0xF0,0xF0,0xF0,0xF0,0xF0,0xF0,
    0xE0,0xE0,0xE0,0xE0,0xE0,0xE0,0xE0,
    0xE0,0xE0,0xE0,0xE0,0xE0,0xE0,0xE0,
    0xC0,0xC0,0xC0,0xC0,0xC0,0xC0,0xC0,
    0x80,0x80,0x80,0x80,0x80,0x80,0x80,
    0x80,0x80,0x80,0x80,0x80,0x80,0x80,
    0x18,0x18,0x18,0x18,0x18,0x18,0x18,
    0x40,0x10,0x40,0x10,0x40,0x10,0x00,
    0xA8,0x50,0xA8,0x50,0xA8,0x50,0xA8,
    0xB8,0xE8,0xB8,0xE8,0xB8,0xE8,0xF8,
    0xF8,0x00,0x00,0x00,0x00,0x00,0x00,
    0x08,0x08,0x08,0x08,0x08,0x08,0x08,
    0x00,0x00,0x00,0xE0,0xE0,0xE0,0xE0,
    0x00,0x00,0x00,0x18,0x18,0x18,0x18,
    0xE0,0xE0,0xE0,0x00,0x00,0x00,0x00,
    0xE0,0xE0,0xE0,0xF8,0xF8,0xF8,0xF8,
    0xE0,0xE0,0xE0,0x18,0x18,0x18,0x18,
    0xF8,0xF8,0xF8,0xE0,0xE0,0xE0,0xE0,
    0xF8,0xF8,0xF8,0x18,0x18,0x18,0x18,
    0x18,0x18,0x18,0x00,0x00,0x00,0x00,
    0x18,0x18,0x18,0xE0,0xE0,0xE0,0xE0,
    0x18,0x18,0x18,0xF8,0xF8,0xF8,0xF8,
    0x00,0x00,0xF0,0xF0,0xF0,0xF0,0x00,
    0x00,0x00,0xF0,0x90,0x90,0xF0,0x00,
    0x00,0x00,0x70,0x70,0x70,0x00,0x00,
    0x00,0x00,0x70,0x50,0x70,0x00,0x00,
    0x00,0x00,0xF8,0xF8,0xF8,0x00,0x00,
    0x00,0x00,0xF8,0x88,0xF8,0x00,0x00,
    0x00,0x70,0x70,0x70,0x70,0x70,0x00,
    0x20,0x20,0x70,0x70,0xF8,0xF8,0x00,
    0x20,0x20,0x50,0x50,0x88,0xF8,0x00,
    0x80,0xC0,0xE0,0xF0,0xE0,0xC0,0x80,
    0x80,0xC0,0xA0,0x90,0xA0,0xC0,0x80,
    0x00,0x40,0x60,0x70,0x60,0x40,0x00,
    0x00,0x40,0x60,0x50,0x60,0x40,0x00,
    0x00,0x80,0xE0,0xF8,0xE0,0x80,0x00,
    0x00,0x80,0xE0,0x98,0xE0,0x80,0x00,
    0xF8,0xF8,0x70,0x70,0x20,0x20,0x00,
    0xF8,0x88,0x50,0x50,0x20,0x20,0x00,
    0x10,0x30,0x70,0xF0,0x70,0x30,0x10,
    0x10,0x30,0x50,0x90,0x50,0x30,0x10,
    0x00,0x10,0x30,0x70,0x30,0x10,0x00,
    0x00,0x10,0x30,0x50,0x30,0x10,0x00,
    0x00,0x08,0x38,0xF8,0x38,0x08,0x00,
    0x00,0x08,0x38,0xC8,0x38,0x08,0x00,
    0x00,0x20,0x70,0xF8,0x70,0x20,0x00,
    0x00,0x20,0x50,0x88,0x50,0x20,0x00,
    0x00,0x70,0x88,0x88,0x88,0x70,0x00,
    0x00,0x70,0xF8,0xF8,0xF8,0x70,0x00,
    0xF8,0xF8,0xD8,0x88,0xD8,0xF8,0xF8,
    0xF8,0xF8,0xD8,0xA8,0xD8,0xF8,0xF8,
    0x00,0x00,0x60,0x90,0x90,0x60,0x00,
    0x00,0x50,0x00,0x20,0x50,0x00,0x00,
    0x00,0x50,0x00,0x50,0x20,0x00,0x00,
    0x70,0xA8,0xF8,0xA8,0xD8,0x70,0x00,
    0x20,0xA8,0x70,0xD8,0x70,0xA8,0x20,
    0x00,0x20,0x50,0x20,0x70,0x20,0x00,
    0x00,0x20,0x70,0x20,0x50,0x20,0x00,
    0x38,0x18,0x68,0xA0,0x40,0x00,0x00,
    0x20,0x70,0xF8,0xF8,0x20,0x70,0x00,
    0x70,0x70,0xA8,0xF8,0xA8,0x20,0x70,
    0x50,0xF8,0xF8,0x70,0x70,0x20,0x00,
    0x20,0x70,0xF8,0xF8,0x70,0x20,0x00,
    0x10,0x10,0x10,0x30,0x70,0x20,0x00,
    0x20,0x30,0x28,0x60,0xE0,0x40,0x00,
    0x60,0x58,0x48,0xC8,0xD8,0x18,0x00,
    0x70,0x68,0x58,0xC8,0xD8,0x18,0x00,
    0x40,0x40,0x70,0x50,0x50,0x60,0x00,
    0x40,0x70,0x50,0x50,0x70,0x10,0x00,
    0x10,0x58,0x70,0xD8,0x70,0xD0,0x40,
    0x20,0x20,0x40,0x40,0x20,0x20,0x00,
    0x40,0x40,0x20,0x20,0x40,0x40,0x00,
    0x00,0x00,0x00,0x00,0x00,0x00,0x00,
    0x40,0x00,0x00,0x00,0x00,0x00,0x00,
    0x00,0x00,0x40,0x00,0x00,0x00,0x00,
    0x40,0x00,0x40,0x00,0x00,0x00,0x00,
    0x00,0x00,0x00,0x00,0x40,0x00,0x00,
    0x40,0x00,0x00,0x00,0x40,0x00,0x00,
    0x00,0x00,0x40,0x00,0x40,0x00,0x00,
    0x40,0x00,0x40,0x00,0x40,0x00,0x00,
    0x10,0x00,0x00,0x00,0x00,0x00,0x00,
    0x50,0x00,0x00,0x00,0x00,0x00,0x00,
    0x10,0x00,0x40,0x00,0x00,0x00,0x00,
    0x50,0x00,0x40,0x00,0x00,0x00,0x00,
    0x10,0x00,0x00,0x00,0x40,0x00,0x00,
    0x50,0x00,0x00,0x00,0x40,0x00,0x00,
    0x10,0x00,0x40,0x00,0x40,0x00,0x00,
    0x50,0x00,0x40,0x00,0x40,0x00,0x00,
    0x00,0x00,0x10,0x00,0x00,0x00,0x00,
    0x40,0x00,0x10,0x00,0x00,0x00,0x00,
    0x00,0x00,0x50,0x00,0x00,0x00,0x00,
    0x40,0x00,0x50,0x00,0x00,0x00,0x00,
    0x00,0x00,0x10,0x00,0x40,0x00,0x00,
    0x40,0x00,0x10,0x00,0x40,0x00,0x00,
    0x00,0x00,0x50,0x00,0x40,0x00,0x00,
    0x40,0x00,0x50,0x00,0x40,0x00,0x00,
    0x10,0x00,0x10,0x00,0x00,0x00,0x00,
    0x50,0x00,0x10,0x00,0x00,0x00,0x00,
    0x10,0x00,0x50,0x00,0x00,0x00,0x00,
    0x50,0x00,0x50,0x00,0x00,0x00,0x00,
    0x10,0x00,0x10,0x00,0x40,0x00,0x00,
    0x50,0x00,0x10,0x00,0x40,0x00,0x00,
    0x10,0x00,0x50,0x00,0x40,0x00,0x00,
    0x50,0x00,0x50,0x00,0x40,0x00,0x00,
    0x00,0x00,0x00,0x00,0x10,0x00,0x00,
    0x40,0x00,0x00,0x00,0x10,0x00,0x00,
    0x00,0x00,0x40,0x00,0x10,0x00,0x00,
    0x40,0x00,0x40,0x00,0x10,0x00,0x00,
    0x00,0x00,0x00,0x00,0x50,0x00,0x00,
    0x40,0x00,0x00,0x00,0x50,0x00,0x00,
    0x00,0x00,0x40,0x00,0x50,0x00,0x00,
    0x40,0x00,0x40,0x00,0x50,0x00,0x00,
    0x10,0x00,0x00,0x00,0x10,0x00,0x00,
    0x50,0x00,0x00,0x00,0x10,0x00,0x00,
    0x10,0x00,0x40,0x00,0x10,0x00,0x00,
    0x50,0x00,0x40,0x00,0x10,0x00,0x00,
    0x10,0x00,0x00,0x00,0x50,0x00,0x00,
    0x50,0x00,0x00,0x00,0x50,0x00,0x00,
    0x10,0x00,0x40,0x00,0x50,0x00,0x00,
    0x50,0x00,0x40,0x00,0x50,0x00,0x00,
    0x00,0x00,0x10,0x00,0x10,0x00,0x00,
    0x40,0x00,0x10,0x00,0x10,0x00,0x00,
    0x00,0x00,0x50,0x00,0x10,0x00,0x00,
    0x40,0x00,0x50,0x00,0x10,0x00,0x00,
    0x00,0x00,0x10,0x00,0x50,0x00,0x00,
    0x40,0x00,0x10,0x00,0x50,0x00,0x00,
    0x00,0x00,0x50,0x00,0x50,0x00,0x00,
    0x40,0x00,0x50,0x00,0x50,0x00,0x00,
    0x10,0x00,0x10,0x00,0x10,0x00,0x00,
    0x50,0x00,0x10,0x00,0x10,0x00,0x00,
    0x10,0x00,0x50,0x00,0x10,0x00,0x00,
    0x50,0x00,0x50,0x00,0x10,0x00,0x00,
    0x10,0x00,0x10,0x00,0x50,0x00,0x00,
    0x50,0x00,0x10,0x00,0x50,0x00,0x00,
    0x10,0x00,0x50,0x00,0x50,0x00,0x00,
    0x50,0x00,0x50,0x00,0x50,0x00,0x00,
    0x00,0x00,0x00,0x00,0x00,0x00,0x40,
    0x40,0x00,0x00,0x00,0x00,0x00,0x40,
    0x00,0x00,0x40,0x00,0x00,0x00,0x40,
    0x40,0x00,0x40,0x00,0x00,0x00,0x40,
    0x00,0x00,0x00,0x00,0x40,0x00,0x40,
    0x40,0x00,0x00,0x00,0x40,0x00,0x40,
    0x00,0x00,0x40,0x00,0x40,0x00,0x40,
    0x40,0x00,0x40,0x00,0x40,0x00,0x40,
    0x10,0x00,0x00,0x00,0x00,0x00,0x40,
    0x50,0x00,0x00,0x00,0x00,0x00,0x40,
    0x10,0x00,0x40,0x00,0x00,0x00,0x40,
    0x50,0x00,0x40,0x00,0x00,0x00,0x40,
    0x10,0x00,0x00,0x00,0x40,0x00,0x40,
    0x50,0x00,0x00,0x00,0x40,0x00,0x40,
    0x10,0x00,0x40,0x00,0x40,0x00,0x40,
    0x50,0x00,0x40,0x00,0x40,0x00,0x40,
    0x00,0x00,0x10,0x00,0x00,0x00,0x40,
    0x40,0x00,0x10,0x00,0x00,0x00,0x40,
    0x00,0x00,0x50,0x00,0x00,0x00,0x40,
    0x40,0x00,0x50,0x00,0x00,0x00,0x40,
    0x00,0x00,0x10,0x00,0x40,0x00,0x40,
    0x40,0x00,0x10,0x00,0x40,0x00,0x40,
    0x00,0x00,0x50,0x00,0x40,0x00,0x40,
    0x40,0x00,0x50,0x00,0x40,0x00,0x40,
    0x10,0x00,0x10,0x00,0x00,0x00,0x40,
    0x50,0x00,0x10,0x00,0x00,0x00,0x40,
    0x10,0x00,0x50,0x00,0x00,0x00,0x40,
    0x50,0x00,0x50,0x00,0x00,0x00,0x40,
    0x10,0x00,0x10,0x00,0x40,0x00,0x40,
    0x50,0x00,0x10,0x00,0x40,0x00,0x40,
    0x10,0x00,0x50,0x00,0x40,0x00,0x40,
    0x50,0x00,0x50,0x00,0x40,0x00,0x40,
    0x00,0x00,0x00,0x00,0x10,0x00,0x40,
    0x40,0x00,0x00,0x00,0x10,0x00,0x40,
    0x00,0x00,0x40,0x00,0x10,0x00,0x40,
    0x40,0x00,0x40,0x00,0x10,0x00,0x40,
    0x00,0x00,0x00,0x00,0x50,0x00,0x40,
    0x40,0x00,0x00,0x00,0x50,0x00,0x40,
    0x00,0x00,0x40,0x00,0x50,0x00,0x40,
    0x40,0x00,0x40,0x00,0x50,0x00,0x40,
    0x10,0x00,0x00,0x00,0x10,0x00,0x40,
    0x50,0x00,0x00,0x00,0x10,0x00,0x40,
    0x10,0x00,0x40,0x00,0x10,0x00,0x40,
    0x50,0x00,0x40,0x00,0x10,0x00,0x40,
    0x10,0x00,0x00,0x00,0x50,0x00,0x40,
    0x50,0x00,0x00,0x00,0x50,0x00,0x40,
    0x10,0x00,0x40,0x00,0x50,0x00,0x40,
    0x50,0x00,0x40,0x00,0x50,0x00,0x40,
    0x00,0x00,0x10,0x00,0x10,0x00,0x40,
    0x40,0x00,0x10,0x00,0x10,0x00,0x40,
    0x00,0x00,0x50,0x00,0x10,0x00,0x40,
    0x40,0x00,0x50,0x00,0x10,0x00,0x40,
    0x00,0x00,0x10,0x00,0x50,0x00,0x40,
    0x40,0x00,0x10,0x00,0x50,0x00,0x40,
    0x00,0x00,0x50,0x00,0x50,0x00,0x40,
    0x40,0x00,0x50,0x00,0x50,0x00,0x40,
    0x10,0x00,0x10,0x00,0x10,0x00,0x40,
    0x50,0x00,0x10,0x00,0x10,0x00,0x40,
    0x10,0x00,0x50,0x00,0x10,0x00,0x40,
    0x50,0x00,0x50,0x00,0x10,0x00,0x40,
    0x10,0x00,0x10,0x00,0x50,0x00,0x40,
    0x50,0x00,0x10,0x00,0x50,0x00,0x40,
    0x10,0x00,0x50,0x00,0x50,0x00,0x40,
    0x50,0x00,0x50,0x00,0x50,0x00,0x40,
    0x00,0x00,0x00,0x00,0x00,0x00,0x10,
    0x40,0x00,0x00,0x00,0x00,0x00,0x10,
    0x00,0x00,0x40,0x00,0x00,0x00,0x10,
    0x40,0x00,0x40,0x00,0x00,0x00,0x10,
    0x00,0x00,0x00,0x00,0x40,0x00,0x10,
    0x40,0x00,0x00,0x00,0x40,0x00,0x10,
    0x00,0x00,0x40,0x00,0x40,0x00,0x10,
    0x40,0x00,0x40,0x00,0x40,0x00,0x10,
    0x10,0x00,0x00,0x00,0x00,0x00,0x10,
    0x50,0x00,0x00,0x00,0x00,0x00,0x10,
    0x10,0x00,0x40,0x00,0x00,0x00,0x10,
    0x50,0x00,0x40,0x00,0x00,0x00,0x10,
    0x10,0x00,0x00,0x00,0x40,0x00,0x10,
    0x50,0x00,0x00,0x00,0x40,0x00,0x10,
    0x10,0x00,0x40,0x00,0x40,0x00,0x10,
    0x50,0x00,0x40,0x00,0x40,0x00,0x10,
    0x00,0x00,0x10,0x00,0x00,0x00,0x10,
    0x40,0x00,0x10,0x00,0x00,0x00,0x10,
    0x00,0x00,0x50,0x00,0x00,0x00,0x10,
    0x40,0x00,0x50,0x00,0x00,0x00,0x10,
    0x00,0x00,0x10,0x00,0x40,0x00,0x10,
    0x40,0x00,0x10,0x00,0x40,0x00,0x10,
    0x00,0x00,0x50,0x00,0x40,0x00,0x10,
    0x40,0x00,0x50,0x00,0x40,0x00,0x10,
    0x10,0x00,0x10,0x00,0x00,0x00,0x10,
    0x50,0x00,0x10,0x00,0x00,0x00,0x10,
    0x10,0x00,0x50,0x00,0x00,0x00,0x10,
    0x50,0x00,0x50,0x00,0x00,0x00,0x10,
    0x10,0x00,0x10,0x00,0x40,0x00,0x10,
    0x50,0x00,0x10,0x00,0x40,0x00,0x10,
    0x10,0x00,0x50,0x00,0x40,0x00,0x10,
    0x50,0x00,0x50,0x00,0x40,0x00,0x10,
    0x00,0x00,0x00,0x00,0x10,0x00,0x10,
    0x40,0x00,0x00,0x00,0x10,0x00,0x10,
    0x00,0x00,0x40,0x00,0x10,0x00,0x10,
    0x40,0x00,0x40,0x00,0x10,0x00,0x10,
    0x00,0x00,0x00,0x00,0x50,0x00,0x10,
    0x40,0x00,0x00,0x00,0x50,0x00,0x10,
    0x00,0x00,0x40,0x00,0x50,0x00,0x10,
    0x40,0x00,0x40,0x00,0x50,0x00,0x10,
    0x10,0x00,0x00,0x00,0x10,0x00,0x10,
    0x50,0x00,0x00,0x00,0x10,0x00,0x10,
    0x10,0x00,0x40,0x00,0x10,0x00,0x10,
    0x50,0x00,0x40,0x00,0x10,0x00,0x10,
    0x10,0x00,0x00,0x00,0x50,0x00,0x10,
    0x50,0x00,0x00,0x00,0x50,0x00,0x10,
    0x10,0x00,0x40,0x00,0x50,0x00,0x10,
    0x50,0x00,0x40,0x00,0x50,0x00,0x10,
    0x00,0x00,0x10,0x00,0x10,0x00,0x10,
    0x40,0x00,0x10,0x00,0x10,0x00,0x10,
    0x00,0x00,0x50,0x00,0x10,0x00,0x10,
    0x40,0x00,0x50,0x00,0x10,0x00,0x10,
    0x00,0x00,0x10,0x00,0x50,0x00,0x10,
    0x40,0x00,0x10,0x00,0x50,0x00,0x10,
    0x00,0x00,0x50,0x00,0x50,0x00,0x10,
    0x40,0x00,0x50,0x00,0x50,0x00,0x10,
    0x10,0x00,0x10,0x00,0x10,0x00,0x10,
    0x50,0x00,0x10,0x00,0x10,0x00,0x10,
    0x10,0x00,0x50,0x00,0x10,0x00,0x10,
    0x50,0x00,0x50,0x00,0x10,0x00,0x10,
    0x10,0x00,0x10,0x00,0x50,0x00,0x10,
    0x50,0x00,0x10,0x00,0x50,0x00,0x10,
    0x10,0x00,0x50,0x00,0x50,0x00,0x10,
    0x50,0x00,0x50,0x00,0x50,0x00,0x10,
    0x00,0x00,0x00,0x00,0x00,0x00,0x50,
    0x40,0x00,0x00,0x00,0x00,0x00,0x50,
    0x00,0x00,0x40,0x00,0x00,0x00,0x50,
    0x40,0x00,0x40,0x00,0x00,0x00,0x50,
    0x00,0x00,0x00,0x00,0x40,0x00,0x50,
    0x40,0x00,0x00,0x00,0x40,0x00,0x50,
    0x00,0x00,0x40,0x00,0x40,0x00,0x50,
    0x40,0x00,0x40,0x00,0x40,0x00,0x50,
    0x10,0x00,0x00,0x00,0x00,0x00,0x50,
    0x50,0x00,0x00,0x00,0x00,0x00,0x50,
    0x10,0x00,0x40,0x00,0x00,0x00,0x50,
    0x50,0x00,0x40,0x00,0x00,0x00,0x50,
    0x10,0x00,0x00,0x00,0x40,0x00,0x50,
    0x50,0x00,0x00,0x00,0x40,0x00,0x50,
    0x10,0x00,0x40,0x00,0x40,0x00,0x50,
    0x50,0x00,0x40,0x00,0x40,0x00,0x50,
    0x00,0x00,0x10,0x00,0x00,0x00,0x50,
    0x40,0x00,0x10,0x00,0x00,0x00,0x50,
    0x00,0x00,0x50,0x00,0x00,0x00,0x50,
    0x40,0x00,0x50,0x00,0x00,0x00,0x50,
    0x00,0x00,0x10,0x00,0x40,0x00,0x50,
    0x40,0x00,0x10,0x00,0x40,0x00,0x50,
    0x00,0x00,0x50,0x00,0x40,0x00,0x50,
    0x40,0x00,0x50,0x00,0x40,0x00,0x50,
    0x10,0x00,0x10,0x00,0x00,0x00,0x50,
    0x50,0x00,0x10,0x00,0x00,0x00,0x50,
    0x10,0x00,0x50,0x00,0x00,0x00,0x50,
    0x50,0x00,0x50,0x00,0x00,0x00,0x50,
    0x10,0x00,0x10,0x00,0x40,0x00,0x50,
    0x50,0x00,0x10,0x00,0x40,0x00,0x50,
    0x10,0x00,0x50,0x00,0x40,0x00,0x50,
    0x50,0x00,0x50,0x00,0x40,0x00,0x50,
    0x00,0x00,0x00,0x00,0x10,0x00,0x50,
    0x40,0x00,0x00,0x00,0x10,0x00,0x50,
    0x00,0x00,0x40,0x00,0x10,0x00,0x50,
    0x40,0x00,0x40,0x00,0x10,0x00,0x50,
    0x00,0x00,0x00,0x00,0x50,0x00,0x50,
    0x40,0x00,0x00,0x00,0x50,0x00,0x50,
    0x00,0x00,0x40,0x00,0x50,0x00,0x50,
    0x40,0x00,0x40,0x00,0x50,0x00,0x50,
    0x10,0x00,0x00,0x00,0x10,0x00,0x50,
    0x50,0x00,0x00,0x00,0x10,0x00,0x50,
    0x10,0x00,0x40,0x00,0x10,0x00,0x50,
    0x50,0x00,0x40,0x00,0x10,0x00,0x50,
    0x10,0x00,0x00,0x00,0x50,0x00,0x50,
    0x50,0x00,0x00,0x00,0x50,0x00,0x50,
    0x10,0x00,0x40,0x00,0x50,0x00,0x50,
    0x50,0x00,0x40,0x00,0x50,0x00,0x50,
    0x00,0x00,0x10,0x00,0x10,0x00,0x50,
    0x40,0x00,0x10,0x00,0x10,0x00,0x50,
    0x00,0x00,0x50,0x00,0x10,0x00,0x50,
    0x40,0x00,0x50,0x00,0x10,0x00,0x50,
    0x00,0x00,0x10,0x00,0x50,0x00,0x50,
    0x40,0x00,0x10,0x00,0x50,0x00,0x50,
    0x00,0x00,0x50,0x00,0x50,0x00,0x50,
    0x40,0x00,0x50,0x00,0x50,0x00,0x50,
    0x10,0x00,0x10,0x00,0x10,0x00,0x50,
    0x50,0x00,0x10,0x00,0x10,0x00,0x50,
    0x10,0x00,0x50,0x00,0x10,0x00,0x50,
    0x50,0x00,0x50,0x00,0x10,0x00,0x50,
    0x10,0x00,0x10,0x00,0x50,0x00,0x50,
    0x50,0x00,0x10,0x00,0x50,0x00,0x50,
    0x10,0x00,0x50,0x00,0x50,0x00,0x50,
    0x50,0x00,0x50,0x00,0x50,0x00,0x50,
    0x20,0x50,0x40,0xF0,0x50,0x50,0x00,
    0x30,0x50,0x50,0xF0,0x50,0x50,0x00,
    0x50,0xA8,0xE8,0xD8,0xF8,0xD8,0x70,
};
const GfxFont font_5x7 = { 5, 7, 6, 6, 1847, codes_5x7, rows_5x7 };

/* 6x10.bdf: 1596 glyphs in 6x10 cells */
static const unsigned short codes_6x10[] = {
    0x0020, 0x0021, 0x0022, 0x0023, 0x0024, 0x0025, 0x0026, 0x0027, 0x0028, 0x0029, 0x002A, 0x002B,
    0x002C, 0x002D, 0x002E, 0x002F, 0x0030, 0x0031, 0x0032, 0x0033, 0x0034, 0x0035, 0x0036, 0x0037,
    0x0038, 0x0039, 0x003A, 0x003B, 0x003C, 0x003D, 0x003E, 0x003F, 0x0040, 0x0041, 0x0042, 0x0043,
    0x0044, 0x0045, 0x0046, 0x0047, 0x0048, 0x0049, 0x004A, 0x004B, 0x004C, 0x004D, 0x004E, 0x004F,
    0x0050, 0x0051, 0x0052, 0x0053, 0x0054, 0x0055, 0x0056, 0x0057, 0x0058, 0x0059, 0x005A, 0x005B,
    0x005C, 0x005D, 0x005E, 0x005F, 0x0060, 0x0061, 0x0062, 0x0063, 0x0064, 0x0065, 0x0066, 0x0067,
    0x0068, 0x0069, 0x006A, 0x006B, 0x006C, 0x006D, 0x006E, 0x006F, 0x0070, 0x0071, 0x0072, 0x0073,
    0x0074, 0x0075, 0x0076, 0x0077, 0x0078, 0x0079, 0x007A, 0x007B, 0x007C, 0x007D, 0x007E, 0x00A0,
    0x00A1, 0x00A2, 0x00A3, 0x00A4, 0x00A5, 0x00A6, 0x00A7, 0x00A8, 0x00A9, 0x00AA, 0x00AB, 0x00AC,
    0x00AD, 0x00AE, 0x00AF, 0x00B0, 0x00B1, 0x00B2, 0x00B3, 0x00B4, 0x00B5, 0x00B6, 0x00B7, 0x00B8,
    0x00B9, 0x00BA, 0x00BB, 0x00BC, 0x00BD, 0x00BE, 0x00BF, 0x00C0, 0x00C1, 0x00C2, 0x00C3, 0x00C4,
    0x00C5, 0x00C6, 0x00C7, 0x00C8, 0x00C9, 0x00CA, 0x00CB, 0x00CC, 0x00CD, 0x00CE, 0x00CF, 0x00D0,
    0x00D1, 0x00D2, 0x00D3, 0x00D4, 0x00D5, 0x00D6, 0x00D7, 0x00D8, 0x00D9, 0x00DA, 0x00DB, 0x00DC,
    0x00DD, 0x00DE, 0x00DF, 0x00E0, 0x00E1, 0x00E2, 0x00E3, 0x00E4, 0x00E5, 0x00E6, 0x00E7, 0x00E8,
    0x00E9, 0x00EA, 0x00EB, 0x00EC, 0x00ED, 0x00EE, 0x00EF, 0x00F0, 0x00F1, 0x00F2, 0x00F3, 0x00F4,
    0x00F5, 0x00F6, 0x00F7, 0x00F8, 0x00F9, 0x00FA, 0x00FB, 0x00FC, 0x00FD, 0x00FE, 0x00FF, 0x0100,
    0x0101, 0x0102, 0x0103, 0x0104, 0x0105, 0x0106, 0x0107, 0x0108, 0x0109, 0x010A, 0x010B, 0x010C,
    0x010D, 0x010E, 0x010F, 0x0110, 0x0111, 0x0112, 0x0113, 0x0114, 0x0115, 0x0116, 0x0117, 0x0118,
    0x0119, 0x011A, 0x011B, 0x011C, 0x011D, 0x011E, 0x011F, 0x0120, 0x0121, 0x0122, 0x0123, 0x0124,
    0x0125, 0x0126, 0x0127, 0x0128, 0x0129, 0x012A, 0x012B, 0x012C, 0x012D, 0x012E, 0x012F, 0x0130,
    0x0131, 0x0132, 0x0133, 0x0134, 0x0135, 0x0136, 0x0137, 0x0138, 0x0139, 0x013A, 0x013B, 0x013C,
    0x013D, 0x013E, 0x013F, 0x0140, 0x0141, 0x0142, 0x0143, 0x0144, 0x0145, 0x0146, 0x0147, 0x0148,
    0x0149, 0x014A, 0x014B, 0x014C, 0x014D, 0x014E, 0x014F, 0x0150, 0x0151, 0x0152, 0x0153, 0x0154,
    0x0155, 0x0156, 0x0157, 0x0158, 0x0159, 0x015A, 0x015B, 0x015C, 0x015D, 0x015E, 0x015F, 0x0160,
    0x0161, 0x0162, 0x0163, 0x0164, 0x0165, 0x0166, 0x0167, 0x0168, 0x0169, 0x016A, 0x016B, 0x016C,
    0x016D, 0x016E, 0x016F, 0x0170, 0x0171, 0x0172, 0x0173, 0x0174, 0x0175, 0x0176, 0x0177, 0x0178,
    0x0179, 0x017A, 0x017B, 0x017C, 0x017D, 0x017E, 0x017F, 0x018F, 0x0192, 0x01A0, 0x01A1, 0x01AF,
    0x01B0, 0x01B5, 0x01B6, 0x01D1, 0x01D2, 0x01E6, 0x01E7, 0x01FA, 0x01FB, 0x01FC, 0x01FD, 0x01FE,
    0x01FF, 0x0218, 0x0219, 0x021A, 0x021B, 0x0259, 0x02BC, 0x02BD, 0x02C6, 0x02C7, 0x02C9, 0x02D6,
    0x02D8, 0x02D9, 0x02DA, 0x02DB, 0x02DC, 0x02DD, 0x0300, 0x0301, 0x0302, 0x0303, 0x0304, 0x0305,
    0x0306, 0x0307, 0x0308, 0x0309, 0x030A, 0x030B, 0x030C, 0x030D, 0x030E, 0x030F, 0x0310, 0x0311,
    0x0323, 0x0324, 0x0338, 0x0340, 0x0341, 0x0374, 0x0375, 0x037A, 0x037E, 0x0384, 0x0385, 0x0386,
    0x0387, 0x0388, 0x0389, 0x038A, 0x038C, 0x038E, 0x038F, 0x0390, 0x0391, 0x0392, 0x0393, 0x0394,
    0x0395, 0x0396, 0x0397, 0x0398, 0x0399, 0x039A, 0x039B, 0x039C, 0x039D, 0x039E, 0x039F, 0x03A0,
    0x03A1, 0x03A3, 0x03A4, 0x03A5, 0x03A6, 0x03A7, 0x03A8, 0x03A9, 0x03AA, 0x03AB, 0x03AC, 0x03AD,
    0x03AE, 0x03AF, 0x03B0, 0x03B1, 0x03B2, 0x03B3, 0x03B4, 0x03B5, 0x03B6, 0x03B7, 0x03B8, 0x03B9,
    0x03BA, 0x03BB, 0x03BC, 0x03BD, 0x03BE, 0x03BF, 0x03C0, 0x03C1, 0x03C2, 0x03C3, 0x03C4, 0x03C5,
    0x03C6, 0x03C7, 0x03C8, 0x03C9, 0x03CA, 0x03CB, 0x03CC, 0x03CD, 0x03CE, 0x03D0, 0x03D1, 0x03D2,
    0x03D3, 0x03D4, 0x03D5, 0x03D6, 0x03D7, 0x03DA, 0x03DB, 0x03DC, 0x03DD, 0x03DE, 0x03DF, 0x03E0,
    0x03E1, 0x03F0, 0x03F1, 0x03F2, 0x03F3, 0x03F4, 0x03F5, 0x0401, 0x0402, 0x0403, 0x0404, 0x0405,
    0x0406, 0x0407, 0x0408, 0x0409, 0x040A, 0x040B, 0x040C, 0x040E, 0x040F, 0x0410, 0x0411, 0x0412,
    0x0413, 0x0414, 0x0415, 0x0416, 0x0417, 0x0418, 0x0419, 0x041A, 0x041B, 0x041C, 0x041D, 0x041E,
    0x041F, 0x0420, 0x0421, 0x0422, 0x0423, 0x0424, 0x0425, 0x0426, 0x0427, 0x0428, 0x0429, 0x042A,
    0x042B, 0x042C, 0x042D, 0x042E, 0x042F, 0x0430, 0x0431, 0x0432, 0x0433, 0x0434, 0x0435, 0x0436,
    0x0437, 0x0438, 0x0439, 0x043A, 0x043B, 0x043C, 0x043D, 0x043E, 0x043F, 0x0440, 0x0441, 0x0442,
    0x0443, 0x0444, 0x0445, 0x0446, 0x0447, 0x0448, 0x0449, 0x044A, 0x044B, 0x044C, 0x044D, 0x044E,
    0x044F, 0x0451, 0x0452, 0x0453, 0x0454, 0x0455, 0x0456, 0x0457, 0x0458, 0x0459, 0x045A, 0x045B,
    0x045C, 0x045E, 0x045F, 0x0462, 0x0463, 0x0470, 0x0471, 0x0472, 0x0473, 0x0474, 0x0475, 0x0476,
    0x0477, 0x0490, 0x0491, 0x0492, 0x0493, 0x0496, 0x0497, 0x049A, 0x049B, 0x04AE, 0x04AF, 0x04B0,
    0x04B1, 0x04B2, 0x04B3, 0x04BA, 0x04BB, 0x04D8, 0x04D9, 0x04E2, 0x04E3, 0x04E8, 0x04E9, 0x04EE,
    0x04EF, 0x05D0, 0x05D1, 0x05D2, 0x05D3, 0x05D4, 0x05D5, 0x05D6, 0x05D7, 0x05D8, 0x05D9, 0x05DA,
    0x05DB, 0x05DC, 0x05DD, 0x05DE, 0x05DF, 0x05E0, 0x05E1, 0x05E2, 0x05E3, 0x05E4, 0x05E5, 0x05E6,
    0x05E7, 0x05E8, 0x05E9, 0x05EA, 0x16A0, 0x16A2, 0x16A3, 0x16A6, 0x16A9, 0x16AA, 0x16AB, 0x16AC,
    0x16B1, 0x16B3, 0x16B7, 0x16B8, 0x16B9, 0x16BB, 0x16BE, 0x16C1, 0x16C4, 0x16C7, 0x16C8, 0x16C9,
    0x16CB, 0x16CF, 0x16D2, 0x16D6, 0x16D7, 0x16DA, 0x16DD, 0x16DE, 0x16DF, 0x16E0, 0x16E1, 0x16E2,
    0x16E3, 0x16E5, 0x16EB, 0x16EC, 0x16ED, 0x1E02, 0x1E03, 0x1E04, 0x1E0A, 0x1E0B, 0x1E1E, 0x1E1F,
    0x1E40, 0x1E41, 0x1E56, 0x1E57, 0x1E60, 0x1E61, 0x1E6A, 0x1E6B, 0x1E80, 0x1E81, 0x1E82, 0x1E83,
    0x1E84, 0x1E85, 0x1EF2, 0x1EF3, 0x1F00, 0x1F01, 0x1F02, 0x1F03, 0x1F04, 0x1F05, 0x1F06, 0x1F07,
    0x1F08, 0x1F09, 0x1F0A, 0x1F0B, 0x1F0C, 0x1F0D, 0x1F0E, 0x1F0F, 0x1F10, 0x1F11, 0x1F12, 0x1F13,
    0x1F14, 0x1F15, 0x1F18, 0x1F19, 0x1F1A, 0x1F1B, 0x1F1C, 0x1F1D, 0x1F20, 0x1F21, 0x1F22, 0x1F23,
    0x1F24, 0x1F25, 0x1F26, 0x1F27, 0x1F28, 0x1F29, 0x1F2A, 0x1F2B, 0x1F2C, 0x1F2D, 0x1F2E, 0x1F2F,
    0x1F30, 0x1F31, 0x1F32, 0x1F33, 0x1F34, 0x1F35, 0x1F36, 0x1F37, 0x1F38, 0x1F39, 0x1F3A, 0x1F3B,
    0x1F3C, 0x1F3D, 0x1F3E, 0x1F3F, 0x1F40, 0x1F41, 0x1F42, 0x1F43, 0x1F44, 0x1F45, 0x1F48, 0x1F49,
    0x1F4A, 0x1F4B, 0x1F4C, 0x1F4D, 0x1F50, 0x1F51, 0x1F52, 0x1F53, 0x1F54, 0x1F55, 0x1F56, 0x1F57,
    0x1F59, 0x1F5B, 0x1F5D, 0x1F5F, 0x1F60, 0x1F61, 0x1F62, 0x1F63, 0x1F64, 0x1F65, 0x1F66, 0x1F67,
    0x1F68, 0x1F69, 0x1F6A, 0x1F6B, 0x1F6C, 0x1F6D, 0x1F6E, 0x1F6F, 0x1F70, 0x1F71, 0x1F72, 0x1F73,
    0x1F74, 0x1F75, 0x1F76, 0x1F77, 0x1F78, 0x1F79, 0x1F7A, 0x1F7B, 0x1F7C, 0x1F7D, 0x1F80, 0x1F81,
    0x1F82, 0x1F83, 0x1F84, 0x1F85, 0x1F86, 0x1F87, 0x1F88, 0x1F89, 0x1F8A, 0x1F8B, 0x1F8C, 0x1F8D,
    0x1F8E, 0x1F8F, 0x1F90, 0x1F91, 0x1F92, 0x1F93, 0x1F94, 0x1F95, 0x1F96, 0x1F97, 0x1F98, 0x1F99,
    0x1F9A, 0x1F9B, 0x1F9C, 0x1F9D, 0x1F9E, 0x1F9F, 0x1FA0, 0x1FA1, 0x1FA2, 0x1FA3, 0x1FA4, 0x1FA5,
    0x1FA6, 0x1FA7, 0x1FA8, 0x1FA9, 0x1FAA, 0x1FAB, 0x1FAC, 0x1FAD, 0x1FAE, 0x1FAF, 0x1FB0, 0x1FB1,
    0x1FB2, 0x1FB3, 0x1FB4, 0x1FB6, 0x1FB7, 0x1FB8, 0x1FB9, 0x1FBA, 0x1FBB, 0x1FBC, 0x1FBD, 0x1FBE,
    0x1FBF, 0x1FC0, 0x1FC1, 0x1FC2, 0x1FC3, 0x1FC4, 0x1FC6, 0x1FC7, 0x1FC8, 0x1FC9, 0x1FCA, 0x1FCB,
    0x1FCC, 0x1FCD, 0x1FCE, 0x1FCF, 0x1FD0, 0x1FD1, 0x1FD2, 0x1FD3, 0x1FD6, 0x1FD7, 0x1FD8, 0x1FD9,
    0x1FDA, 0x1FDB, 0x1FDD, 0x1FDE, 0x1FDF, 0x1FE0, 0x1FE1, 0x1FE2, 0x1FE3, 0x1FE4, 0x1FE5, 0x1FE6,
    0x1FE7, 0x1FE8, 0x1FE9, 0x1FEA, 0x1FEB, 0x1FEC, 0x1FED, 0x1FEE, 0x1FEF, 0x1FF2, 0x1FF3, 0x1FF4,
    0x1FF6, 0x1FF7, 0x1FF8, 0x1FF9, 0x1FFA, 0x1FFB, 0x1FFC, 0x1FFD, 0x1FFE, 0x2010, 0x2011, 0x2012,
    0x2013, 0x2014, 0x2015, 0x2016, 0x2017, 0x2018, 0x2019, 0x201A, 0x201B, 0x201C, 0x201D, 0x201E,
    0x201F, 0x2020, 0x2021, 0x2022, 0x2023, 0x2024, 0x2025, 0x2026, 0x2027, 0x2030, 0x2032, 0x2033,
    0x2034, 0x2035, 0x2036, 0x2037, 0x2039, 0x203A, 0x203C, 0x203E, 0x2044, 0x2070, 0x2071, 0x2074,
    0x2075, 0x2076, 0x2077, 0x2078, 0x2079, 0x207A, 0x207B, 0x207C, 0x207D, 0x207E, 0x207F, 0x2080,
    0x2081, 0x2082, 0x2083, 0x2084, 0x2085, 0x2086, 0x2087, 0x2088, 0x2089, 0x208A, 0x208B, 0x208C,
    0x208D, 0x208E, 0x20A3, 0x20A4, 0x20A7, 0x20AB, 0x20AC, 0x20AF, 0x20D0, 0x20D1, 0x20D2, 0x20D3,
    0x20D4, 0x20D5, 0x20D6, 0x20D7, 0x2102, 0x2105, 0x2113, 0x2115, 0x2116, 0x211A, 0x211D, 0x2122,
    0x2124, 0x2126, 0x2127, 0x212E, 0x215B, 0x215C, 0x215D, 0x215E, 0x2190, 0x2191, 0x2192, 0x2193,
    0x2194, 0x2195, 0x2196, 0x2197, 0x2198, 0x2199, 0x21A4, 0x21A5, 0x21A6, 0x21A7, 0x21A8, 0x21C4,
    0x21C6, 0x21CB, 0x21CC, 0x21D0, 0x21D1, 0x21D2, 0x21D3, 0x21D4, 0x21D5, 0x2200, 0x2201, 0x2202,
    0x2203, 0x2204, 0x2205, 0x2206, 0x2207, 0x2208, 0x2209, 0x220B, 0x220C, 0x220F, 0x2211, 0x2212,
    0x2213, 0x2215, 0x2218, 0x2219, 0x221A, 0x221D, 0x221E, 0x221F, 0x2221, 0x2224, 0x2225, 0x2226,
    0x2227, 0x2228, 0x2229, 0x222A, 0x222B, 0x222E, 0x223C, 0x2243, 0x2245, 0x2248, 0x2249, 0x2259,
    0x225F, 0x2260, 0x2261, 0x2262, 0x2264, 0x2265, 0x226A, 0x226B, 0x2282, 0x2283, 0x2284, 0x2285,
    0x2286, 0x2287, 0x2288, 0x2289, 0x228A, 0x228B, 0x2295, 0x2297, 0x22A4, 0x22A5, 0x22A6, 0x22A7,
    0x22C0, 0x22C1, 0x22C2, 0x22C3, 0x22C5, 0x22EE, 0x22EF, 0x22F0, 0x22F1, 0x2300, 0x2302, 0x2308,
    0x2309, 0x230A, 0x230B, 0x2310, 0x2320, 0x2321, 0x23BA, 0x23BB, 0x23BC, 0x23BD, 0x2409, 0x240A,
    0x240B, 0x240C, 0x240D, 0x2424, 0x2500, 0x2501, 0x2502, 0x2503, 0x2504, 0x2505, 0x2506, 0x2507,
    0x2508, 0x2509, 0x250A, 0x250B, 0x250C, 0x250D, 0x250E, 0x250F, 0x2510, 0x2511, 0x2512, 0x2513,
    0x2514, 0x2515, 0x2516, 0x2517, 0x2518, 0x2519, 0x251A, 0x251B, 0x251C, 0x251D, 0x251E, 0x251F,
    0x2520, 0x2521, 0x2522, 0x2523, 0x2524, 0x2525, 0x2526, 0x2527, 0x2528, 0x2529, 0x252A, 0x252B,
    0x252C, 0x252D, 0x252E, 0x252F, 0x2530, 0x2531, 0x2532, 0x2533, 0x2534, 0x2535, 0x2536, 0x2537,
    0x2538, 0x2539, 0x253A, 0x253B, 0x253C, 0x253D, 0x253E, 0x253F, 0x2540, 0x2541, 0x2542, 0x2543,
    0x2544, 0x2545, 0x2546, 0x2547, 0x2548, 0x2549, 0x254A, 0x254B, 0x254C, 0x254D, 0x254E, 0x254F,
    0x2550, 0x2551, 0x2552, 0x2553, 0x2554, 0x2555, 0x2556, 0x2557, 0x2558, 0x2559, 0x255A, 0x255B,
    0x255C, 0x255D, 0x255E, 0x255F, 0x2560, 0x2561, 0x2562, 0x2563, 0x2564, 0x2565, 0x2566, 0x2567,
    0x2568, 0x2569, 0x256A, 0x256B, 0x256C, 0x256D, 0x256E, 0x256F, 0x2570, 0x2571, 0x2572, 0x2573,
    0x2574, 0x2575, 0x2576, 0x2577, 0x2578, 0x2579, 0x257A, 0x257B, 0x257C, 0x257D, 0x257E, 0x257F,
    0x2580, 0x2581, 0x2582, 0x2583, 0x2584, 0x2585, 0x2586, 0x2587, 0x2588, 0x2589, 0x258A, 0x258B,
    0x258C, 0x258D, 0x258E, 0x258F, 0x2590, 0x2591, 0x2592, 0x2593, 0x2594, 0x2595, 0x2596, 0x2597,
    0x2598, 0x2599, 0x259A, 0x259B, 0x259C, 0x259D, 0x259E, 0x259F, 0x25A0, 0x25A1, 0x25AA, 0x25AB,
    0x25AC, 0x25AE, 0x25B2, 0x25B3, 0x25BA, 0x25BB, 0x25BC, 0x25BD, 0x25C4, 0x25C5, 0x25C6, 0x25CA,
    0x25CB, 0x25CC, 0x25CF, 0x25D8, 0x25D9, 0x25E6, 0x2600, 0x263A, 0x263B, 0x263C, 0x263F, 0x2640,
    0x2641, 0x2642, 0x2660, 0x2661, 0x2662, 0x2663, 0x2664, 0x2665, 0x2666, 0x266A, 0x266B, 0x266C,
    0x266D, 0x266E, 0x266F, 0x27E8, 0x27E9, 0x2800, 0x2801, 0x2802, 0x2803, 0x2804, 0x2805, 0x2806,
    0x2807, 0x2808, 0x2809, 0x280A, 0x280B, 0x280C, 0x280D, 0x280E, 0x280F, 0x2810, 0x2811, 0x2812,
    0x2813, 0x2814, 0x2815, 0x2816, 0x2817, 0x2818, 0x2819, 0x281A, 0x281B, 0x281C, 0x281D, 0x281E,
    0x281F, 0x2820, 0x2821, 0x2822, 0x2823, 0x2824, 0x2825, 0x2826, 0x2827, 0x2828, 0x2829, 0x282A,
    0x282B, 0x282C, 0x282D, 0x282E, 0x282F, 0x2830, 0x2831, 0x2832, 0x2833, 0x2834, 0x2835, 0x2836,
    0x2837, 0x2838, 0x2839, 0x283A, 0x283B, 0x283C, 0x283D, 0x283E, 0x283F, 0x2840, 0x2841, 0x2842,
    0x2843, 0x2844, 0x2845, 0x2846, 0x2847, 0x2848, 0x2849, 0x284A, 0x284B, 0x284C, 0x284D, 0x284E,
    0x284F, 0x2850, 0x2851, 0x2852, 0x2853, 0x2854, 0x2855, 0x2856, 0x2857, 0x2858, 0x2859, 0x285A,
    0x285B, 0x285C, 0x285D, 0x285E, 0x285F, 0x2860, 0x2861, 0x2862, 0x2863, 0x2864, 0x2865, 0x2866,
    0x2867, 0x2868, 0x2869, 0x286A, 0x286B, 0x286C, 0x286D, 0x286E, 0x286F, 0x2870, 0x2871, 0x2872,
    0x2873, 0x2874, 0x2875, 0x2876, 0x2877, 0x2878, 0x2879, 0x287A, 0x287B, 0x287C, 0x287D, 0x287E,
    0x287F, 0x2880, 0x2881, 0x2882, 0x2883, 0x2884, 0x2885, 0x2886, 0x2887, 0x2888, 0x2889, 0x288A,
    0x288B, 0x288C, 0x288D, 0x288E, 0x288F, 0x2890, 0x2891, 0x2892, 0x2893, 0x2894, 0x2895, 0x2896,
    0x2897, 0x2898, 0x2899, 0x289A, 0x289B, 0x289C, 0x289D, 0x289E, 0x289F, 0x28A0, 0x28A1, 0x28A2,
    0x28A3, 0x28A4, 0x28A5, 0x28A6, 0x28A7, 0x28A8, 0x28A9, 0x28AA, 0x28AB, 0x28AC, 0x28AD, 0x28AE,
    0x28AF, 0x28B0, 0x28B1, 0x28B2, 0x28B3, 0x28B4, 0x28B5, 0x28B6, 0x28B7, 0x28B8, 0x28B9, 0x28BA,
    0x28BB, 0x28BC, 0x28BD, 0x28BE, 0x28BF, 0x28C0, 0x28C1, 0x28C2, 0x28C3, 0x28C4, 0x28C5, 0x28C6,
    0x28C7, 0x28C8, 0x28C9, 0x28CA, 0x28CB, 0x28CC, 0x28CD, 0x28CE, 0x28CF, 0x28D0, 0x28D1, 0x28D2,
    0x28D3, 0x28D4, 0x28D5, 0x28D6, 0x28D7, 0x28D8, 0x28D9, 0x28DA, 0x28DB, 0x28DC, 0x28DD, 0x28DE,
    0x28DF, 0x28E0, 0x28E1, 0x28E2, 0x28E3, 0x28E4, 0x28E5, 0x28E6, 0x28E7, 0x28E8, 0x28E9, 0x28EA,
    0x28EB, 0x28EC, 0x28ED, 0x28EE, 0x28EF, 0x28F0, 0x28F1, 0x28F2, 0x28F3, 0x28F4, 0x28F5, 0x28F6,
    0x28F7, 0x28F8, 0x28F9, 0x28FA, 0x28FB, 0x28FC, 0x28FD, 0x28FE, 0x28FF, 0xFB01, 0xFB02, 0xFFFD,
};
static const unsigned char rows_6x10[] = {
    0x00,0x00,0x00,0x00,0x00,0x00,0x00,0x00,0x00,0x00,
    0x00,0x20,0x20,0x20,0x20,0x20,0x00,0x20,0x00,0x00,
    0x00,0x50,0x50,0x50,0x00,0x00,0x00,0x00,0x00,0x00,
    0x00,0x50,0x50,0xF8,0x50,0xF8,0x50,0x50,0x00,0x00,
    0x00,0x20,0x70,0xA0,0x70,0x28,0x70,0x20,0x00,0x00,
    0x00,0x48,0xA8,0x50,0x20,0x50,0xA8,0x90,0x00,0x00,
    0x00,0x40,0xA0,0xA0,0x40,0xA8,0x90,0x68,0x00,0x00,
    0x00,0x20,0x20,0x20,0x00,0x00,0x00,0x00,0x00,0x00,
    0x00,0x10,0x20,0x40,0x40,0x40,0x20,0x10,0x00,0x00,
    0x00,0x40,0x20,0x10,0x10,0x10,0x20,0x40,0x00,0x00,
    0x00,0x00,0x88,0x50,0xF8,0x50,0x88,0x00,0x00,0x00,
    0x00,0x00,0x20,0x20,0xF8,0x20,0x20,0x00,0x00,0x00,
    0x00,0x00,0x00,0x00,0x00,0x00,0x30,0x20,0x40,0x00,
    0x00,0x00,0x00,0x00,0xF8,0x00,0x00,0x00,0x00,0x00,
    0x00,0x00,0x00,0x00,0x00,0x00,0x20,0x70,0x20,0x00,
    0x00,0x08,0x08,0x10,0x20,0x40,0x80,0x80,0x00,0x00,
    0x00,0x20,0x50,0x88,0x88,0x88,0x50,0x20,0x00,0x00,
    0x00,0x20,0x60,0xA0,0x20,0x20,0x20,0xF8,0x00,0x00,
    0x00,0x70,0x88,0x08,0x30,0x40,0x80,0xF8,0x00,0x00,
    0x00,0xF8,0x08,0x10,0x30,0x08,0x88,0x70,0x00,0x00,
    0x00,0x10,0x30,0x50,0x90,0xF8,0x10,0x10,0x00,0x00,
    0x00,0xF8,0x80,0xB0,0xC8,0x08,0x88,0x70,0x00,0x00,
    0x00,0x30,0x40,0x80,0xB0,0xC8,0x88,0x70,0x00,0x00,
    0x00,0xF8,0x08,0x10,0x10,0x20,0x40,0x40,0x00,0x00,
    0x00,0x70,0x88,0x88,0x70,0x88,0x88,0x70,0x00,0x00,
    0x00,0x70,0x88,0x98,0x68,0x08,0x10,0x60,0x00,0x00,
    0x00,0x00,0x20,0x70,0x20,0x00,0x20,0x70,0x20,0x00,
    0x00,0x00,0x20,0x70,0x20,0x00,0x30,0x20,0x40,0x00,
    0x00,0x08,0x10,0x20,0x40,0x20,0x10,0x08,0x00,0x00,
    0x00,0x00,0x00,0xF8,0x00,0xF8,0x00,0x00,0x00,0x00,
    0x00,0x40,0x20,0x10,0x08,0x10,0x20,0x40,0x00,0x00,
    0x00,0x70,0x88,0x10,0x20,0x20,0x00,0x20,0x00,0x00,
    0x00,0x70,0x88,0x98,0xA8,0xB0,0x80,0x70,0x00,0x00,
    0x00,0x20,0x50,0x88,0x88,0xF8,0x88,0x88,0x00,0x00,
    0x00,0xF0,0x48,0x48,0x70,0x48,0x48,0xF0,0x00,0x00,
    0x00,0x70,0x88,0x80,0x80,0x80,0x88,0x70,0x00,0x00,
    0x00,0xF0,0x48,0x48,0x48,0x48,0x48,0xF0,0x00,0x00,
    0x00,0xF8,0x80,0x80,0xF0,0x80,0x80,0xF8,0x00,0x00,
    0x00,0xF8,0x80,0x80,0xF0,0x80,0x80,0x80,0x00,0x00,
    0x00,0x70,0x88,0x80,0x80,0x98,0x88,0x70,0x00,0x00,
    0x00,0x88,0x88,0x88,0xF8,0x88,0x88,0x88,0x00,0x00,
    0x00,0x70,0x20,0x20,0x20,0x20,0x20,0x70,0x00,0x00,
    0x00,0x38,0x10,0x10,0x10,0x10,0x90,0x60,0x00,0x00,
    0x00,0x88,0x90,0xA0,0xC0,0xA0,0x90,0x88,0x00,0x00,
    0x00,0x80,0x80,0x80,0x80,0x80,0x80,0xF8,0x00,0x00,
    0x00,0x88,0x88,0xD8,0xA8,0x88,0x88,0x88,0x00,0x00,
    0x00,0x88,0x88,0xC8,0xA8,0x98,0x88,0x88,0x00,0x00,
    0x00,0x70,0x88,0x88,0x88,0x88,0x88,0x70,0x00,0x00,
    0x00,0xF0,0x88,0x88,0xF0,0x80,0x80,0x80,0x00,0x00,
    0x00,0x70,0x88,0x88,0x88,0x88,0xA8,0x70,0x08,0x00,
    0x00,0xF0,0x88,0x88,0xF0,0xA0,0x90,0x88,0x00,0x00,
    0x00,0x70,0x88,0x80,0x70,0x08,0x88,0x70,0x00,0x00,
    0x00,0xF8,0x20,0x20,0x20,0x20,0x20,0x20,0x00,0x00,
    0x00,0x88,0x88,0x88,0x88,0x88,0x88,0x70,0x00,0x00,
    0x00,0x88,0x88,0x88,0x50,0x50,0x50,0x20,0x00,0x00,
    0x00,0x88,0x88,0x88,0xA8,0xA8,0xD8,0x88,0x00,0x00,
    0x00,0x88,0x88,0x50,0x20,0x50,0x88,0x88,0x00,0x00,
    0x00,0x88,0x88,0x50,0x20,0x20,0x20,0x20,0x00,0x00,
    0x00,0xF8,0x08,0x10,0x20,0x40,0x80,0xF8,0x00,0x00,
    0x00,0x70,0x40,0x40,0x40,0x40,0x40,0x70,0x00,0x00,
    0x00,0x80,0x80,0x40,0x20,0x10,0x08,0x08,0x00,0x00,
    0x00,0x70,0x10,0x10,0x10,0x10,0x10,0x70,0x00,0x00,
    0x00,0x20,0x50,0x88,0x00,0x00,0x00,0x00,0x00,0x00,
    0x00,0x00,0x00,0x00,0x00,0x00,0x00,0x00,0xF8,0x00,
    0x20,0x10,0x00,0x00,0x00,0x00,0x00,0x00,0x00,0x00,
    0x00,0x00,0x00,0x70,0x08,0x78,0x88,0x78,0x00,0x00,
    0x00,0x80,0x80,0xB0,0xC8,0x88,0xC8,0xB0,0x00,0x00,
    0x00,0x00,0x00,0x70,0x88,0x80,0x88,0x70,0x00,0x00,
    0x00,0x08,0x08,0x68,0x98,0x88,0x98,0x68,0x00,0x00,
    0x00,0x00,0x00,0x70,0x88,0xF8,0x80,0x70,0x00,0x00,
    0x00,0x30,0x48,0x40,0xF0,0x40,0x40,0x40,0x00,0x00,
    0x00,0x00,0x00,0x78,0x88,0x88,0x78,0x08,0x88,0x70,
    0x00,0x80,0x80,0xB0,0xC8,0x88,0x88,0x88,0x00,0x00,
    0x00,0x20,0x00,0x60,0x20,0x20,0x20,0x70,0x00,0x00,
    0x00,0x08,0x00,0x18,0x08,0x08,0x08,0x48,0x48,0x30,
    0x00,0x80,0x80,0x88,0x90,0xE0,0x90,0x88,0x00,0x00,
    0x00,0x60,0x20,0x20,0x20,0x20,0x20,0x70,0x00,0x00,
    0x00,0x00,0x00,0xD0,0xA8,0xA8,0xA8,0x88,0x00,0x00,
    0x00,0x00,0x00,0xB0,0xC8,0x88,0x88,0x88,0x00,0x00,
    0x00,0x00,0x00,0x70,0x88,0x88,0x88,0x70,0x00,0x00,
    0x00,0x00,0x00,0xB0,0xC8,0x88,0xC8,0xB0,0x80,0x80,
    0x00,0x00,0x00,0x68,0x98,0x88,0x98,0x68,0x08,0x08,
    0x00,0x00,0x00,0xB0,0xC8,0x80,0x80,0x80,0x00,0x00,
    0x00,0x00,0x00,0x70,0x80,0x70,0x08,0xF0,0x00,0x00,
    0x00,0x40,0x40,0xF0,0x40,0x40,0x48,0x30,0x00,0x00,
    0x00,0x00,0x00,0x88,0x88,0x88,0x98,0x68,0x00,0x00,
    0x00,0x00,0x00,0x88,0x88,0x50,0x50,0x20,0x00,0x00,
    0x00,0x00,0x00,0x88,0x88,0xA8,0xA8,0x50,0x00,0x00,
    0x00,0x00,0x00,0x88,0x50,0x20,0x50,0x88,0x00,0x00,
    0x00,0x00,0x00,0x88,0x88,0x98,0x68,0x08,0x88,0x70,
    0x00,0x00,0x00,0xF8,0x10,0x20,0x40,0xF8,0x00,0x00,
    0x00,0x18,0x20,0x10,0x60,0x10,0x20,0x18,0x00,0x00,
    0x00,0x20,0x20,0x20,0x20,0x20,0x20,0x20,0x00,0x00,
    0x00,0x60,0x10,0x20,0x18,0x20,0x10,0x60,0x00,0x00,
    0x00,0x48,0xA8,0x90,0x00,0x00,0x00,0x00,0x00,0x00,
    0x00,0x00,0x00,0x00,0x00,0x00,0x00,0x00,0x00,0x00,
    0x00,0x20,0x00,0x20,0x20,0x20,0x20,0x20,0x00,0x00,
    0x00,0x00,0x20,0x78,0xA0,0xA0,0xA0,0x78,0x20,0x00,
    0x00,0x30,0x48,0x40,0xE0,0x40,0x48,0xB0,0x00,0x00,
    0x00,0x00,0x00,0x88,0x70,0x50,0x70,0x88,0x00,0x00,
    0x00,0x88,0x88,0x50,0x20,0xF8,0x20,0x20,0x20,0x00,
    0x00,0x20,0x20,0x20,0x00,0x20,0x20,0x20,0x00,0x00,
    0x00,0x70,0x80,0xE0,0x90,0x48,0x38,0x08,0x70,0x00,
    0x50,0x00,0x00,0x00,0x00,0x00,0x00,0x00,0x00,0x00,
    0x00,0x70,0x88,0xA8,0xC8,0xA8,0x88,0x70,0x00,0x00,
    0x00,0x38,0x48,0x58,0x28,0x00,0x78,0x00,0x00,0x00,
    0x00,0x00,0x00,0x24,0x48,0x90,0x48,0x24,0x00,0x00,
    0x00,0x00,0x00,0x00,0x78,0x08,0x00,0x00,0x00,0x00,
    0x00,0x00,0x00,0x00,0x78,0x00,0x00,0x00,0x00,0x00,
    0x00,0x70,0x88,0xE8,0xC8,0xC8,0x88,0x70,0x00,0x00,
    0xF8,0x00,0x00,0x00,0x00,0x00,0x00,0x00,0x00,0x00,
    0x00,0x20,0x50,0x20,0x00,0x00,0x00,0x00,0x00,0x00,
    0x00,0x00,0x20,0x20,0xF8,0x20,0x20,0xF8,0x00,0x00,
    0x30,0x48,0x10,0x20,0x78,0x00,0x00,0x00,0x00,0x00,
    0x70,0x08,0x30,0x08,0x70,0x00,0x00,0x00,0x00,0x00,
    0x10,0x20,0x00,0x00,0x00,0x00,0x00,0x00,0x00,0x00,
    0x00,0x00,0x00,0x88,0x88,0x88,0xC8,0xB0,0x80,0x00,
    0x00,0x78,0xE8,0xE8,0x68,0x28,0x28,0x28,0x00,0x00,
    0x00,0x00,0x00,0x00,0x20,0x00,0x00,0x00,0x00,0x00,
    0x00,0x00,0x00,0x00,0x00,0x00,0x00,0x00,0x10,0x20,
    0x20,0x60,0x20,0x20,0x70,0x00,0x00,0x00,0x00,0x00,
    0x00,0x30,0x48,0x48,0x30,0x00,0x78,0x00,0x00,0x00,
    0x00,0x00,0x00,0x90,0x48,0x24,0x48,0x90,0x00,0x00,
    0x40,0xC0,0x40,0x40,0xE4,0x0C,0x14,0x3C,0x04,0x00,
    0x40,0xC0,0x40,0x40,0xE8,0x14,0x04,0x08,0x1C,0x00,
    0xC0,0x20,0x40,0x20,0xC8,0x18,0x28,0x78,0x08,0x00,
    0x00,0x20,0x00,0x20,0x20,0x40,0x88,0x70,0x00,0x00,
    0x40,0x20,0x70,0x88,0x88,0xF8,0x88,0x88,0x00,0x00,
    0x10,0x20,0x70,0x88,0x88,0xF8,0x88,0x88,0x00,0x00,
    0x20,0x50,0x70,0x88,0x88,0xF8,0x88,0x88,0x00,0x00,
    0x48,0xB0,0x70,0x88,0x88,0xF8,0x88,0x88,0x00,0x00,
    0x50,0x00,0x70,0x88,0x88,0xF8,0x88,0x88,0x00,0x00,
    0x20,0x50,0x70,0x88,0x88,0xF8,0x88,0x88,0x00,0x00,
    0x00,0x3C,0x50,0x90,0x9C,0xF0,0x90,0x9C,0x00,0x00,
    0x00,0x70,0x88,0x80,0x80,0x80,0x88,0x70,0x20,0x40,
    0x40,0xF8,0x80,0x80,0xF0,0x80,0x80,0xF8,0x00,0x00,
    0x10,0xF8,0x80,0x80,0xF0,0x80,0x80,0xF8,0x00,0x00,
    0x20,0xF8,0x80,0x80,0xF0,0x80,0x80,0xF8,0x00,0x00,
    0x50,0xF8,0x80,0x80,0xF0,0x80,0x80,0xF8,0x00,0x00,
    0x40,0x20,0x70,0x20,0x20,0x20,0x20,0x70,0x00,0x00,
    0x10,0x20,0x70,0x20,0x20,0x20,0x20,0x70,0x00,0x00,
    0x20,0x50,0x70,0x20,0x20,0x20,0x20,0x70,0x00,0x00,
    0x50,0x00,0x70,0x20,0x20,0x20,0x20,0x70,0x00,0x00,
    0x00,0xF0,0x48,0x48,0xE8,0x48,0x48,0xF0,0x00,0x00,
    0x28,0x50,0x88,0xC8,0xA8,0x98,0x88,0x88,0x00,0x00,
    0x40,0x20,0x70,0x88,0x88,0x88,0x88,0x70,0x00,0x00,
    0x10,0x20,0x70,0x88,0x88,0x88,0x88,0x70,0x00,0x00,
    0x20,0x50,0x70,0x88,0x88,0x88,0x88,0x70,0x00,0x00,
    0x28,0x50,0x70,0x88,0x88,0x88,0x88,0x70,0x00,0x00,
    0x50,0x00,0x70,0x88,0x88,0x88,0x88,0x70,0x00,0x00,
    0x00,0x00,0x00,0x88,0x50,0x20,0x50,0x88,0x00,0x00,
    0x00,0x70,0x98,0x98,0xA8,0xC8,0xC8,0x70,0x00,0x00,
    0x40,0x20,0x88,0x88,0x88,0x88,0x88,0x70,0x00,0x00,
    0x10,0x20,0x88,0x88,0x88,0x88,0x88,0x70,0x00,0x00,
    0x20,0x50,0x00,0x88,0x88,0x88,0x88,0x70,0x00,0x00,
    0x50,0x00,0x88,0x88,0x88,0x88,0x88,0x70,0x00,0x00,
    0x10,0x20,0x88,0x88,0x50,0x20,0x20,0x20,0x00,0x00,
    0x00,0x80,0xF0,0x88,0xF0,0x80,0x80,0x80,0x00,0x00,
    0x00,0x70,0x88,0x90,0xA0,0x90,0x88,0xB0,0x00,0x00,
    0x40,0x20,0x00,0x70,0x08,0x78,0x88,0x78,0x00,0x00,
    0x10,0x20,0x00,0x70,0x08,0x78,0x88,0x78,0x00,0x00,
    0x20,0x50,0x00,0x70,0x08,0x78,0x88,0x78,0x00,0x00,
    0x28,0x50,0x00,0x70,0x08,0x78,0x88,0x78,0x00,0x00,
    0x00,0x50,0x00,0x70,0x08,0x78,0x88,0x78,0x00,0x00,
    0x20,0x50,0x20,0x70,0x08,0x78,0x88,0x78,0x00,0x00,
    0x00,0x00,0x00,0x78,0x14,0x7C,0x90,0x7C,0x00,0x00,
    0x00,0x00,0x00,0x70,0x88,0x80,0x88,0x70,0x20,0x40,
    0x40,0x20,0x00,0x70,0x88,0xF8,0x80,0x70,0x00,0x00,
    0x10,0x20,0x00,0x70,0x88,0xF8,0x80,0x70,0x00,0x00,
    0x20,0x50,0x00,0x70,0x88,0xF8,0x80,0x70,0x00,0x00,
    0x00,0x50,0x00,0x70,0x88,0xF8,0x80,0x70,0x00,0x00,
    0x40,0x20,0x00,0x60,0x20,0x20,0x20,0x70,0x00,0x00,
    0x20,0x40,0x00,0x60,0x20,0x20,0x20,0x70,0x00,0x00,
    0x20,0x50,0x00,0x60,0x20,0x20,0x20,0x70,0x00,0x00,
    0x00,0x50,0x00,0x60,0x20,0x20,0x20,0x70,0x00,0x00,
    0x00,0xC0,0x30,0x70,0x88,0x88,0x88,0x70,0x00,0x00,
    0x28,0x50,0x00,0xB0,0xC8,0x88,0x88,0x88,0x00,0x00,
    0x40,0x20,0x00,0x70,0x88,0x88,0x88,0x70,0x00,0x00,
    0x10,0x20,0x00,0x70,0x88,0x88,0x88,0x70,0x00,0x00,
    0x20,0x50,0x00,0x70,0x88,0x88,0x88,0x70,0x00,0x00,
    0x28,0x50,0x00,0x70,0x88,0x88,0x88,0x70,0x00,0x00,
    0x00,0x50,0x00,0x70,0x88,0x88,0x88,0x70,0x00,0x00,
    0x00,0x00,0x20,0x00,0xF8,0x00,0x20,0x00,0x00,0x00,
    0x00,0x00,0x00,0x78,0x98,0xA8,0xC8,0xF0,0x00,0x00,
    0x40,0x20,0x00,0x88,0x88,0x88,0x98,0x68,0x00,0x00,
    0x10,0x20,0x00,0x88,0x88,0x88,0x98,0x68,0x00,0x00,
    0x20,0x50,0x00,0x88,0x88,0x88,0x98,0x68,0x00,0x00,
    0x00,0x50,0x00,0x88,0x88,0x88,0x98,0x68,0x00,0x00,
    0x00,0x10,0x20,0x88,0x88,0x98,0x68,0x08,0x88,0x70,
    0x00,0x00,0x80,0xF0,0x88,0x88,0x88,0xF0,0x80,0x80,
    0x00,0x50,0x00,0x88,0x88,0x98,0x68,0x08,0x88,0x70,
    0x70,0x00,0x70,0x88,0x88,0xF8,0x88,0x88,0x00,0x00,
    0x00,0x70,0x00,0x70,0x08,0x78,0x88,0x78,0x00,0x00,
    0x88,0x70,0x70,0x88,0x88,0xF8,0x88,0x88,0x00,0x00,
    0x88,0x70,0x00,0x70,0x08,0x78,0x88,0x78,0x00,0x00,
    0x00,0x20,0x50,0x88,0x88,0xF8,0x88,0x88,0x10,0x18,
    0x00,0x00,0x00,0x70,0x08,0x78,0x88,0x78,0x10,0x18,
    0x10,0x20,0x70,0x88,0x80,0x80,0x88,0x70,0x00,0x00,
    0x10,0x20,0x00,0x70,0x88,0x80,0x88,0x70,0x00,0x00,
    0x20,0x50,0x70,0x88,0x80,0x80,0x88,0x70,0x00,0x00,
    0x20,0x50,0x00,0x70,0x88,0x80,0x88,0x70,0x00,0x00,
    0x20,0x00,0x70,0x88,0x80,0x80,0x88,0x70,0x00,0x00,
    0x00,0x20,0x00,0x70,0x88,0x80,0x88,0x70,0x00,0x00,
    0x50,0x20,0x70,0x88,0x80,0x80,0x88,0x70,0x00,0x00,
    0x50,0x20,0x00,0x70,0x88,0x80,0x88,0x70,0x00,0x00,
    0x50,0x20,0xF0,0x88,0x88,0x88,0x88,0xF0,0x00,0x00,
    0x50,0x20,0x08,0x68,0x98,0x88,0x98,0x68,0x00,0x00,
    0x00,0x78,0x44,0x44,0xE4,0x44,0x44,0x78,0x00,0x00,
    0x00,0x10,0x38,0x10,0x70,0x90,0x90,0x70,0x00,0x00,
    0x70,0x00,0xF8,0x80,0xF0,0x80,0x80,0xF8,0x00,0x00,
    0x00,0x70,0x00,0x70,0x88,0xF8,0x80,0x70,0x00,0x00,
    0x88,0x70,0xF8,0x80,0xF0,0x80,0x80,0xF8,0x00,0x00,
    0x88,0x70,0x00,0x70,0x88,0xF8,0x80,0x70,0x00,0x00,
    0x20,0x00,0xF8,0x80,0xF0,0x80,0x80,0xF8,0x00,0x00,
    0x00,0x20,0x00,0x70,0x88,0xF8,0x80,0x70,0x00,0x00,
    0x00,0xF8,0x80,0x80,0xF0,0x80,0x80,0xF8,0x20,0x30,
    0x00,0x00,0x00,0x70,0x88,0xF8,0x80,0x70,0x20,0x30,
    0x50,0x20,0xF8,0x80,0xF0,0x80,0x80,0xF8,0x00,0x00,
    0x50,0x20,0x00,0x70,0x88,0xF8,0x80,0x70,0x00,0x00,
    0x20,0x50,0x70,0x88,0x80,0x98,0x88,0x70,0x00,0x00,
    0x20,0x50,0x00,0x68,0x90,0x60,0x80,0x70,0x88,0x70,
    0x88,0x70,0x70,0x88,0x80,0x98,0x88,0x70,0x00,0x00,
    0x88,0x70,0x00,0x68,0x90,0x60,0x80,0x70,0x88,0x70,
    0x20,0x00,0x70,0x88,0x80,0x98,0x88,0x70,0x00,0x00,
    0x00,0x20,0x00,0x68,0x90,0x60,0x80,0x70,0x88,0x70,
    0x00,0x00,0x70,0x88,0x80,0x98,0x88,0x70,0x20,0x40,
    0x40,0x60,0x00,0x68,0x90,0x60,0x80,0x70,0x88,0x70,
    0x20,0x50,0x00,0x88,0x88,0xF8,0x88,0x88,0x00,0x00,
    0x10,0x28,0x80,0x80,0xF0,0x88,0x88,0x88,0x00,0x00,
    0x00,0x48,0xFC,0x48,0x78,0x48,0x48,0x48,0x00,0x00,
    0x00,0x40,0xE0,0x58,0x64,0x44,0x44,0x44,0x00,0x00,
    0x28,0x50,0x70,0x20,0x20,0x20,0x20,0x70,0x00,0x00,
    0x28,0x50,0x00,0x30,0x10,0x10,0x10,0x38,0x00,0x00,
    0x70,0x00,0x70,0x20,0x20,0x20,0x20,0x70,0x00,0x00,
    0x00,0x70,0x00,0x60,0x20,0x20,0x20,0x70,0x00,0x00,
    0x88,0x70,0x70,0x20,0x20,0x20,0x20,0x70,0x00,0x00,
    0x88,0x70,0x00,0x60,0x20,0x20,0x20,0x70,0x00,0x00,
    0x00,0x70,0x20,0x20,0x20,0x20,0x20,0x70,0x20,0x30,
    0x00,0x20,0x00,0x60,0x20,0x20,0x20,0x70,0x20,0x30,
    0x20,0x00,0x70,0x20,0x20,0x20,0x20,0x70,0x00,0x00,
    0x00,0x00,0x00,0x60,0x20,0x20,0x20,0x70,0x00,0x00,
    0x00,0xB8,0x88,0x88,0x88,0x88,0xA8,0x90,0x00,0x00,
    0x00,0x48,0x00,0x58,0x48,0x48,0x48,0x48,0x08,0x30,
    0x10,0x28,0x38,0x10,0x10,0x10,0x90,0x60,0x00,0x00,
    0x10,0x28,0x00,0x30,0x10,0x10,0x10,0x90,0x90,0x60,
    0x00,0x88,0x90,0xA0,0xC0,0xA0,0x90,0x88,0x20,0x60,
    0x00,0x80,0x80,0x88,0x90,0xE0,0x90,0x88,0x20,0x60,
    0x00,0x00,0x00,0x88,0x90,0xE0,0x90,0x88,0x00,0x00,
    0x10,0xA0,0x80,0x80,0x80,0x80,0x80,0xF8,0x00,0x00,
    0x10,0x20,0x60,0x20,0x20,0x20,0x20,0x70,0x00,0x00,
    0x00,0x80,0x80,0x80,0x80,0x80,0x80,0xF8,0x20,0x60,
    0x00,0x60,0x20,0x20,0x20,0x20,0x20,0x70,0x20,0x60,
    0x28,0x90,0x80,0x80,0x80,0x80,0x80,0xF8,0x00,0x00,
    0x50,0x20,0x60,0x20,0x20,0x20,0x20,0x70,0x00,0x00,
    0x00,0x80,0x80,0xA0,0x80,0x80,0x80,0xF8,0x00,0x00,
    0x00,0x60,0x20,0x28,0x20,0x20,0x20,0x70,0x00,0x00,
    0x00,0x40,0x40,0x60,0xC0,0x40,0x40,0x7C,0x00,0x00,
    0x00,0x60,0x20,0x30,0x60,0x20,0x20,0x70,0x00,0x00,
    0x10,0x20,0x88,0xC8,0xA8,0x98,0x88,0x88,0x00,0x00,
    0x10,0x20,0x00,0xB0,0xC8,0x88,0x88,0x88,0x00,0x00,
    0x00,0x88,0x88,0xC8,0xA8,0x98,0x88,0x88,0x20,0x40,
    0x00,0x00,0x00,0xB0,0xC8,0x88,0x88,0x88,0x20,0x40,
    0x50,0x20,0x88,0xC8,0xA8,0x98,0x88,0x88,0x00,0x00,
    0x50,0x20,0x00,0xB0,0xC8,0x88,0x88,0x88,0x00,0x00,
    0xC0,0x40,0x80,0x28,0x34,0x24,0x24,0x24,0x00,0x00,
    0x00,0x88,0x88,0xC8,0xA8,0x98,0x88,0x88,0x08,0x30,
    0x00,0x00,0x00,0xB0,0xC8,0x88,0x88,0x88,0x08,0x30,
    0x70,0x00,0x70,0x88,0x88,0x88,0x88,0x70,0x00,0x00,
    0x00,0x70,0x00,0x70,0x88,0x88,0x88,0x70,0x00,0x00,
    0x88,0x70,0x70,0x88,0x88,0x88,0x88,0x70,0x00,0x00,
    0x88,0x70,0x00,0x70,0x88,0x88,0x88,0x70,0x00,0x00,
    0x48,0x90,0x70,0x88,0x88,0x88,0x88,0x70,0x00,0x00,
    0x48,0x90,0x00,0x70,0x88,0x88,0x88,0x70,0x00,0x00,
    0x00,0x78,0xA0,0xA0,0xB0,0xA0,0xA0,0x78,0x00,0x00,
    0x00,0x00,0x00,0x70,0xA8,0xB0,0xA0,0x78,0x00,0x00,
    0x10,0x20,0xF0,0x88,0xF0,0xA0,0x90,0x88,0x00,0x00,
    0x10,0x20,0x00,0xB0,0xC8,0x80,0x80,0x80,0x00,0x00,
    0x00,0x78,0x44,0x44,0x78,0x50,0x48,0x44,0x20,0xC0,
    0x00,0x00,0x00,0x58,0x64,0x40,0x40,0x40,0x20,0xC0,
    0x50,0x20,0xF0,0x88,0xF0,0xA0,0x90,0x88,0x00,0x00,
    0x50,0x20,0x00,0xB0,0xC8,0x80,0x80,0x80,0x00,0x00,
    0x10,0x20,0x78,0x80,0x70,0x08,0x88,0x70,0x00,0x00,
    0x10,0x20,0x00,0x70,0x80,0x70,0x08,0xF0,0x00,0x00,
    0x20,0x50,0x78,0x80,0x70,0x08,0x88,0x70,0x00,0x00,
    0x20,0x50,0x00,0x70,0x80,0x70,0x08,0xF0,0x00,0x00,
    0x00,0x70,0x88,0x80,0x70,0x08,0x88,0x70,0x20,0x40,
    0x00,0x00,0x00,0x70,0x80,0x70,0x08,0xF0,0x20,0x40,
    0x50,0x20,0x70,0x80,0x70,0x08,0x88,0x70,0x00,0x00,
    0x50,0x20,0x00,0x70,0x80,0x70,0x08,0xF0,0x00,0x00,
    0x00,0xF8,0x20,0x20,0x20,0x20,0x20,0x20,0x10,0x60,
    0x00,0x40,0x40,0xF0,0x40,0x40,0x48,0x30,0x10,0x60,
    0x50,0x20,0xF8,0x20,0x20,0x20,0x20,0x20,0x00,0x00,
    0xA0,0x40,0x40,0xF0,0x40,0x40,0x48,0x30,0x00,0x00,
    0x00,0xF8,0x20,0x20,0x70,0x20,0x20,0x20,0x00,0x00,
    0x00,0x40,0xF0,0x40,0xF0,0x40,0x48,0x30,0x00,0x00,
    0x28,0x50,0x00,0x88,0x88,0x88,0x88,0x70,0x00,0x00,
    0x28,0x50,0x00,0x88,0x88,0x88,0x98,0x68,0x00,0x00,
    0x70,0x00,0x88,0x88,0x88,0x88,0x88,0x70,0x00,0x00,
    0x00,0x70,0x00,0x88,0x88,0x88,0x98,0x68,0x00,0x00,
    0x88,0x70,0x00,0x88,0x88,0x88,0x88,0x70,0x00,0x00,
    0x88,0x70,0x00,0x88,0x88,0x88,0x98,0x68,0x00,0x00,
    0x20,0x50,0xA8,0x88,0x88,0x88,0x88,0x70,0x00,0x00,
    0x20,0x50,0x20,0x88,0x88,0x88,0x98,0x68,0x00,0x00,
    0x48,0x90,0x00,0x88,0x88,0x88,0x88,0x70,0x00,0x00,
    0x48,0x90,0x00,0x88,0x88,0x88,0x98,0x68,0x00,0x00,
    0x00,0x88,0x88,0x88,0x88,0x88,0x88,0x70,0x20,0x30,
    0x00,0x00,0x00,0x88,0x88,0x88,0x88,0x70,0x10,0x18,
    0x20,0x50,0x00,0x88,0xA8,0xA8,0xD8,0x88,0x00,0x00,
    0x20,0x50,0x00,0x88,0x88,0xA8,0xA8,0x50,0x00,0x00,
    0x20,0x50,0x00,0x88,0x50,0x20,0x20,0x20,0x00,0x00,
    0x20,0x50,0x00,0x88,0x88,0x98,0x68,0x08,0x88,0x70,
    0x50,0x00,0x88,0x50,0x20,0x20,0x20,0x20,0x00,0x00,
    0x10,0x20,0xF8,0x10,0x20,0x40,0x80,0xF8,0x00,0x00,
    0x10,0x20,0x00,0xF8,0x10,0x20,0x40,0xF8,0x00,0x00,
    0x20,0x00,0xF8,0x10,0x20,0x40,0x80,0xF8,0x00,0x00,
    0x00,0x20,0x00,0xF8,0x10,0x20,0x40,0xF8,0x00,0x00,
    0x50,0x20,0xF8,0x10,0x20,0x40,0x80,0xF8,0x00,0x00,
    0x50,0x20,0x00,0xF8,0x10,0x20,0x40,0xF8,0x00,0x00,
    0x00,0x30,0x48,0x40,0xC0,0x40,0x40,0x40,0x00,0x00,
    0x00,0x70,0x88,0x08,0xF8,0x88,0x88,0x70,0x00,0x00,
    0x00,0x10,0x28,0x20,0x70,0x20,0x20,0xA0,0x40,0x00,
    0x00,0x64,0x94,0x98,0x90,0x90,0x90,0x60,0x00,0x00,
    0x00,0x00,0x00,0x64,0x98,0x90,0x90,0x60,0x00,0x00,
    0x00,0x94,0x94,0x98,0x90,0x90,0x90,0x60,0x00,0x00,
    0x00,0x00,0x00,0x94,0x98,0x90,0xB0,0x50,0x00,0x00,
    0x00,0xF8,0x08,0x10,0xF8,0x40,0x80,0xF8,0x00,0x00,
    0x00,0x00,0x00,0xF8,0x10,0xF8,0x40,0xF8,0x00,0x00,
    0x50,0x20,0x70,0x88,0x88,0x88,0x88,0x70,0x00,0x00,
    0x50,0x20,0x00,0x70,0x88,0x88,0x88,0x70,0x00,0x00,
    0x50,0x20,0x70,0x88,0x80,0x98,0x88,0x70,0x00,0x00,
    0x50,0x20,0x00,0x68,0x90,0x60,0x80,0x70,0x88,0x70,
    0x10,0x20,0x20,0x50,0x70,0x88,0xF8,0x88,0x00,0x00,
    0x10,0x20,0x20,0x50,0x20,0x78,0x88,0x78,0x00,0x00,
    0x08,0x10,0x7C,0x90,0x9C,0xF0,0x90,0x9C,0x00,0x00,
    0x08,0x10,0x00,0x78,0x14,0x7C,0x90,0x7C,0x00,0x00,
    0x10,0x20,0x70,0x98,0xA8,0xA8,0xC8,0x70,0x00,0x00,
    0x10,0x20,0x00,0x78,0x98,0xA8,0xC8,0xF0,0x00,0x00,
    0x00,0x70,0x88,0x80,0x70,0x08,0x88,0x70,0x20,0x40,
    0x00,0x00,0x00,0x70,0x80,0x70,0x08,0xF0,0x20,0x40,
    0x00,0xF8,0x20,0x20,0x20,0x20,0x20,0x20,0x10,0x20,
    0x00,0x40,0x40,0xF0,0x40,0x40,0x48,0x30,0x10,0x20,
    0x00,0x00,0x00,0x70,0x08,0xF8,0x88,0x70,0x00,0x00,
    0x00,0x30,0x10,0x20,0x00,0x00,0x00,0x00,0x00,0x00,
    0x00,0x30,0x20,0x10,0x00,0x00,0x00,0x00,0x00,0x00,
    0x20,0x50,0x00,0x00,0x00,0x00,0x00,0x00,0x00,0x00,
    0x50,0x20,0x00,0x00,0x00,0x00,0x00,0x00,0x00,0x00,
    0x70,0x00,0x00,0x00,0x00,0x00,0x00,0x00,0x00,0x00,
    0x20,0x70,0x20,0x00,0x00,0x00,0x00,0x00,0x00,0x00,
    0x88,0x70,0x00,0x00,0x00,0x00,0x00,0x00,0x00,0x00,
    0x20,0x00,0x00,0x00,0x00,0x00,0x00,0x00,0x00,0x00,
    0x20,0x50,0x20,0x00,0x00,0x00,0x00,0x00,0x00,0x00,
    0x00,0x00,0x00,0x00,0x00,0x00,0x00,0x00,0x20,0x30,
    0x28,0x50,0x00,0x00,0x00,0x00,0x00,0x00,0x00,0x00,
    0x48,0x90,0x00,0x00,0x00,0x00,0x00,0x00,0x00,0x00,
    0x20,0x10,0x00,0x00,0x00,0x00,0x00,0x00,0x00,0x00,
    0x10,0x20,0x00,0x00,0x00,0x00,0x00,0x00,0x00,0x00,
    0x20,0x50,0x00,0x00,0x00,0x00,0x00,0x00,0x00,0x00,
    0x28,0x50,0x00,0x00,0x00,0x00,0x00,0x00,0x00,0x00,
    0x70,0x00,0x00,0x00,0x00,0x00,0x00,0x00,0x00,0x00,
    0xF8,0x00,0x00,0x00,0x00,0x00,0x00,0x00,0x00,0x00,
    0x88,0x70,0x00,0x00,0x00,0x00,0x00,0x00,0x00,0x00,
    0x20,0x00,0x00,0x00,0x00,0x00,0x00,0x00,0x00,0x00,
    0x50,0x00,0x00,0x00,0x00,0x00,0x00,0x00,0x00,0x00,
    0x60,0x10,0x20,0x00,0x00,0x00,0x00,0x00,0x00,0x00,
    0x20,0x50,0x20,0x00,0x00,0x00,0x00,0x00,0x00,0x00,
    0x48,0x90,0x00,0x00,0x00,0x00,0x00,0x00,0x00,0x00,
    0x50,0x20,0x00,0x00,0x00,0x00,0x00,0x00,0x00,0x00,
    0x20,0x20,0x00,0x00,0x00,0x00,0x00,0x00,0x00,0x00,
    0x50,0x50,0x00,0x00,0x00,0x00,0x00,0x00,0x00,0x00,
    0x90,0x48,0x00,0x00,0x00,0x00,0x00,0x00,0x00,0x00,
    0xA8,0x70,0x00,0x00,0x00,0x00,0x00,0x00,0x00,0x00,
    0x70,0x88,0x00,0x00,0x00,0x00,0x00,0x00,0x00,0x00,
    0x00,0x00,0x00,0x00,0x00,0x00,0x00,0x00,0x00,0x20,
    0x00,0x00,0x00,0x00,0x00,0x00,0x00,0x00,0x00,0x50,
    0x00,0x00,0x10,0x10,0x20,0x20,0x40,0x40,0x00,0x00,
    0x20,0x10,0x00,0x00,0x00,0x00,0x00,0x00,0x00,0x00,
    0x10,0x20,0x00,0x00,0x00,0x00,0x00,0x00,0x00,0x00,
    0x00,0x10,0x20,0x00,0x00,0x00,0x00,0x00,0x00,0x00,
    0x00,0x00,0x00,0x00,0x00,0x00,0x00,0x00,0x10,0x20,
    0x00,0x00,0x00,0x00,0x00,0x00,0x00,0x00,0x20,0x30,
    0x00,0x00,0x20,0x70,0x20,0x00,0x30,0x20,0x40,0x00,
    0x00,0x10,0x20,0x00,0x00,0x00,0x00,0x00,0x00,0x00,
    0x00,0x10,0xA8,0x00,0x00,0x00,0x00,0x00,0x00,0x00,
    0x00,0x58,0xA4,0x24,0x24,0x3C,0x24,0x24,0x00,0x00,
    0x00,0x00,0x00,0x20,0x00,0x00,0x00,0x00,0x00,0x00,
    0x00,0x7C,0xA0,0x20,0x38,0x20,0x20,0x3C,0x00,0x00,
    0x00,0x64,0xA4,0x24,0x3C,0x24,0x24,0x24,0x00,0x00,
    0x00,0x5C,0x88,0x08,0x08,0x08,0x08,0x1C,0x00,0x00,
    0x00,0x58,0xA4,0x24,0x24,0x24,0x24,0x18,0x00,0x00,
    0x00,0x54,0x94,0x14,0x08,0x08,0x08,0x08,0x00,0x00,
    0x00,0x58,0xA4,0x24,0x24,0x24,0x18,0x3C,0x00,0x00,
    0x10,0xA8,0x00,0x20,0x20,0x20,0x28,0x10,0x00,0x00,
    0x00,0x20,0x50,0x88,0x88,0xF8,0x88,0x88,0x00,0x00,
    0x00,0xF0,0x88,0x88,0xF0,0x88,0x88,0xF0,0x00,0x00,
    0x00,0xF8,0x80,0x80,0x80,0x80,0x80,0x80,0x00,0x00,
    0x00,0x20,0x50,0x50,0x50,0x88,0x88,0xF8,0x00,0x00,
    0x00,0xF8,0x80,0x80,0xF0,0x80,0x80,0xF8,0x00,0x00,
    0x00,0xF8,0x08,0x10,0x20,0x40,0x80,0xF8,0x00,0x00,
    0x00,0x88,0x88,0x88,0xF8,0x88,0x88,0x88,0x00,0x00,
    0x00,0x70,0x88,0x88,0xF8,0x88,0x88,0x70,0x00,0x00,
    0x00,0x70,0x20,0x20,0x20,0x20,0x20,0x70,0x00,0x00,
    0x00,0x88,0x90,0xA0,0xC0,0xA0,0x90,0x88,0x00,0x00,
    0x00,0x20,0x50,0x50,0x50,0x88,0x88,0x88,0x00,0x00,
    0x00,0x88,0x88,0xD8,0xA8,0x88,0x88,0x88,0x00,0x00,
    0x00,0x88,0x88,0xC8,0xA8,0x98,0x88,0x88,0x00,0x00,
    0x00,0xF8,0x00,0x00,0x70,0x00,0x00,0xF8,0x00,0x00,
    0x00,0x70,0x88,0x88,0x88,0x88,0x88,0x70,0x00,0x00,
    0x00,0xF8,0x88,0x88,0x88,0x88,0x88,0x88,0x00,0x00,
    0x00,0xF0,0x88,0x88,0xF0,0x80,0x80,0x80,0x00,0x00,
    0x00,0xF8,0x80,0x40,0x20,0x40,0x80,0xF8,0x00,0x00,
    0x00,0xF8,0x20,0x20,0x20,0x20,0x20,0x20,0x00,0x00,
    0x00,0x88,0x88,0x50,0x20,0x20,0x20,0x20,0x00,0x00,
    0x00,0x20,0x70,0xA8,0xA8,0xA8,0x70,0x20,0x00,0x00,
    0x00,0x88,0x88,0x50,0x20,0x50,0x88,0x88,0x00,0x00,
    0x00,0xA8,0xA8,0xA8,0xA8,0x70,0x20,0x20,0x00,0x00,
    0x00,0x70,0x88,0x88,0x88,0x88,0x50,0xD8,0x00,0x00,
    0x50,0x00,0x70,0x20,0x20,0x20,0x20,0x70,0x00,0x00,
    0x88,0x00,0x88,0x88,0x50,0x20,0x20,0x20,0x00,0x00,
    0x10,0x20,0x00,0x70,0x88,0x88,0x98,0x68,0x00,0x00,
    0x10,0x20,0x00,0x70,0x88,0x60,0x88,0x70,0x00,0x00,
    0x10,0x20,0x00,0xB0,0xC8,0x88,0x88,0x88,0x08,0x08,
    0x20,0x40,0x00,0x40,0x40,0x40,0x50,0x20,0x00,0x00,
    0x10,0xA8,0x00,0x88,0x88,0x88,0x88,0x70,0x00,0x00,
    0x00,0x00,0x00,0x70,0x88,0x88,0x98,0x68,0x00,0x00,
    0x00,0x60,0x90,0x90,0xF0,0x88,0x88,0xF0,0x80,0x80,
    0x00,0x00,0x00,0x88,0x88,0x50,0x50,0x20,0x20,0x20,
    0x00,0x70,0x88,0x60,0x90,0x88,0x88,0x70,0x00,0x00,
    0x00,0x00,0x00,0x70,0x88,0x60,0x88,0x70,0x00,0x00,
    0x00,0xF8,0x20,0x40,0x40,0x80,0x80,0x70,0x08,0x30,
    0x00,0x00,0x00,0xB0,0xC8,0x88,0x88,0x88,0x08,0x08,
    0x00,0x30,0x48,0x48,0x78,0x48,0x48,0x30,0x00,0x00,
    0x00,0x00,0x00,0x40,0x40,0x40,0x50,0x20,0x00,0x00,
    0x00,0x00,0x00,0x88,0x90,0xE0,0x90,0x88,0x00,0x00,
    0x00,0x70,0x88,0x68,0x98,0x88,0x88,0x88,0x00,0x00,
    0x00,0x00,0x00,0x88,0x88,0x88,0xD8,0xA8,0x80,0x80,
    0x00,0x00,0x00,0x88,0x88,0x50,0x50,0x20,0x00,0x00,
    0x00,0xF8,0x20,0x40,0x30,0x40,0x80,0x70,0x08,0x30,
    0x00,0x00,0x00,0x70,0x88,0x88,0x88,0x70,0x00,0x00,
    0x00,0x00,0x00,0xF8,0x50,0x50,0x50,0x50,0x00,0x00,
    0x00,0x00,0x00,0x70,0x88,0x88,0x88,0xF0,0x80,0x80,
    0x00,0x00,0x00,0x70,0x88,0x80,0x80,0x70,0x08,0x30,
    0x00,0x00,0x00,0x78,0x90,0x88,0x88,0x70,0x00,0x00,
    0x00,0x00,0x00,0xF8,0x20,0x20,0x20,0x10,0x00,0x00,
    0x00,0x00,0x00,0x88,0x88,0x88,0x88,0x70,0x00,0x00,
    0x00,0x00,0x00,0x50,0xA8,0xA8,0xA8,0x70,0x20,0x20,
    0x00,0x00,0x00,0x88,0x50,0x50,0x20,0x50,0x50,0x88,
    0x00,0x00,0x00,0xA8,0xA8,0xA8,0xA8,0x70,0x20,0x20,
    0x00,0x00,0x00,0x88,0xA8,0xA8,0xA8,0x50,0x00,0x00,
    0x00,0x88,0x00,0x20,0x20,0x20,0x28,0x10,0x00,0x00,
    0x00,0x88,0x00,0x88,0x88,0x88,0x88,0x70,0x00,0x00,
    0x10,0x20,0x00,0x70,0x88,0x88,0x88,0x70,0x00,0x00,
    0x10,0x20,0x00,0x88,0x88,0x88,0x88,0x70,0x00,0x00,
    0x10,0x20,0x00,0x88,0xA8,0xA8,0xA8,0x50,0x00,0x00,
    0x00,0x60,0x90,0xA0,0xF0,0x88,0x88,0x70,0x00,0x00,
    0x00,0x60,0x90,0x78,0x10,0x90,0x90,0x60,0x00,0x00,
    0x00,0x50,0xA8,0x20,0x20,0x20,0x20,0x20,0x00,0x00,
    0x00,0x50,0xA8,0x20,0xA0,0xA0,0x20,0x20,0x00,0x00,
    0x88,0x00,0x50,0xA8,0x20,0x20,0x20,0x20,0x00,0x00,
    0x00,0x20,0x20,0x70,0xA8,0xA8,0xA8,0x70,0x20,0x20,
    0x00,0x00,0x00,0xF8,0x88,0xA8,0xA8,0x50,0x00,0x00,
    0x00,0x10,0x20,0x88,0x50,0x60,0x60,0x98,0x08,0x70,
    0x00,0x30,0x48,0x80,0x80,0x80,0x70,0x08,0x10,0x00,
    0x00,0x00,0x08,0x70,0x80,0x80,0x80,0x70,0x08,0x30,
    0x00,0xF8,0x80,0x80,0xF0,0x80,0x80,0x80,0x00,0x00,
    0x00,0x00,0x00,0x78,0x40,0x40,0x70,0x40,0x40,0x40,
    0x00,0x80,0x88,0x98,0xA8,0xC8,0x88,0x08,0x00,0x00,
    0x00,0x20,0x40,0x40,0x80,0xF8,0x08,0x10,0x10,0x20,
    0x00,0x20,0x50,0x50,0x50,0x98,0xA8,0xA8,0x00,0x00,
    0x00,0xC0,0x20,0x10,0x30,0x58,0x28,0x08,0x08,0x08,
    0x00,0x00,0x00,0x88,0x50,0x60,0x60,0x98,0x00,0x00,
    0x00,0x00,0x00,0x70,0x88,0x88,0x88,0xF0,0x80,0x70,
    0x00,0x00,0x00,0x70,0x88,0x80,0x88,0x70,0x00,0x00,
    0x00,0x08,0x00,0x18,0x08,0x08,0x08,0x48,0x48,0x30,
    0x00,0x70,0x88,0x88,0xF8,0x88,0x88,0x70,0x00,0x00,
    0x00,0x00,0x00,0x38,0x40,0x70,0x40,0x38,0x00,0x00,
    0x50,0x00,0xF8,0x80,0xF0,0x80,0x80,0xF8,0x00,0x00,
    0x00,0xE0,0x40,0x40,0x70,0x48,0x48,0x48,0x08,0x30,
    0x10,0x20,0xF8,0x80,0x80,0x80,0x80,0x80,0x00,0x00,
    0x00,0x70,0x88,0x80,0xE0,0x80,0x88,0x70,0x00,0x00,
    0x00,0x70,0x88,0x80,0x70,0x08,0x88,0x70,0x00,0x00,
    0x00,0x70,0x20,0x20,0x20,0x20,0x20,0x70,0x00,0x00,
    0x50,0x00,0x70,0x20,0x20,0x20,0x20,0x70,0x00,0x00,
    0x00,0x38,0x08,0x08,0x08,0x08,0x88,0x70,0x00,0x00,
    0x00,0x30,0x50,0x50,0x98,0x94,0x94,0x98,0x00,0x00,
    0x00,0xA0,0xA0,0xA0,0xF0,0xA8,0xA8,0xB0,0x00,0x00,
    0x00,0xE0,0x40,0x40,0x70,0x48,0x48,0x48,0x00,0x00,
    0x10,0x20,0x88,0x90,0xE0,0x90,0x88,0x88,0x00,0x00,
    0x50,0x20,0x88,0x88,0x50,0x20,0x40,0x80,0x00,0x00,
    0x00,0x88,0x88,0x88,0x88,0x88,0x88,0xF8,0x20,0x00,
    0x00,0x20,0x50,0x88,0x88,0xF8,0x88,0x88,0x00,0x00,
    0x00,0xF0,0x80,0x80,0xF0,0x88,0x88,0xF0,0x00,0x00,
    0x00,0xF0,0x88,0x88,0xF0,0x88,0x88,0xF0,0x00,0x00,
    0x00,0xF8,0x80,0x80,0x80,0x80,0x80,0x80,0x00,0x00,
    0x00,0x18,0x28,0x28,0x48,0x48,0x48,0xF8,0x88,0x00,
    0x00,0xF8,0x80,0x80,0xF0,0x80,0x80,0xF8,0x00,0x00,
    0x00,0xA8,0xA8,0xA8,0x70,0xA8,0xA8,0xA8,0x00,0x00,
    0x00,0x70,0x88,0x08,0x30,0x08,0x88,0x70,0x00,0x00,
    0x00,0x88,0x88,0x98,0xA8,0xC8,0x88,0x88,0x00,0x00,
    0x50,0x20,0x88,0x98,0xA8,0xC8,0x88,0x88,0x00,0x00,
    0x00,0x88,0x90,0xA0,0xC0,0xA0,0x90,0x88,0x00,0x00,
    0x00,0x38,0x48,0x48,0x48,0x48,0x48,0x88,0x00,0x00,
    0x00,0x88,0x88,0xD8,0xA8,0x88,0x88,0x88,0x00,0x00,
    0x00,0x88,0x88,0x88,0xF8,0x88,0x88,0x88,0x00,0x00,
    0x00,0x70,0x88,0x88,0x88,0x88,0x88,0x70,0x00,0x00,
    0x00,0xF8,0x88,0x88,0x88,0x88,0x88,0x88,0x00,0x00,
    0x00,0xF0,0x88,0x88,0xF0,0x80,0x80,0x80,0x00,0x00,
    0x00,0x70,0x88,0x80,0x80,0x80,0x88,0x70,0x00,0x00,
    0x00,0xF8,0x20,0x20,0x20,0x20,0x20,0x20,0x00,0x00,
    0x00,0x88,0x88,0x88,0x50,0x20,0x40,0x80,0x00,0x00,
    0x00,0x20,0x70,0xA8,0xA8,0xA8,0x70,0x20,0x00,0x00,
    0x00,0x88,0x88,0x50,0x20,0x50,0x88,0x88,0x00,0x00,
    0x00,0x90,0x90,0x90,0x90,0x90,0x90,0xF8,0x08,0x08,
    0x00,0x88,0x88,0x88,0x78,0x08,0x08,0x08,0x00,0x00,
    0x00,0xA8,0xA8,0xA8,0xA8,0xA8,0xA8,0xF8,0x00,0x00,
    0x00,0xA8,0xA8,0xA8,0xA8,0xA8,0xA8,0xF8,0x08,0x08,
    0x00,0xC0,0x40,0x40,0x70,0x48,0x48,0x70,0x00,0x00,
    0x00,0x88,0x88,0x88,0xE8,0x98,0x98,0xE8,0x00,0x00,
    0x00,0x40,0x40,0x40,0x70,0x48,0x48,0x70,0x00,0x00,
    0x00,0x70,0x88,0x08,0x38,0x08,0x88,0x70,0x00,0x00,
    0x00,0x90,0xA8,0xA8,0xE8,0xA8,0xA8,0x90,0x00,0x00,
    0x00,0x78,0x88,0x88,0x78,0x28,0x48,0x88,0x00,0x00,
    0x00,0x00,0x00,0x70,0x08,0x78,0x88,0x78,0x00,0x00,
    0x00,0x78,0x80,0x70,0x88,0x88,0x88,0x70,0x00,0x00,
    0x00,0x00,0x00,0xF0,0x88,0xF0,0x88,0xF0,0x00,0x00,
    0x00,0x00,0x00,0x78,0x40,0x40,0x40,0x40,0x00,0x00,
    0x00,0x00,0x00,0x30,0x50,0x50,0x50,0xF8,0x88,0x00,
    0x00,0x00,0x00,0x70,0x88,0xF8,0x80,0x70,0x00,0x00,
    0x00,0x00,0x00,0xA8,0xA8,0x70,0xA8,0xA8,0x00,0x00,
    0x00,0x00,0x00,0x70,0x88,0x30,0x88,0x70,0x00,0x00,
    0x00,0x00,0x00,0x88,0x98,0xA8,0xC8,0x88,0x00,0x00,
    0x00,0x50,0x20,0x88,0x98,0xA8,0xC8,0x88,0x00,0x00,
    0x00,0x00,0x00,0x88,0x90,0xE0,0x90,0x88,0x00,0x00,
    0x00,0x00,0x00,0x38,0x48,0x48,0x48,0x88,0x00,0x00,
    0x00,0x00,0x00,0x88,0xD8,0xA8,0x88,0x88,0x00,0x00,
    0x00,0x00,0x00,0x88,0x88,0xF8,0x88,0x88,0x00,0x00,
    0x00,0x00,0x00,0x70,0x88,0x88,0x88,0x70,0x00,0x00,
    0x00,0x00,0x00,0xF8,0x88,0x88,0x88,0x88,0x00,0x00,
    0x00,0x00,0x00,0xB0,0xC8,0x88,0xC8,0xB0,0x80,0x80,
    0x00,0x00,0x00,0x70,0x88,0x80,0x88,0x70,0x00,0x00,
    0x00,0x00,0x00,0xF8,0x20,0x20,0x20,0x20,0x00,0x00,
    0x00,0x00,0x00,0x88,0x88,0x88,0x78,0x08,0x88,0x70,
    0x00,0x20,0x20,0x70,0xA8,0xA8,0xA8,0x70,0x20,0x20,
    0x00,0x00,0x00,0x88,0x50,0x20,0x50,0x88,0x00,0x00,
    0x00,0x00,0x00,0x90,0x90,0x90,0x90,0xF8,0x08,0x08,
    0x00,0x00,0x00,0x88,0x88,0x78,0x08,0x08,0x00,0x00,
    0x00,0x00,0x00,0xA8,0xA8,0xA8,0xA8,0xF8,0x00,0x00,
    0x00,0x00,0x00,0xA8,0xA8,0xA8,0xA8,0xF8,0x08,0x08,
    0x00,0x00,0x00,0xC0,0x40,0x70,0x48,0x70,0x00,0x00,
    0x00,0x00,0x00,0x88,0x88,0xE8,0x98,0xE8,0x00,0x00,
    0x00,0x00,0x00,0x40,0x40,0x70,0x48,0x70,0x00,0x00,
    0x00,0x00,0x00,0x70,0x88,0x38,0x88,0x70,0x00,0x00,
    0x00,0x00,0x00,0x90,0xA8,0xE8,0xA8,0x90,0x00,0x00,
    0x00,0x00,0x00,0x78,0x88,0x78,0x88,0x88,0x00,0x00,
    0x00,0x50,0x00,0x70,0x88,0xF8,0x80,0x70,0x00,0x00,
    0x00,0x40,0xF0,0x40,0x70,0x48,0x48,0x48,0x08,0x30,
    0x10,0x20,0x00,0x78,0x40,0x40,0x40,0x40,0x00,0x00,
    0x00,0x00,0x00,0x30,0x48,0x60,0x48,0x30,0x00,0x00,
    0x00,0x00,0x00,0x70,0x80,0x70,0x08,0xF0,0x00,0x00,
    0x00,0x20,0x00,0x60,0x20,0x20,0x20,0x70,0x00,0x00,
    0x00,0x50,0x00,0x60,0x20,0x20,0x20,0x70,0x00,0x00,
    0x00,0x08,0x00,0x18,0x08,0x08,0x08,0x48,0x48,0x30,
    0x00,0x00,0x00,0x30,0x50,0x98,0x94,0x98,0x00,0x00,
    0x00,0x00,0x00,0xA0,0xA0,0xF0,0xA8,0xB0,0x00,0x00,
    0x00,0x40,0xF0,0x40,0x70,0x48,0x48,0x48,0x00,0x00,
    0x00,0x10,0x20,0x88,0x90,0xE0,0x90,0x88,0x00,0x00,
    0x00,0x50,0x20,0x88,0x88,0x98,0x68,0x08,0x88,0x70,
    0x00,0x00,0x00,0x88,0x88,0x88,0x88,0xF8,0x20,0x00,
    0x00,0x40,0xF0,0x40,0x70,0x48,0x48,0x70,0x00,0x00,
    0x00,0x40,0x40,0xF0,0x40,0x70,0x48,0x70,0x00,0x00,
    0x00,0xA8,0xA8,0xA8,0x70,0x20,0x20,0x20,0x00,0x00,
    0x00,0x00,0x00,0xA8,0xA8,0x70,0x20,0x20,0x00,0x00,
    0x00,0x70,0x88,0x88,0xF8,0x88,0x88,0x70,0x00,0x00,
    0x00,0x00,0x00,0x70,0x88,0xF8,0x88,0x70,0x00,0x00,
    0x00,0x88,0x90,0x90,0x50,0x50,0x50,0x20,0x00,0x00,
    0x00,0x00,0x00,0x88,0x90,0x50,0x50,0x20,0x00,0x00,
    0x50,0x28,0x80,0x88,0x50,0x50,0x50,0x20,0x00,0x00,
    0x00,0x50,0x28,0x80,0x88,0x50,0x50,0x20,0x00,0x00,
    0x08,0xF8,0x80,0x80,0x80,0x80,0x80,0x80,0x00,0x00,
    0x00,0x00,0x08,0x78,0x40,0x40,0x40,0x40,0x00,0x00,
    0x00,0x78,0x40,0x40,0xF0,0x40,0x40,0x40,0x00,0x00,
    0x00,0x00,0x00,0x78,0x40,0xF0,0x40,0x40,0x00,0x00,
    0x00,0xA8,0xA8,0xA8,0x70,0xA8,0xA8,0xA8,0x04,0x04,
    0x00,0x00,0x00,0xA8,0xA8,0x70,0xA8,0xA8,0x04,0x04,
    0x00,0x88,0x90,0xA0,0xC0,0xA0,0x90,0x88,0x04,0x04,
    0x00,0x00,0x00,0x88,0x90,0xE0,0x90,0x88,0x04,0x04,
    0x00,0x88,0x88,0x50,0x20,0x20,0x20,0x20,0x00,0x00,
    0x00,0x00,0x00,0x88,0x88,0x50,0x20,0x20,0x20,0x20,
    0x00,0x88,0x88,0x50,0xF8,0x20,0x20,0x20,0x00,0x00,
    0x00,0x00,0x00,0x88,0x88,0x50,0xF8,0x20,0x20,0x20,
    0x00,0x88,0x88,0x50,0x20,0x50,0x88,0x88,0x04,0x04,
    0x00,0x00,0x00,0x88,0x50,0x20,0x50,0x88,0x04,0x04,
    0x00,0x80,0x80,0xF0,0x88,0x88,0x88,0x88,0x00,0x00,
    0x00,0x40,0x40,0x50,0x68,0x48,0x48,0x48,0x00,0x00,
    0x00,0x70,0x88,0x08,0xF8,0x88,0x88,0x70,0x00,0x00,
    0x00,0x00,0x00,0x70,0x08,0xF8,0x88,0x70,0x00,0x00,
    0x70,0x00,0x70,0x20,0x20,0x20,0x20,0x70,0x00,0x00,
    0x00,0x70,0x00,0x60,0x20,0x20,0x20,0x70,0x00,0x00,
    0x00,0x70,0x88,0x88,0xF8,0x88,0x88,0x70,0x00,0x00,
    0x00,0x00,0x00,0x70,0x88,0xF8,0x88,0x70,0x00,0x00,
    0x70,0x00,0x88,0x88,0x88,0x88,0x88,0x70,0x00,0x00,
    0x00,0x70,0x00,0x88,0x88,0x88,0x98,0x68,0x00,0x00,
    0x00,0x00,0x00,0x90,0x48,0xB0,0x90,0xC8,0x00,0x00,
    0x00,0x00,0x00,0xF0,0x08,0x08,0x08,0xF8,0x00,0x00,
    0x00,0x00,0x00,0x30,0x10,0x10,0x10,0x68,0x00,0x00,
    0x00,0x00,0x00,0xF8,0x10,0x10,0x10,0x10,0x00,0x00,
    0x00,0x00,0x00,0xF8,0x10,0x90,0x90,0x90,0x00,0x00,
    0x00,0x00,0x00,0x30,0x10,0x10,0x10,0x10,0x00,0x00,
    0x00,0x00,0x40,0x30,0x20,0x20,0x20,0x20,0x00,0x00,
    0x00,0x00,0x00,0xF8,0x88,0x88,0x88,0x88,0x00,0x00,
    0x00,0x00,0x00,0xB8,0xA8,0x88,0x88,0xF8,0x00,0x00,
    0x00,0x00,0x00,0x30,0x10,0x00,0x00,0x00,0x00,0x00,
    0x00,0x00,0x00,0x70,0x10,0x10,0x10,0x10,0x10,0x10,
    0x00,0x00,0x00,0xF0,0x08,0x08,0x08,0xF0,0x00,0x00,
    0x00,0x80,0x80,0xF0,0x08,0x08,0x10,0x20,0x00,0x00,
    0x00,0x00,0x00,0xF0,0x88,0x88,0x88,0xF8,0x00,0x00,
    0x00,0x00,0x00,0xB0,0x48,0x88,0x88,0xB8,0x00,0x00,
    0x00,0x00,0x00,0x30,0x10,0x10,0x10,0x10,0x10,0x10,
    0x00,0x00,0x00,0x30,0x10,0x10,0x10,0x30,0x00,0x00,
    0x00,0x00,0x00,0xF8,0x88,0x88,0x88,0x70,0x00,0x00,
    0x00,0x00,0x00,0x48,0x48,0x48,0x48,0xF0,0x00,0x00,
    0x00,0x00,0x00,0x78,0x48,0x68,0x08,0x08,0x08,0x08,
    0x00,0x00,0x00,0xE0,0x90,0xC8,0x08,0xF8,0x00,0x00,
    0x00,0x00,0x00,0x50,0x50,0x50,0x60,0x40,0x40,0x40,
    0x00,0x00,0x00,0x88,0x50,0x20,0x10,0xF8,0x00,0x00,
    0x00,0x00,0x00,0xF8,0x08,0x88,0x88,0xF0,0x80,0x80,
    0x00,0x00,0x00,0xF0,0x08,0x08,0x08,0x08,0x00,0x00,
    0x00,0x00,0x00,0xA8,0xA8,0xC8,0x88,0xF0,0x00,0x00,
    0x00,0x00,0x00,0xF8,0x88,0x88,0x48,0x88,0x00,0x00,
    0x00,0x28,0x30,0x28,0x30,0x20,0x20,0x20,0x00,0x00,
    0x00,0x60,0x50,0x50,0x48,0x48,0x48,0x48,0x00,0x00,
    0x00,0x20,0x50,0x88,0x88,0xA8,0xA8,0xA8,0x00,0x00,
    0x00,0x20,0x20,0x30,0x28,0x30,0x20,0x20,0x00,0x00,
    0x00,0x88,0xD0,0xA8,0xD0,0xA0,0x80,0x80,0x00,0x00,
    0x00,0x88,0xD0,0xA0,0xC0,0xA0,0x80,0x80,0x00,0x00,
    0x00,0x20,0x30,0x28,0x30,0x28,0x20,0x20,0x00,0x00,
    0x00,0x00,0x00,0x00,0x00,0x00,0x00,0x00,0x00,0x00,
    0x00,0x60,0x50,0x48,0x50,0x60,0x50,0x40,0x00,0x00,
    0x00,0x40,0x40,0x60,0x50,0x50,0x48,0x48,0x00,0x00,
    0x00,0x88,0x50,0x50,0x20,0x50,0x50,0x88,0x00,0x00,
    0x00,0x88,0x70,0x50,0xA8,0x50,0x70,0x88,0x00,0x00,
    0x00,0x60,0x50,0x48,0x50,0x60,0x40,0x40,0x00,0x00,
    0x00,0x88,0x88,0xC8,0xA8,0xD8,0xA8,0x98,0x00,0x00,
    0x00,0x20,0xA0,0x60,0x30,0x28,0x20,0x20,0x00,0x00,
    0x00,0x20,0x20,0x20,0x20,0x20,0x20,0x20,0x00,0x00,
    0x00,0x20,0x20,0x70,0xA8,0x70,0x20,0x20,0x00,0x00,
    0x00,0x20,0x30,0x28,0x20,0xA0,0x60,0x20,0x00,0x00,
    0x00,0x88,0xD0,0xA0,0x80,0xA0,0xD0,0x88,0x00,0x00,
    0x00,0xA8,0xA8,0xA8,0x70,0x20,0x20,0x20,0x00,0x00,
    0x00,0x80,0x88,0x98,0xA8,0xC8,0x88,0x08,0x00,0x00,
    0x00,0x20,0x70,0xA8,0x20,0x20,0x20,0x20,0x00,0x00,
    0x00,0x60,0x50,0x48,0x70,0x48,0x50,0x60,0x00,0x00,
    0x00,0x88,0xD8,0xA8,0x88,0x88,0x88,0x88,0x00,0x00,
    0x00,0x88,0xD8,0xA8,0xD8,0x88,0x88,0x88,0x00,0x00,
    0x00,0x20,0x30,0x28,0x20,0x20,0x20,0x20,0x00,0x00,
    0x00,0x88,0x50,0x20,0x50,0x20,0x50,0x88,0x00,0x00,
    0x00,0x88,0x88,0xD8,0xA8,0xD8,0x88,0x88,0x00,0x00,
    0x00,0x20,0x50,0x88,0x50,0x20,0x50,0x88,0x00,0x00,
    0x00,0xA8,0x70,0x20,0x20,0x20,0x20,0x20,0x00,0x00,
    0x00,0xA8,0x70,0x20,0x70,0xA8,0x20,0x20,0x00,0x00,
    0x00,0x28,0x30,0x20,0x20,0x20,0x60,0xA0,0x00,0x00,
    0x00,0x20,0x20,0x20,0x70,0xA8,0xA8,0xA8,0x00,0x00,
    0x00,0x88,0xD8,0xA8,0x88,0xA8,0xD8,0x88,0x00,0x00,
    0x00,0x00,0x00,0x00,0x20,0x00,0x00,0x00,0x00,0x00,
    0x00,0x00,0x00,0x20,0x00,0x20,0x00,0x00,0x00,0x00,
    0x00,0x00,0x00,0x50,0x20,0x50,0x00,0x00,0x00,0x00,
    0x20,0x00,0xF0,0x88,0xF0,0x88,0x88,0xF0,0x00,0x00,
    0x00,0x90,0x80,0xB0,0xC8,0x88,0xC8,0xB0,0x00,0x00,
    0x00,0x00,0x00,0x00,0x00,0x00,0x00,0x00,0x00,0x00,
    0x20,0x00,0xF0,0x88,0x88,0x88,0x88,0xF0,0x00,0x00,
    0x20,0x08,0x08,0x68,0x98,0x88,0x98,0x68,0x00,0x00,
    0x20,0x00,0xF8,0x80,0xF0,0x80,0x80,0x80,0x00,0x00,
    0x20,0x00,0x30,0x48,0x40,0xF0,0x40,0x40,0x00,0x00,
    0x20,0x88,0x88,0xD8,0xA8,0x88,0x88,0x88,0x00,0x00,
    0x00,0x20,0x00,0xD0,0xA8,0xA8,0xA8,0x88,0x00,0x00,
    0x20,0x00,0xF0,0x88,0x88,0xF0,0x80,0x80,0x00,0x00,
    0x00,0x20,0x00,0xB0,0xC8,0x88,0xC8,0xB0,0x80,0x80,
    0x20,0x00,0x70,0x80,0x70,0x08,0x88,0x70,0x00,0x00,
    0x00,0x20,0x00,0x70,0x80,0x70,0x08,0xF0,0x00,0x00,
    0x20,0x00,0xF8,0x20,0x20,0x20,0x20,0x20,0x00,0x00,
    0x40,0x00,0x40,0xF0,0x40,0x40,0x48,0x30,0x00,0x00,
    0x40,0x20,0x88,0x88,0xA8,0xA8,0xD8,0x88,0x00,0x00,
    0x00,0x40,0x20,0x88,0x88,0xA8,0xA8,0x50,0x00,0x00,
    0x10,0x20,0x88,0x88,0xA8,0xA8,0xD8,0x88,0x00,0x00,
    0x00,0x10,0x20,0x88,0x88,0xA8,0xA8,0x50,0x00,0x00,
    0x50,0x00,0x88,0x88,0xA8,0xA8,0xD8,0x88,0x00,0x00,
    0x00,0x50,0x00,0x88,0x88,0xA8,0xA8,0x50,0x00,0x00,
    0x40,0x20,0x88,0x50,0x20,0x20,0x20,0x20,0x00,0x00,
    0x40,0x20,0x00,0x88,0x88,0x98,0x68,0x08,0x88,0x70,
    0x30,0x10,0x20,0x70,0x88,0x88,0x98,0x68,0x00,0x00,
    0x30,0x20,0x10,0x70,0x88,0x88,0x98,0x68,0x00,0x00,
    0x70,0x28,0x40,0x70,0x88,0x88,0x98,0x68,0x00,0x00,
    0x70,0x48,0x20,0x70,0x88,0x88,0x98,0x68,0x00,0x00,
    0x68,0x30,0x40,0x70,0x88,0x88,0x98,0x68,0x00,0x00,
    0x68,0x50,0x20,0x70,0x88,0x88,0x98,0x68,0x00,0x00,
    0x78,0x10,0x20,0x70,0x88,0x88,0x98,0x68,0x00,0x00,
    0x78,0x20,0x10,0x70,0x88,0x88,0x98,0x68,0x00,0x00,
    0x00,0xD8,0x64,0xA4,0x24,0x3C,0x24,0x24,0x00,0x00,
    0x00,0xD8,0xA4,0x64,0x24,0x3C,0x24,0x24,0x00,0x00,
    0x00,0xD8,0x64,0xA4,0xA4,0x7C,0x24,0x24,0x00,0x00,
    0x00,0xD8,0xA4,0x64,0xA4,0x7C,0x24,0x24,0x00,0x00,
    0x00,0xD8,0x64,0xA4,0x64,0xBC,0x24,0x24,0x00,0x00,
    0x00,0xD8,0xA4,0x64,0x64,0xBC,0x24,0x24,0x00,0x00,
    0x00,0xD8,0x24,0xE4,0x64,0xBC,0x24,0x24,0x00,0x00,
    0x00,0xD8,0x24,0xE4,0xA4,0x7C,0x24,0x24,0x00,0x00,
    0x30,0x10,0x20,0x70,0x88,0x60,0x88,0x70,0x00,0x00,
    0x30,0x20,0x10,0x70,0x88,0x60,0x88,0x70,0x00,0x00,
    0x70,0x28,0x40,0x70,0x88,0x60,0x88,0x70,0x00,0x00,
    0x70,0x48,0x20,0x70,0x88,0x60,0x88,0x70,0x00,0x00,
    0x68,0x30,0x40,0x70,0x88,0x60,0x88,0x70,0x00,0x00,
    0x68,0x50,0x20,0x70,0x88,0x60,0x88,0x70,0x00,0x00,
    0x00,0xFC,0x60,0xA0,0x38,0x20,0x20,0x3C,0x00,0x00,
    0x00,0xFC,0xA0,0x60,0x38,0x20,0x20,0x3C,0x00,0x00,
    0x00,0xFC,0x60,0xA0,0xB8,0x60,0x20,0x3C,0x00,0x00,
    0x00,0xFC,0xA0,0x60,0xB8,0x60,0x20,0x3C,0x00,0x00,
    0x00,0xFC,0x60,0xA0,0x78,0xA0,0x20,0x3C,0x00,0x00,
    0x00,0xFC,0xA0,0x60,0x78,0xA0,0x20,0x3C,0x00,0x00,
    0x30,0x10,0x20,0xB0,0xC8,0x88,0x88,0x88,0x08,0x08,
    0x30,0x20,0x10,0xB0,0xC8,0x88,0x88,0x88,0x08,0x08,
    0x70,0x28,0x40,0xB0,0xC8,0x88,0x88,0x88,0x08,0x08,
    0x70,0x48,0x20,0xB0,0xC8,0x88,0x88,0x88,0x08,0x08,
    0x68,0x30,0x40,0xB0,0xC8,0x88,0x88,0x88,0x08,0x08,
    0x68,0x50,0x20,0xB0,0xC8,0x88,0x88,0x88,0x08,0x08,
    0x78,0x10,0x20,0xB0,0xC8,0x88,0x88,0x88,0x08,0x08,
    0x78,0x20,0x10,0xB0,0xC8,0x88,0x88,0x88,0x08,0x08,
    0x00,0xE4,0x64,0xA4,0x3C,0x24,0x24,0x24,0x00,0x00,
    0x00,0xE4,0xA4,0x64,0x3C,0x24,0x24,0x24,0x00,0x00,
    0x00,0xE4,0x64,0xA4,0xBC,0x64,0x24,0x24,0x00,0x00,
    0x00,0xE4,0xA4,0x64,0xBC,0x64,0x24,0x24,0x00,0x00,
    0x00,0xE4,0x64,0xA4,0x7C,0xA4,0x24,0x24,0x00,0x00,
    0x00,0xE4,0xA4,0x64,0x7C,0xA4,0x24,0x24,0x00,0x00,
    0x00,0xE4,0x24,0xE4,0x7C,0xA4,0x24,0x24,0x00,0x00,
    0x00,0xE4,0x24,0xE4,0xBC,0x64,0x24,0x24,0x00,0x00,
    0x60,0x20,0x40,0x40,0x40,0x40,0x50,0x20,0x00,0x00,
    0x60,0x40,0x20,0x40,0x40,0x40,0x50,0x20,0x00,0x00,
    0x70,0x28,0x40,0x20,0x20,0x20,0x28,0x10,0x00,0x00,
    0x70,0x48,0x20,0x20,0x20,0x20,0x28,0x10,0x00,0x00,
    0x68,0x30,0x40,0x20,0x20,0x20,0x28,0x10,0x00,0x00,
    0x68,0x50,0x20,0x20,0x20,0x20,0x28,0x10,0x00,0x00,
    0x78,0x10,0x20,0x20,0x20,0x20,0x28,0x10,0x00,0x00,
    0x78,0x20,0x10,0x20,0x20,0x20,0x28,0x10,0x00,0x00,
    0x00,0xDC,0x48,0x88,0x08,0x08,0x08,0x1C,0x00,0x00,
    0x00,0xDC,0x88,0x48,0x08,0x08,0x08,0x1C,0x00,0x00,
    0x00,0xDC,0x48,0x88,0x88,0x48,0x08,0x1C,0x00,0x00,
    0x00,0xDC,0x88,0x48,0x88,0x48,0x08,0x1C,0x00,0x00,
    0x00,0xDC,0x48,0x88,0x48,0x88,0x08,0x1C,0x00,0x00,
    0x00,0xDC,0x88,0x48,0x48,0x88,0x08,0x1C,0x00,0x00,
    0x00,0xDC,0x08,0xC8,0x48,0x88,0x08,0x1C,0x00,0x00,
    0x00,0xDC,0x08,0xC8,0x88,0x48,0x08,0x1C,0x00,0x00,
    0x30,0x10,0x20,0x70,0x88,0x88,0x88,0x70,0x00,0x00,
    0x30,0x20,0x10,0x70,0x88,0x88,0x88,0x70,0x00,0x00,
    0x70,0x28,0x40,0x70,0x88,0x88,0x88,0x70,0x00,0x00,
    0x70,0x48,0x20,0x70,0x88,0x88,0x88,0x70,0x00,0x00,
    0x68,0x30,0x40,0x70,0x88,0x88,0x88,0x70,0x00,0x00,
    0x68,0x50,0x20,0x70,0x88,0x88,0x88,0x70,0x00,0x00,
    0x00,0xD8,0x64,0xA4,0x24,0x24,0x24,0x18,0x00,0x00,
    0x00,0xD8,0xA4,0x64,0x24,0x24,0x24,0x18,0x00,0x00,
    0x00,0xD8,0x64,0xA4,0xA4,0x64,0x24,0x18,0x00,0x00,
    0x00,0xD8,0xA4,0x64,0xA4,0x64,0x24,0x18,0x00,0x00,
    0x00,0xD8,0x64,0xA4,0x64,0xA4,0x24,0x18,0x00,0x00,
    0x00,0xD8,0xA4,0x64,0x64,0xA4,0x24,0x18,0x00,0x00,
    0x30,0x10,0x20,0x88,0x88,0x88,0x88,0x70,0x00,0x00,
    0x30,0x20,0x10,0x88,0x88,0x88,0x88,0x70,0x00,0x00,
    0x70,0x28,0x40,0x88,0x88,0x88,0x88,0x70,0x00,0x00,
    0x70,0x48,0x20,0x88,0x88,0x88,0x88,0x70,0x00,0x00,
    0x68,0x30,0x40,0x88,0x88,0x88,0x88,0x70,0x00,0x00,
    0x68,0x50,0x20,0x88,0x88,0x88,0x88,0x70,0x00,0x00,
    0x78,0x10,0x20,0x88,0x88,0x88,0x88,0x70,0x00,0x00,
    0x78,0x20,0x10,0x88,0x88,0x88,0x88,0x70,0x00,0x00,
    0x00,0xD4,0x94,0x54,0x08,0x08,0x08,0x08,0x00,0x00,
    0x00,0xD4,0x94,0x54,0x88,0x48,0x08,0x08,0x00,0x00,
    0x00,0xD4,0x94,0x54,0x48,0x88,0x08,0x08,0x00,0x00,
    0x00,0xD4,0x14,0xD4,0x88,0x48,0x08,0x08,0x00,0x00,
    0x30,0x10,0x20,0x88,0xA8,0xA8,0xA8,0x50,0x00,0x00,
    0x30,0x20,0x10,0x88,0xA8,0xA8,0xA8,0x50,0x00,0x00,
    0x70,0x28,0x40,0x88,0xA8,0xA8,0xA8,0x50,0x00,0x00,
    0x70,0x48,0x20,0x88,0xA8,0xA8,0xA8,0x50,0x00,0x00,
    0x68,0x30,0x40,0x88,0xA8,0xA8,0xA8,0x50,0x00,0x00,
    0x68,0x50,0x20,0x88,0xA8,0xA8,0xA8,0x50,0x00,0x00,
    0x78,0x10,0x20,0x88,0xA8,0xA8,0xA8,0x50,0x00,0x00,
    0x78,0x20,0x10,0x88,0xA8,0xA8,0xA8,0x50,0x00,0x00,
    0x00,0xD8,0x64,0xA4,0x24,0x24,0x18,0x3C,0x00,0x00,
    0x00,0xD8,0xA4,0x64,0x24,0x24,0x18,0x3C,0x00,0x00,
    0x00,0xD8,0x64,0xA4,0xA4,0x64,0x18,0x3C,0x00,0x00,
    0x00,0xD8,0xA4,0x64,0xA4,0x64,0x18,0x3C,0x00,0x00,
    0x00,0xD8,0x64,0xA4,0x64,0xA4,0x18,0x3C,0x00,0x00,
    0x00,0xD8,0xA4,0x64,0x64,0xA4,0x18,0x3C,0x00,0x00,
    0x00,0xD8,0x24,0xE4,0x64,0xA4,0x18,0x3C,0x00,0x00,
    0x00,0xD8,0x24,0xE4,0xA4,0x64,0x18,0x3C,0x00,0x00,
    0x40,0x20,0x00,0x70,0x88,0x88,0x98,0x68,0x00,0x00,
    0x10,0x20,0x00,0x70,0x88,0x88,0x98,0x68,0x00,0x00,
    0x40,0x20,0x00,0x70,0x88,0x60,0x88,0x70,0x00,0x00,
    0x10,0x20,0x00,0x70,0x88,0x60,0x88,0x70,0x00,0x00,
    0x40,0x20,0x00,0xB0,0xC8,0x88,0x88,0x88,0x08,0x08,
    0x10,0x20,0x00,0xB0,0xC8,0x88,0x88,0x88,0x08,0x08,
    0x40,0x20,0x00,0x20,0x20,0x20,0x28,0x10,0x00,0x00,
    0x20,0x40,0x00,0x40,0x40,0x40,0x50,0x20,0x00,0x00,
    0x40,0x20,0x00,0x70,0x88,0x88,0x88,0x70,0x00,0x00,
    0x10,0x20,0x00,0x70,0x88,0x88,0x88,0x70,0x00,0x00,
    0x40,0x20,0x00,0x88,0x88,0x88,0x88,0x70,0x00,0x00,
    0x10,0x20,0x00,0x88,0x88,0x88,0x88,0x70,0x00,0x00,
    0x40,0x20,0x00,0x88,0xA8,0xA8,0xA8,0x50,0x00,0x00,
    0x10,0x20,0x00,0x88,0xA8,0xA8,0xA8,0x50,0x00,0x00,
    0x30,0x10,0x20,0x70,0x88,0x88,0x98,0x68,0x00,0x20,
    0x30,0x20,0x10,0x70,0x88,0x88,0x98,0x68,0x00,0x20,
    0x70,0x28,0x40,0x70,0x88,0x88,0x98,0x68,0x00,0x20,
    0x70,0x48,0x20,0x70,0x88,0x88,0x98,0x68,0x00,0x20,
    0x68,0x30,0x40,0x70,0x88,0x88,0x98,0x68,0x00,0x20,
    0x68,0x50,0x20,0x70,0x88,0x88,0x98,0x68,0x00,0x20,
    0x78,0x10,0x20,0x70,0x88,0x88,0x98,0x68,0x00,0x20,
    0x78,0x20,0x10,0x70,0x88,0x88,0x98,0x68,0x00,0x20,
    0x00,0xD8,0x64,0xA4,0x24,0x3C,0x24,0x24,0x00,0x10,
    0x00,0xD8,0xA4,0x64,0x24,0x3C,0x24,0x24,0x00,0x10,
    0x00,0xD8,0x64,0xA4,0xA4,0x7C,0x24,0x24,0x00,0x10,
    0x00,0xD8,0xA4,0x64,0xA4,0x7C,0x24,0x24,0x00,0x10,
    0x00,0xD8,0x64,0xA4,0x64,0xBC,0x24,0x24,0x00,0x10,
    0x00,0xD8,0xA4,0x64,0x64,0xBC,0x24,0x24,0x00,0x10,
    0x00,0xD8,0x24,0xE4,0x64,0xBC,0x24,0x24,0x00,0x10,
    0x00,0xD8,0x24,0xE4,0xA4,0x7C,0x24,0x24,0x00,0x10,
    0x30,0x10,0x20,0xB0,0xC8,0x88,0x88,0x88,0x08,0x88,
    0x30,0x20,0x10,0xB0,0xC8,0x88,0x88,0x88,0x08,0x88,
    0x70,0x28,0x40,0xB0,0xC8,0x88,0x88,0x88,0x08,0x88,
    0x70,0x48,0x20,0xB0,0xC8,0x88,0x88,0x88,0x08,0x88,
    0x68,0x30,0x40,0xB0,0xC8,0x88,0x88,0x88,0x08,0x88,
    0x68,0x50,0x20,0xB0,0xC8,0x88,0x88,0x88,0x08,0x88,
    0x78,0x10,0x20,0xB0,0xC8,0x88,0x88,0x88,0x08,0x88,
    0x78,0x20,0x10,0xB0,0xC8,0x88,0x88,0x88,0x08,0x88,
    0x00,0xE4,0x64,0xA4,0x3C,0x24,0x24,0x24,0x00,0x10,
    0x00,0xE4,0xA4,0x64,0x3C,0x24,0x24,0x24,0x00,0x10,
    0x00,0xE4,0x64,0xA4,0xBC,0x64,0x24,0x24,0x00,0x10,
    0x00,0xE4,0xA4,0x64,0xBC,0x64,0x24,0x24,0x00,0x10,
    0x00,0xE4,0x64,0xA4,0x7C,0xA4,0x24,0x24,0x00,0x10,
    0x00,0xE4,0xA4,0x64,0x7C,0xA4,0x24,0x24,0x00,0x10,
    0x00,0xE4,0x24,0xE4,0x7C,0xA4,0x24,0x24,0x00,0x10,
    0x00,0xE4,0x24,0xE4,0xBC,0x64,0x24,0x24,0x00,0x10,
    0x30,0x10,0x20,0x88,0xA8,0xA8,0xA8,0x50,0x00,0x20,
    0x30,0x20,0x10,0x88,0xA8,0xA8,0xA8,0x50,0x00,0x20,
    0x70,0x28,0x40,0x88,0xA8,0xA8,0xA8,0x50,0x00,0x20,
    0x70,0x48,0x20,0x88,0xA8,0xA8,0xA8,0x50,0x00,0x20,
    0x68,0x30,0x40,0x88,0xA8,0xA8,0xA8,0x50,0x00,0x20,
    0x68,0x50,0x20,0x88,0xA8,0xA8,0xA8,0x50,0x00,0x20,
    0x78,0x10,0x20,0x88,0xA8,0xA8,0xA8,0x50,0x00,0x20,
    0x78,0x20,0x10,0x88,0xA8,0xA8,0xA8,0x50,0x00,0x20,
    0x00,0xD8,0x64,0xA4,0x24,0x24,0x18,0x3C,0x00,0x10,
    0x00,0xD8,0xA4,0x64,0x24,0x24,0x18,0x3C,0x00,0x10,
    0x00,0xD8,0x64,0xA4,0xA4,0x64,0x18,0x3C,0x00,0x10,
    0x00,0xD8,0xA4,0x64,0xA4,0x64,0x18,0x3C,0x00,0x10,
    0x00,0xD8,0x64,0xA4,0x64,0xA4,0x18,0x3C,0x00,0x10,
    0x00,0xD8,0xA4,0x64,0x64,0xA4,0x18,0x3C,0x00,0x10,
    0x00,0xD8,0x24,0xE4,0x64,0xA4,0x18,0x3C,0x00,0x10,
    0x00,0xD8,0x24,0xE4,0xA4,0x64,0x18,0x3C,0x00,0x10,
    0x88,0x70,0x00,0x70,0x88,0x88,0x98,0x68,0x00,0x00,
    0x00,0xF8,0x00,0x70,0x88,0x88,0x98,0x68,0x00,0x00,
    0x40,0x20,0x00,0x70,0x88,0x88,0x98,0x68,0x00,0x20,
    0x00,0x00,0x00,0x70,0x88,0x88,0x98,0x68,0x00,0x20,
    0x10,0x20,0x00,0x70,0x88,0x88,0x98,0x68,0x00,0x20,
    0x00,0x78,0x00,0x70,0x88,0x88,0x98,0x68,0x00,0x00,
    0x00,0x78,0x00,0x70,0x88,0x88,0x98,0x68,0x00,0x20,
    0x88,0x70,0x70,0x88,0x88,0xF8,0x88,0x88,0x00,0x00,
    0xF8,0x00,0x70,0x88,0x88,0xF8,0x88,0x88,0x00,0x00,
    0x00,0x98,0x64,0x24,0x24,0x3C,0x24,0x24,0x00,0x00,
    0x00,0x58,0xA4,0x24,0x24,0x3C,0x24,0x24,0x00,0x00,
    0x00,0x20,0x50,0x88,0x88,0xF8,0x88,0x88,0x20,0x30,
    0x00,0x30,0x10,0x20,0x00,0x00,0x00,0x00,0x00,0x00,
    0x00,0x00,0x00,0x00,0x00,0x20,0x20,0x10,0x00,0x00,
    0x00,0x30,0x10,0x20,0x00,0x00,0x00,0x00,0x00,0x00,
    0x00,0x78,0x00,0x00,0x00,0x00,0x00,0x00,0x00,0x00,
    0x00,0xF8,0x00,0x88,0x00,0x00,0x00,0x00,0x00,0x00,
    0x40,0x20,0x00,0xB0,0xC8,0x88,0x88,0x88,0x08,0x88,
    0x00,0x00,0x00,0xB0,0xC8,0x88,0x88,0x88,0x08,0x88,
    0x10,0x20,0x00,0xB0,0xC8,0x88,0x88,0x88,0x08,0x88,
    0x00,0x78,0x00,0xB0,0xC8,0x88,0x88,0x88,0x08,0x08,
    0x00,0x78,0x00,0xB0,0xC8,0x88,0x88,0x88,0x08,0x88,
    0x00,0xBC,0x60,0x20,0x38,0x20,0x20,0x3C,0x00,0x00,
    0x00,0x7C,0xA0,0x20,0x38,0x20,0x20,0x3C,0x00,0x00,
    0x00,0xA4,0x64,0x24,0x3C,0x24,0x24,0x24,0x00,0x00,
    0x00,0x64,0xA4,0x24,0x3C,0x24,0x24,0x24,0x00,0x00,
    0x00,0x88,0x88,0x88,0xF8,0x88,0x88,0x88,0x20,0x30,
    0x00,0x70,0x28,0x40,0x00,0x00,0x00,0x00,0x00,0x00,
    0x00,0x68,0x30,0x40,0x00,0x00,0x00,0x00,0x00,0x00,
    0x00,0x78,0x10,0x20,0x00,0x00,0x00,0x00,0x00,0x00,
    0x88,0x70,0x00,0x20,0x20,0x20,0x28,0x10,0x00,0x00,
    0x00,0xF8,0x00,0x20,0x20,0x20,0x28,0x10,0x00,0x00,
    0x40,0xA8,0x00,0x20,0x20,0x20,0x28,0x10,0x00,0x00,
    0x10,0xA8,0x00,0x20,0x20,0x20,0x28,0x10,0x00,0x00,
    0x00,0x78,0x00,0x20,0x20,0x20,0x28,0x10,0x00,0x00,
    0xF8,0x00,0x88,0x20,0x20,0x20,0x28,0x10,0x00,0x00,
    0x88,0x70,0x70,0x20,0x20,0x20,0x20,0x70,0x00,0x00,
    0xF8,0x00,0x70,0x20,0x20,0x20,0x20,0x70,0x00,0x00,
    0x00,0x9C,0x48,0x08,0x08,0x08,0x08,0x1C,0x00,0x00,
    0x00,0x5C,0x88,0x08,0x08,0x08,0x08,0x1C,0x00,0x00,
    0x00,0x68,0x30,0x40,0x00,0x00,0x00,0x00,0x00,0x00,
    0x00,0x68,0x50,0x20,0x00,0x00,0x00,0x00,0x00,0x00,
    0x00,0x78,0x20,0x10,0x00,0x00,0x00,0x00,0x00,0x00,
    0x88,0x70,0x00,0x88,0x88,0x88,0x88,0x70,0x00,0x00,
    0x00,0xF8,0x00,0x88,0x88,0x88,0x88,0x70,0x00,0x00,
    0x40,0xA8,0x00,0x88,0x88,0x88,0x88,0x70,0x00,0x00,
    0x10,0xA8,0x00,0x88,0x88,0x88,0x88,0x70,0x00,0x00,
    0x30,0x10,0x20,0x70,0x88,0x88,0x88,0xF0,0x80,0x80,
    0x30,0x20,0x10,0x70,0x88,0x88,0x88,0xF0,0x80,0x80,
    0x00,0x78,0x00,0x88,0x88,0x88,0x88,0x70,0x00,0x00,
    0xF8,0x00,0x88,0x00,0x88,0x88,0x88,0x70,0x00,0x00,
    0x88,0x70,0x88,0x88,0x50,0x20,0x20,0x20,0x00,0x00,
    0xF8,0x00,0x88,0x88,0x50,0x20,0x20,0x20,0x00,0x00,
    0x00,0x94,0x54,0x14,0x08,0x08,0x08,0x08,0x00,0x00,
    0x00,0x54,0x94,0x14,0x08,0x08,0x08,0x08,0x00,0x00,
    0x00,0xF8,0xA4,0x64,0x38,0x20,0x20,0x20,0x00,0x00,
    0x00,0x40,0xA8,0x00,0x00,0x00,0x00,0x00,0x00,0x00,
    0x00,0x10,0xA8,0x00,0x00,0x00,0x00,0x00,0x00,0x00,
    0x00,0x20,0x10,0x00,0x00,0x00,0x00,0x00,0x00,0x00,
    0x40,0x20,0x00,0x88,0xA8,0xA8,0xA8,0x50,0x00,0x20,
    0x00,0x00,0x00,0x88,0xA8,0xA8,0xA8,0x50,0x00,0x20,
    0x10,0x20,0x00,0x88,0xA8,0xA8,0xA8,0x50,0x00,0x20,
    0x00,0x78,0x00,0x88,0xA8,0xA8,0xA8,0x50,0x00,0x00,
    0x00,0x78,0x00,0x88,0xA8,0xA8,0xA8,0x50,0x00,0x20,
    0x00,0x98,0x64,0x24,0x24,0x24,0x24,0x18,0x00,0x00,
    0x00,0x58,0xA4,0x24,0x24,0x24,0x24,0x18,0x00,0x00,
    0x00,0x98,0x64,0x24,0x24,0x24,0x18,0x3C,0x00,0x00,
    0x00,0x58,0xA4,0x24,0x24,0x24,0x18,0x3C,0x00,0x00,
    0x00,0x70,0x88,0x88,0x88,0x88,0x50,0xD8,0x20,0x30,
    0x00,0x10,0x20,0x00,0x00,0x00,0x00,0x00,0x00,0x00,
    0x00,0x30,0x20,0x10,0x00,0x00,0x00,0x00,0x00,0x00,
    0x00,0x00,0x00,0x00,0x78,0x00,0x00,0x00,0x00,0x00,
    0x00,0x00,0x00,0x00,0x78,0x00,0x00,0x00,0x00,0x00,
    0x00,0x00,0x00,0x00,0xF8,0x00,0x00,0x00,0x00,0x00,
    0x00,0x00,0x00,0x00,0xF8,0x00,0x00,0x00,0x00,0x00,
    0x00,0x00,0x00,0x00,0xFC,0x00,0x00,0x00,0x00,0x00,
    0x00,0x00,0x00,0x00,0xFC,0x00,0x00,0x00,0x00,0x00,
    0x50,0x50,0x50,0x50,0x50,0x50,0x50,0x50,0x00,0x00,
    0x00,0x00,0x00,0x00,0x00,0x00,0x00,0xFC,0x00,0xFC,
    0x00,0x10,0x20,0x30,0x00,0x00,0x00,0x00,0x00,0x00,
    0x00,0x30,0x10,0x20,0x00,0x00,0x00,0x00,0x00,0x00,
    0x00,0x00,0x00,0x00,0x00,0x00,0x30,0x10,0x20,0x00,
    0x00,0x30,0x20,0x10,0x00,0x00,0x00,0x00,0x00,0x00,
    0x00,0x48,0x90,0xD8,0x00,0x00,0x00,0x00,0x00,0x00,
    0x00,0xD8,0x48,0x90,0x00,0x00,0x00,0x00,0x00,0x00,
    0x00,0x00,0x00,0x00,0x00,0x00,0xD8,0x48,0x90,0x00,
    0x00,0xD8,0x90,0x48,0x00,0x00,0x00,0x00,0x00,0x00,
    0x00,0x20,0x20,0xF8,0x20,0x20,0x20,0x20,0x00,0x00,
    0x00,0x20,0x20,0xF8,0x20,0xF8,0x20,0x20,0x00,0x00,
    0x00,0x00,0x00,0x30,0x78,0x78,0x30,0x00,0x00,0x00,
    0x00,0x00,0x00,0x20,0x70,0xF8,0x00,0x00,0x00,0x00,
    0x00,0x00,0x00,0x00,0x00,0x00,0x00,0x20,0x00,0x00,
    0x00,0x00,0x00,0x00,0x00,0x00,0x00,0x88,0x00,0x00,
    0x00,0x00,0x00,0x00,0x00,0x00,0x00,0xA8,0x00,0x00,
    0x00,0x00,0x00,0x00,0x30,0x00,0x00,0x00,0x00,0x00,
    0x00,0x48,0xA8,0x50,0x20,0x68,0xD4,0xA8,0x00,0x00,
    0x10,0x10,0x20,0x00,0x00,0x00,0x00,0x00,0x00,0x00,
    0x28,0x28,0x50,0x00,0x00,0x00,0x00,0x00,0x00,0x00,
    0x54,0x54,0xA8,0x00,0x00,0x00,0x00,0x00,0x00,0x00,
    0x20,0x20,0x10,0x00,0x00,0x00,0x00,0x00,0x00,0x00,
    0x50,0x50,0x28,0x00,0x00,0x00,0x00,0x00,0x00,0x00,
    0xA8,0xA8,0x54,0x00,0x00,0x00,0x00,0x00,0x00,0x00,
    0x00,0x00,0x00,0x10,0x20,0x40,0x20,0x10,0x00,0x00,
    0x00,0x00,0x00,0x40,0x20,0x10,0x20,0x40,0x00,0x00,
    0x00,0x50,0x50,0x50,0x50,0x50,0x00,0x50,0x00,0x00,
    0xFC,0x00,0x00,0x00,0x00,0x00,0x00,0x00,0x00,0x00,
    0x00,0x08,0x08,0x10,0x20,0x40,0x80,0x80,0x00,0x00,
    0x30,0x48,0x48,0x48,0x30,0x00,0x00,0x00,0x00,0x00,
    0x20,0x00,0x60,0x20,0x70,0x00,0x00,0x00,0x00,0x00,
    0x10,0x30,0x50,0x78,0x10,0x00,0x00,0x00,0x00,0x00,
    0x78,0x40,0x70,0x08,0x70,0x00,0x00,0x00,0x00,0x00,
    0x38,0x40,0x70,0x48,0x30,0x00,0x00,0x00,0x00,0x00,
    0x78,0x08,0x10,0x20,0x20,0x00,0x00,0x00,0x00,0x00,
    0x30,0x48,0x30,0x48,0x30,0x00,0x00,0x00,0x00,0x00,
    0x30,0x48,0x38,0x08,0x30,0x00,0x00,0x00,0x00,0x00,
    0x00,0x20,0x70,0x20,0x00,0x00,0x00,0x00,0x00,0x00,
    0x00,0x00,0x70,0x00,0x00,0x00,0x00,0x00,0x00,0x00,
    0x00,0x78,0x00,0x78,0x00,0x00,0x00,0x00,0x00,0x00,
    0x10,0x20,0x20,0x20,0x10,0x00,0x00,0x00,0x00,0x00,
    0x20,0x10,0x10,0x10,0x20,0x00,0x00,0x00,0x00,0x00,
    0x00,0x50,0x68,0x48,0x48,0x00,0x00,0x00,0x00,0x00,
    0x00,0x00,0x00,0x00,0x00,0x30,0x48,0x48,0x48,0x30,
    0x00,0x00,0x00,0x00,0x00,0x20,0x60,0x20,0x20,0x70,
    0x00,0x00,0x00,0x00,0x00,0x30,0x48,0x10,0x20,0x78,
    0x00,0x00,0x00,0x00,0x00,0x70,0x08,0x30,0x08,0x70,
    0x00,0x00,0x00,0x00,0x00,0x10,0x30,0x50,0x78,0x10,
    0x00,0x00,0x00,0x00,0x00,0x78,0x40,0x70,0x08,0x70,
    0x00,0x00,0x00,0x00,0x00,0x38,0x40,0x70,0x48,0x30,
    0x00,0x00,0x00,0x00,0x00,0x78,0x08,0x10,0x20,0x20,
    0x00,0x00,0x00,0x00,0x00,0x30,0x48,0x30,0x48,0x30,
    0x00,0x00,0x00,0x00,0x00,0x30,0x48,0x38,0x08,0x30,
    0x00,0x00,0x00,0x00,0x00,0x00,0x20,0x70,0x20,0x00,
    0x00,0x00,0x00,0x00,0x00,0x00,0x00,0x70,0x00,0x00,
    0x00,0x00,0x00,0x00,0x00,0x00,0x78,0x00,0x78,0x00,
    0x00,0x00,0x00,0x00,0x00,0x10,0x20,0x20,0x20,0x10,
    0x00,0x00,0x00,0x00,0x00,0x20,0x10,0x10,0x10,0x20,
    0x00,0xF8,0x80,0x80,0xE8,0xB0,0xA0,0xA0,0x00,0x00,
    0x00,0x30,0x48,0xE0,0x40,0xE0,0x48,0xB0,0x00,0x00,
    0x00,0x70,0x48,0xFC,0x48,0x70,0x40,0x40,0x00,0x00,
    0x00,0x08,0x3C,0x68,0x98,0x88,0x98,0x68,0x00,0xF8,
    0x00,0x30,0x48,0xE0,0x40,0xE0,0x48,0x30,0x00,0x00,
    0x00,0x40,0x70,0xC8,0x48,0x48,0xE8,0xD0,0x00,0x00,
    0x40,0xF8,0x00,0x00,0x00,0x00,0x00,0x00,0x00,0x00,
    0x10,0xF8,0x00,0x00,0x00,0x00,0x00,0x00,0x00,0x00,
    0x20,0x20,0x20,0x20,0x20,0x20,0x20,0x20,0x20,0x20,
    0x00,0x00,0x20,0x20,0x20,0x20,0x20,0x20,0x00,0x00,
    0xB0,0xC8,0xE0,0x00,0x00,0x00,0x00,0x00,0x00,0x00,
    0x68,0x98,0x38,0x00,0x00,0x00,0x00,0x00,0x00,0x00,
    0x40,0xF8,0x40,0x00,0x00,0x00,0x00,0x00,0x00,0x00,
    0x10,0xF8,0x10,0x00,0x00,0x00,0x00,0x00,0x00,0x00,
    0x00,0x70,0xA8,0xA0,0xA0,0xA0,0xA8,0x70,0x00,0x00,
    0x60,0x80,0x80,0x60,0x00,0x30,0x48,0x48,0x30,0x00,
    0x00,0x10,0x28,0x28,0x28,0x30,0x20,0x58,0x00,0x00,
    0x00,0x88,0xC8,0xC8,0xE8,0xD8,0xD8,0xC8,0x00,0x00,
    0x00,0x90,0x90,0xD8,0xB4,0x94,0x98,0x9C,0x00,0x00,
    0x00,0x70,0xA8,0xA8,0xA8,0xA8,0xA8,0x70,0x18,0x00,
    0x00,0xF0,0xA8,0xA8,0xB0,0xA8,0xA8,0xA8,0x00,0x00,
    0xFC,0x5C,0x54,0x54,0x00,0x00,0x00,0x00,0x00,0x00,
    0x00,0xF8,0x28,0x28,0x50,0xA0,0xA0,0xF8,0x00,0x00,
    0x00,0x70,0x88,0x88,0x88,0x88,0x50,0xD8,0x00,0x00,
    0x00,0xD8,0x50,0x88,0x88,0x88,0x88,0x70,0x00,0x00,
    0x00,0x00,0x00,0x70,0xD8,0xF8,0xC0,0x70,0x00,0x00,
    0x40,0xC0,0x40,0x40,0xE0,0x08,0x14,0x08,0x14,0x08,
    0xC0,0x20,0x40,0x20,0xC0,0x10,0x28,0x10,0x28,0x10,
    0xE0,0x80,0xC0,0x20,0xC0,0x10,0x28,0x10,0x28,0x10,
    0xE0,0x20,0x20,0x40,0x40,0x10,0x28,0x10,0x28,0x10,
    0x00,0x00,0x00,0x20,0x40,0xFC,0x40,0x20,0x00,0x00,
    0x00,0x20,0x70,0xA8,0x20,0x20,0x20,0x20,0x00,0x00,
    0x00,0x00,0x00,0x10,0x08,0xFC,0x08,0x10,0x00,0x00,
    0x00,0x20,0x20,0x20,0x20,0xA8,0x70,0x20,0x00,0x00,
    0x00,0x00,0x00,0x00,0x48,0xFC,0x48,0x00,0x00,0x00,
    0x00,0x20,0x70,0xA8,0x20,0x20,0xA8,0x70,0x20,0x00,
    0x00,0x00,0xF0,0xC0,0xA0,0x90,0x08,0x00,0x00,0x00,
    0x00,0x00,0x78,0x18,0x28,0x48,0x80,0x00,0x00,0x00,
    0x00,0x00,0x80,0x48,0x28,0x18,0x78,0x00,0x00,0x00,
    0x00,0x00,0x08,0x90,0xA0,0xC0,0xF0,0x00,0x00,0x00,
    0x00,0x00,0x00,0x24,0x44,0xFC,0x44,0x24,0x00,0x00,
    0x00,0x20,0x70,0xA8,0x20,0x20,0x20,0x70,0x00,0x00,
    0x00,0x00,0x00,0x10,0x88,0xFC,0x88,0x10,0x00,0x00,
    0x00,0x70,0x20,0x20,0x20,0xA8,0x70,0x20,0x00,0x00,
    0x20,0x70,0xA8,0x20,0x20,0xA8,0x70,0x20,0xF8,0x00,
    0x00,0x10,0x08,0xFC,0x08,0x30,0x40,0xFC,0x40,0x20,
    0x00,0x20,0x40,0xFC,0x40,0x30,0x08,0xFC,0x08,0x10,
    0x00,0x00,0x20,0x40,0xFC,0x00,0xFC,0x08,0x10,0x00,
    0x00,0x00,0x10,0x08,0xFC,0x00,0xFC,0x40,0x20,0x00,
    0x00,0x10,0x20,0x7C,0x80,0x7C,0x20,0x10,0x00,0x00,
    0x00,0x20,0x70,0xD8,0x50,0x50,0x50,0x50,0x00,0x00,
    0x00,0x20,0x10,0xF8,0x04,0xF8,0x10,0x20,0x00,0x00,
    0x00,0x50,0x50,0x50,0x50,0xD8,0x70,0x20,0x00,0x00,
    0x00,0x00,0x00,0x78,0x84,0x78,0x00,0x00,0x00,0x00,
    0x00,0x20,0x50,0xD8,0x50,0x50,0xD8,0x50,0x20,0x00,
    0x00,0x88,0x88,0x70,0x50,0x50,0x20,0x20,0x00,0x00,
    0x00,0x20,0x50,0x40,0x40,0x40,0x50,0x20,0x00,0x00,
    0x00,0x30,0x08,0x68,0x98,0x88,0x88,0x70,0x00,0x00,
    0x00,0xF8,0x08,0x08,0x78,0x08,0x08,0xF8,0x00,0x00,
    0x20,0xF8,0x28,0x28,0x78,0x28,0x28,0xF8,0x20,0x00,
    0x00,0x00,0x34,0x48,0x94,0xA4,0x48,0xB0,0x00,0x00,
    0x00,0x00,0x20,0x20,0x50,0x50,0x88,0xF8,0x00,0x00,
    0x00,0x00,0xF8,0x88,0x50,0x50,0x20,0x20,0x00,0x00,
    0x00,0x78,0x80,0x80,0xF0,0x80,0x80,0x78,0x00,0x00,
    0x20,0x78,0xA0,0xA0,0xF0,0xA0,0xA0,0x78,0x20,0x00,
    0x00,0xF0,0x08,0x08,0x78,0x08,0x08,0xF0,0x00,0x00,
    0x20,0xF0,0x28,0x28,0x78,0x28,0x28,0xF0,0x20,0x00,
    0xF8,0x50,0x50,0x50,0x50,0x50,0x50,0x50,0x50,0x00,
    0xF8,0x80,0x40,0x20,0x10,0x20,0x40,0x80,0xF8,0x00,
    0x00,0x00,0x00,0x00,0xF8,0x00,0x00,0x00,0x00,0x00,
    0x00,0x00,0xF8,0x20,0x20,0xF8,0x20,0x20,0x00,0x00,
    0x00,0x08,0x08,0x10,0x20,0x40,0x80,0x80,0x00,0x00,
    0x00,0x00,0x00,0x30,0x48,0x48,0x30,0x00,0x00,0x00,
    0x00,0x00,0x00,0x30,0x78,0x78,0x30,0x00,0x00,0x00,
    0x00,0x00,0x0C,0x10,0x10,0x20,0xA0,0x40,0x00,0x00,
    0x00,0x00,0x00,0x28,0x50,0x50,0x28,0x00,0x00,0x00,
    0x00,0x00,0x00,0x50,0xA8,0xA8,0x50,0x00,0x00,0x00,
    0x00,0x00,0x80,0x80,0x80,0x80,0xF8,0x00,0x00,0x00,
    0x00,0x00,0x00,0x50,0x20,0x50,0x90,0xF8,0x10,0x00,
    0x00,0x20,0x20,0x30,0x20,0x60,0x20,0x20,0x00,0x00,
    0x00,0x50,0x50,0x50,0x50,0x50,0x50,0x50,0x00,0x00,
    0x00,0x50,0x50,0x58,0x70,0xD0,0x50,0x50,0x00,0x00,
    0x00,0x00,0x20,0x20,0x50,0x50,0x88,0x88,0x00,0x00,
    0x00,0x00,0x88,0x88,0x50,0x50,0x20,0x20,0x00,0x00,
    0x00,0x00,0x70,0x88,0x88,0x88,0x88,0x88,0x00,0x00,
    0x00,0x00,0x88,0x88,0x88,0x88,0x88,0x70,0x00,0x00,
    0x10,0x28,0x20,0x20,0x20,0x20,0x20,0x20,0xA0,0x40,
    0x10,0x28,0x20,0x70,0xA8,0xA8,0x70,0x20,0xA0,0x40,
    0x00,0x00,0x00,0x48,0xA8,0x90,0x00,0x00,0x00,0x00,
    0x00,0x00,0x00,0x40,0xA8,0x10,0x00,0xF8,0x00,0x00,
    0x00,0x40,0xA8,0x10,0x00,0xF8,0x00,0xF8,0x00,0x00,
    0x00,0x00,0x00,0x40,0xA8,0x50,0xA8,0x10,0x00,0x00,
    0x00,0x00,0x20,0x60,0xA8,0x70,0xA8,0x30,0x20,0x00,
    0x00,0x00,0x20,0x50,0x00,0xF8,0x00,0xF8,0x00,0x00,
    0x60,0x10,0x20,0x00,0x20,0x00,0xF8,0x00,0xF8,0x00,
    0x00,0x08,0x10,0xF8,0x20,0xF8,0x40,0x80,0x00,0x00,
    0x00,0x00,0x00,0xF8,0x00,0xF8,0x00,0xF8,0x00,0x00,
    0x00,0x00,0x08,0xF8,0x10,0xF8,0x20,0xF8,0x40,0x00,
    0x00,0x18,0x60,0x80,0x60,0x18,0x00,0xF8,0x00,0x00,
    0x00,0xC0,0x30,0x08,0x30,0xC0,0x00,0xF8,0x00,0x00,
    0x00,0x00,0x00,0x24,0x48,0x90,0x48,0x24,0x00,0x00,
    0x00,0x00,0x00,0x90,0x48,0x24,0x48,0x90,0x00,0x00,
    0x00,0x00,0x00,0x78,0x80,0x80,0x80,0x78,0x00,0x00,
    0x00,0x00,0x00,0xF0,0x08,0x08,0x08,0xF0,0x00,0x00,
    0x00,0x00,0x20,0x78,0xA0,0xA0,0xA0,0x78,0x20,0x00,
    0x00,0x00,0x20,0xF0,0x28,0x28,0x28,0xF0,0x20,0x00,
    0x00,0x78,0x80,0x80,0x80,0x78,0x00,0xF8,0x00,0x00,
    0x00,0xF0,0x08,0x08,0x08,0xF0,0x00,0xF8,0x00,0x00,
    0x20,0x78,0xA0,0xA0,0xA0,0x78,0x20,0xF8,0x20,0x00,
    0x20,0xF0,0x28,0x28,0x28,0xF0,0x20,0xF8,0x20,0x00,
    0x00,0x78,0x80,0x80,0x80,0x78,0x20,0xF8,0x20,0x00,
    0x00,0xF0,0x08,0x08,0x08,0xF0,0x20,0xF8,0x20,0x00,
    0x00,0x00,0x70,0xA8,0xF8,0xA8,0x70,0x00,0x00,0x00,
    0x00,0x00,0x70,0xD8,0xA8,0xD8,0x70,0x00,0x00,0x00,
    0x00,0xF8,0x20,0x20,0x20,0x20,0x20,0x20,0x00,0x00,
    0x00,0x20,0x20,0x20,0x20,0x20,0x20,0xF8,0x00,0x00,
    0x00,0x40,0x40,0x40,0x70,0x40,0x40,0x40,0x00,0x00,
    0x00,0x40,0x40,0x70,0x40,0x70,0x40,0x40,0x00,0x00,
    0x20,0x20,0x20,0x50,0x50,0x50,0x88,0x88,0x88,0x00,
    0x88,0x88,0x88,0x50,0x50,0x50,0x20,0x20,0x20,0x00,
    0x70,0x88,0x88,0x88,0x88,0x88,0x88,0x88,0x88,0x00,
    0x88,0x88,0x88,0x88,0x88,0x88,0x88,0x88,0x70,0x00,
    0x00,0x00,0x00,0x00,0x20,0x00,0x00,0x00,0x00,0x00,
    0x00,0x20,0x00,0x00,0x20,0x00,0x00,0x20,0x00,0x00,
    0x00,0x00,0x00,0x00,0xA8,0x00,0x00,0x00,0x00,0x00,
    0x00,0x08,0x00,0x00,0x20,0x00,0x00,0x80,0x00,0x00,
    0x00,0x80,0x00,0x00,0x20,0x00,0x00,0x08,0x00,0x00,
    0x00,0x00,0x00,0x78,0x98,0xA8,0xC8,0xF0,0x00,0x00,
    0x00,0x00,0x20,0x50,0x88,0x88,0x88,0xF8,0x00,0x00,
    0x00,0x70,0x40,0x40,0x40,0x40,0x40,0x40,0x00,0x00,
    0x00,0x70,0x10,0x10,0x10,0x10,0x10,0x10,0x00,0x00,
    0x00,0x40,0x40,0x40,0x40,0x40,0x40,0x70,0x00,0x00,
    0x00,0x10,0x10,0x10,0x10,0x10,0x10,0x70,0x00,0x00,
    0x00,0x00,0x00,0x00,0x78,0x40,0x00,0x00,0x00,0x00,
    0x00,0x00,0x10,0x28,0x20,0x20,0x20,0x20,0x20,0x20,
    0x20,0x20,0x20,0x20,0x20,0x20,0xA0,0x40,0x00,0x00,
    0xFC,0x00,0x00,0x00,0x00,0x00,0x00,0x00,0x00,0x00,
    0x00,0x00,0xFC,0x00,0x00,0x00,0x00,0x00,0x00,0x00,
    0x00,0x00,0x00,0x00,0x00,0x00,0x00,0xFC,0x00,0x00,
    0x00,0x00,0x00,0x00,0x00,0x00,0x00,0x00,0x00,0xFC,
    0x00,0x90,0x90,0xF0,0x90,0x90,0x78,0x10,0x10,0x10,
    0x00,0x80,0x80,0x80,0xF0,0x78,0x40,0x70,0x40,0x40,
    0x00,0x90,0x90,0x60,0x40,0x78,0x10,0x10,0x10,0x10,
    0x00,0xE0,0x80,0xC0,0x80,0xB8,0x20,0x30,0x20,0x20,
    0x00,0x70,0x80,0x80,0x70,0x70,0x48,0x70,0x48,0x48,
    0x00,0x90,0xD0,0xD0,0xB0,0x90,0x40,0x40,0x40,0x78,
    0x00,0x00,0x00,0x00,0x00,0xFF,0x00,0x00,0x00,0x00,
    0x00,0x00,0x00,0x00,0xFF,0xFF,0x00,0x00,0x00,0x00,
    0x20,0x20,0x20,0x20,0x20,0x20,0x20,0x20,0x20,0x20,
    0x30,0x30,0x30,0x30,0x30,0x30,0x30,0x30,0x30,0x30,
    0x00,0x00,0x00,0x00,0x00,0xA8,0x00,0x00,0x00,0x00,
    0x00,0x00,0x00,0x00,0xA8,0xA8,0x00,0x00,0x00,0x00,
    0x20,0x20,0x00,0x20,0x20,0x20,0x00,0x20,0x20,0x00,
    0x30,0x30,0x00,0x30,0x30,0x30,0x00,0x30,0x30,0x00,
    0x00,0x00,0x00,0x00,0x00,0xA8,0x00,0x00,0x00,0x00,
    0x00,0x00,0x00,0x00,0xA8,0xA8,0x00,0x00,0x00,0x00,
    0x20,0x20,0x00,0x20,0x00,0x20,0x20,0x00,0x20,0x00,
    0x30,0x30,0x00,0x30,0x00,0x30,0x30,0x00,0x30,0x00,
    0x00,0x00,0x00,0x00,0x00,0x3C,0x20,0x20,0x20,0x20,
    0x00,0x00,0x00,0x00,0x3C,0x3C,0x20,0x20,0x20,0x20,
    0x00,0x00,0x00,0x00,0x00,0x3C,0x30,0x30,0x30,0x30,
    0x00,0x00,0x00,0x00,0x3C,0x3C,0x30,0x30,0x30,0x30,
    0x00,0x00,0x00,0x00,0x00,0xE0,0x20,0x20,0x20,0x20,
    0x00,0x00,0x00,0x00,0xE0,0xE0,0x20,0x20,0x20,0x20,
    0x00,0x00,0x00,0x00,0x00,0xF0,0x30,0x30,0x30,0x30,
    0x00,0x00,0x00,0x00,0xF0,0xF0,0x30,0x30,0x30,0x30,
    0x20,0x20,0x20,0x20,0x20,0x3C,0x00,0x00,0x00,0x00,
    0x20,0x20,0x20,0x20,0x3C,0x3C,0x00,0x00,0x00,0x00,
    0x30,0x30,0x30,0x30,0x30,0x3C,0x00,0x00,0x00,0x00,
    0x30,0x30,0x30,0x30,0x3C,0x3C,0x00,0x00,0x00,0x00,
    0x20,0x20,0x20,0x20,0x20,0xE0,0x00,0x00,0x00,0x00,
    0x20,0x20,0x20,0x20,0xE0,0xE0,0x00,0x00,0x00,0x00,
    0x30,0x30,0x30,0x30,0x30,0xF0,0x00,0x00,0x00,0x00,
    0x30,0x30,0x30,0x30,0xF0,0xF0,0x00,0x00,0x00,0x00,
    0x20,0x20,0x20,0x20,0x20,0x3C,0x20,0x20,0x20,0x20,
    0x20,0x20,0x20,0x20,0x3C,0x3C,0x20,0x20,0x20,0x20,
    0x30,0x30,0x30,0x30,0x30,0x3C,0x20,0x20,0x20,0x20,
    0x20,0x20,0x20,0x20,0x20,0x3C,0x30,0x30,0x30,0x30,
    0x30,0x30,0x30,0x30,0x30,0x3C,0x30,0x30,0x30,0x30,
    0x30,0x30,0x30,0x30,0x3C,0x3C,0x20,0x20,0x20,0x20,
    0x20,0x20,0x20,0x20,0x3C,0x3C,0x30,0x30,0x30,0x30,
    0x30,0x30,0x30,0x30,0x3C,0x3C,0x30,0x30,0x30,0x30,
    0x20,0x20,0x20,0x20,0x20,0xE0,0x20,0x20,0x20,0x20,
    0x20,0x20,0x20,0x20,0xE0,0xE0,0x20,0x20,0x20,0x20,
    0x30,0x30,0x30,0x30,0x30,0xE0,0x20,0x20,0x20,0x20,
    0x20,0x20,0x20,0x20,0x20,0xF0,0x30,0x30,0x30,0x30,
    0x30,0x30,0x30,0x30,0x30,0xF0,0x30,0x30,0x30,0x30,
    0x30,0x30,0x30,0x30,0xF0,0xE0,0x20,0x20,0x20,0x20,
    0x20,0x20,0x20,0x20,0xE0,0xF0,0x30,0x30,0x30,0x30,
    0x30,0x30,0x30,0x30,0xF0,0xF0,0x30,0x30,0x30,0x30,
    0x00,0x00,0x00,0x00,0x00,0xFC,0x20,0x20,0x20,0x20,
    0x00,0x00,0x00,0x00,0xE0,0xFC,0x20,0x20,0x20,0x20,
    0x00,0x00,0x00,0x00,0x1C,0xFC,0x20,0x20,0x20,0x20,
    0x00,0x00,0x00,0x00,0xFC,0xFC,0x20,0x20,0x20,0x20,
    0x00,0x00,0x00,0x00,0x00,0xFC,0x30,0x30,0x30,0x30,
    0x00,0x00,0x00,0x00,0xE0,0xFC,0x30,0x30,0x30,0x30,
    0x00,0x00,0x00,0x00,0x1C,0xFC,0x30,0x30,0x30,0x30,
    0x00,0x00,0x00,0x00,0xFC,0xFC,0x30,0x30,0x30,0x30,
    0x20,0x20,0x20,0x20,0x20,0xFC,0x00,0x00,0x00,0x00,
    0x20,0x20,0x20,0x20,0xE0,0xFC,0x00,0x00,0x00,0x00,
    0x20,0x20,0x20,0x20,0x3C,0xFC,0x00,0x00,0x00,0x00,
    0x20,0x20,0x20,0x20,0xFC,0xFC,0x00,0x00,0x00,0x00,
    0x30,0x30,0x30,0x30,0x30,0xFC,0x00,0x00,0x00,0x00,
    0x30,0x30,0x30,0x30,0xF0,0xFC,0x00,0x00,0x00,0x00,
    0x30,0x30,0x30,0x30,0x3C,0xFC,0x00,0x00,0x00,0x00,
    0x30,0x30,0x30,0x30,0xFC,0xFC,0x00,0x00,0x00,0x00,
    0x20,0x20,0x20,0x20,0x20,0xFC,0x20,0x20,0x20,0x20,
    0x20,0x20,0x20,0x20,0xE0,0xFC,0x20,0x20,0x20,0x20,
    0x20,0x20,0x20,0x20,0x3C,0xFC,0x20,0x20,0x20,0x20,
    0x20,0x20,0x20,0x20,0xFC,0xFC,0x20,0x20,0x20,0x20,
    0x30,0x30,0x30,0x30,0x30,0xFC,0x20,0x20,0x20,0x20,
    0x20,0x20,0x20,0x20,0x20,0xFC,0x30,0x30,0x30,0x30,
    0x30,0x30,0x30,0x30,0x30,0xFC,0x30,0x30,0x30,0x30,
    0x30,0x30,0x30,0x30,0xF0,0xFC,0x20,0x20,0x20,0x20,
    0x30,0x30,0x30,0x30,0x3C,0xFC,0x20,0x20,0x20,0x20,
    0x20,0x20,0x20,0x20,0xE0,0xFC,0x30,0x30,0x30,0x30,
    0x20,0x20,0x20,0x20,0x3C,0xFC,0x30,0x30,0x30,0x30,
    0x30,0x30,0x30,0x30,0xFC,0xFC,0x20,0x20,0x20,0x20,
    0x20,0x20,0x20,0x20,0xFC,0xFC,0x30,0x30,0x30,0x30,
    0x30,0x30,0x30,0x30,0xF0,0xFC,0x30,0x30,0x30,0x30,
    0x30,0x30,0x30,0x30,0x3C,0xFC,0x30,0x30,0x30,0x30,
    0x30,0x30,0x30,0x30,0xFC,0xFC,0x30,0x30,0x30,0x30,
    0x00,0x00,0x00,0x00,0x00,0xD8,0x00,0x00,0x00,0x00,
    0x00,0x00,0x00,0x00,0xD8,0xD8,0x00,0x00,0x00,0x00,
    0x20,0x20,0x20,0x20,0x00,0x20,0x20,0x20,0x20,0x00,
    0x30,0x30,0x30,0x30,0x00,0x30,0x30,0x30,0x30,0x00,
    0x00,0x00,0x00,0x00,0xFF,0x00,0xFF,0x00,0x00,0x00,
    0x50,0x50,0x50,0x50,0x50,0x50,0x50,0x50,0x50,0x50,
    0x00,0x00,0x00,0x00,0x3C,0x20,0x3C,0x20,0x20,0x20,
    0x00,0x00,0x00,0x00,0x00,0x7C,0x50,0x50,0x50,0x50,
    0x00,0x00,0x00,0x00,0x7C,0x40,0x5C,0x50,0x50,0x50,
    0x00,0x00,0x00,0x00,0xE0,0x20,0xE0,0x20,0x20,0x20,
    0x00,0x00,0x00,0x00,0x00,0xF0,0x50,0x50,0x50,0x50,
    0x00,0x00,0x00,0x00,0xF0,0x10,0xD0,0x50,0x50,0x50,
    0x20,0x20,0x20,0x20,0x3C,0x20,0x3C,0x00,0x00,0x00,
    0x50,0x50,0x50,0x50,0x50,0x7C,0x00,0x00,0x00,0x00,
    0x50,0x50,0x50,0x50,0x5C,0x40,0x7C,0x00,0x00,0x00,
    0x20,0x20,0x20,0x20,0xE0,0x20,0xE0,0x00,0x00,0x00,
    0x50,0x50,0x50,0x50,0x50,0xF0,0x00,0x00,0x00,0x00,
    0x50,0x50,0x50,0x50,0xD0,0x10,0xF0,0x00,0x00,0x00,
    0x20,0x20,0x20,0x20,0x3C,0x20,0x3C,0x20,0x20,0x20,
    0x50,0x50,0x50,0x50,0x50,0x5C,0x50,0x50,0x50,0x50,
    0x50,0x50,0x50,0x50,0x5C,0x40,0x5C,0x50,0x50,0x50,
    0x20,0x20,0x20,0x20,0xE0,0x20,0xE0,0x20,0x20,0x20,
    0x50,0x50,0x50,0x50,0x50,0xD0,0x50,0x50,0x50,0x50,
    0x50,0x50,0x50,0x50,0xD0,0x10,0xD0,0x50,0x50,0x50,
    0x00,0x00,0x00,0x00,0xFC,0x00,0xFC,0x20,0x20,0x20,
    0x00,0x00,0x00,0x00,0x00,0xFC,0x50,0x50,0x50,0x50,
    0x00,0x00,0x00,0x00,0xFC,0x00,0xDC,0x50,0x50,0x50,
    0x20,0x20,0x20,0x20,0xFC,0x00,0xFC,0x00,0x00,0x00,
    0x50,0x50,0x50,0x50,0x50,0xFC,0x00,0x00,0x00,0x00,
    0x50,0x50,0x50,0x50,0xDC,0x00,0xFC,0x00,0x00,0x00,
    0x20,0x20,0x20,0x20,0xFC,0x20,0xFC,0x20,0x20,0x20,
    0x50,0x50,0x50,0x50,0x50,0xFC,0x50,0x50,0x50,0x50,
    0x50,0x50,0x50,0x50,0xDC,0x00,0xDC,0x50,0x50,0x50,
    0x00,0x00,0x00,0x00,0x00,0x0C,0x10,0x20,0x20,0x20,
    0x00,0x00,0x00,0x00,0x00,0x80,0x40,0x20,0x20,0x20,
    0x20,0x20,0x20,0x20,0x40,0x80,0x00,0x00,0x00,0x00,
    0x20,0x20,0x20,0x20,0x10,0x0C,0x00,0x00,0x00,0x00,
    0x04,0x04,0x08,0x10,0x10,0x20,0x20,0x40,0x80,0x80,
    0x80,0x80,0x40,0x20,0x20,0x10,0x10,0x08,0x04,0x04,
    0x84,0x84,0x48,0x30,0x30,0x30,0x30,0x48,0x84,0x84,
    0x00,0x00,0x00,0x00,0x00,0xE0,0x00,0x00,0x00,0x00,
    0x20,0x20,0x20,0x20,0x20,0x00,0x00,0x00,0x00,0x00,
    0x00,0x00,0x00,0x00,0x00,0x1C,0x00,0x00,0x00,0x00,
    0x00,0x00,0x00,0x00,0x00,0x20,0x20,0x20,0x20,0x20,
    0x00,0x00,0x00,0x00,0xE0,0xE0,0x00,0x00,0x00,0x00,
    0x30,0x30,0x30,0x30,0x30,0x00,0x00,0x00,0x00,0x00,
    0x00,0x00,0x00,0x00,0x1C,0x1C,0x00,0x00,0x00,0x00,
    0x00,0x00,0x00,0x00,0x00,0x30,0x30,0x30,0x30,0x30,
    0x00,0x00,0x00,0x00,0x1C,0xFC,0x00,0x00,0x00,0x00,
    0x20,0x20,0x20,0x20,0x20,0x30,0x30,0x30,0x30,0x30,
    0x00,0x00,0x00,0x00,0xE0,0xFC,0x00,0x00,0x00,0x00,
    0x30,0x30,0x30,0x30,0x30,0x20,0x20,0x20,0x20,0x20,
    0xFC,0xFC,0xFC,0xFC,0xFC,0x00,0x00,0x00,0x00,0x00,
    0x00,0x00,0x00,0x00,0x00,0x00,0x00,0x00,0x00,0xFC,
    0x00,0x00,0x00,0x00,0x00,0x00,0x00,0x00,0xFC,0xFC,
    0x00,0x00,0x00,0x00,0x00,0x00,0xFC,0xFC,0xFC,0xFC,
    0x00,0x00,0x00,0x00,0x00,0xFC,0xFC,0xFC,0xFC,0xFC,
    0x00,0x00,0x00,0x00,0xFC,0xFC,0xFC,0xFC,0xFC,0xFC,
    0x00,0x00,0xFC,0xFC,0xFC,0xFC,0xFC,0xFC,0xFC,0xFC,
    0x00,0xFC,0xFC,0xFC,0xFC,0xFC,0xFC,0xFC,0xFC,0xFC,
    0xFC,0xFC,0xFC,0xFC,0xFC,0xFC,0xFC,0xFC,0xFC,0xFC,
    0xF8,0xF8,0xF8,0xF8,0xF8,0xF8,0xF8,0xF8,0xF8,0xF8,
    0xF0,0xF0,0xF0,0xF0,0xF0,0xF0,0xF0,0xF0,0xF0,0xF0,
    0xF0,0xF0,0xF0,0xF0,0xF0,0xF0,0xF0,0xF0,0xF0,0xF0,
    0xE0,0xE0,0xE0,0xE0,0xE0,0xE0,0xE0,0xE0,0xE0,0xE0,
    0xC0,0xC0,0xC0,0xC0,0xC0,0xC0,0xC0,0xC0,0xC0,0xC0,
    0xC0,0xC0,0xC0,0xC0,0xC0,0xC0,0xC0,0xC0,0xC0,0xC0,
    0x80,0x80,0x80,0x80,0x80,0x80,0x80,0x80,0x80,0x80,
    0x1C,0x1C,0x1C,0x1C,0x1C,0x1C,0x1C,0x1C,0x1C,0x1C,
    0xA8,0x00,0x54,0x00,0xA8,0x00,0x54,0x00,0xA8,0x00,
    0xA8,0x54,0xA8,0x54,0xA8,0x54,0xA8,0x54,0xA8,0x54,
    0xA8,0xFC,0x54,0xFC,0xA8,0xFC,0x54,0xFC,0xA8,0xFC,
    0xFC,0x00,0x00,0x00,0x00,0x00,0x00,0x00,0x00,0x00,
    0x04,0x04,0x04,0x04,0x04,0x04,0x04,0x04,0x04,0x04,
    0x00,0x00,0x00,0x00,0x00,0xE0,0xE0,0xE0,0xE0,0xE0,
    0x00,0x00,0x00,0x00,0x00,0x1C,0x1C,0x1C,0x1C,0x1C,
    0xE0,0xE0,0xE0,0xE0,0xE0,0x00,0x00,0x00,0x00,0x00,
    0xE0,0xE0,0xE0,0xE0,0xE0,0xFC,0xFC,0xFC,0xFC,0xFC,
    0xE0,0xE0,0xE0,0xE0,0xE0,0x1C,0x1C,0x1C,0x1C,0x1C,
    0xFC,0xFC,0xFC,0xFC,0xFC,0xE0,0xE0,0xE0,0xE0,0xE0,
    0xFC,0xFC,0xFC,0xFC,0xFC,0x1C,0x1C,0x1C,0x1C,0x1C,
    0x1C,0x1C,0x1C,0x1C,0x1C,0x00,0x00,0x00,0x00,0x00,
    0x1C,0x1C,0x1C,0x1C,0x1C,0xE0,0xE0,0xE0,0xE0,0xE0,
    0x1C,0x1C,0x1C,0x1C,0x1C,0xFC,0xFC,0xFC,0xFC,0xFC,
    0x00,0x00,0x00,0xF8,0xF8,0xF8,0xF8,0xF8,0x00,0x00,
    0x00,0x00,0x00,0xF8,0x88,0x88,0x88,0xF8,0x00,0x00,
    0x00,0x00,0x00,0x00,0x78,0x78,0x78,0x78,0x00,0x00,
    0x00,0x00,0x00,0x00,0x78,0x48,0x48,0x78,0x00,0x00,
    0x00,0x00,0x00,0x00,0xFC,0xFC,0xFC,0xFC,0x00,0x00,
    0x00,0x00,0x00,0x78,0x78,0x78,0x78,0x78,0x78,0x00,
    0x00,0x00,0x20,0x20,0x70,0x70,0xF8,0xF8,0x00,0x00,
    0x00,0x00,0x20,0x20,0x50,0x50,0x88,0xF8,0x00,0x00,
    0x00,0x00,0x00,0xC0,0xF0,0xFC,0xF0,0xC0,0x00,0x00,
    0x00,0x00,0x00,0xC0,0xB0,0x8C,0xB0,0xC0,0x00,0x00,
    0x00,0x00,0xF8,0xF8,0x70,0x70,0x20,0x20,0x00,0x00,
    0x00,0x00,0xF8,0x88,0x50,0x50,0x20,0x20,0x00,0x00,
    0x00,0x00,0x00,0x0C,0x3C,0xFC,0x3C,0x0C,0x00,0x00,
    0x00,0x00,0x00,0x0C,0x34,0xC4,0x34,0x0C,0x00,0x00,
    0x00,0x00,0x20,0x70,0xF8,0x70,0x20,0x00,0x00,0x00,
    0x00,0x20,0x50,0x50,0x88,0x50,0x50,0x20,0x00,0x00,
    0x00,0x00,0x00,0x70,0x88,0x88,0x88,0x70,0x00,0x00,
    0x00,0x00,0x00,0x70,0xF8,0xF8,0xF8,0x70,0x00,0x00,
    0x00,0x00,0x00,0x70,0xF8,0xF8,0xF8,0x70,0x00,0x00,
    0xFC,0xFC,0xFC,0xCC,0x84,0x84,0xCC,0xFC,0xFC,0xFC,
    0xFC,0xFC,0xFC,0xCC,0xB4,0xB4,0xCC,0xFC,0xFC,0xFC,
    0x00,0x00,0x00,0x30,0x48,0x48,0x30,0x00,0x00,0x00,
    0x00,0x10,0x54,0x00,0xB0,0x34,0x00,0xA8,0x20,0x00,
    0x00,0x00,0x78,0x84,0xCC,0x84,0xB4,0x84,0x78,0x00,
    0x00,0x70,0xF8,0xA8,0xF8,0xA8,0xD8,0x70,0x00,0x00,
    0x00,0x10,0x54,0x00,0xB0,0x34,0x00,0xA8,0x20,0x00,
    0x00,0x88,0x70,0x88,0x88,0x88,0x70,0x20,0x70,0x20,
    0x00,0x00,0x70,0x88,0x88,0x88,0x70,0x20,0x70,0x20,
    0x20,0x70,0x20,0x70,0x88,0x88,0x88,0x70,0x00,0x00,
    0x00,0x1C,0x0C,0x74,0x88,0x88,0x88,0x70,0x00,0x00,
    0x00,0x20,0x20,0x70,0xF8,0xF8,0x20,0x70,0x00,0x00,
    0x00,0x00,0x50,0xA8,0xA8,0x88,0x50,0x20,0x00,0x00,
    0x20,0x50,0x50,0x88,0x88,0x50,0x50,0x20,0x00,0x00,
    0x00,0x70,0x20,0xA8,0xF8,0xA8,0x20,0x70,0x00,0x00,
    0x00,0x20,0x20,0x50,0x88,0xD8,0x20,0x70,0x00,0x00,
    0x00,0x00,0x50,0xF8,0xF8,0xF8,0x70,0x20,0x00,0x00,
    0x20,0x70,0x70,0xF8,0xF8,0x70,0x70,0x20,0x00,0x00,
    0x00,0x00,0x30,0x28,0x20,0x60,0xE0,0x60,0x00,0x00,
    0x00,0x60,0x50,0x48,0x48,0xC8,0xD8,0x18,0x00,0x00,
    0x00,0x60,0x50,0x68,0x58,0xC8,0xD8,0x18,0x00,0x00,
    0x00,0x40,0x40,0x50,0x68,0x48,0x50,0x60,0x00,0x00,
    0x00,0x40,0x48,0x58,0x68,0x58,0x68,0x48,0x08,0x00,
    0x00,0x10,0x58,0x70,0xD0,0x58,0x70,0xD0,0x40,0x00,
    0x00,0x10,0x20,0x20,0x40,0x20,0x20,0x10,0x00,0x00,
    0x00,0x40,0x20,0x20,0x10,0x20,0x20,0x40,0x00,0x00,
    0x00,0x00,0x00,0x00,0x00,0x00,0x00,0x00,0x00,0x00,
    0x00,0x40,0x00,0x00,0x00,0x00,0x00,0x00,0x00,0x00,
    0x00,0x00,0x00,0x40,0x00,0x00,0x00,0x00,0x00,0x00,
    0x00,0x40,0x00,0x40,0x00,0x00,0x00,0x00,0x00,0x00,
    0x00,0x00,0x00,0x00,0x00,0x40,0x00,0x00,0x00,0x00,
    0x00,0x40,0x00,0x00,0x00,0x40,0x00,0x00,0x00,0x00,
    0x00,0x00,0x00,0x40,0x00,0x40,0x00,0x00,0x00,0x00,
    0x00,0x40,0x00,0x40,0x00,0x40,0x00,0x00,0x00,0x00,
    0x00,0x10,0x00,0x00,0x00,0x00,0x00,0x00,0x00,0x00,
    0x00,0x50,0x00,0x00,0x00,0x00,0x00,0x00,0x00,0x00,
    0x00,0x10,0x00,0x40,0x00,0x00,0x00,0x00,0x00,0x00,
    0x00,0x50,0x00,0x40,0x00,0x00,0x00,0x00,0x00,0x00,
    0x00,0x10,0x00,0x00,0x00,0x40,0x00,0x00,0x00,0x00,
    0x00,0x50,0x00,0x00,0x00,0x40,0x00,0x00,0x00,0x00,
    0x00,0x10,0x00,0x40,0x00,0x40,0x00,0x00,0x00,0x00,
    0x00,0x50,0x00,0x40,0x00,0x40,0x00,0x00,0x00,0x00,
    0x00,0x00,0x00,0x10,0x00,0x00,0x00,0x00,0x00,0x00,
    0x00,0x40,0x00,0x10,0x00,0x00,0x00,0x00,0x00,0x00,
    0x00,0x00,0x00,0x50,0x00,0x00,0x00,0x00,0x00,0x00,
    0x00,0x40,0x00,0x50,0x00,0x00,0x00,0x00,0x00,0x00,
    0x00,0x00,0x00,0x10,0x00,0x40,0x00,0x00,0x00,0x00,
    0x00,0x40,0x00,0x10,0x00,0x40,0x00,0x00,0x00,0x00,
    0x00,0x00,0x00,0x50,0x00,0x40,0x00,0x00,0x00,0x00,
    0x00,0x40,0x00,0x50,0x00,0x40,0x00,0x00,0x00,0x00,
    0x00,0x10,0x00,0x10,0x00,0x00,0x00,0x00,0x00,0x00,
    0x00,0x50,0x00,0x10,0x00,0x00,0x00,0x00,0x00,0x00,
    0x00,0x10,0x00,0x50,0x00,0x00,0x00,0x00,0x00,0x00,
    0x00,0x50,0x00,0x50,0x00,0x00,0x00,0x00,0x00,0x00,
    0x00,0x10,0x00,0x10,0x00,0x40,0x00,0x00,0x00,0x00,
    0x00,0x50,0x00,0x10,0x00,0x40,0x00,0x00,0x00,0x00,
    0x00,0x10,0x00,0x50,0x00,0x40,0x00,0x00,0x00,0x00,
    0x00,0x50,0x00,0x50,0x00,0x40,0x00,0x00,0x00,0x00,
    0x00,0x00,0x00,0x00,0x00,0x10,0x00,0x00,0x00,0x00,
    0x00,0x40,0x00,0x00,0x00,0x10,0x00,0x00,0x00,0x00,
    0x00,0x00,0x00,0x40,0x00,0x10,0x00,0x00,0x00,0x00,
    0x00,0x40,0x00,0x40,0x00,0x10,0x00,0x00,0x00,0x00,
    0x00,0x00,0x00,0x00,0x00,0x50,0x00,0x00,0x00,0x00,
    0x00,0x40,0x00,0x00,0x00,0x50,0x00,0x00,0x00,0x00,
    0x00,0x00,0x00,0x40,0x00,0x50,0x00,0x00,0x00,0x00,
    0x00,0x40,0x00,0x40,0x00,0x50,0x00,0x00,0x00,0x00,
    0x00,0x10,0x00,0x00,0x00,0x10,0x00,0x00,0x00,0x00,
    0x00,0x50,0x00,0x00,0x00,0x10,0x00,0x00,0x00,0x00,
    0x00,0x10,0x00,0x40,0x00,0x10,0x00,0x00,0x00,0x00,
    0x00,0x50,0x00,0x40,0x00,0x10,0x00,0x00,0x00,0x00,
    0x00,0x10,0x00,0x00,0x00,0x50,0x00,0x00,0x00,0x00,
    0x00,0x50,0x00,0x00,0x00,0x50,0x00,0x00,0x00,0x00,
    0x00,0x10,0x00,0x40,0x00,0x50,0x00,0x00,0x00,0x00,
    0x00,0x50,0x00,0x40,0x00,0x50,0x00,0x00,0x00,0x00,
    0x00,0x00,0x00,0x10,0x00,0x10,0x00,0x00,0x00,0x00,
    0x00,0x40,0x00,0x10,0x00,0x10,0x00,0x00,0x00,0x00,
    0x00,0x00,0x00,0x50,0x00,0x10,0x00,0x00,0x00,0x00,
    0x00,0x40,0x00,0x50,0x00,0x10,0x00,0x00,0x00,0x00,
    0x00,0x00,0x00,0x10,0x00,0x50,0x00,0x00,0x00,0x00,
    0x00,0x40,0x00,0x10,0x00,0x50,0x00,0x00,0x00,0x00,
    0x00,0x00,0x00,0x50,0x00,0x50,0x00,0x00,0x00,0x00,
    0x00,0x40,0x00,0x50,0x00,0x50,0x00,0x00,0x00,0x00,
    0x00,0x10,0x00,0x10,0x00,0x10,0x00,0x00,0x00,0x00,
    0x00,0x50,0x00,0x10,0x00,0x10,0x00,0x00,0x00,0x00,
    0x00,0x10,0x00,0x50,0x00,0x10,0x00,0x00,0x00,0x00,
    0x00,0x50,0x00,0x50,0x00,0x10,0x00,0x00,0x00,0x00,
    0x00,0x10,0x00,0x10,0x00,0x50,0x00,0x00,0x00,0x00,
    0x00,0x50,0x00,0x10,0x00,0x50,0x00,0x00,0x00,0x00,
    0x00,0x10,0x00,0x50,0x00,0x50,0x00,0x00,0x00,0x00,
    0x00,0x50,0x00,0x50,0x00,0x50,0x00,0x00,0x00,0x00,
    0x00,0x00,0x00,0x00,0x00,0x00,0x00,0x40,0x00,0x00,
    0x00,0x40,0x00,0x00,0x00,0x00,0x00,0x40,0x00,0x00,
    0x00,0x00,0x00,0x40,0x00,0x00,0x00,0x40,0x00,0x00,
    0x00,0x40,0x00,0x40,0x00,0x00,0x00,0x40,0x00,0x00,
    0x00,0x00,0x00,0x00,0x00,0x40,0x00,0x40,0x00,0x00,
    0x00,0x40,0x00,0x00,0x00,0x40,0x00,0x40,0x00,0x00,
    0x00,0x00,0x00,0x40,0x00,0x40,0x00,0x40,0x00,0x00,
    0x00,0x40,0x00,0x40,0x00,0x40,0x00,0x40,0x00,0x00,
    0x00,0x10,0x00,0x00,0x00,0x00,0x00,0x40,0x00,0x00,
    0x00,0x50,0x00,0x00,0x00,0x00,0x00,0x40,0x00,0x00,
    0x00,0x10,0x00,0x40,0x00,0x00,0x00,0x40,0x00,0x00,
    0x00,0x50,0x00,0x40,0x00,0x00,0x00,0x40,0x00,0x00,
    0x00,0x10,0x00,0x00,0x00,0x40,0x00,0x40,0x00,0x00,
    0x00,0x50,0x00,0x00,0x00,0x40,0x00,0x40,0x00,0x00,
    0x00,0x10,0x00,0x40,0x00,0x40,0x00,0x40,0x00,0x00,
    0x00,0x50,0x00,0x40,0x00,0x40,0x00,0x40,0x00,0x00,
    0x00,0x00,0x00,0x10,0x00,0x00,0x00,0x40,0x00,0x00,
    0x00,0x40,0x00,0x10,0x00,0x00,0x00,0x40,0x00,0x00,
    0x00,0x00,0x00,0x50,0x00,0x00,0x00,0x40,0x00,0x00,
    0x00,0x40,0x00,0x50,0x00,0x00,0x00,0x40,0x00,0x00,
    0x00,0x00,0x00,0x10,0x00,0x40,0x00,0x40,0x00,0x00,
    0x00,0x40,0x00,0x10,0x00,0x40,0x00,0x40,0x00,0x00,
    0x00,0x00,0x00,0x50,0x00,0x40,0x00,0x40,0x00,0x00,
    0x00,0x40,0x00,0x50,0x00,0x40,0x00,0x40,0x00,0x00,
    0x00,0x10,0x00,0x10,0x00,0x00,0x00,0x40,0x00,0x00,
    0x00,0x50,0x00,0x10,0x00,0x00,0x00,0x40,0x00,0x00,
    0x00,0x10,0x00,0x50,0x00,0x00,0x00,0x40,0x00,0x00,
    0x00,0x50,0x00,0x50,0x00,0x00,0x00,0x40,0x00,0x00,
    0x00,0x10,0x00,0x10,0x00,0x40,0x00,0x40,0x00,0x00,
    0x00,0x50,0x00,0x10,0x00,0x40,0x00,0x40,0x00,0x00,
    0x00,0x10,0x00,0x50,0x00,0x40,0x00,0x40,0x00,0x00,
    0x00,0x50,0x00,0x50,0x00,0x40,0x00,0x40,0x00,0x00,
    0x00,0x00,0x00,0x00,0x00,0x10,0x00,0x40,0x00,0x00,
    0x00,0x40,0x00,0x00,0x00,0x10,0x00,0x40,0x00,0x00,
    0x00,0x00,0x00,0x40,0x00,0x10,0x00,0x40,0x00,0x00,
    0x00,0x40,0x00,0x40,0x00,0x10,0x00,0x40,0x00,0x00,
    0x00,0x00,0x00,0x00,0x00,0x50,0x00,0x40,0x00,0x00,
    0x00,0x40,0x00,0x00,0x00,0x50,0x00,0x40,0x00,0x00,
    0x00,0x00,0x00,0x40,0x00,0x50,0x00,0x40,0x00,0x00,
    0x00,0x40,0x00,0x40,0x00,0x50,0x00,0x40,0x00,0x00,
    0x00,0x10,0x00,0x00,0x00,0x10,0x00,0x40,0x00,0x00,
    0x00,0x50,0x00,0x00,0x00,0x10,0x00,0x40,0x00,0x00,
    0x00,0x10,0x00,0x40,0x00,0x10,0x00,0x40,0x00,0x00,
    0x00,0x50,0x00,0x40,0x00,0x10,0x00,0x40,0x00,0x00,
    0x00,0x10,0x00,0x00,0x00,0x50,0x00,0x40,0x00,0x00,
    0x00,0x50,0x00,0x00,0x00,0x50,0x00,0x40,0x00,0x00,
    0x00,0x10,0x00,0x40,0x00,0x50,0x00,0x40,0x00,0x00,
    0x00,0x50,0x00,0x40,0x00,0x50,0x00,0x40,0x00,0x00,
    0x00,0x00,0x00,0x10,0x00,0x10,0x00,0x40,0x00,0x00,
    0x00,0x40,0x00,0x10,0x00,0x10,0x00,0x40,0x00,0x00,
    0x00,0x00,0x00,0x50,0x00,0x10,0x00,0x40,0x00,0x00,
    0x00,0x40,0x00,0x50,0x00,0x10,0x00,0x40,0x00,0x00,
    0x00,0x00,0x00,0x10,0x00,0x50,0x00,0x40,0x00,0x00,
    0x00,0x40,0x00,0x10,0x00,0x50,0x00,0x40,0x00,0x00,
    0x00,0x00,0x00,0x50,0x00,0x50,0x00,0x40,0x00,0x00,
    0x00,0x40,0x00,0x50,0x00,0x50,0x00,0x40,0x00,0x00,
    0x00,0x10,0x00,0x10,0x00,0x10,0x00,0x40,0x00,0x00,
    0x00,0x50,0x00,0x10,0x00,0x10,0x00,0x40,0x00,0x00,
    0x00,0x10,0x00,0x50,0x00,0x10,0x00,0x40,0x00,0x00,
    0x00,0x50,0x00,0x50,0x00,0x10,0x00,0x40,0x00,0x00,
    0x00,0x10,0x00,0x10,0x00,0x50,0x00,0x40,0x00,0x00,
    0x00,0x50,0x00,0x10,0x00,0x50,0x00,0x40,0x00,0x00,
    0x00,0x10,0x00,0x50,0x00,0x50,0x00,0x40,0x00,0x00,
    0x00,0x50,0x00,0x50,0x00,0x50,0x00,0x40,0x00,0x00,
    0x00,0x00,0x00,0x00,0x00,0x00,0x00,0x10,0x00,0x00,
    0x00,0x40,0x00,0x00,0x00,0x00,0x00,0x10,0x00,0x00,
    0x00,0x00,0x00,0x40,0x00,0x00,0x00,0x10,0x00,0x00,
    0x00,0x40,0x00,0x40,0x00,0x00,0x00,0x10,0x00,0x00,
    0x00,0x00,0x00,0x00,0x00,0x40,0x00,0x10,0x00,0x00,
    0x00,0x40,0x00,0x00,0x00,0x40,0x00,0x10,0x00,0x00,
    0x00,0x00,0x00,0x40,0x00,0x40,0x00,0x10,0x00,0x00,
    0x00,0x40,0x00,0x40,0x00,0x40,0x00,0x10,0x00,0x00,
    0x00,0x10,0x00,0x00,0x00,0x00,0x00,0x10,0x00,0x00,
    0x00,0x50,0x00,0x00,0x00,0x00,0x00,0x10,0x00,0x00,
    0x00,0x10,0x00,0x40,0x00,0x00,0x00,0x10,0x00,0x00,
    0x00,0x50,0x00,0x40,0x00,0x00,0x00,0x10,0x00,0x00,
    0x00,0x10,0x00,0x00,0x00,0x40,0x00,0x10,0x00,0x00,
    0x00,0x50,0x00,0x00,0x00,0x40,0x00,0x10,0x00,0x00,
    0x00,0x10,0x00,0x40,0x00,0x40,0x00,0x10,0x00,0x00,
    0x00,0x50,0x00,0x40,0x00,0x40,0x00,0x10,0x00,0x00,
    0x00,0x00,0x00,0x10,0x00,0x00,0x00,0x10,0x00,0x00,
    0x00,0x40,0x00,0x10,0x00,0x00,0x00,0x10,0x00,0x00,
    0x00,0x00,0x00,0x50,0x00,0x00,0x00,0x10,0x00,0x00,
    0x00,0x40,0x00,0x50,0x00,0x00,0x00,0x10,0x00,0x00,
    0x00,0x00,0x00,0x10,0x00,0x40,0x00,0x10,0x00,0x00,
    0x00,0x40,0x00,0x10,0x00,0x40,0x00,0x10,0x00,0x00,
    0x00,0x00,0x00,0x50,0x00,0x40,0x00,0x10,0x00,0x00,
    0x00,0x40,0x00,0x50,0x00,0x40,0x00,0x10,0x00,0x00,
    0x00,0x10,0x00,0x10,0x00,0x00,0x00,0x10,0x00,0x00,
    0x00,0x50,0x00,0x10,0x00,0x00,0x00,0x10,0x00,0x00,
    0x00,0x10,0x00,0x50,0x00,0x00,0x00,0x10,0x00,0x00,
    0x00,0x50,0x00,0x50,0x00,0x00,0x00,0x10,0x00,0x00,
    0x00,0x10,0x00,0x10,0x00,0x40,0x00,0x10,0x00,0x00,
    0x00,0x50,0x00,0x10,0x00,0x40,0x00,0x10,0x00,0x00,
    0x00,0x10,0x00,0x50,0x00,0x40,0x00,0x10,0x00,0x00,
    0x00,0x50,0x00,0x50,0x00,0x40,0x00,0x10,0x00,0x00,
    0x00,0x00,0x00,0x00,0x00,0x10,0x00,0x10,0x00,0x00,
    0x00,0x40,0x00,0x00,0x00,0x10,0x00,0x10,0x00,0x00,
    0x00,0x00,0x00,0x40,0x00,0x10,0x00,0x10,0x00,0x00,
    0x00,0x40,0x00,0x40,0x00,0x10,0x00,0x10,0x00,0x00,
    0x00,0x00,0x00,0x00,0x00,0x50,0x00,0x10,0x00,0x00,
    0x00,0x40,0x00,0x00,0x00,0x50,0x00,0x10,0x00,0x00,
    0x00,0x00,0x00,0x40,0x00,0x50,0x00,0x10,0x00,0x00,
    0x00,0x40,0x00,0x40,0x00,0x50,0x00,0x10,0x00,0x00,
    0x00,0x10,0x00,0x00,0x00,0x10,0x00,0x10,0x00,0x00,
    0x00,0x50,0x00,0x00,0x00,0x10,0x00,0x10,0x00,0x00,
    0x00,0x10,0x00,0x40,0x00,0x10,0x00,0x10,0x00,0x00,
    0x00,0x50,0x00,0x40,0x00,0x10,0x00,0x10,0x00,0x00,
    0x00,0x10,0x00,0x00,0x00,0x50,0x00,0x10,0x00,0x00,
    0x00,0x50,0x00,0x00,0x00,0x50,0x00,0x10,0x00,0x00,
    0x00,0x10,0x00,0x40,0x00,0x50,0x00,0x10,0x00,0x00,
    0x00,0x50,0x00,0x40,0x00,0x50,0x00,0x10,0x00,0x00,
    0x00,0x00,0x00,0x10,0x00,0x10,0x00,0x10,0x00,0x00,
    0x00,0x40,0x00,0x10,0x00,0x10,0x00,0x10,0x00,0x00,
    0x00,0x00,0x00,0x50,0x00,0x10,0x00,0x10,0x00,0x00,
    0x00,0x40,0x00,0x50,0x00,0x10,0x00,0x10,0x00,0x00,
    0x00,0x00,0x00,0x10,0x00,0x50,0x00,0x10,0x00,0x00,
    0x00,0x40,0x00,0x10,0x00,0x50,0x00,0x10,0x00,0x00,
    0x00,0x00,0x00,0x50,0x00,0x50,0x00,0x10,0x00,0x00,
    0x00,0x40,0x00,0x50,0x00,0x50,0x00,0x10,0x00,0x00,
    0x00,0x10,0x00,0x10,0x00,0x10,0x00,0x10,0x00,0x00,
    0x00,0x50,0x00,0x10,0x00,0x10,0x00,0x10,0x00,0x00,
    0x00,0x10,0x00,0x50,0x00,0x10,0x00,0x10,0x00,0x00,
    0x00,0x50,0x00,0x50,0x00,0x10,0x00,0x10,0x00,0x00,
    0x00,0x10,0x00,0x10,0x00,0x50,0x00,0x10,0x00,0x00,
    0x00,0x50,0x00,0x10,0x00,0x50,0x00,0x10,0x00,0x00,
    0x00,0x10,0x00,0x50,0x00,0x50,0x00,0x10,0x00,0x00,
    0x00,0x50,0x00,0x50,0x00,0x50,0x00,0x10,0x00,0x00,
    0x00,0x00,0x00,0x00,0x00,0x00,0x00,0x50,0x00,0x00,
    0x00,0x40,0x00,0x00,0x00,0x00,0x00,0x50,0x00,0x00,
    0x00,0x00,0x00,0x40,0x00,0x00,0x00,0x50,0x00,0x00,
    0x00,0x40,0x00,0x40,0x00,0x00,0x00,0x50,0x00,0x00,
    0x00,0x00,0x00,0x00,0x00,0x40,0x00,0x50,0x00,0x00,
    0x00,0x40,0x00,0x00,0x00,0x40,0x00,0x50,0x00,0x00,
    0x00,0x00,0x00,0x40,0x00,0x40,0x00,0x50,0x00,0x00,
    0x00,0x40,0x00,0x40,0x00,0x40,0x00,0x50,0x00,0x00,
    0x00,0x10,0x00,0x00,0x00,0x00,0x00,0x50,0x00,0x00,
    0x00,0x50,0x00,0x00,0x00,0x00,0x00,0x50,0x00,0x00,
    0x00,0x10,0x00,0x40,0x00,0x00,0x00,0x50,0x00,0x00,
    0x00,0x50,0x00,0x40,0x00,0x00,0x00,0x50,0x00,0x00,
    0x00,0x10,0x00,0x00,0x00,0x40,0x00,0x50,0x00,0x00,
    0x00,0x50,0x00,0x00,0x00,0x40,0x00,0x50,0x00,0x00,
    0x00,0x10,0x00,0x40,0x00,0x40,0x00,0x50,0x00,0x00,
    0x00,0x50,0x00,0x40,0x00,0x40,0x00,0x50,0x00,0x00,
    0x00,0x00,0x00,0x10,0x00,0x00,0x00,0x50,0x00,0x00,
    0x00,0x40,0x00,0x10,0x00,0x00,0x00,0x50,0x00,0x00,
    0x00,0x00,0x00,0x50,0x00,0x00,0x00,0x50,0x00,0x00,
    0x00,0x40,0x00,0x50,0x00,0x00,0x00,0x50,0x00,0x00,
    0x00,0x00,0x00,0x10,0x00,0x40,0x00,0x50,0x00,0x00,
    0x00,0x40,0x00,0x10,0x00,0x40,0x00,0x50,0x00,0x00,
    0x00,0x00,0x00,0x50,0x00,0x40,0x00,0x50,0x00,0x00,
    0x00,0x40,0x00,0x50,0x00,0x40,0x00,0x50,0x00,0x00,
    0x00,0x10,0x00,0x10,0x00,0x00,0x00,0x50,0x00,0x00,
    0x00,0x50,0x00,0x10,0x00,0x00,0x00,0x50,0x00,0x00,
    0x00,0x10,0x00,0x50,0x00,0x00,0x00,0x50,0x00,0x00,
    0x00,0x50,0x00,0x50,0x00,0x00,0x00,0x50,0x00,0x00,
    0x00,0x10,0x00,0x10,0x00,0x40,0x00,0x50,0x00,0x00,
    0x00,0x50,0x00,0x10,0x00,0x40,0x00,0x50,0x00,0x00,
    0x00,0x10,0x00,0x50,0x00,0x40,0x00,0x50,0x00,0x00,
    0x00,0x50,0x00,0x50,0x00,0x40,0x00,0x50,0x00,0x00,
    0x00,0x00,0x00,0x00,0x00,0x10,0x00,0x50,0x00,0x00,
    0x00,0x40,0x00,0x00,0x00,0x10,0x00,0x50,0x00,0x00,
    0x00,0x00,0x00,0x40,0x00,0x10,0x00,0x50,0x00,0x00,
    0x00,0x40,0x00,0x40,0x00,0x10,0x00,0x50,0x00,0x00,
    0x00,0x00,0x00,0x00,0x00,0x50,0x00,0x50,0x00,0x00,
    0x00,0x40,0x00,0x00,0x00,0x50,0x00,0x50,0x00,0x00,
    0x00,0x00,0x00,0x40,0x00,0x50,0x00,0x50,0x00,0x00,
    0x00,0x40,0x00,0x40,0x00,0x50,0x00,0x50,0x00,0x00,
    0x00,0x10,0x00,0x00,0x00,0x10,0x00,0x50,0x00,0x00,
    0x00,0x50,0x00,0x00,0x00,0x10,0x00,0x50,0x00,0x00,
    0x00,0x10,0x00,0x40,0x00,0x10,0x00,0x50,0x00,0x00,
    0x00,0x50,0x00,0x40,0x00,0x10,0x00,0x50,0x00,0x00,
    0x00,0x10,0x00,0x00,0x00,0x50,0x00,0x50,0x00,0x00,
    0x00,0x50,0x00,0x00,0x00,0x50,0x00,0x50,0x00,0x00,
    0x00,0x10,0x00,0x40,0x00,0x50,0x00,0x50,0x00,0x00,
    0x00,0x50,0x00,0x40,0x00,0x50,0x00,0x50,0x00,0x00,
    0x00,0x00,0x00,0x10,0x00,0x10,0x00,0x50,0x00,0x00,
    0x00,0x40,0x00,0x10,0x00,0x10,0x00,0x50,0x00,0x00,
    0x00,0x00,0x00,0x50,0x00,0x10,0x00,0x50,0x00,0x00,
    0x00,0x40,0x00,0x50,0x00,0x10,0x00,0x50,0x00,0x00,
    0x00,0x00,0x00,0x10,0x00,0x50,0x00,0x50,0x00,0x00,
    0x00,0x40,0x00,0x10,0x00,0x50,0x00,0x50,0x00,0x00,
    0x00,0x00,0x00,0x50,0x00,0x50,0x00,0x50,0x00,0x00,
    0x00,0x40,0x00,0x50,0x00,0x50,0x00,0x50,0x00,0x00,
    0x00,0x10,0x00,0x10,0x00,0x10,0x00,0x50,0x00,0x00,
    0x00,0x50,0x00,0x10,0x00,0x10,0x00,0x50,0x00,0x00,
    0x00,0x10,0x00,0x50,0x00,0x10,0x00,0x50,0x00,0x00,
    0x00,0x50,0x00,0x50,0x00,0x10,0x00,0x50,0x00,0x00,
    0x00,0x10,0x00,0x10,0x00,0x50,0x00,0x50,0x00,0x00,
    0x00,0x50,0x00,0x10,0x00,0x50,0x00,0x50,0x00,0x00,
    0x00,0x10,0x00,0x50,0x00,0x50,0x00,0x50,0x00,0x00,
    0x00,0x50,0x00,0x50,0x00,0x50,0x00,0x50,0x00,0x00,
    0x00,0x30,0x48,0x40,0xE8,0x48,0x48,0x48,0x00,0x00,
    0x00,0x38,0x48,0x48,0xF8,0x48,0x48,0x44,0x00,0x00,
    0x00,0x70,0xD8,0xA8,0xE8,0xD8,0xF8,0xD8,0x70,0x00,
};
const GfxFont font_6x10 = { 6, 10, 8, 7, 1596, codes_6x10, rows_6x10 };

/* 7x13.bdf: 1594 glyphs in 7x13 cells */
static const unsigned short codes_7x13[] = {
    0x0020, 0x0021, 0x0022, 0x0023, 0x0024, 0x0025, 0x0026, 0x0027, 0x0028, 0x0029, 0x002A, 0x002B,
    0x002C, 0x002D, 0x002E, 0x002F, 0x0030, 0x0031, 0x0032, 0x0033, 0x0034, 0x0035, 0x0036, 0x0037,
    0x0038, 0x0039, 0x003A, 0x003B, 0x003C, 0x003D, 0x003E, 0x003F, 0x0040, 0x0041, 0x0042, 0x0043,
    0x0044, 0x0045, 0x0046, 0x0047, 0x0048, 0x0049, 0x004A, 0x004B, 0x004C, 0x004D, 0x004E, 0x004F,
    0x0050, 0x0051, 0x0052, 0x0053, 0x0054, 0x0055, 0x0056, 0x0057, 0x0058, 0x0059, 0x005A, 0x005B,
    0x005C, 0x005D, 0x005E, 0x005F, 0x0060, 0x0061, 0x0062, 0x0063, 0x0064, 0x0065, 0x0066, 0x0067,
    0x0068, 0x0069, 0x006A, 0x006B, 0x006C, 0x006D, 0x006E, 0x006F, 0x0070, 0x0071, 0x0072, 0x0073,
    0x0074, 0x0075, 0x0076, 0x0077, 0x0078, 0x0079, 0x007A, 0x007B, 0x007C, 0x007D, 0x007E, 0x00A0,
    0x00A1, 0x00A2, 0x00A3, 0x00A4, 0x00A5, 0x00A6, 0x00A7, 0x00A8, 0x00A9, 0x00AA, 0x00AB, 0x00AC,
    0x00AD, 0x00AE, 0x00AF, 0x00B0, 0x00B1, 0x00B2, 0x00B3, 0x00B4, 0x00B5, 0x00B6, 0x00B7, 0x00B8,
    0x00B9, 0x00BA, 0x00BB, 0x00BC, 0x00BD, 0x00BE, 0x00BF, 0x00C0, 0x00C1, 0x00C2, 0x00C3, 0x00C4,
    0x00C5, 0x00C6, 0x00C7, 0x00C8, 0x00C9, 0x00CA, 0x00CB, 0x00CC, 0x00CD, 0x00CE, 0x00CF, 0x00D0,
    0x00D1, 0x00D2, 0x00D3, 0x00D4, 0x00D5, 0x00D6, 0x00D7, 0x00D8, 0x00D9, 0x00DA, 0x00DB, 0x00DC,
    0x00DD, 0x00DE, 0x00DF, 0x00E0, 0x00E1, 0x00E2, 0x00E3, 0x00E4, 0x00E5, 0x00E6, 0x00E7, 0x00E8,
    0x00E9, 0x00EA, 0x00EB, 0x00EC, 0x00ED, 0x00EE, 0x00EF, 0x00F0, 0x00F1, 0x00F2, 0x00F3, 0x00F4,
    0x00F5, 0x00F6, 0x00F7, 0x00F8, 0x00F9, 0x00FA, 0x00FB, 0x00FC, 0x00FD, 0x00FE, 0x00FF, 0x0100,
    0x0101, 0x0102, 0x0103, 0x0104, 0x0105, 0x0106, 0x0107, 0x0108, 0x0109, 0x010A, 0x010B, 0x010C,
    0x010D, 0x010E, 0x010F, 0x0110, 0x0111, 0x0112, 0x0113, 0x0114, 0x0115, 0x0116, 0x0117, 0x0118,
    0x0119, 0x011A, 0x011B, 0x011C, 0x011D, 0x011E, 0x011F, 0x0120, 0x0121, 0x0122, 0x0123, 0x0124,
    0x0125, 0x0126, 0x0127, 0x0128, 0x0129, 0x012A, 0x012B, 0x012C, 0x012D, 0x012E, 0x012F, 0x0130,
    0x0131, 0x0132, 0x0133, 0x0134, 0x0135, 0x0136, 0x0137, 0x0138, 0x0139, 0x013A, 0x013B, 0x013C,
    0x013D, 0x013E, 0x013F, 0x0140, 0x0141, 0x0142, 0x0143, 0x0144, 0x0145, 0x0146, 0x0147, 0x0148,
    0x0149, 0x014A, 0x014B, 0x014C, 0x014D, 0x014E, 0x014F, 0x0150, 0x0151, 0x0152, 0x0153, 0x0154,
    0x0155, 0x0156, 0x0157, 0x0158, 0x0159, 0x015A, 0x015B, 0x015C, 0x015D, 0x015E, 0x015F, 0x0160,
    0x0161, 0x0162, 0x0163, 0x0164, 0x0165, 0x0166, 0x0167, 0x0168, 0x0169, 0x016A, 0x016B, 0x016C,
    0x016D, 0x016E, 0x016F, 0x0170, 0x0171, 0x0172, 0x0173, 0x0174, 0x0175, 0x0176, 0x0177, 0x0178,
    0x0179, 0x017A, 0x017B, 0x017C, 0x017D, 0x017E, 0x017F, 0x018F, 0x0192, 0x01A0, 0x01A1, 0x01AF,
    0x01B0, 0x01B5, 0x01B6, 0x01D1, 0x01D2, 0x01E6, 0x01E7, 0x01FA, 0x01FB, 0x01FC, 0x01FD, 0x01FE,
    0x01FF, 0x0218, 0x0219, 0x021A, 0x021B, 0x0259, 0x02BC, 0x02BD, 0x02C6, 0x02C7, 0x02C9, 0x02D6,
    0x02D8, 0x02D9, 0x02DA, 0x02DB, 0x02DC, 0x02DD, 0x0300, 0x0301, 0x0302, 0x0303, 0x0304, 0x0305,
    0x0306, 0x0307, 0x0308, 0x0309, 0x030A, 0x030B, 0x030C, 0x030D, 0x030E, 0x030F, 0x0310, 0x0311,
    0x0323, 0x0324, 0x0338, 0x0340, 0x0341, 0x0374, 0x0375, 0x037A, 0x037E, 0x0384, 0x0385, 0x0386,
    0x0387, 0x0388, 0x0389, 0x038A, 0x038C, 0x038E, 0x038F, 0x0390, 0x0391, 0x0392, 0x0393, 0x0394,
    0x0395, 0x0396, 0x0397, 0x0398, 0x0399, 0x039A, 0x039B, 0x039C, 0x039D, 0x039E, 0x039F, 0x03A0,
    0x03A1, 0x03A3, 0x03A4, 0x03A5, 0x03A6, 0x03A7, 0x03A8, 0x03A9, 0x03AA, 0x03AB, 0x03AC, 0x03AD,
    0x03AE, 0x03AF, 0x03B0, 0x03B1, 0x03B2, 0x03B3, 0x03B4, 0x03B5, 0x03B6, 0x03B7, 0x03B8, 0x03B9,
    0x03BA, 0x03BB, 0x03BC, 0x03BD, 0x03BE, 0x03BF, 0x03C0, 0x03C1, 0x03C2, 0x03C3, 0x03C4, 0x03C5,
    0x03C6, 0x03C7, 0x03C8, 0x03C9, 0x03CA, 0x03CB, 0x03CC, 0x03CD, 0x03CE, 0x03D0, 0x03D1, 0x03D2,
    0x03D3, 0x03D4, 0x03D5, 0x03D6, 0x03D7, 0x03DA, 0x03DB, 0x03DC, 0x03DD, 0x03DE, 0x03DF, 0x03E0,
    0x03E1, 0x03F0, 0x03F1, 0x03F2, 0x03F3, 0x03F4, 0x03F5, 0x0401, 0x0402, 0x0403, 0x0404, 0x0405,
    0x0406, 0x0407, 0x0408, 0x0409, 0x040A, 0x040B, 0x040C, 0x040E, 0x040F, 0x0410, 0x0411, 0x0412,
    0x0413, 0x0414, 0x0415, 0x0416, 0x0417, 0x0418, 0x0419, 0x041A, 0x041B, 0x041C, 0x041D, 0x041E,
    0x041F, 0x0420, 0x0421, 0x0422, 0x0423, 0x0424, 0x0425, 0x0426, 0x0427, 0x0428, 0x0429, 0x042A,
    0x042B, 0x042C, 0x042D, 0x042E, 0x042F, 0x0430, 0x0431, 0x0432, 0x0433, 0x0434, 0x0435, 0x0436,
    0x0437, 0x0438, 0x0439, 0x043A, 0x043B, 0x043C, 0x043D, 0x043E, 0x043F, 0x0440, 0x0441, 0x0442,
    0x0443, 0x0444, 0x0445, 0x0446, 0x0447, 0x0448, 0x0449, 0x044A, 0x044B, 0x044C, 0x044D, 0x044E,
    0x044F, 0x0451, 0x0452, 0x0453, 0x0454, 0x0455, 0x0456, 0x0457, 0x0458, 0x0459, 0x045A, 0x045B,
    0x045C, 0x045E, 0x045F, 0x0462, 0x0463, 0x0470, 0x0471, 0x0472, 0x0473, 0x0474, 0x0475, 0x0476,
    0x0477, 0x0490, 0x0491, 0x0492, 0x0493, 0x0496, 0x0497, 0x049A, 0x049B, 0x04AE, 0x04AF, 0x04B0,
    0x04B1, 0x04B2, 0x04B3, 0x04BA, 0x04BB, 0x04D8, 0x04D9, 0x04E2, 0x04E3, 0x04E8, 0x04E9, 0x04EE,
    0x04EF, 0x05D0, 0x05D1, 0x05D2, 0x05D3, 0x05D4, 0x05D5, 0x05D6, 0x05D7, 0x05D8, 0x05D9, 0x05DA,
    0x05DB, 0x05DC, 0x05DD, 0x05DE, 0x05DF, 0x05E0, 0x05E1, 0x05E2, 0x05E3, 0x05E4, 0x05E5, 0x05E6,
    0x05E7, 0x05E8, 0x05E9, 0x05EA, 0x16A0, 0x16A2, 0x16A3, 0x16A6, 0x16A9, 0x16AA, 0x16AB, 0x16B1,
    0x16B3, 0x16B7, 0x16B8, 0x16B9, 0x16BB, 0x16BE, 0x16C1, 0x16C4, 0x16C7, 0x16C8, 0x16C9, 0x16CB,
    0x16CF, 0x16D2, 0x16D6, 0x16D7, 0x16DA, 0x16DD, 0x16DE, 0x16DF, 0x16E0, 0x16E1, 0x16E2, 0x16E5,
    0x16EB, 0x16EC, 0x16ED, 0x1E02, 0x1E03, 0x1E04, 0x1E0A, 0x1E0B, 0x1E1E, 0x1E1F, 0x1E40, 0x1E41,
    0x1E56, 0x1E57, 0x1E60, 0x1E61, 0x1E6A, 0x1E6B, 0x1E80, 0x1E81, 0x1E82, 0x1E83, 0x1E84, 0x1E85,
    0x1EF2, 0x1EF3, 0x1F00, 0x1F01, 0x1F02, 0x1F03, 0x1F04, 0x1F05, 0x1F06, 0x1F07, 0x1F08, 0x1F09,
    0x1F0A, 0x1F0B, 0x1F0C, 0x1F0D, 0x1F0E, 0x1F0F, 0x1F10, 0x1F11, 0x1F12, 0x1F13, 0x1F14, 0x1F15,
    0x1F18, 0x1F19, 0x1F1A, 0x1F1B, 0x1F1C, 0x1F1D, 0x1F20, 0x1F21, 0x1F22, 0x1F23, 0x1F24, 0x1F25,
    0x1F26, 0x1F27, 0x1F28, 0x1F29, 0x1F2A, 0x1F2B, 0x1F2C, 0x1F2D, 0x1F2E, 0x1F2F, 0x1F30, 0x1F31,
    0x1F32, 0x1F33, 0x1F34, 0x1F35, 0x1F36, 0x1F37, 0x1F38, 0x1F39, 0x1F3A, 0x1F3B, 0x1F3C, 0x1F3D,
    0x1F3E, 0x1F3F, 0x1F40, 0x1F41, 0x1F42, 0x1F43, 0x1F44, 0x1F45, 0x1F48, 0x1F49, 0x1F4A, 0x1F4B,
    0x1F4C, 0x1F4D, 0x1F50, 0x1F51, 0x1F52, 0x1F53, 0x1F54, 0x1F55, 0x1F56, 0x1F57, 0x1F59, 0x1F5B,
    0x1F5D, 0x1F5F, 0x1F60, 0x1F61, 0x1F62, 0x1F63, 0x1F64, 0x1F65, 0x1F66, 0x1F67, 0x1F68, 0x1F69,
    0x1F6A, 0x1F6B, 0x1F6C, 0x1F6D, 0x1F6E, 0x1F6F, 0x1F70, 0x1F71, 0x1F72, 0x1F73, 0x1F74, 0x1F75,
    0x1F76, 0x1F77, 0x1F78, 0x1F79, 0x1F7A, 0x1F7B, 0x1F7C, 0x1F7D, 0x1F80, 0x1F81, 0x1F82, 0x1F83,
    0x1F84, 0x1F85, 0x1F86, 0x1F87, 0x1F88, 0x1F89, 0x1F8A, 0x1F8B, 0x1F8C, 0x1F8D, 0x1F8E, 0x1F8F,
    0x1F90, 0x1F91, 0x1F92, 0x1F93, 0x1F94, 0x1F95, 0x1F96, 0x1F97, 0x1F98, 0x1F99, 0x1F9A, 0x1F9B,
    0x1F9C, 0x1F9D, 0x1F9E, 0x1F9F, 0x1FA0, 0x1FA1, 0x1FA2, 0x1FA3, 0x1FA4, 0x1FA5, 0x1FA6, 0x1FA7,
    0x1FA8, 0x1FA9, 0x1FAA, 0x1FAB, 0x1FAC, 0x1FAD, 0x1FAE, 0x1FAF, 0x1FB0, 0x1FB1, 0x1FB2, 0x1FB3,
    0x1FB4, 0x1FB6, 0x1FB7, 0x1FB8, 0x1FB9, 0x1FBA, 0x1FBB, 0x1FBC, 0x1FBD, 0x1FBE, 0x1FBF, 0x1FC0,
    0x1FC1, 0x1FC2, 0x1FC3, 0x1FC4, 0x1FC6, 0x1FC7, 0x1FC8, 0x1FC9, 0x1FCA, 0x1FCB, 0x1FCC, 0x1FCD,
    0x1FCE, 0x1FCF, 0x1FD0, 0x1FD1, 0x1FD2, 0x1FD3, 0x1FD6, 0x1FD7, 0x1FD8, 0x1FD9, 0x1FDA, 0x1FDB,
    0x1FDD, 0x1FDE, 0x1FDF, 0x1FE0, 0x1FE1, 0x1FE2, 0x1FE3, 0x1FE4, 0x1FE5, 0x1FE6, 0x1FE7, 0x1FE8,
    0x1FE9, 0x1FEA, 0x1FEB, 0x1FEC, 0x1FED, 0x1FEE, 0x1FEF, 0x1FF2, 0x1FF3, 0x1FF4, 0x1FF6, 0x1FF7,
    0x1FF8, 0x1FF9, 0x1FFA, 0x1FFB, 0x1FFC, 0x1FFD, 0x1FFE, 0x2010, 0x2011, 0x2012, 0x2013, 0x2014,
    0x2015, 0x2016, 0x2017, 0x2018, 0x2019, 0x201A, 0x201B, 0x201C, 0x201D, 0x201E, 0x201F, 0x2020,
    0x2021, 0x2022, 0x2023, 0x2024, 0x2025, 0x2026, 0x2027, 0x2030, 0x2032, 0x2033, 0x2034, 0x2035,
    0x2036, 0x2037, 0x2039, 0x203A, 0x203C, 0x203E, 0x2044, 0x2070, 0x2071, 0x2074, 0x2075, 0x2076,
    0x2077, 0x2078, 0x2079, 0x207A, 0x207B, 0x207C, 0x207D, 0x207E, 0x207F, 0x2080, 0x2081, 0x2082,
    0x2083, 0x2084, 0x2085, 0x2086, 0x2087, 0x2088, 0x2089, 0x208A, 0x208B, 0x208C, 0x208D, 0x208E,
    0x20A3, 0x20A4, 0x20A7, 0x20AB, 0x20AC, 0x20AF, 0x20D0, 0x20D1, 0x20D2, 0x20D3, 0x20D4, 0x20D5,
    0x20D6, 0x20D7, 0x2102, 0x2105, 0x2113, 0x2115, 0x2116, 0x211A, 0x211D, 0x2122, 0x2124, 0x2126,
    0x2127, 0x212E, 0x215B, 0x215C, 0x215D, 0x215E, 0x2190, 0x2191, 0x2192, 0x2193, 0x2194, 0x2195,
    0x2196, 0x2197, 0x2198, 0x2199, 0x21A4, 0x21A5, 0x21A6, 0x21A7, 0x21A8, 0x21C4, 0x21C6, 0x21CB,
    0x21CC, 0x21D0, 0x21D1, 0x21D2, 0x21D3, 0x21D4, 0x21D5, 0x2200, 0x2201, 0x2202, 0x2203, 0x2204,
    0x2205, 0x2206, 0x2207, 0x2208, 0x2209, 0x220B, 0x220C, 0x220F, 0x2211, 0x2212, 0x2213, 0x2215,
    0x2218, 0x2219, 0x221A, 0x221D, 0x221E, 0x221F, 0x2221, 0x2224, 0x2225, 0x2226, 0x2227, 0x2228,
    0x2229, 0x222A, 0x222B, 0x222E, 0x223C, 0x2243, 0x2245, 0x2248, 0x2249, 0x2259, 0x225F, 0x2260,
    0x2261, 0x2262, 0x2264, 0x2265, 0x226A, 0x226B, 0x2282, 0x2283, 0x2284, 0x2285, 0x2286, 0x2287,
    0x2288, 0x2289, 0x228A, 0x228B, 0x2295, 0x2297, 0x22A4, 0x22A5, 0x22A6, 0x22A7, 0x22C0, 0x22C1,
    0x22C2, 0x22C3, 0x22C5, 0x22EE, 0x22EF, 0x22F0, 0x22F1, 0x2300, 0x2302, 0x2308, 0x2309, 0x230A,
    0x230B, 0x2310, 0x2320, 0x2321, 0x23BA, 0x23BB, 0x23BC, 0x23BD, 0x2409, 0x240A, 0x240B, 0x240C,
    0x240D, 0x2424, 0x2500, 0x2501, 0x2502, 0x2503, 0x2504, 0x2505, 0x2506, 0x2507, 0x2508, 0x2509,
    0x250A, 0x250B, 0x250C, 0x250D, 0x250E, 0x250F, 0x2510, 0x2511, 0x2512, 0x2513, 0x2514, 0x2515,
    0x2516, 0x2517, 0x2518, 0x2519, 0x251A, 0x251B, 0x251C, 0x251D, 0x251E, 0x251F, 0x2520, 0x2521,
    0x2522, 0x2523, 0x2524, 0x2525, 0x2526, 0x2527, 0x2528, 0x2529, 0x252A, 0x252B, 0x252C, 0x252D,
    0x252E, 0x252F, 0x2530, 0x2531, 0x2532, 0x2533, 0x2534, 0x2535, 0x2536, 0x2537, 0x2538, 0x2539,
    0x253A, 0x253B, 0x253C, 0x253D, 0x253E, 0x253F, 0x2540, 0x2541, 0x2542, 0x2543, 0x2544, 0x2545,
    0x2546, 0x2547, 0x2548, 0x2549, 0x254A, 0x254B, 0x254C, 0x254D, 0x254E, 0x254F, 0x2550, 0x2551,
    0x2552, 0x2553, 0x2554, 0x2555, 0x2556, 0x2557, 0x2558, 0x2559, 0x255A, 0x255B, 0x255C, 0x255D,
    0x255E, 0x255F, 0x2560, 0x2561, 0x2562, 0x2563, 0x2564, 0x2565, 0x2566, 0x2567, 0x2568, 0x2569,
    0x256A, 0x256B, 0x256C, 0x256D, 0x256E, 0x256F, 0x2570, 0x2571, 0x2572, 0x2573, 0x2574, 0x2575,
    0x2576, 0x2577, 0x2578, 0x2579, 0x257A, 0x257B, 0x257C, 0x257D, 0x257E, 0x257F, 0x2580, 0x2581,
    0x2582, 0x2583, 0x2584, 0x2585, 0x2586, 0x2587, 0x2588, 0x2589, 0x258A, 0x258B, 0x258C, 0x258D,
    0x258E, 0x258F, 0x2590, 0x2591, 0x2592, 0x2593, 0x2594, 0x2595, 0x2596, 0x2597, 0x2598, 0x2599,
    0x259A, 0x259B, 0x259C, 0x259D, 0x259E, 0x259F, 0x25A0, 0x25A1, 0x25AA, 0x25AB, 0x25AC, 0x25AE,
    0x25B2, 0x25B3, 0x25BA, 0x25BB, 0x25BC, 0x25BD, 0x25C4, 0x25C5, 0x25C6, 0x25CA, 0x25CB, 0x25CC,
    0x25CF, 0x25D8, 0x25D9, 0x25E6, 0x2600, 0x263A, 0x263B, 0x263C, 0x263F, 0x2640, 0x2641, 0x2642,
    0x2660, 0x2661, 0x2662, 0x2663, 0x2664, 0x2665, 0x2666, 0x266A, 0x266B, 0x266C, 0x266D, 0x266E,
    0x266F, 0x27E8, 0x27E9, 0x2800, 0x2801, 0x2802, 0x2803, 0x2804, 0x2805, 0x2806, 0x2807, 0x2808,
    0x2809, 0x280A, 0x280B, 0x280C, 0x280D, 0x280E, 0x280F, 0x2810, 0x2811, 0x2812, 0x2813, 0x2814,
    0x2815, 0x2816, 0x2817, 0x2818, 0x2819, 0x281A, 0x281B, 0x281C, 0x281D, 0x281E, 0x281F, 0x2820,
    0x2821, 0x2822, 0x2823, 0x2824, 0x2825, 0x2826, 0x2827, 0x2828, 0x2829, 0x282A, 0x282B, 0x282C,
    0x282D, 0x282E, 0x282F, 0x2830, 0x2831, 0x2832, 0x2833, 0x2834, 0x2835, 0x2836, 0x2837, 0x2838,
    0x2839, 0x283A, 0x283B, 0x283C, 0x283D, 0x283E, 0x283F, 0x2840, 0x2841, 0x2842, 0x2843, 0x2844,
    0x2845, 0x2846, 0x2847, 0x2848, 0x2849, 0x284A, 0x284B, 0x284C, 0x284D, 0x284E, 0x284F, 0x2850,
    0x2851, 0x2852, 0x2853, 0x2854, 0x2855, 0x2856, 0x2857, 0x2858, 0x2859, 0x285A, 0x285B, 0x285C,
    0x285D, 0x285E, 0x285F, 0x2860, 0x2861, 0x2862, 0x2863, 0x2864, 0x2865, 0x2866, 0x2867, 0x2868,
    0x2869, 0x286A, 0x286B, 0x286C, 0x286D, 0x286E, 0x286F, 0x2870, 0x2871, 0x2872, 0x2873, 0x2874,
    0x2875, 0x2876, 0x2877, 0x2878, 0x2879, 0x287A, 0x287B, 0x287C, 0x287D, 0x287E, 0x287F, 0x2880,
    0x2881, 0x2882, 0x2883, 0x2884, 0x2885, 0x2886, 0x2887, 0x2888, 0x2889, 0x288A, 0x288B, 0x288C,
    0x288D, 0x288E, 0x288F, 0x2890, 0x2891, 0x2892, 0x2893, 0x2894, 0x2895, 0x2896, 0x2897, 0x2898,
    0x2899, 0x289A, 0x289B, 0x289C, 0x289D, 0x289E, 0x289F, 0x28A0, 0x28A1, 0x28A2, 0x28A3, 0x28A4,
    0x28A5, 0x28A6, 0x28A7, 0x28A8, 0x28A9, 0x28AA, 0x28AB, 0x28AC, 0x28AD, 0x28AE, 0x28AF, 0x28B0,
    0x28B1, 0x28B2, 0x28B3, 0x28B4, 0x28B5, 0x28B6, 0x28B7, 0x28B8, 0x28B9, 0x28BA, 0x28BB, 0x28BC,
    0x28BD, 0x28BE, 0x28BF, 0x28C0, 0x28C1, 0x28C2, 0x28C3, 0x28C4, 0x28C5, 0x28C6, 0x28C7, 0x28C8,
    0x28C9, 0x28CA, 0x28CB, 0x28CC, 0x28CD, 0x28CE, 0x28CF, 0x28D0, 0x28D1, 0x28D2, 0x28D3, 0x28D4,
    0x28D5, 0x28D6, 0x28D7, 0x28D8, 0x28D9, 0x28DA, 0x28DB, 0x28DC, 0x28DD, 0x28DE, 0x28DF, 0x28E0,
    0x28E1, 0x28E2, 0x28E3, 0x28E4, 0x28E5, 0x28E6, 0x28E7, 0x28E8, 0x28E9, 0x28EA, 0x28EB, 0x28EC,
    0x28ED, 0x28EE, 0x28EF, 0x28F0, 0x28F1, 0x28F2, 0x28F3, 0x28F4, 0x28F5, 0x28F6, 0x28F7, 0x28F8,
    0x28F9, 0x28FA, 0x28FB, 0x28FC, 0x28FD, 0x28FE, 0x28FF, 0xFB01, 0xFB02, 0xFFFD,
};
static const unsigned char rows_7x13[] = {
    0x00,0x00,0x00,0x00,0x00,0x00,0x00,0x00,0x00,0x00,0x00,0x00,0x00,
    0x00,0x00,0x10,0x10,0x10,0x10,0x10,0x10,0x10,0x00,0x10,0x00,0x00,
    0x00,0x00,0x28,0x28,0x28,0x00,0x00,0x00,0x00,0x00,0x00,0x00,0x00,
    0x00,0x00,0x00,0x28,0x28,0x7C,0x28,0x7C,0x28,0x28,0x00,0x00,0x00,
    0x00,0x00,0x00,0x10,0x3C,0x50,0x38,0x14,0x78,0x10,0x00,0x00,0x00,
    0x00,0x00,0x44,0xA4,0x48,0x10,0x10,0x20,0x48,0x94,0x88,0x00,0x00,
    0x00,0x00,0x00,0x00,0x60,0x90,0x90,0x60,0x94,0x88,0x74,0x00,0x00,
    0x00,0x00,0x10,0x10,0x10,0x00,0x00,0x00,0x00,0x00,0x00,0x00,0x00,
    0x00,0x00,0x08,0x10,0x10,0x20,0x20,0x20,0x10,0x10,0x08,0x00,0x00,
    0x00,0x00,0x20,0x10,0x10,0x08,0x08,0x08,0x10,0x10,0x20,0x00,0x00,
    0x00,0x00,0x00,0x00,0x48,0x30,0xFC,0x30,0x48,0x00,0x00,0x00,0x00,
    0x00,0x00,0x00,0x00,0x10,0x10,0x7C,0x10,0x10,0x00,0x00,0x00,0x00,
    0x00,0x00,0x00,0x00,0x00,0x00,0x00,0x00,0x00,0x38,0x30,0x40,0x00,
    0x00,0x00,0x00,0x00,0x00,0x00,0x7C,0x00,0x00,0x00,0x00,0x00,0x00,
    0x00,0x00,0x00,0x00,0x00,0x00,0x00,0x00,0x00,0x10,0x38,0x10,0x00,
    0x00,0x00,0x04,0x04,0x08,0x08,0x10,0x20,0x20,0x40,0x40,0x00,0x00,
    0x00,0x00,0x30,0x48,0x84,0x84,0x84,0x84,0x84,0x48,0x30,0x00,0x00,
    0x00,0x00,0x10,0x30,0x50,0x10,0x10,0x10,0x10,0x10,0x7C,0x00,0x00,
    0x00,0x00,0x78,0x84,0x84,0x04,0x08,0x30,0x40,0x80,0xFC,0x00,0x00,
    0x00,0x00,0xFC,0x04,0x08,0x10,0x38,0x04,0x04,0x84,0x78,0x00,0x00,
    0x00,0x00,0x08,0x18,0x28,0x48,0x88,0x88,0xFC,0x08,0x08,0x00,0x00,
    0x00,0x00,0xFC,0x80,0x80,0xB8,0xC4,0x04,0x04,0x84,0x78,0x00,0x00,
    0x00,0x00,0x38,0x40,0x80,0x80,0xB8,0xC4,0x84,0x84,0x78,0x00,0x00,
    0x00,0x00,0xFC,0x04,0x08,0x10,0x10,0x20,0x20,0x40,0x40,0x00,0x00,
    0x00,0x00,0x78,0x84,0x84,0x84,0x78,0x84,0x84,0x84,0x78,0x00,0x00,
    0x00,0x00,0x78,0x84,0x84,0x8C,0x74,0x04,0x04,0x08,0x70,0x00,0x00,
    0x00,0x00,0x00,0x00,0x10,0x38,0x10,0x00,0x00,0x10,0x38,0x10,0x00,
    0x00,0x00,0x00,0x00,0x10,0x38,0x10,0x00,0x00,0x38,0x30,0x40,0x00,
    0x00,0x00,0x04,0x08,0x10,0x20,0x40,0x20,0x10,0x08,0x04,0x00,0x00,
    0x00,0x00,0x00,0x00,0x00,0xFC,0x00,0x00,0xFC,0x00,0x00,0x00,0x00,
    0x00,0x00,0x40,0x20,0x10,0x08,0x04,0x08,0x10,0x20,0x40,0x00,0x00,
    0x00,0x00,0x78,0x84,0x84,0x04,0x08,0x10,0x10,0x00,0x10,0x00,0x00,
    0x00,0x00,0x78,0x84,0x84,0x9C,0xA4,0xAC,0x94,0x80,0x78,0x00,0x00,
    0x00,0x00,0x30,0x48,0x84,0x84,0x84,0xFC,0x84,0x84,0x84,0x00,0x00,
    0x00,0x00,0xF8,0x44,0x44,0x44,0x78,0x44,0x44,0x44,0xF8,0x00,0x00,
    0x00,0x00,0x78,0x84,0x80,0x80,0x80,0x80,0x80,0x84,0x78,0x00,0x00,
    0x00,0x00,0xF8,0x44,0x44,0x44,0x44,0x44,0x44,0x44,0xF8,0x00,0x00,
    0x00,0x00,0xFC,0x80,0x80,0x80,0xF0,0x80,0x80,0x80,0xFC,0x00,0x00,
    0x00,0x00,0xFC,0x80,0x80,0x80,0xF0,0x80,0x80,0x80,0x80,0x00,0x00,
    0x00,0x00,0x78,0x84,0x80,0x80,0x80,0x9C,0x84,0x8C,0x74,0x00,0x00,
    0x00,0x00,0x84,0x84,0x84,0x84,0xFC,0x84,0x84,0x84,0x84,0x00,0x00,
    0x00,0x00,0x7C,0x10,0x10,0x10,0x10,0x10,0x10,0x10,0x7C,0x00,0x00,
    0x00,0x00,0x1C,0x08,0x08,0x08,0x08,0x08,0x08,0x88,0x70,0x00,0x00,
    0x00,0x00,0x84,0x88,0x90,0xA0,0xC0,0xA0,0x90,0x88,0x84,0x00,0x00,
    0x00,0x00,0x80,0x80,0x80,0x80,0x80,0x80,0x80,0x80,0xFC,0x00,0x00,
    0x00,0x00,0x84,0xCC,0xCC,0xB4,0xB4,0x84,0x84,0x84,0x84,0x00,0x00,
    0x00,0x00,0x84,0x84,0xC4,0xA4,0x94,0x8C,0x84,0x84,0x84,0x00,0x00,
    0x00,0x00,0x78,0x84,0x84,0x84,0x84,0x84,0x84,0x84,0x78,0x00,0x00,
    0x00,0x00,0xF8,0x84,0x84,0x84,0xF8,0x80,0x80,0x80,0x80,0x00,0x00,
    0x00,0x00,0x78,0x84,0x84,0x84,0x84,0x84,0xA4,0x94,0x78,0x04,0x00,
    0x00,0x00,0xF8,0x84,0x84,0x84,0xF8,0xA0,0x90,0x88,0x84,0x00,0x00,
    0x00,0x00,0x78,0x84,0x80,0x80,0x78,0x04,0x04,0x84,0x78,0x00,0x00,
    0x00,0x00,0x7C,0x10,0x10,0x10,0x10,0x10,0x10,0x10,0x10,0x00,0x00,
    0x00,0x00,0x84,0x84,0x84,0x84,0x84,0x84,0x84,0x84,0x78,0x00,0x00,
    0x00,0x00,0x84,0x84,0x84,0x48,0x48,0x48,0x30,0x30,0x30,0x00,0x00,
    0x00,0x00,0x84,0x84,0x84,0x84,0xB4,0xB4,0xCC,0xCC,0x84,0x00,0x00,
    0x00,0x00,0x84,0x84,0x48,0x48,0x30,0x48,0x48,0x84,0x84,0x00,0x00,
    0x00,0x00,0x44,0x44,0x28,0x28,0x10,0x10,0x10,0x10,0x10,0x00,0x00,
    0x00,0x00,0xFC,0x04,0x08,0x10,0x30,0x20,0x40,0x80,0xFC,0x00,0x00,
    0x00,0x78,0x40,0x40,0x40,0x40,0x40,0x40,0x40,0x40,0x40,0x78,0x00,
    0x00,0x00,0x40,0x40,0x20,0x20,0x10,0x08,0x08,0x04,0x04,0x00,0x00,
    0x00,0x78,0x08,0x08,0x08,0x08,0x08,0x08,0x08,0x08,0x08,0x78,0x00,
    0x00,0x00,0x10,0x28,0x44,0x00,0x00,0x00,0x00,0x00,0x00,0x00,0x00,
    0x00,0x00,0x00,0x00,0x00,0x00,0x00,0x00,0x00,0x00,0x00,0xFC,0x00,
    0x00,0x20,0x10,0x00,0x00,0x00,0x00,0x00,0x00,0x00,0x00,0x00,0x00,
    0x00,0x00,0x00,0x00,0x00,0x78,0x04,0x7C,0x84,0x8C,0x74,0x00,0x00,
    0x00,0x00,0x80,0x80,0x80,0xB8,0xC4,0x84,0x84,0xC4,0xB8,0x00,0x00,
    0x00,0x00,0x00,0x00,0x00,0x78,0x84,0x80,0x80,0x84,0x78,0x00,0x00,
    0x00,0x00,0x04,0x04,0x04,0x74,0x8C,0x84,0x84,0x8C,0x74,0x00,0x00,
    0x00,0x00,0x00,0x00,0x00,0x78,0x84,0xFC,0x80,0x84,0x78,0x00,0x00,
    0x00,0x00,0x38,0x44,0x40,0x40,0xF0,0x40,0x40,0x40,0x40,0x00,0x00,
    0x00,0x00,0x00,0x00,0x00,0x74,0x88,0x88,0x70,0x80,0x78,0x84,0x78,
    0x00,0x00,0x80,0x80,0x80,0xB8,0xC4,0x84,0x84,0x84,0x84,0x00,0x00,
    0x00,0x00,0x00,0x10,0x00,0x30,0x10,0x10,0x10,0x10,0x7C,0x00,0x00,
    0x00,0x00,0x00,0x04,0x00,0x0C,0x04,0x04,0x04,0x04,0x44,0x44,0x38,
    0x00,0x00,0x80,0x80,0x80,0x88,0x90,0xE0,0x90,0x88,0x84,0x00,0x00,
    0x00,0x00,0x30,0x10,0x10,0x10,0x10,0x10,0x10,0x10,0x7C,0x00,0x00,
    0x00,0x00,0x00,0x00,0x00,0x68,0x54,0x54,0x54,0x54,0x44,0x00,0x00,
    0x00,0x00,0x00,0x00,0x00,0xB8,0xC4,0x84,0x84,0x84,0x84,0x00,0x00,
    0x00,0x00,0x00,0x00,0x00,0x78,0x84,0x84,0x84,0x84,0x78,0x00,0x00,
    0x00,0x00,0x00,0x00,0x00,0xB8,0xC4,0x84,0xC4,0xB8,0x80,0x80,0x80,
    0x00,0x00,0x00,0x00,0x00,0x74,0x8C,0x84,0x8C,0x74,0x04,0x04,0x04,
    0x00,0x00,0x00,0x00,0x00,0xB8,0x44,0x40,0x40,0x40,0x40,0x00,0x00,
    0x00,0x00,0x00,0x00,0x00,0x78,0x84,0x60,0x18,0x84,0x78,0x00,0x00,
    0x00,0x00,0x00,0x40,0x40,0xF0,0x40,0x40,0x40,0x44,0x38,0x00,0x00,
    0x00,0x00,0x00,0x00,0x00,0x84,0x84,0x84,0x84,0x8C,0x74,0x00,0x00,
    0x00,0x00,0x00,0x00,0x00,0x44,0x44,0x44,0x28,0x28,0x10,0x00,0x00,
    0x00,0x00,0x00,0x00,0x00,0x44,0x44,0x54,0x54,0x54,0x28,0x00,0x00,
    0x00,0x00,0x00,0x00,0x00,0x84,0x48,0x30,0x30,0x48,0x84,0x00,0x00,
    0x00,0x00,0x00,0x00,0x00,0x84,0x84,0x84,0x8C,0x74,0x04,0x84,0x78,
    0x00,0x00,0x00,0x00,0x00,0xFC,0x08,0x10,0x20,0x40,0xFC,0x00,0x00,
    0x00,0x1C,0x20,0x20,0x20,0x10,0x60,0x10,0x20,0x20,0x20,0x1C,0x00,
    0x00,0x00,0x10,0x10,0x10,0x10,0x10,0x10,0x10,0x10,0x10,0x00,0x00,
    0x00,0x70,0x08,0x08,0x08,0x10,0x0C,0x10,0x08,0x08,0x08,0x70,0x00,
    0x00,0x00,0x24,0x54,0x48,0x00,0x00,0x00,0x00,0x00,0x00,0x00,0x00,
    0x00,0x00,0x00,0x00,0x00,0x00,0x00,0x00,0x00,0x00,0x00,0x00,0x00,
    0x00,0x00,0x10,0x00,0x10,0x10,0x10,0x10,0x10,0x10,0x10,0x00,0x00,
    0x00,0x00,0x10,0x38,0x54,0x50,0x50,0x54,0x38,0x10,0x00,0x00,0x00,
    0x00,0x00,0x38,0x44,0x40,0x40,0xE0,0x40,0x40,0x44,0xB8,0x00,0x00,
    0x00,0x00,0x00,0x00,0x84,0x78,0x48,0x48,0x78,0x84,0x00,0x00,0x00,
    0x00,0x00,0x88,0x88,0x50,0x50,0xF8,0x20,0xF8,0x20,0x20,0x00,0x00,
    0x00,0x00,0x10,0x10,0x10,0x10,0x00,0x10,0x10,0x10,0x10,0x00,0x00,
    0x00,0x30,0x48,0x40,0x30,0x48,0x48,0x30,0x08,0x48,0x30,0x00,0x00,
    0x00,0x00,0x48,0x48,0x00,0x00,0x00,0x00,0x00,0x00,0x00,0x00,0x00,
    0x00,0x00,0x78,0x84,0xB4,0xA4,0xA4,0xA4,0xB4,0x84,0x78,0x00,0x00,
    0x00,0x00,0x38,0x04,0x3C,0x44,0x3C,0x00,0x7C,0x00,0x00,0x00,0x00,
    0x00,0x00,0x00,0x14,0x28,0x50,0xA0,0x50,0x28,0x14,0x00,0x00,0x00,
    0x00,0x00,0x00,0x00,0x00,0x00,0x7C,0x04,0x04,0x00,0x00,0x00,0x00,
    0x00,0x00,0x00,0x00,0x00,0x00,0x78,0x00,0x00,0x00,0x00,0x00,0x00,
    0x00,0x00,0x78,0x84,0xB4,0xAC,0xAC,0xB4,0xAC,0x84,0x78,0x00,0x00,
    0x00,0x00,0x7C,0x00,0x00,0x00,0x00,0x00,0x00,0x00,0x00,0x00,0x00,
    0x00,0x00,0x30,0x48,0x48,0x30,0x00,0x00,0x00,0x00,0x00,0x00,0x00,
    0x00,0x00,0x00,0x10,0x10,0x7C,0x10,0x10,0x00,0x7C,0x00,0x00,0x00,
    0x00,0x20,0x50,0x10,0x20,0x40,0x70,0x00,0x00,0x00,0x00,0x00,0x00,
    0x00,0x70,0x10,0x20,0x10,0x50,0x20,0x00,0x00,0x00,0x00,0x00,0x00,
    0x00,0x10,0x20,0x00,0x00,0x00,0x00,0x00,0x00,0x00,0x00,0x00,0x00,
    0x00,0x00,0x00,0x00,0x00,0x84,0x84,0x84,0x84,0xCC,0xB4,0x80,0x00,
    0x00,0x00,0x7C,0xE8,0xE8,0xE8,0x68,0x28,0x28,0x28,0x28,0x00,0x00,
    0x00,0x00,0x00,0x00,0x00,0x00,0x30,0x00,0x00,0x00,0x00,0x00,0x00,
    0x00,0x00,0x00,0x00,0x00,0x00,0x00,0x00,0x00,0x00,0x00,0x10,0x20,
    0x00,0x20,0x60,0x20,0x20,0x20,0x70,0x00,0x00,0x00,0x00,0x00,0x00,
    0x00,0x00,0x30,0x48,0x48,0x30,0x00,0x78,0x00,0x00,0x00,0x00,0x00,
    0x00,0x00,0x00,0xA0,0x50,0x28,0x14,0x28,0x50,0xA0,0x00,0x00,0x00,
    0x00,0x40,0xC0,0x40,0x40,0x44,0xEC,0x14,0x14,0x1C,0x04,0x00,0x00,
    0x00,0x40,0xC0,0x40,0x40,0x48,0xF4,0x04,0x08,0x10,0x1C,0x00,0x00,
    0x00,0xE0,0x20,0x40,0x20,0xA4,0x4C,0x14,0x14,0x1C,0x04,0x00,0x00,
    0x00,0x00,0x20,0x00,0x20,0x20,0x40,0x80,0x84,0x84,0x78,0x00,0x00,
    0x00,0x20,0x10,0x00,0x30,0x48,0x84,0x84,0xFC,0x84,0x84,0x00,0x00,
    0x00,0x10,0x20,0x00,0x30,0x48,0x84,0x84,0xFC,0x84,0x84,0x00,0x00,
    0x00,0x30,0x48,0x00,0x30,0x48,0x84,0x84,0xFC,0x84,0x84,0x00,0x00,
    0x00,0x64,0x98,0x00,0x30,0x48,0x84,0x84,0xFC,0x84,0x84,0x00,0x00,
    0x00,0x48,0x48,0x00,0x30,0x48,0x84,0x84,0xFC,0x84,0x84,0x00,0x00,
    0x00,0x30,0x48,0x30,0x30,0x48,0x84,0x84,0xFC,0x84,0x84,0x00,0x00,
    0x00,0x00,0x5C,0xA0,0xA0,0xA0,0xB8,0xE0,0xA0,0xA0,0xBC,0x00,0x00,
    0x00,0x00,0x78,0x84,0x80,0x80,0x80,0x80,0x80,0x84,0x78,0x10,0x20,
    0x00,0x20,0x10,0x00,0xFC,0x80,0x80,0xF0,0x80,0x80,0xFC,0x00,0x00,
    0x00,0x10,0x20,0x00,0xFC,0x80,0x80,0xF0,0x80,0x80,0xFC,0x00,0x00,
    0x00,0x30,0x48,0x00,0xFC,0x80,0x80,0xF0,0x80,0x80,0xFC,0x00,0x00,
    0x00,0x48,0x48,0x00,0xFC,0x80,0x80,0xF0,0x80,0x80,0xFC,0x00,0x00,
    0x00,0x20,0x10,0x00,0x7C,0x10,0x10,0x10,0x10,0x10,0x7C,0x00,0x00,
    0x00,0x10,0x20,0x00,0x7C,0x10,0x10,0x10,0x10,0x10,0x7C,0x00,0x00,
    0x00,0x10,0x28,0x00,0x7C,0x10,0x10,0x10,0x10,0x10,0x7C,0x00,0x00,
    0x00,0x44,0x44,0x00,0x7C,0x10,0x10,0x10,0x10,0x10,0x7C,0x00,0x00,
    0x00,0x00,0xF8,0x44,0x44,0x44,0xE4,0x44,0x44,0x44,0xF8,0x00,0x00,
    0x00,0x64,0x98,0x00,0x84,0xC4,0xA4,0xA4,0x94,0x8C,0x84,0x00,0x00,
    0x00,0x20,0x10,0x00,0x78,0x84,0x84,0x84,0x84,0x84,0x78,0x00,0x00,
    0x00,0x10,0x20,0x00,0x78,0x84,0x84,0x84,0x84,0x84,0x78,0x00,0x00,
    0x00,0x30,0x48,0x00,0x78,0x84,0x84,0x84,0x84,0x84,0x78,0x00,0x00,
    0x00,0x64,0x98,0x00,0x78,0x84,0x84,0x84,0x84,0x84,0x78,0x00,0x00,
    0x00,0x48,0x48,0x00,0x78,0x84,0x84,0x84,0x84,0x84,0x78,0x00,0x00,
    0x00,0x00,0x00,0x00,0x84,0x48,0x30,0x30,0x48,0x84,0x00,0x00,0x00,
    0x00,0x04,0x78,0x8C,0x94,0x94,0xA4,0xA4,0xA4,0xC4,0x78,0x80,0x00,
    0x00,0x20,0x10,0x00,0x84,0x84,0x84,0x84,0x84,0x84,0x78,0x00,0x00,
    0x00,0x10,0x20,0x00,0x84,0x84,0x84,0x84,0x84,0x84,0x78,0x00,0x00,
    0x00,0x30,0x48,0x00,0x84,0x84,0x84,0x84,0x84,0x84,0x78,0x00,0x00,
    0x00,0x48,0x48,0x00,0x84,0x84,0x84,0x84,0x84,0x84,0x78,0x00,0x00,
    0x00,0x08,0x10,0x00,0x44,0x44,0x28,0x10,0x10,0x10,0x10,0x00,0x00,
    0x00,0x00,0x80,0xF8,0x84,0x84,0x84,0xF8,0x80,0x80,0x80,0x00,0x00,
    0x00,0x00,0x30,0x48,0x48,0x50,0x50,0x48,0x44,0x44,0x58,0x00,0x00,
    0x00,0x00,0x20,0x10,0x00,0x78,0x04,0x7C,0x84,0x8C,0x74,0x00,0x00,
    0x00,0x00,0x10,0x20,0x00,0x78,0x04,0x7C,0x84,0x8C,0x74,0x00,0x00,
    0x00,0x00,0x30,0x48,0x00,0x78,0x04,0x7C,0x84,0x8C,0x74,0x00,0x00,
    0x00,0x00,0x64,0x98,0x00,0x78,0x04,0x7C,0x84,0x8C,0x74,0x00,0x00,
    0x00,0x00,0x48,0x48,0x00,0x78,0x04,0x7C,0x84,0x8C,0x74,0x00,0x00,
    0x00,0x30,0x48,0x30,0x00,0x78,0x04,0x7C,0x84,0x8C,0x74,0x00,0x00,
    0x00,0x00,0x00,0x00,0x00,0x68,0x14,0x7C,0x90,0x94,0x68,0x00,0x00,
    0x00,0x00,0x00,0x00,0x00,0x78,0x84,0x80,0x80,0x84,0x78,0x10,0x20,
    0x00,0x00,0x20,0x10,0x00,0x78,0x84,0xFC,0x80,0x84,0x78,0x00,0x00,
    0x00,0x00,0x10,0x20,0x00,0x78,0x84,0xFC,0x80,0x84,0x78,0x00,0x00,
    0x00,0x00,0x30,0x48,0x00,0x78,0x84,0xFC,0x80,0x84,0x78,0x00,0x00,
    0x00,0x00,0x48,0x48,0x00,0x78,0x84,0xFC,0x80,0x84,0x78,0x00,0x00,
    0x00,0x00,0x20,0x10,0x00,0x30,0x10,0x10,0x10,0x10,0x7C,0x00,0x00,
    0x00,0x00,0x10,0x20,0x00,0x30,0x10,0x10,0x10,0x10,0x7C,0x00,0x00,
    0x00,0x00,0x30,0x48,0x00,0x30,0x10,0x10,0x10,0x10,0x7C,0x00,0x00,
    0x00,0x00,0x48,0x48,0x00,0x30,0x10,0x10,0x10,0x10,0x7C,0x00,0x00,
    0x00,0x48,0x30,0x50,0x08,0x78,0x84,0x84,0x84,0x84,0x78,0x00,0x00,
    0x00,0x00,0x64,0x98,0x00,0xB8,0xC4,0x84,0x84,0x84,0x84,0x00,0x00,
    0x00,0x00,0x20,0x10,0x00,0x78,0x84,0x84,0x84,0x84,0x78,0x00,0x00,
    0x00,0x00,0x10,0x20,0x00,0x78,0x84,0x84,0x84,0x84,0x78,0x00,0x00,
    0x00,0x00,0x30,0x48,0x00,0x78,0x84,0x84,0x84,0x84,0x78,0x00,0x00,
    0x00,0x00,0x64,0x98,0x00,0x78,0x84,0x84,0x84,0x84,0x78,0x00,0x00,
    0x00,0x00,0x48,0x48,0x00,0x78,0x84,0x84,0x84,0x84,0x78,0x00,0x00,
    0x00,0x00,0x00,0x10,0x10,0x00,0x7C,0x00,0x10,0x10,0x00,0x00,0x00,
    0x00,0x00,0x00,0x00,0x04,0x78,0x8C,0x94,0xA4,0xC4,0x78,0x80,0x00,
    0x00,0x00,0x20,0x10,0x00,0x84,0x84,0x84,0x84,0x8C,0x74,0x00,0x00,
    0x00,0x00,0x10,0x20,0x00,0x84,0x84,0x84,0x84,0x8C,0x74,0x00,0x00,
    0x00,0x00,0x30,0x48,0x00,0x84,0x84,0x84,0x84,0x8C,0x74,0x00,0x00,
    0x00,0x00,0x48,0x48,0x00,0x84,0x84,0x84,0x84,0x8C,0x74,0x00,0x00,
    0x00,0x00,0x10,0x20,0x00,0x84,0x84,0x84,0x8C,0x74,0x04,0x84,0x78,
    0x00,0x00,0x00,0x80,0x80,0xB8,0xC4,0x84,0x84,0xC4,0xB8,0x80,0x80,
    0x00,0x00,0x48,0x48,0x00,0x84,0x84,0x84,0x8C,0x74,0x04,0x84,0x78,
    0x00,0x78,0x00,0x30,0x48,0x84,0x84,0xFC,0x84,0x84,0x84,0x00,0x00,
    0x00,0x00,0x00,0x78,0x00,0x78,0x04,0x7C,0x84,0x8C,0x74,0x00,0x00,
    0x00,0x84,0x78,0x00,0x30,0x48,0x84,0x84,0xFC,0x84,0x84,0x00,0x00,
    0x00,0x00,0x84,0x78,0x00,0x78,0x04,0x7C,0x84,0x8C,0x74,0x00,0x00,
    0x00,0x00,0x30,0x48,0x84,0x84,0x84,0xFC,0x84,0x84,0x84,0x08,0x06,
    0x00,0x00,0x00,0x00,0x00,0x78,0x04,0x7C,0x84,0x84,0x7C,0x08,0x06,
    0x00,0x10,0x20,0x00,0x78,0x84,0x80,0x80,0x80,0x84,0x78,0x00,0x00,
    0x00,0x00,0x08,0x10,0x00,0x78,0x84,0x80,0x80,0x84,0x78,0x00,0x00,
    0x00,0x30,0x48,0x00,0x78,0x84,0x80,0x80,0x80,0x84,0x78,0x00,0x00,
    0x00,0x00,0x30,0x48,0x00,0x78,0x84,0x80,0x80,0x84,0x78,0x00,0x00,
    0x00,0x30,0x00,0x78,0x84,0x80,0x80,0x80,0x80,0x84,0x78,0x00,0x00,
    0x00,0x00,0x00,0x30,0x00,0x78,0x84,0x80,0x80,0x84,0x78,0x00,0x00,
    0x00,0x48,0x30,0x00,0x78,0x84,0x80,0x80,0x80,0x84,0x78,0x00,0x00,
    0x00,0x00,0x48,0x30,0x00,0x78,0x84,0x80,0x80,0x84,0x78,0x00,0x00,
    0x00,0x48,0x30,0x00,0xF8,0x44,0x44,0x44,0x44,0x44,0xF8,0x00,0x00,
    0x00,0x48,0x30,0x04,0x04,0x74,0x8C,0x84,0x84,0x8C,0x74,0x00,0x00,
    0x00,0x00,0xF8,0x44,0x44,0x44,0xE4,0x44,0x44,0x44,0xF8,0x00,0x00,
    0x00,0x00,0x04,0x1E,0x04,0x74,0x8C,0x84,0x84,0x8C,0x74,0x00,0x00,
    0x00,0x00,0x78,0x00,0xFC,0x80,0x80,0xF0,0x80,0x80,0xFC,0x00,0x00,
    0x00,0x00,0x00,0x78,0x00,0x78,0x84,0xFC,0x80,0x84,0x78,0x00,0x00,
    0x00,0x84,0x78,0x00,0xFC,0x80,0x80,0xF0,0x80,0x80,0xFC,0x00,0x00,
    0x00,0x00,0x84,0x78,0x00,0x78,0x84,0xFC,0x80,0x84,0x78,0x00,0x00,
    0x00,0x30,0x00,0xFC,0x80,0x80,0xF0,0x80,0x80,0x80,0xFC,0x00,0x00,
    0x00,0x00,0x00,0x30,0x00,0x78,0x84,0xFC,0x80,0x84,0x78,0x00,0x00,
    0x00,0x00,0xFC,0x80,0x80,0x80,0xF0,0x80,0x80,0x80,0xFC,0x20,0x18,
    0x00,0x00,0x00,0x00,0x00,0x78,0x84,0xFC,0x80,0x84,0x78,0x40,0x30,
    0x00,0x48,0x30,0x00,0xFC,0x80,0x80,0xF0,0x80,0x80,0xFC,0x00,0x00,
    0x00,0x00,0x48,0x30,0x00,0x78,0x84,0xFC,0x80,0x84,0x78,0x00,0x00,
    0x00,0x30,0x48,0x00,0x78,0x84,0x80,0x9C,0x84,0x8C,0x74,0x00,0x00,
    0x00,0x00,0x30,0x48,0x00,0x74,0x88,0x88,0x70,0x80,0x78,0x84,0x78,
    0x00,0x84,0x78,0x00,0x78,0x84,0x80,0x9C,0x84,0x8C,0x74,0x00,0x00,
    0x00,0x00,0x84,0x78,0x00,0x74,0x88,0x88,0x70,0x80,0x78,0x84,0x78,
    0x00,0x30,0x00,0x78,0x84,0x80,0x80,0x9C,0x84,0x8C,0x74,0x00,0x00,
    0x00,0x00,0x00,0x30,0x00,0x74,0x88,0x88,0x70,0x80,0x78,0x84,0x78,
    0x00,0x00,0x78,0x84,0x80,0x80,0x80,0x9C,0x84,0x8C,0x74,0x10,0x20,
    0x00,0x10,0x20,0x30,0x00,0x74,0x88,0x88,0x70,0x80,0x78,0x84,0x78,
    0x00,0x30,0x48,0x00,0x84,0x84,0x84,0xFC,0x84,0x84,0x84,0x00,0x00,
    0x00,0x18,0x24,0x80,0x80,0x80,0xB8,0xC4,0x84,0x84,0x84,0x00,0x00,
    0x00,0x00,0x44,0x44,0xFE,0x44,0x7C,0x44,0x44,0x44,0x44,0x00,0x00,
    0x00,0x00,0x40,0xF8,0x40,0x58,0x64,0x44,0x44,0x44,0x44,0x00,0x00,
    0x00,0x24,0x58,0x00,0x7C,0x10,0x10,0x10,0x10,0x10,0x7C,0x00,0x00,
    0x00,0x00,0x24,0x58,0x00,0x30,0x10,0x10,0x10,0x10,0x7C,0x00,0x00,
    0x00,0x7C,0x00,0x7C,0x10,0x10,0x10,0x10,0x10,0x10,0x7C,0x00,0x00,
    0x00,0x00,0x00,0x7C,0x00,0x30,0x10,0x10,0x10,0x10,0x7C,0x00,0x00,
    0x00,0x44,0x38,0x00,0x7C,0x10,0x10,0x10,0x10,0x10,0x7C,0x00,0x00,
    0x00,0x00,0x44,0x38,0x00,0x30,0x10,0x10,0x10,0x10,0x7C,0x00,0x00,
    0x00,0x00,0x7C,0x10,0x10,0x10,0x10,0x10,0x10,0x10,0x7C,0x20,0x18,
    0x00,0x00,0x00,0x10,0x00,0x30,0x10,0x10,0x10,0x10,0x7C,0x20,0x18,
    0x00,0x10,0x00,0x7C,0x10,0x10,0x10,0x10,0x10,0x10,0x7C,0x00,0x00,
    0x00,0x00,0x00,0x00,0x00,0x30,0x10,0x10,0x10,0x10,0x7C,0x00,0x00,
    0x00,0x00,0x9C,0x88,0x88,0x88,0x88,0x88,0x88,0xA8,0x90,0x00,0x00,
    0x00,0x00,0x00,0x44,0x00,0x4C,0x44,0x44,0x44,0x44,0x54,0x14,0x08,
    0x00,0x18,0x24,0x00,0x1C,0x08,0x08,0x08,0x08,0x88,0x70,0x00,0x00,
    0x00,0x00,0x18,0x24,0x00,0x18,0x08,0x08,0x08,0x08,0x88,0x88,0x70,
    0x00,0x00,0x84,0x88,0x90,0xA0,0xC0,0xA0,0x90,0x88,0x84,0x40,0x80,
    0x00,0x00,0x80,0x80,0x80,0x88,0x90,0xE0,0x90,0x88,0x84,0x40,0x80,
    0x00,0x00,0x00,0x00,0x84,0x88,0x90,0xE0,0x90,0x88,0x84,0x00,0x00,
    0x00,0x40,0x80,0x00,0x80,0x80,0x80,0x80,0x80,0x80,0xFC,0x00,0x00,
    0x00,0x10,0x20,0x00,0x30,0x10,0x10,0x10,0x10,0x10,0x7C,0x00,0x00,
    0x00,0x00,0x80,0x80,0x80,0x80,0x80,0x80,0x80,0x80,0xFC,0x10,0x20,
    0x00,0x00,0x30,0x10,0x10,0x10,0x10,0x10,0x10,0x10,0x7C,0x10,0x20,
    0x00,0x90,0x60,0x00,0x80,0x80,0x80,0x80,0x80,0x80,0xFC,0x00,0x00,
    0x00,0x48,0x30,0x00,0x30,0x10,0x10,0x10,0x10,0x10,0x7C,0x00,0x00,
    0x00,0x00,0x80,0x80,0x80,0x90,0x90,0x80,0x80,0x80,0xFC,0x00,0x00,
    0x00,0x00,0x60,0x20,0x20,0x24,0x24,0x20,0x20,0x20,0xF8,0x00,0x00,
    0x00,0x00,0x40,0x40,0x50,0x60,0xC0,0x40,0x40,0x40,0x7C,0x00,0x00,
    0x00,0x00,0x60,0x20,0x28,0x30,0x60,0x20,0x20,0x20,0xF8,0x00,0x00,
    0x00,0x10,0x20,0x00,0x84,0xC4,0xA4,0xA4,0x94,0x8C,0x84,0x00,0x00,
    0x00,0x00,0x10,0x20,0x00,0xB8,0xC4,0x84,0x84,0x84,0x84,0x00,0x00,
    0x00,0x00,0x84,0x84,0xC4,0xA4,0x94,0x8C,0x84,0x84,0x84,0x40,0x80,
    0x00,0x00,0x00,0x00,0x00,0xB8,0xC4,0x84,0x84,0x84,0x84,0x40,0x80,
    0x00,0x48,0x30,0x00,0x84,0xC4,0xA4,0xA4,0x94,0x8C,0x84,0x00,0x00,
    0x00,0x00,0x48,0x30,0x00,0xB8,0xC4,0x84,0x84,0x84,0x84,0x00,0x00,
    0x00,0xC0,0x40,0x80,0x00,0x58,0x64,0x44,0x44,0x44,0x44,0x00,0x00,
    0x00,0x00,0x84,0x84,0xC4,0xA4,0x94,0x8C,0x84,0x84,0x84,0x04,0x18,
    0x00,0x00,0x00,0x00,0x00,0xB8,0xC4,0x84,0x84,0x84,0x84,0x04,0x18,
    0x00,0x00,0x78,0x00,0x78,0x84,0x84,0x84,0x84,0x84,0x78,0x00,0x00,
    0x00,0x00,0x00,0x78,0x00,0x78,0x84,0x84,0x84,0x84,0x78,0x00,0x00,
    0x00,0x84,0x78,0x00,0x78,0x84,0x84,0x84,0x84,0x84,0x78,0x00,0x00,
    0x00,0x00,0x84,0x78,0x00,0x78,0x84,0x84,0x84,0x84,0x78,0x00,0x00,
    0x00,0x24,0x48,0x00,0x78,0x84,0x84,0x84,0x84,0x84,0x78,0x00,0x00,
    0x00,0x00,0x24,0x48,0x00,0x78,0x84,0x84,0x84,0x84,0x78,0x00,0x00,
    0x00,0x00,0x7C,0x90,0x90,0x90,0x9C,0x90,0x90,0x90,0x7C,0x00,0x00,
    0x00,0x00,0x00,0x00,0x00,0x68,0x94,0x9C,0x90,0x94,0x68,0x00,0x00,
    0x00,0x10,0x20,0x00,0xF8,0x84,0x84,0xF8,0x90,0x88,0x84,0x00,0x00,
    0x00,0x00,0x10,0x20,0x00,0xB8,0x44,0x40,0x40,0x40,0x40,0x00,0x00,
    0x00,0x00,0xF8,0x84,0x84,0x84,0xFC,0xA0,0x90,0x88,0x84,0x40,0x80,
    0x00,0x00,0x00,0x00,0x00,0xB8,0x44,0x40,0x40,0x40,0x40,0x40,0x80,
    0x00,0x48,0x30,0x00,0xF8,0x84,0x84,0xF8,0x90,0x88,0x84,0x00,0x00,
    0x00,0x00,0x48,0x30,0x00,0xB8,0x44,0x40,0x40,0x40,0x40,0x00,0x00,
    0x00,0x10,0x20,0x00,0x78,0x84,0x80,0x78,0x04,0x84,0x78,0x00,0x00,
    0x00,0x00,0x10,0x20,0x00,0x78,0x84,0x60,0x18,0x84,0x78,0x00,0x00,
    0x00,0x30,0x48,0x00,0x78,0x84,0x80,0x78,0x04,0x84,0x78,0x00,0x00,
    0x00,0x00,0x30,0x48,0x00,0x78,0x84,0x60,0x18,0x84,0x78,0x00,0x00,
    0x00,0x00,0x78,0x84,0x80,0x80,0x78,0x04,0x04,0x84,0x78,0x10,0x20,
    0x00,0x00,0x00,0x00,0x00,0x78,0x84,0x60,0x18,0x84,0x78,0x10,0x20,
    0x00,0x48,0x30,0x00,0x78,0x84,0x80,0x78,0x04,0x84,0x78,0x00,0x00,
    0x00,0x00,0x48,0x30,0x00,0x78,0x84,0x60,0x18,0x84,0x78,0x00,0x00,
    0x00,0x00,0x7C,0x10,0x10,0x10,0x10,0x10,0x10,0x10,0x10,0x08,0x10,
    0x00,0x00,0x00,0x40,0x40,0xF0,0x40,0x40,0x40,0x44,0x38,0x10,0x20,
    0x00,0x24,0x18,0x00,0x7C,0x10,0x10,0x10,0x10,0x10,0x10,0x00,0x00,
    0x00,0x48,0x30,0x00,0x40,0xF0,0x40,0x40,0x40,0x44,0x38,0x00,0x00,
    0x00,0x00,0x7C,0x10,0x10,0x10,0x7C,0x10,0x10,0x10,0x10,0x00,0x00,
    0x00,0x00,0x40,0xF0,0x40,0x40,0xF0,0x40,0x40,0x44,0x38,0x00,0x00,
    0x00,0x64,0x98,0x00,0x84,0x84,0x84,0x84,0x84,0x84,0x78,0x00,0x00,
    0x00,0x00,0x64,0x98,0x00,0x84,0x84,0x84,0x84,0x8C,0x74,0x00,0x00,
    0x00,0x00,0x78,0x00,0x84,0x84,0x84,0x84,0x84,0x84,0x78,0x00,0x00,
    0x00,0x00,0x00,0x78,0x00,0x84,0x84,0x84,0x84,0x8C,0x74,0x00,0x00,
    0x00,0x84,0x78,0x00,0x84,0x84,0x84,0x84,0x84,0x84,0x78,0x00,0x00,
    0x00,0x00,0x84,0x78,0x00,0x84,0x84,0x84,0x84,0x8C,0x74,0x00,0x00,
    0x00,0x30,0x48,0x30,0x84,0x84,0x84,0x84,0x84,0x84,0x78,0x00,0x00,
    0x00,0x30,0x48,0x30,0x00,0x84,0x84,0x84,0x84,0x8C,0x74,0x00,0x00,
    0x00,0x24,0x48,0x00,0x84,0x84,0x84,0x84,0x84,0x84,0x78,0x00,0x00,
    0x00,0x00,0x24,0x48,0x00,0x84,0x84,0x84,0x84,0x8C,0x74,0x00,0x00,
    0x00,0x00,0x84,0x84,0x84,0x84,0x84,0x84,0x84,0x84,0x78,0x20,0x10,
    0x00,0x00,0x00,0x00,0x00,0x84,0x84,0x84,0x84,0x8C,0x74,0x20,0x10,
    0x00,0x30,0x48,0x00,0x84,0x84,0xB4,0xB4,0xCC,0xCC,0x84,0x00,0x00,
    0x00,0x00,0x10,0x28,0x00,0x44,0x44,0x54,0x54,0x54,0x28,0x00,0x00,
    0x00,0x10,0x28,0x00,0x44,0x44,0x28,0x10,0x10,0x10,0x10,0x00,0x00,
    0x00,0x00,0x30,0x48,0x00,0x84,0x84,0x84,0x8C,0x74,0x04,0x84,0x78,
    0x00,0x44,0x44,0x00,0x44,0x44,0x28,0x10,0x10,0x10,0x10,0x00,0x00,
    0x00,0x10,0x20,0x00,0xFC,0x08,0x10,0x20,0x40,0x80,0xFC,0x00,0x00,
    0x00,0x00,0x10,0x20,0x00,0xFC,0x08,0x10,0x20,0x40,0xFC,0x00,0x00,
    0x00,0x30,0x00,0xFC,0x04,0x08,0x10,0x20,0x40,0x80,0xFC,0x00,0x00,
    0x00,0x00,0x00,0x30,0x00,0xFC,0x08,0x10,0x20,0x40,0xFC,0x00,0x00,
    0x00,0x48,0x30,0x00,0xFC,0x08,0x10,0x20,0x40,0x80,0xFC,0x00,0x00,
    0x00,0x00,0x48,0x30,0x00,0xFC,0x08,0x10,0x20,0x40,0xFC,0x00,0x00,
    0x00,0x00,0x30,0x48,0x40,0xC0,0x40,0x40,0x40,0x40,0x40,0x00,0x00,
    0x00,0x00,0x78,0x84,0x04,0x04,0xFC,0x84,0x84,0x84,0x78,0x00,0x00,
    0x00,0x00,0x18,0x24,0x20,0x20,0x78,0x20,0x20,0x20,0xA0,0x40,0x00,
    0x00,0x02,0x7A,0x84,0x84,0x84,0x84,0x84,0x84,0x84,0x78,0x00,0x00,
    0x00,0x00,0x00,0x00,0x02,0x7A,0x84,0x84,0x84,0x84,0x78,0x00,0x00,
    0x04,0x04,0x8C,0x88,0x88,0x88,0x88,0x88,0x88,0x88,0x70,0x00,0x00,
    0x00,0x00,0x00,0x04,0x04,0x8C,0x88,0x88,0x88,0x98,0x68,0x00,0x00,
    0x00,0x00,0xFC,0x04,0x08,0x10,0x78,0x20,0x40,0x80,0xFC,0x00,0x00,
    0x00,0x00,0x00,0x00,0x00,0xFC,0x08,0x78,0x20,0x40,0xFC,0x00,0x00,
    0x00,0x48,0x30,0x00,0x78,0x84,0x84,0x84,0x84,0x84,0x78,0x00,0x00,
    0x00,0x00,0x48,0x30,0x00,0x78,0x84,0x84,0x84,0x84,0x78,0x00,0x00,
    0x48,0x30,0x00,0x78,0x84,0x80,0x80,0x9C,0x84,0x8C,0x74,0x00,0x00,
    0x00,0x00,0x48,0x30,0x00,0x74,0x88,0x88,0x70,0x80,0x78,0x84,0x78,
    0x10,0x20,0x30,0x48,0x30,0x30,0x48,0x84,0xFC,0x84,0x84,0x00,0x00,
    0x10,0x20,0x30,0x48,0x30,0x78,0x04,0x7C,0x84,0x8C,0x74,0x00,0x00,
    0x10,0x20,0x00,0x7C,0xA0,0xA0,0xB8,0xE0,0xA0,0xA0,0xBC,0x00,0x00,
    0x00,0x00,0x08,0x10,0x00,0x68,0x14,0x7C,0x90,0x94,0x68,0x00,0x00,
    0x10,0x20,0x04,0x78,0x8C,0x94,0x94,0xA4,0xA4,0xC4,0x78,0x80,0x00,
    0x00,0x00,0x10,0x20,0x04,0x78,0x8C,0x94,0xA4,0xC4,0x78,0x80,0x00,
    0x00,0x00,0x78,0x84,0x80,0x80,0x78,0x04,0x04,0x84,0x78,0x10,0x20,
    0x00,0x00,0x00,0x00,0x00,0x78,0x84,0x60,0x18,0x84,0x78,0x10,0x20,
    0x00,0x00,0x7C,0x10,0x10,0x10,0x10,0x10,0x10,0x10,0x10,0x08,0x10,
    0x00,0x00,0x00,0x40,0x40,0xF0,0x40,0x40,0x40,0x44,0x38,0x10,0x20,
    0x00,0x00,0x00,0x00,0x00,0x78,0x84,0x04,0xFC,0x84,0x78,0x00,0x00,
    0x00,0x00,0x30,0x10,0x20,0x00,0x00,0x00,0x00,0x00,0x00,0x00,0x00,
    0x00,0x00,0x30,0x20,0x10,0x00,0x00,0x00,0x00,0x00,0x00,0x00,0x00,
    0x00,0x30,0x48,0x00,0x00,0x00,0x00,0x00,0x00,0x00,0x00,0x00,0x00,
    0x00,0x48,0x30,0x00,0x00,0x00,0x00,0x00,0x00,0x00,0x00,0x00,0x00,
    0x00,0x7C,0x00,0x00,0x00,0x00,0x00,0x00,0x00,0x00,0x00,0x00,0x00,
    0x00,0x00,0x00,0x00,0x10,0x10,0x7C,0x10,0x10,0x00,0x00,0x00,0x00,
    0x00,0x84,0x78,0x00,0x00,0x00,0x00,0x00,0x00,0x00,0x00,0x00,0x00,
    0x10,0x10,0x00,0x00,0x00,0x00,0x00,0x00,0x00,0x00,0x00,0x00,0x00,
    0x00,0x30,0x48,0x30,0x00,0x00,0x00,0x00,0x00,0x00,0x00,0x00,0x00,
    0x00,0x00,0x00,0x00,0x00,0x00,0x00,0x00,0x00,0x00,0x00,0x20,0x10,
    0x00,0x64,0x98,0x00,0x00,0x00,0x00,0x00,0x00,0x00,0x00,0x00,0x00,
    0x00,0x24,0x48,0x00,0x00,0x00,0x00,0x00,0x00,0x00,0x00,0x00,0x00,
    0x20,0x10,0x00,0x00,0x00,0x00,0x00,0x00,0x00,0x00,0x00,0x00,0x00,
    0x10,0x20,0x00,0x00,0x00,0x00,0x00,0x00,0x00,0x00,0x00,0x00,0x00,
    0x10,0x28,0x00,0x00,0x00,0x00,0x00,0x00,0x00,0x00,0x00,0x00,0x00,
    0x28,0x50,0x00,0x00,0x00,0x00,0x00,0x00,0x00,0x00,0x00,0x00,0x00,
    0x00,0x78,0x00,0x00,0x00,0x00,0x00,0x00,0x00,0x00,0x00,0x00,0x00,
    0x00,0xFC,0x00,0x00,0x00,0x00,0x00,0x00,0x00,0x00,0x00,0x00,0x00,
    0x44,0x38,0x00,0x00,0x00,0x00,0x00,0x00,0x00,0x00,0x00,0x00,0x00,
    0x10,0x10,0x00,0x00,0x00,0x00,0x00,0x00,0x00,0x00,0x00,0x00,0x00,
    0x28,0x28,0x00,0x00,0x00,0x00,0x00,0x00,0x00,0x00,0x00,0x00,0x00,
    0x30,0x08,0x10,0x00,0x00,0x00,0x00,0x00,0x00,0x00,0x00,0x00,0x00,
    0x10,0x28,0x10,0x00,0x00,0x00,0x00,0x00,0x00,0x00,0x00,0x00,0x00,
    0x24,0x48,0x00,0x00,0x00,0x00,0x00,0x00,0x00,0x00,0x00,0x00,0x00,
    0x28,0x10,0x00,0x00,0x00,0x00,0x00,0x00,0x00,0x00,0x00,0x00,0x00,
    0x10,0x10,0x10,0x00,0x00,0x00,0x00,0x00,0x00,0x00,0x00,0x00,0x00,
    0x28,0x28,0x28,0x00,0x00,0x00,0x00,0x00,0x00,0x00,0x00,0x00,0x00,
    0x48,0x24,0x00,0x00,0x00,0x00,0x00,0x00,0x00,0x00,0x00,0x00,0x00,
    0x10,0x44,0x38,0x00,0x00,0x00,0x00,0x00,0x00,0x00,0x00,0x00,0x00,
    0x38,0x44,0x00,0x00,0x00,0x00,0x00,0x00,0x00,0x00,0x00,0x00,0x00,
    0x00,0x00,0x00,0x00,0x00,0x00,0x00,0x00,0x00,0x00,0x00,0x00,0x10,
    0x00,0x00,0x00,0x00,0x00,0x00,0x00,0x00,0x00,0x00,0x00,0x00,0x28,
    0x00,0x00,0x04,0x04,0x08,0x08,0x10,0x20,0x20,0x40,0x40,0x00,0x00,
    0x20,0x10,0x00,0x00,0x00,0x00,0x00,0x00,0x00,0x00,0x00,0x00,0x00,
    0x10,0x20,0x00,0x00,0x00,0x00,0x00,0x00,0x00,0x00,0x00,0x00,0x00,
    0x00,0x00,0x10,0x20,0x00,0x00,0x00,0x00,0x00,0x00,0x00,0x00,0x00,
    0x00,0x00,0x00,0x00,0x00,0x00,0x00,0x00,0x00,0x00,0x00,0x10,0x20,
    0x00,0x00,0x00,0x00,0x00,0x00,0x00,0x00,0x00,0x00,0x00,0x20,0x30,
    0x00,0x00,0x00,0x00,0x10,0x38,0x10,0x00,0x00,0x38,0x30,0x40,0x00,
    0x00,0x00,0x10,0x20,0x00,0x00,0x00,0x00,0x00,0x00,0x00,0x00,0x00,
    0x00,0x08,0x54,0x44,0x00,0x00,0x00,0x00,0x00,0x00,0x00,0x00,0x00,
    0x00,0x00,0x58,0xA4,0x24,0x24,0x24,0x3C,0x24,0x24,0x24,0x00,0x00,
    0x00,0x00,0x00,0x00,0x00,0x30,0x00,0x00,0x00,0x00,0x00,0x00,0x00,
    0x00,0x00,0x7C,0xA0,0x20,0x20,0x38,0x20,0x20,0x20,0x3C,0x00,0x00,
    0x00,0x00,0x64,0xA4,0x24,0x24,0x3C,0x24,0x24,0x24,0x24,0x00,0x00,
    0x00,0x00,0x5C,0x88,0x08,0x08,0x08,0x08,0x08,0x08,0x1C,0x00,0x00,
    0x00,0x00,0x58,0xA4,0x24,0x24,0x24,0x24,0x24,0x24,0x18,0x00,0x00,
    0x00,0x00,0x54,0x94,0x14,0x08,0x08,0x08,0x08,0x08,0x08,0x00,0x00,
    0x00,0x00,0x58,0xA4,0x24,0x24,0x24,0x24,0x18,0x18,0x24,0x00,0x00,
    0x00,0x10,0xA4,0x84,0x00,0x20,0x20,0x20,0x20,0x24,0x18,0x00,0x00,
    0x00,0x00,0x30,0x48,0x84,0x84,0x84,0xFC,0x84,0x84,0x84,0x00,0x00,
    0x00,0x00,0xF8,0x84,0x84,0x84,0xF8,0x84,0x84,0x84,0xF8,0x00,0x00,
    0x00,0x00,0xFC,0x80,0x80,0x80,0x80,0x80,0x80,0x80,0x80,0x00,0x00,
    0x00,0x00,0x30,0x30,0x30,0x48,0x48,0x48,0x84,0x84,0xFC,0x00,0x00,
    0x00,0x00,0xFC,0x80,0x80,0x80,0xF0,0x80,0x80,0x80,0xFC,0x00,0x00,
    0x00,0x00,0xFC,0x04,0x08,0x10,0x30,0x20,0x40,0x80,0xFC,0x00,0x00,
    0x00,0x00,0x84,0x84,0x84,0x84,0xFC,0x84,0x84,0x84,0x84,0x00,0x00,
    0x00,0x00,0x78,0x84,0x84,0x84,0xFC,0x84,0x84,0x84,0x78,0x00,0x00,
    0x00,0x00,0xF8,0x20,0x20,0x20,0x20,0x20,0x20,0x20,0xF8,0x00,0x00,
    0x00,0x00,0x84,0x88,0x90,0xA0,0xC0,0xA0,0x90,0x88,0x84,0x00,0x00,
    0x00,0x00,0x30,0x30,0x30,0x48,0x48,0x48,0x84,0x84,0x84,0x00,0x00,
    0x00,0x00,0x84,0xCC,0xCC,0xB4,0xB4,0x84,0x84,0x84,0x84,0x00,0x00,
    0x00,0x00,0x84,0x84,0xC4,0xA4,0x94,0x8C,0x84,0x84,0x84,0x00,0x00,
    0x00,0x00,0xFC,0x00,0x00,0x00,0x78,0x00,0x00,0x00,0xFC,0x00,0x00,
    0x00,0x00,0x78,0x84,0x84,0x84,0x84,0x84,0x84,0x84,0x78,0x00,0x00,
    0x00,0x00,0xFC,0x48,0x48,0x48,0x48,0x48,0x48,0x48,0x48,0x00,0x00,
    0x00,0x00,0xF8,0x84,0x84,0x84,0xF8,0x80,0x80,0x80,0x80,0x00,0x00,
    0x00,0x00,0xFC,0x80,0x40,0x20,0x10,0x20,0x40,0x80,0xFC,0x00,0x00,
    0x00,0x00,0x7C,0x10,0x10,0x10,0x10,0x10,0x10,0x10,0x10,0x00,0x00,
    0x00,0x00,0x44,0x44,0x28,0x28,0x10,0x10,0x10,0x10,0x10,0x00,0x00,
    0x00,0x00,0x10,0x38,0x54,0x54,0x54,0x54,0x54,0x38,0x10,0x00,0x00,
    0x00,0x00,0x84,0x84,0x48,0x48,0x30,0x48,0x48,0x84,0x84,0x00,0x00,
    0x00,0x00,0x54,0x54,0x54,0x54,0x54,0x54,0x38,0x10,0x10,0x00,0x00,
    0x00,0x00,0x78,0x84,0x84,0x84,0x84,0x84,0x48,0x48,0xCC,0x00,0x00,
    0x00,0x44,0x44,0x00,0x7C,0x10,0x10,0x10,0x10,0x10,0x7C,0x00,0x00,
    0x00,0x44,0x44,0x00,0x44,0x44,0x28,0x10,0x10,0x10,0x10,0x00,0x00,
    0x00,0x00,0x08,0x10,0x00,0x74,0x8C,0x84,0x8C,0x94,0x64,0x00,0x00,
    0x00,0x00,0x08,0x10,0x00,0x78,0x84,0x70,0x80,0x84,0x78,0x00,0x00,
    0x00,0x00,0x08,0x10,0x00,0xB8,0xC4,0x84,0x84,0x84,0x84,0x04,0x04,
    0x00,0x00,0x20,0x40,0x00,0x40,0x40,0x40,0x40,0x48,0x30,0x00,0x00,
    0x00,0x10,0xA4,0x84,0x00,0x84,0x84,0x84,0x84,0x84,0x78,0x00,0x00,
    0x00,0x00,0x00,0x00,0x00,0x74,0x8C,0x84,0x8C,0x94,0x64,0x00,0x00,
    0x00,0x00,0x70,0x88,0x88,0xF8,0x84,0x84,0x84,0xC4,0xB8,0x80,0x80,
    0x00,0x00,0x00,0x00,0x00,0x44,0x44,0x28,0x28,0x10,0x10,0x10,0x10,
    0x00,0x00,0x78,0x84,0x40,0x78,0x84,0x84,0x84,0x84,0x78,0x00,0x00,
    0x00,0x00,0x00,0x00,0x00,0x78,0x84,0x70,0x80,0x84,0x78,0x00,0x00,
    0x00,0x00,0xFC,0x20,0x40,0x40,0x80,0x80,0x80,0x80,0x78,0x04,0x18,
    0x00,0x00,0x00,0x00,0x00,0xB8,0xC4,0x84,0x84,0x84,0x84,0x04,0x04,
    0x00,0x00,0x38,0x44,0x44,0x44,0x7C,0x44,0x44,0x44,0x38,0x00,0x00,
    0x00,0x00,0x00,0x00,0x00,0x40,0x40,0x40,0x40,0x48,0x30,0x00,0x00,
    0x00,0x00,0x00,0x00,0x00,0x44,0x48,0x50,0x70,0x48,0x44,0x00,0x00,
    0x00,0x00,0x78,0x84,0x04,0x74,0x8C,0x84,0x84,0x84,0x84,0x00,0x00,
    0x00,0x00,0x00,0x00,0x00,0x84,0x84,0x84,0x84,0xCC,0xB4,0x80,0x80,
    0x00,0x00,0x00,0x00,0x00,0x44,0x44,0x44,0x28,0x28,0x10,0x00,0x00,
    0x00,0x00,0xFC,0x20,0x40,0x40,0x38,0x40,0x80,0x80,0x78,0x04,0x18,
    0x00,0x00,0x00,0x00,0x00,0x78,0x84,0x84,0x84,0x84,0x78,0x00,0x00,
    0x00,0x00,0x00,0x00,0x00,0xFC,0x48,0x48,0x48,0x48,0x48,0x00,0x00,
    0x00,0x00,0x00,0x00,0x00,0x78,0x84,0x84,0x84,0xC4,0xB8,0x80,0x80,
    0x00,0x00,0x00,0x00,0x00,0x78,0x84,0x80,0x80,0x80,0x78,0x04,0x18,
    0x00,0x00,0x00,0x00,0x00,0x7C,0x90,0x88,0x84,0x84,0x78,0x00,0x00,
    0x00,0x00,0x00,0x00,0x00,0xF8,0x20,0x20,0x20,0x28,0x10,0x00,0x00,
    0x00,0x00,0x00,0x00,0x00,0x84,0x84,0x84,0x84,0x84,0x78,0x00,0x00,
    0x00,0x00,0x00,0x00,0x00,0x28,0x54,0x54,0x54,0x54,0x38,0x10,0x10,
    0x00,0x00,0x00,0x00,0x00,0x44,0x28,0x28,0x10,0x10,0x28,0x28,0x44,
    0x00,0x00,0x00,0x00,0x00,0x54,0x54,0x54,0x54,0x54,0x38,0x10,0x10,
    0x00,0x00,0x00,0x00,0x00,0x44,0x54,0x54,0x54,0x54,0x28,0x00,0x00,
    0x00,0x00,0x84,0x84,0x00,0x20,0x20,0x20,0x20,0x24,0x18,0x00,0x00,
    0x00,0x00,0x84,0x84,0x00,0x84,0x84,0x84,0x84,0x84,0x78,0x00,0x00,
    0x00,0x00,0x08,0x10,0x00,0x78,0x84,0x84,0x84,0x84,0x78,0x00,0x00,
    0x00,0x00,0x08,0x10,0x00,0x84,0x84,0x84,0x84,0x84,0x78,0x00,0x00,
    0x00,0x00,0x08,0x10,0x00,0x44,0x54,0x54,0x54,0x54,0x28,0x00,0x00,
    0x00,0x00,0x30,0x48,0x88,0xB0,0xC8,0x84,0x84,0x48,0x30,0x00,0x00,
    0x00,0x00,0x70,0x88,0x88,0x7C,0x08,0x88,0x88,0x88,0x70,0x00,0x00,
    0x00,0x00,0x28,0x54,0x10,0x10,0x10,0x10,0x10,0x10,0x10,0x00,0x00,
    0x00,0x00,0x28,0x54,0x10,0x50,0x50,0x10,0x10,0x10,0x10,0x00,0x00,
    0x00,0x44,0x44,0x00,0x28,0x54,0x10,0x10,0x10,0x10,0x10,0x00,0x00,
    0x00,0x00,0x00,0x10,0x10,0x38,0x54,0x54,0x54,0x54,0x38,0x10,0x10,
    0x00,0x00,0x00,0x00,0x00,0x7C,0x44,0x54,0x54,0x54,0x28,0x00,0x00,
    0x00,0x00,0x08,0x10,0x00,0x84,0x48,0x50,0x70,0x48,0x84,0x04,0x38,
    0x00,0x00,0x38,0x44,0x80,0x80,0x80,0x80,0x80,0x78,0x04,0x08,0x00,
    0x00,0x00,0x00,0x00,0x04,0x78,0x80,0x80,0x80,0x80,0x78,0x04,0x18,
    0x00,0x00,0xFC,0x80,0x80,0x80,0xF0,0x80,0x80,0x80,0x80,0x00,0x00,
    0x00,0x00,0x00,0x00,0x00,0xF8,0x80,0x80,0xF0,0x80,0x80,0x80,0x80,
    0x00,0x00,0x80,0x84,0x8C,0x94,0xA4,0xA4,0xC4,0x84,0x04,0x00,0x00,
    0x00,0x00,0x20,0x20,0x40,0x40,0x80,0xFC,0x04,0x08,0x08,0x10,0x10,
    0x00,0x00,0x30,0x30,0x30,0x48,0x48,0x48,0x94,0x94,0xA4,0x00,0x00,
    0x00,0x00,0x60,0x10,0x08,0x18,0x24,0x4C,0x14,0x24,0x04,0x04,0x04,
    0x00,0x00,0x00,0x00,0x00,0x84,0x48,0x50,0x70,0x48,0x84,0x00,0x00,
    0x00,0x00,0x00,0x00,0x00,0x78,0x84,0x84,0x84,0xC4,0xB8,0x80,0x78,
    0x00,0x00,0x00,0x00,0x00,0x78,0x84,0x80,0x80,0x84,0x78,0x00,0x00,
    0x00,0x00,0x00,0x04,0x00,0x0C,0x04,0x04,0x04,0x04,0x44,0x44,0x38,
    0x00,0x00,0x78,0x84,0x84,0x84,0xFC,0x84,0x84,0x84,0x78,0x00,0x00,
    0x00,0x00,0x00,0x00,0x00,0x3C,0x40,0x78,0x40,0x40,0x3C,0x00,0x00,
    0x00,0x48,0x48,0x00,0xFC,0x80,0x80,0xF0,0x80,0x80,0xFC,0x00,0x00,
    0x00,0x00,0xF8,0x20,0x20,0x20,0x38,0x24,0x24,0x24,0x24,0x04,0x18,
    0x10,0x20,0x00,0xFC,0x80,0x80,0x80,0x80,0x80,0x80,0x80,0x00,0x00,
    0x00,0x00,0x38,0x44,0x80,0x80,0xF0,0x80,0x80,0x44,0x38,0x00,0x00,
    0x00,0x00,0x78,0x84,0x80,0x80,0x78,0x04,0x04,0x84,0x78,0x00,0x00,
    0x00,0x00,0x7C,0x10,0x10,0x10,0x10,0x10,0x10,0x10,0x7C,0x00,0x00,
    0x00,0x44,0x44,0x00,0x7C,0x10,0x10,0x10,0x10,0x10,0x7C,0x00,0x00,
    0x00,0x00,0x1C,0x08,0x08,0x08,0x08,0x08,0x08,0x88,0x70,0x00,0x00,
    0x00,0x00,0x70,0x50,0x50,0x50,0x58,0x54,0x54,0x54,0x98,0x00,0x00,
    0x00,0x00,0x90,0x90,0x90,0x90,0xF8,0x94,0x94,0x94,0x98,0x00,0x00,
    0x00,0x00,0xF8,0x20,0x20,0x20,0x38,0x24,0x24,0x24,0x24,0x00,0x00,
    0x10,0x20,0x84,0x88,0x90,0xA0,0xC0,0xA0,0x90,0x88,0x84,0x00,0x00,
    0x48,0x30,0x00,0x84,0x84,0x84,0x7C,0x04,0x04,0x84,0x78,0x00,0x00,
    0x00,0x00,0x88,0x88,0x88,0x88,0x88,0x88,0x88,0x88,0xF8,0x20,0x20,
    0x00,0x00,0x30,0x48,0x84,0x84,0x84,0xFC,0x84,0x84,0x84,0x00,0x00,
    0x00,0x00,0xF8,0x80,0x80,0x80,0xF8,0x84,0x84,0x84,0xF8,0x00,0x00,
    0x00,0x00,0xF8,0x84,0x84,0x84,0xF8,0x84,0x84,0x84,0xF8,0x00,0x00,
    0x00,0x00,0xFC,0x80,0x80,0x80,0x80,0x80,0x80,0x80,0x80,0x00,0x00,
    0x00,0x00,0x38,0x28,0x28,0x28,0x48,0x48,0x48,0x48,0xFC,0x84,0x00,
    0x00,0x00,0xFC,0x80,0x80,0x80,0xF0,0x80,0x80,0x80,0xFC,0x00,0x00,
    0x00,0x00,0x54,0x54,0x54,0x54,0x38,0x54,0x54,0x54,0x54,0x00,0x00,
    0x00,0x00,0x78,0x84,0x04,0x04,0x38,0x04,0x04,0x84,0x78,0x00,0x00,
    0x00,0x00,0x84,0x84,0x8C,0x94,0xA4,0xC4,0x84,0x84,0x84,0x00,0x00,
    0x48,0x30,0x84,0x84,0x8C,0x94,0xA4,0xC4,0x84,0x84,0x84,0x00,0x00,
    0x00,0x00,0x84,0x88,0x90,0xA0,0xC0,0xA0,0x90,0x88,0x84,0x00,0x00,
    0x00,0x00,0x7C,0x44,0x44,0x44,0x44,0x44,0x44,0x44,0x84,0x00,0x00,
    0x00,0x00,0x84,0xCC,0xCC,0xB4,0xB4,0x84,0x84,0x84,0x84,0x00,0x00,
    0x00,0x00,0x84,0x84,0x84,0x84,0xFC,0x84,0x84,0x84,0x84,0x00,0x00,
    0x00,0x00,0x78,0x84,0x84,0x84,0x84,0x84,0x84,0x84,0x78,0x00,0x00,
    0x00,0x00,0xFC,0x84,0x84,0x84,0x84,0x84,0x84,0x84,0x84,0x00,0x00,
    0x00,0x00,0xF8,0x84,0x84,0x84,0xF8,0x80,0x80,0x80,0x80,0x00,0x00,
    0x00,0x00,0x78,0x84,0x80,0x80,0x80,0x80,0x80,0x84,0x78,0x00,0x00,
    0x00,0x00,0x7C,0x10,0x10,0x10,0x10,0x10,0x10,0x10,0x10,0x00,0x00,
    0x00,0x00,0x84,0x84,0x84,0x84,0x7C,0x04,0x04,0x84,0x78,0x00,0x00,
    0x00,0x10,0x38,0x54,0x54,0x54,0x54,0x54,0x54,0x54,0x38,0x10,0x00,
    0x00,0x00,0x84,0x84,0x48,0x48,0x30,0x48,0x48,0x84,0x84,0x00,0x00,
    0x00,0x00,0x88,0x88,0x88,0x88,0x88,0x88,0x88,0x88,0xFC,0x04,0x04,
    0x00,0x00,0x84,0x84,0x84,0x84,0x7C,0x04,0x04,0x04,0x04,0x00,0x00,
    0x00,0x00,0x54,0x54,0x54,0x54,0x54,0x54,0x54,0x54,0x7C,0x00,0x00,
    0x00,0x00,0xA8,0xA8,0xA8,0xA8,0xA8,0xA8,0xA8,0xA8,0xFC,0x04,0x04,
    0x00,0x00,0xE0,0x20,0x20,0x20,0x38,0x24,0x24,0x24,0x38,0x00,0x00,
    0x00,0x00,0x84,0x84,0x84,0x84,0xE4,0x94,0x94,0x94,0xE4,0x00,0x00,
    0x00,0x00,0x40,0x40,0x40,0x40,0x78,0x44,0x44,0x44,0x78,0x00,0x00,
    0x00,0x00,0x70,0x88,0x04,0x04,0x3C,0x04,0x04,0x88,0x70,0x00,0x00,
    0x00,0x00,0x98,0xA4,0xA4,0xA4,0xE4,0xA4,0xA4,0xA4,0x98,0x00,0x00,
    0x00,0x00,0x7C,0x84,0x84,0x84,0x7C,0x14,0x24,0x44,0x84,0x00,0x00,
    0x00,0x00,0x00,0x00,0x00,0x78,0x04,0x7C,0x84,0x8C,0x74,0x00,0x00,
    0x00,0x00,0x04,0x78,0x80,0xB8,0xC4,0x84,0x84,0x84,0x78,0x00,0x00,
    0x00,0x00,0x00,0x00,0x00,0xF8,0x84,0xF8,0x84,0x84,0xF8,0x00,0x00,
    0x00,0x00,0x00,0x00,0x00,0xFC,0x80,0x80,0x80,0x80,0x80,0x00,0x00,
    0x00,0x00,0x00,0x00,0x00,0x38,0x48,0x48,0x48,0x48,0xFC,0x84,0x00,
    0x00,0x00,0x00,0x00,0x00,0x78,0x84,0xFC,0x80,0x84,0x78,0x00,0x00,
    0x00,0x00,0x00,0x00,0x00,0x54,0x54,0x38,0x54,0x54,0x54,0x00,0x00,
    0x00,0x00,0x00,0x00,0x00,0x78,0x84,0x38,0x04,0x84,0x78,0x00,0x00,
    0x00,0x00,0x00,0x00,0x00,0x84,0x8C,0x94,0xA4,0xC4,0x84,0x00,0x00,
    0x00,0x00,0x48,0x30,0x00,0x84,0x8C,0x94,0xA4,0xC4,0x84,0x00,0x00,
    0x00,0x00,0x00,0x00,0x00,0x84,0x88,0xF0,0x88,0x84,0x84,0x00,0x00,
    0x00,0x00,0x00,0x00,0x00,0x3C,0x44,0x44,0x44,0x44,0x84,0x00,0x00,
    0x00,0x00,0x00,0x00,0x00,0x44,0x6C,0x54,0x44,0x44,0x44,0x00,0x00,
    0x00,0x00,0x00,0x00,0x00,0x84,0x84,0xFC,0x84,0x84,0x84,0x00,0x00,
    0x00,0x00,0x00,0x00,0x00,0x78,0x84,0x84,0x84,0x84,0x78,0x00,0x00,
    0x00,0x00,0x00,0x00,0x00,0xFC,0x84,0x84,0x84,0x84,0x84,0x00,0x00,
    0x00,0x00,0x00,0x00,0x00,0xB8,0xC4,0x84,0x84,0xC4,0xB8,0x80,0x80,
    0x00,0x00,0x00,0x00,0x00,0x78,0x84,0x80,0x80,0x84,0x78,0x00,0x00,
    0x00,0x00,0x00,0x00,0x00,0x7C,0x10,0x10,0x10,0x10,0x10,0x00,0x00,
    0x00,0x00,0x00,0x00,0x00,0x84,0x84,0x84,0x8C,0x74,0x04,0x84,0x78,
    0x00,0x00,0x00,0x10,0x10,0x38,0x54,0x54,0x54,0x54,0x38,0x10,0x10,
    0x00,0x00,0x00,0x00,0x00,0x84,0x48,0x30,0x30,0x48,0x84,0x00,0x00,
    0x00,0x00,0x00,0x00,0x00,0x88,0x88,0x88,0x88,0x88,0xFC,0x04,0x04,
    0x00,0x00,0x00,0x00,0x00,0x84,0x84,0x84,0x7C,0x04,0x04,0x00,0x00,
    0x00,0x00,0x00,0x00,0x00,0x54,0x54,0x54,0x54,0x54,0x7C,0x00,0x00,
    0x00,0x00,0x00,0x00,0x00,0xA8,0xA8,0xA8,0xA8,0xA8,0xFC,0x04,0x04,
    0x00,0x00,0x00,0x00,0x00,0xE0,0x20,0x38,0x24,0x24,0x38,0x00,0x00,
    0x00,0x00,0x00,0x00,0x00,0x84,0x84,0xE4,0x94,0x94,0xE4,0x00,0x00,
    0x00,0x00,0x00,0x00,0x00,0x40,0x40,0x78,0x44,0x44,0x78,0x00,0x00,
    0x00,0x00,0x00,0x00,0x00,0x78,0x84,0x1C,0x04,0x84,0x78,0x00,0x00,
    0x00,0x00,0x00,0x00,0x00,0x98,0xA4,0xE4,0xA4,0xA4,0x98,0x00,0x00,
    0x00,0x00,0x00,0x00,0x00,0x7C,0x84,0x84,0x7C,0x44,0x84,0x00,0x00,
    0x00,0x00,0x48,0x48,0x00,0x78,0x84,0xFC,0x80,0x84,0x78,0x00,0x00,
    0x00,0x00,0x00,0x40,0x40,0xF0,0x40,0x78,0x44,0x44,0x44,0x04,0x18,
    0x00,0x00,0x10,0x20,0x00,0xFC,0x80,0x80,0x80,0x80,0x80,0x00,0x00,
    0x00,0x00,0x00,0x00,0x00,0x78,0x84,0xE0,0x80,0x84,0x78,0x00,0x00,
    0x00,0x00,0x00,0x00,0x00,0x78,0x84,0x60,0x18,0x84,0x78,0x00,0x00,
    0x00,0x00,0x00,0x10,0x00,0x30,0x10,0x10,0x10,0x10,0x7C,0x00,0x00,
    0x00,0x00,0x48,0x48,0x00,0x30,0x10,0x10,0x10,0x10,0x7C,0x00,0x00,
    0x00,0x00,0x00,0x04,0x00,0x0C,0x04,0x04,0x04,0x04,0x44,0x44,0x38,
    0x00,0x00,0x00,0x00,0x00,0x70,0x50,0x5C,0x52,0x52,0x9C,0x00,0x00,
    0x00,0x00,0x00,0x00,0x00,0x90,0x90,0xF8,0x94,0x94,0x98,0x00,0x00,
    0x00,0x00,0x00,0x40,0x40,0xF0,0x40,0x78,0x44,0x44,0x44,0x00,0x00,
    0x00,0x00,0x10,0x20,0x00,0x84,0x88,0xF0,0x88,0x84,0x84,0x00,0x00,
    0x00,0x00,0x48,0x30,0x00,0x84,0x84,0x84,0x8C,0x74,0x04,0x84,0x78,
    0x00,0x00,0x00,0x00,0x00,0x44,0x44,0x44,0x44,0x44,0x7C,0x10,0x10,
    0x00,0x00,0x40,0xF0,0x40,0x40,0x78,0x44,0x44,0x44,0x78,0x00,0x00,
    0x00,0x00,0x00,0x40,0x40,0xF0,0x40,0x78,0x44,0x44,0x78,0x00,0x00,
    0x00,0x00,0x54,0x54,0x54,0x54,0x54,0x54,0x38,0x10,0x10,0x00,0x00,
    0x00,0x00,0x00,0x00,0x00,0x54,0x54,0x54,0x54,0x54,0x38,0x10,0x10,
    0x00,0x00,0x78,0x84,0x84,0x84,0xFC,0x84,0x84,0x84,0x78,0x00,0x00,
    0x00,0x00,0x00,0x00,0x00,0x78,0x84,0xFC,0x84,0x84,0x78,0x00,0x00,
    0x00,0x00,0x84,0x88,0x90,0x50,0x50,0x50,0x20,0x20,0x20,0x00,0x00,
    0x00,0x00,0x00,0x00,0x00,0x44,0x48,0x48,0x28,0x28,0x10,0x00,0x00,
    0x90,0x48,0x00,0x84,0x88,0x90,0x50,0x50,0x50,0x20,0x20,0x00,0x00,
    0x00,0x00,0x48,0x24,0x00,0x44,0x48,0x48,0x28,0x28,0x10,0x00,0x00,
    0x04,0x04,0xFC,0x80,0x80,0x80,0x80,0x80,0x80,0x80,0x80,0x00,0x00,
    0x00,0x00,0x00,0x04,0x04,0xFC,0x80,0x80,0x80,0x80,0x80,0x00,0x00,
    0x00,0x00,0xFC,0x80,0x80,0x80,0xF0,0x80,0x80,0x80,0x80,0x00,0x00,
    0x00,0x00,0x00,0x00,0x00,0x7C,0x40,0x40,0x70,0x40,0x40,0x00,0x00,
    0x00,0x00,0xA8,0xA8,0xA8,0xA8,0x70,0xA8,0xA8,0xA8,0xAC,0x04,0x04,
    0x00,0x00,0x00,0x00,0x00,0xA8,0xA8,0x70,0xA8,0xA8,0xAC,0x04,0x04,
    0x00,0x00,0x84,0x88,0x90,0xA0,0xC0,0xA0,0x90,0x88,0x84,0x04,0x04,
    0x00,0x00,0x00,0x00,0x00,0x84,0x88,0xF0,0x88,0x84,0x84,0x04,0x04,
    0x00,0x00,0x44,0x44,0x28,0x28,0x10,0x10,0x10,0x10,0x10,0x10,0x10,
    0x00,0x00,0x00,0x00,0x00,0x44,0x28,0x10,0x10,0x10,0x10,0x10,0x10,
    0x00,0x00,0x44,0x44,0x28,0x28,0x10,0x10,0x10,0x7C,0x10,0x10,0x10,
    0x00,0x00,0x00,0x00,0x00,0x44,0x28,0x10,0x10,0x10,0x7C,0x10,0x10,
    0x00,0x00,0x84,0x84,0x48,0x48,0x30,0x48,0x48,0x84,0x86,0x02,0x02,
    0x00,0x00,0x00,0x00,0x00,0x84,0x48,0x30,0x30,0x48,0x86,0x02,0x02,
    0x00,0x00,0x80,0x80,0x80,0x80,0xF8,0x84,0x84,0x84,0x84,0x00,0x00,
    0x00,0x00,0x00,0x00,0x00,0x80,0x80,0xF8,0x84,0x84,0x84,0x00,0x00,
    0x00,0x00,0x78,0x84,0x04,0x04,0xFC,0x84,0x84,0x84,0x78,0x00,0x00,
    0x00,0x00,0x00,0x00,0x00,0x78,0x84,0x04,0xFC,0x84,0x78,0x00,0x00,
    0x78,0x00,0x84,0x84,0x8C,0x94,0xA4,0xC4,0x84,0x84,0x84,0x00,0x00,
    0x00,0x00,0x00,0x78,0x00,0x84,0x8C,0x94,0xA4,0xC4,0x84,0x00,0x00,
    0x00,0x00,0x78,0x84,0x84,0x84,0xFC,0x84,0x84,0x84,0x78,0x00,0x00,
    0x00,0x00,0x00,0x00,0x00,0x78,0x84,0xFC,0x84,0x84,0x78,0x00,0x00,
    0x78,0x00,0x84,0x84,0x84,0x84,0x7C,0x04,0x04,0x84,0x78,0x00,0x00,
    0x00,0x00,0x00,0x78,0x00,0x84,0x84,0x84,0x8C,0x74,0x04,0x84,0x78,
    0x00,0x00,0x00,0x00,0x00,0x48,0x24,0x34,0x48,0x44,0x64,0x00,0x00,
    0x00,0x00,0x00,0x00,0x00,0x78,0x08,0x08,0x08,0x08,0x7C,0x00,0x00,
    0x00,0x00,0x00,0x00,0x00,0x40,0x20,0x10,0x10,0x28,0x48,0x00,0x00,
    0x00,0x00,0x00,0x00,0x00,0x7C,0x08,0x08,0x08,0x08,0x08,0x00,0x00,
    0x00,0x00,0x00,0x00,0x00,0x7C,0x04,0x04,0x44,0x44,0x44,0x00,0x00,
    0x00,0x00,0x00,0x00,0x00,0x30,0x10,0x10,0x10,0x10,0x10,0x00,0x00,
    0x00,0x00,0x00,0x00,0x00,0x7C,0x10,0x10,0x08,0x08,0x08,0x00,0x00,
    0x00,0x00,0x00,0x00,0x00,0xFC,0x44,0x44,0x44,0x44,0x44,0x00,0x00,
    0x00,0x00,0x00,0x00,0x00,0xCC,0x94,0x94,0x84,0x84,0xFC,0x00,0x00,
    0x00,0x00,0x00,0x00,0x00,0x30,0x10,0x10,0x00,0x00,0x00,0x00,0x00,
    0x00,0x00,0x00,0x00,0x00,0x7C,0x04,0x04,0x04,0x04,0x04,0x04,0x04,
    0x00,0x00,0x00,0x00,0x00,0x7C,0x04,0x04,0x04,0x04,0x78,0x00,0x00,
    0x00,0x00,0x40,0x40,0x40,0x7C,0x04,0x04,0x04,0x08,0x30,0x00,0x00,
    0x00,0x00,0x00,0x00,0x00,0xFC,0x44,0x44,0x44,0x44,0x7C,0x00,0x00,
    0x00,0x00,0x00,0x00,0x00,0x48,0x54,0x24,0x44,0x44,0x5C,0x00,0x00,
    0x00,0x00,0x00,0x00,0x00,0x30,0x10,0x10,0x10,0x10,0x10,0x10,0x10,
    0x00,0x00,0x00,0x00,0x00,0x18,0x08,0x08,0x08,0x08,0x78,0x00,0x00,
    0x00,0x00,0x00,0x00,0x00,0xFC,0x44,0x44,0x48,0x50,0x60,0x00,0x00,
    0x00,0x00,0x00,0x00,0x00,0xCC,0x44,0x44,0x44,0x48,0xF0,0x00,0x00,
    0x00,0x00,0x00,0x00,0x00,0xFC,0x44,0x44,0x64,0x04,0x04,0x04,0x04,
    0x00,0x00,0x00,0x00,0x00,0xFC,0x44,0x64,0x04,0x04,0xF8,0x00,0x00,
    0x00,0x00,0x00,0x00,0x00,0x48,0x24,0x24,0x28,0x30,0x20,0x20,0x20,
    0x00,0x00,0x00,0x00,0x00,0x48,0x24,0x14,0x08,0x04,0x7C,0x00,0x00,
    0x00,0x00,0x00,0x00,0x00,0x7C,0x04,0x44,0x44,0x44,0x58,0x40,0x40,
    0x00,0x00,0x00,0x00,0x00,0x78,0x04,0x04,0x04,0x04,0x04,0x00,0x00,
    0x00,0x00,0x00,0x00,0x00,0x54,0x54,0x54,0x74,0x44,0x78,0x00,0x00,
    0x00,0x00,0x00,0x00,0x00,0x7C,0x24,0x24,0x24,0x24,0x64,0x00,0x00,
    0x00,0x00,0x24,0x28,0x34,0x28,0x30,0x20,0x20,0x20,0x20,0x00,0x00,
    0x00,0x00,0x70,0x48,0x48,0x44,0x44,0x44,0x44,0x44,0x44,0x00,0x00,
    0x00,0x00,0x10,0x28,0x44,0x44,0x54,0x54,0x54,0x54,0x54,0x00,0x00,
    0x00,0x00,0x20,0x20,0x30,0x28,0x24,0x28,0x30,0x20,0x20,0x00,0x00,
    0x00,0x00,0x44,0x68,0x54,0x68,0x50,0x40,0x40,0x40,0x40,0x00,0x00,
    0x00,0x00,0x44,0x68,0x50,0x40,0x60,0x50,0x48,0x40,0x40,0x00,0x00,
    0x00,0x00,0x30,0x28,0x34,0x28,0x24,0x20,0x20,0x20,0x20,0x00,0x00,
    0x00,0x00,0x60,0x50,0x48,0x50,0x60,0x50,0x48,0x44,0x40,0x00,0x00,
    0x00,0x00,0x40,0x40,0x70,0x48,0x48,0x44,0x44,0x44,0x44,0x00,0x00,
    0x00,0x00,0x44,0x44,0x28,0x28,0x10,0x28,0x28,0x44,0x44,0x00,0x00,
    0x00,0x00,0x44,0x44,0x38,0x28,0x54,0x28,0x38,0x44,0x44,0x00,0x00,
    0x00,0x00,0x30,0x28,0x24,0x28,0x30,0x20,0x20,0x20,0x20,0x00,0x00,
    0x00,0x00,0x44,0x44,0x44,0x64,0x54,0x6C,0x54,0x4C,0x44,0x00,0x00,
    0x00,0x00,0x10,0x10,0x50,0x30,0x10,0x18,0x14,0x10,0x10,0x00,0x00,
    0x00,0x00,0x10,0x10,0x10,0x10,0x10,0x10,0x10,0x10,0x10,0x00,0x00,
    0x00,0x00,0x10,0x10,0x38,0x54,0x54,0x54,0x38,0x10,0x10,0x00,0x00,
    0x00,0x00,0x10,0x18,0x14,0x10,0x10,0x10,0x50,0x30,0x10,0x00,0x00,
    0x00,0x00,0x44,0x68,0x50,0x40,0x40,0x40,0x50,0x68,0x44,0x00,0x00,
    0x00,0x00,0x54,0x54,0x54,0x38,0x10,0x10,0x10,0x10,0x10,0x00,0x00,
    0x00,0x00,0x40,0x40,0x44,0x4C,0x54,0x64,0x44,0x04,0x04,0x00,0x00,
    0x00,0x00,0x10,0x38,0x54,0x10,0x10,0x10,0x10,0x10,0x10,0x00,0x00,
    0x00,0x00,0x60,0x50,0x48,0x50,0x60,0x50,0x48,0x50,0x60,0x00,0x00,
    0x00,0x00,0x44,0x6C,0x54,0x44,0x44,0x44,0x44,0x44,0x44,0x00,0x00,
    0x00,0x00,0x44,0x6C,0x54,0x6C,0x44,0x44,0x44,0x44,0x44,0x00,0x00,
    0x00,0x00,0x20,0x30,0x28,0x24,0x20,0x20,0x20,0x20,0x20,0x00,0x00,
    0x00,0x00,0x44,0x28,0x10,0x28,0x44,0x28,0x10,0x28,0x44,0x00,0x00,
    0x00,0x00,0x44,0x44,0x44,0x6C,0x54,0x6C,0x44,0x44,0x44,0x00,0x00,
    0x00,0x00,0x10,0x28,0x44,0x28,0x10,0x28,0x44,0x44,0x44,0x00,0x00,
    0x00,0x00,0x54,0x38,0x10,0x10,0x10,0x10,0x10,0x10,0x10,0x00,0x00,
    0x00,0x00,0x54,0x38,0x10,0x38,0x54,0x10,0x10,0x10,0x10,0x00,0x00,
    0x00,0x00,0x10,0x10,0x10,0x10,0x38,0x54,0x54,0x54,0x54,0x00,0x00,
    0x00,0x00,0x44,0x6C,0x54,0x44,0x44,0x44,0x54,0x6C,0x44,0x00,0x00,
    0x00,0x00,0x00,0x00,0x00,0x00,0x10,0x00,0x00,0x00,0x00,0x00,0x00,
    0x00,0x00,0x00,0x00,0x00,0x10,0x00,0x10,0x00,0x00,0x00,0x00,0x00,
    0x00,0x00,0x00,0x00,0x00,0x28,0x10,0x28,0x00,0x00,0x00,0x00,0x00,
    0x00,0x30,0x00,0xF8,0x44,0x44,0x78,0x44,0x44,0x44,0xF8,0x00,0x00,
    0x00,0x18,0x80,0x80,0x80,0xB8,0xC4,0x84,0x84,0xC4,0xB8,0x00,0x00,
    0x00,0x00,0xF8,0x44,0x44,0x44,0x78,0x44,0x44,0x44,0xF8,0x00,0x30,
    0x00,0x30,0x00,0xF8,0x44,0x44,0x44,0x44,0x44,0x44,0xF8,0x00,0x00,
    0x00,0x60,0x04,0x04,0x04,0x74,0x8C,0x84,0x84,0x8C,0x74,0x00,0x00,
    0x00,0x30,0x00,0xFC,0x80,0x80,0xF0,0x80,0x80,0x80,0x80,0x00,0x00,
    0x00,0x30,0x00,0x38,0x44,0x40,0x40,0xF0,0x40,0x40,0x40,0x00,0x00,
    0x00,0x30,0x00,0x84,0xCC,0xCC,0xB4,0xB4,0x84,0x84,0x84,0x00,0x00,
    0x00,0x00,0x00,0x30,0x00,0x68,0x54,0x54,0x54,0x54,0x44,0x00,0x00,
    0x00,0x30,0x00,0xF8,0x84,0x84,0x84,0xF8,0x80,0x80,0x80,0x00,0x00,
    0x00,0x00,0x00,0x30,0x00,0xB8,0xC4,0x84,0xC4,0xB8,0x80,0x80,0x80,
    0x00,0x30,0x00,0x78,0x84,0x80,0x78,0x04,0x04,0x84,0x78,0x00,0x00,
    0x00,0x00,0x00,0x30,0x00,0x78,0x84,0x60,0x18,0x84,0x78,0x00,0x00,
    0x00,0x30,0x00,0x7C,0x10,0x10,0x10,0x10,0x10,0x10,0x10,0x00,0x00,
    0x00,0x60,0x00,0x40,0x40,0xF0,0x40,0x40,0x40,0x44,0x38,0x00,0x00,
    0x00,0x20,0x10,0x84,0x84,0x84,0xB4,0xB4,0xCC,0xCC,0x84,0x00,0x00,
    0x00,0x00,0x20,0x10,0x00,0x44,0x44,0x54,0x54,0x54,0x28,0x00,0x00,
    0x00,0x10,0x20,0x84,0x84,0x84,0xB4,0xB4,0xCC,0xCC,0x84,0x00,0x00,
    0x00,0x00,0x08,0x10,0x00,0x44,0x44,0x54,0x54,0x54,0x28,0x00,0x00,
    0x00,0x48,0x00,0x84,0x84,0x84,0xB4,0xB4,0xCC,0xCC,0x84,0x00,0x00,
    0x00,0x00,0x00,0x28,0x00,0x44,0x44,0x54,0x54,0x54,0x28,0x00,0x00,
    0x00,0x20,0x10,0x00,0x44,0x44,0x28,0x10,0x10,0x10,0x10,0x00,0x00,
    0x00,0x00,0x20,0x10,0x00,0x84,0x84,0x84,0x8C,0x74,0x04,0x84,0x78,
    0x00,0x30,0x10,0x20,0x00,0x74,0x8C,0x84,0x8C,0x94,0x64,0x00,0x00,
    0x00,0x30,0x20,0x10,0x00,0x74,0x8C,0x84,0x8C,0x94,0x64,0x00,0x00,
    0x00,0x68,0x24,0x40,0x00,0x74,0x8C,0x84,0x8C,0x94,0x64,0x00,0x00,
    0x00,0x68,0x44,0x20,0x00,0x74,0x8C,0x84,0x8C,0x94,0x64,0x00,0x00,
    0x00,0x64,0x28,0x40,0x00,0x74,0x8C,0x84,0x8C,0x94,0x64,0x00,0x00,
    0x00,0x64,0x48,0x20,0x00,0x74,0x8C,0x84,0x8C,0x94,0x64,0x00,0x00,
    0x34,0x58,0x08,0x10,0x00,0x74,0x8C,0x84,0x8C,0x94,0x64,0x00,0x00,
    0x34,0x58,0x10,0x08,0x00,0x74,0x8C,0x84,0x8C,0x94,0x64,0x00,0x00,
    0x00,0x00,0xD8,0x64,0xA4,0x24,0x24,0x3C,0x24,0x24,0x24,0x00,0x00,
    0x00,0x00,0xD8,0xA4,0x64,0x24,0x24,0x3C,0x24,0x24,0x24,0x00,0x00,
    0x00,0x00,0xD8,0x64,0xA4,0xA4,0x64,0x3C,0x24,0x24,0x24,0x00,0x00,
    0x00,0x00,0xD8,0xA4,0x64,0xA4,0x64,0x3C,0x24,0x24,0x24,0x00,0x00,
    0x00,0x00,0xD8,0x64,0xA4,0x64,0xA4,0x3C,0x24,0x24,0x24,0x00,0x00,
    0x00,0x00,0xD8,0xA4,0x64,0x64,0xA4,0x3C,0x24,0x24,0x24,0x00,0x00,
    0x00,0x00,0xD8,0x24,0xE4,0x64,0xA4,0x3C,0x24,0x24,0x24,0x00,0x00,
    0x00,0x00,0xD8,0x24,0xE4,0xA4,0x64,0x3C,0x24,0x24,0x24,0x00,0x00,
    0x00,0x30,0x10,0x20,0x00,0x78,0x84,0x70,0x80,0x84,0x78,0x00,0x00,
    0x00,0x30,0x20,0x10,0x00,0x78,0x84,0x70,0x80,0x84,0x78,0x00,0x00,
    0x00,0x68,0x24,0x40,0x00,0x78,0x84,0x70,0x80,0x84,0x78,0x00,0x00,
    0x00,0x68,0x44,0x20,0x00,0x78,0x84,0x70,0x80,0x84,0x78,0x00,0x00,
    0x00,0x64,0x28,0x40,0x00,0x78,0x84,0x70,0x80,0x84,0x78,0x00,0x00,
    0x00,0x64,0x48,0x20,0x00,0x78,0x84,0x70,0x80,0x84,0x78,0x00,0x00,
    0x00,0x00,0xFC,0x60,0xA0,0x20,0x38,0x20,0x20,0x20,0x3C,0x00,0x00,
    0x00,0x00,0xFC,0xA0,0x60,0x20,0x38,0x20,0x20,0x20,0x3C,0x00,0x00,
    0x00,0x00,0xFC,0x60,0xA0,0xA0,0x78,0x20,0x20,0x20,0x3C,0x00,0x00,
    0x00,0x00,0xFC,0xA0,0x60,0xA0,0x78,0x20,0x20,0x20,0x3C,0x00,0x00,
    0x00,0x00,0xFC,0x60,0xA0,0x60,0xB8,0x20,0x20,0x20,0x3C,0x00,0x00,
    0x00,0x00,0xFC,0xA0,0x60,0x60,0xB8,0x20,0x20,0x20,0x3C,0x00,0x00,
    0x00,0x30,0x10,0x20,0x00,0xB8,0xC4,0x84,0x84,0x84,0x84,0x04,0x04,
    0x00,0x30,0x20,0x10,0x00,0xB8,0xC4,0x84,0x84,0x84,0x84,0x04,0x04,
    0x00,0x68,0x24,0x40,0x00,0xB8,0xC4,0x84,0x84,0x84,0x84,0x04,0x04,
    0x00,0x68,0x44,0x20,0x00,0xB8,0xC4,0x84,0x84,0x84,0x84,0x04,0x04,
    0x00,0x64,0x28,0x40,0x00,0xB8,0xC4,0x84,0x84,0x84,0x84,0x04,0x04,
    0x00,0x64,0x48,0x20,0x00,0xB8,0xC4,0x84,0x84,0x84,0x84,0x04,0x04,
    0x34,0x58,0x08,0x10,0x00,0xB8,0xC4,0x84,0x84,0x84,0x84,0x04,0x04,
    0x34,0x58,0x10,0x08,0x00,0xB8,0xC4,0x84,0x84,0x84,0x84,0x04,0x04,
    0x00,0x00,0xE4,0x64,0xA4,0x24,0x3C,0x24,0x24,0x24,0x24,0x00,0x00,
    0x00,0x00,0xE4,0xA4,0x64,0x24,0x3C,0x24,0x24,0x24,0x24,0x00,0x00,
    0x00,0x00,0xE4,0x64,0xA4,0xA4,0x7C,0x24,0x24,0x24,0x24,0x00,0x00,
    0x00,0x00,0xE4,0xA4,0x64,0xA4,0x7C,0x24,0x24,0x24,0x24,0x00,0x00,
    0x00,0x00,0xE4,0x64,0xA4,0x64,0xBC,0x24,0x24,0x24,0x24,0x00,0x00,
    0x00,0x00,0xE4,0xA4,0x64,0x64,0xBC,0x24,0x24,0x24,0x24,0x00,0x00,
    0x00,0x00,0xE4,0x24,0xE4,0x64,0xBC,0x24,0x24,0x24,0x24,0x00,0x00,
    0x00,0x00,0xE4,0x24,0xE4,0xA4,0x7C,0x24,0x24,0x24,0x24,0x00,0x00,
    0x00,0x60,0x20,0x40,0x00,0x40,0x40,0x40,0x40,0x48,0x30,0x00,0x00,
    0x00,0x60,0x40,0x20,0x00,0x40,0x40,0x40,0x40,0x48,0x30,0x00,0x00,
    0x00,0xD0,0x48,0x80,0x00,0x20,0x20,0x20,0x20,0x24,0x18,0x00,0x00,
    0x00,0xD0,0x88,0x40,0x00,0x20,0x20,0x20,0x20,0x24,0x18,0x00,0x00,
    0x00,0xC8,0x50,0x80,0x00,0x20,0x20,0x20,0x20,0x24,0x18,0x00,0x00,
    0x00,0xC8,0x90,0x40,0x00,0x20,0x20,0x20,0x20,0x24,0x18,0x00,0x00,
    0x68,0xB0,0x10,0x20,0x00,0x20,0x20,0x20,0x20,0x24,0x18,0x00,0x00,
    0x68,0xB0,0x20,0x10,0x00,0x20,0x20,0x20,0x20,0x24,0x18,0x00,0x00,
    0x00,0x00,0xDC,0x48,0x88,0x08,0x08,0x08,0x08,0x08,0x1C,0x00,0x00,
    0x00,0x00,0xDC,0x88,0x48,0x08,0x08,0x08,0x08,0x08,0x1C,0x00,0x00,
    0x00,0x00,0xDC,0x48,0x88,0x88,0x48,0x08,0x08,0x08,0x1C,0x00,0x00,
    0x00,0x00,0xDC,0x88,0x48,0x88,0x48,0x08,0x08,0x08,0x1C,0x00,0x00,
    0x00,0x00,0xDC,0x48,0x88,0x48,0x88,0x08,0x08,0x08,0x1C,0x00,0x00,
    0x00,0x00,0xDC,0x88,0x48,0x48,0x88,0x08,0x08,0x08,0x1C,0x00,0x00,
    0x00,0x00,0xDC,0x08,0xC8,0x48,0x88,0x08,0x08,0x08,0x1C,0x00,0x00,
    0x00,0x00,0xDC,0x08,0xC8,0x88,0x48,0x08,0x08,0x08,0x1C,0x00,0x00,
    0x00,0x30,0x10,0x20,0x00,0x78,0x84,0x84,0x84,0x84,0x78,0x00,0x00,
    0x00,0x30,0x20,0x10,0x00,0x78,0x84,0x84,0x84,0x84,0x78,0x00,0x00,
    0x00,0x68,0x24,0x40,0x00,0x78,0x84,0x84,0x84,0x84,0x78,0x00,0x00,
    0x00,0x68,0x44,0x20,0x00,0x78,0x84,0x84,0x84,0x84,0x78,0x00,0x00,
    0x00,0x64,0x28,0x40,0x00,0x78,0x84,0x84,0x84,0x84,0x78,0x00,0x00,
    0x00,0x64,0x48,0x20,0x00,0x78,0x84,0x84,0x84,0x84,0x78,0x00,0x00,
    0x00,0x00,0xD8,0x64,0xA4,0x24,0x24,0x24,0x24,0x24,0x18,0x00,0x00,
    0x00,0x00,0xD8,0xA4,0x64,0x24,0x24,0x24,0x24,0x24,0x18,0x00,0x00,
    0x00,0x00,0xD8,0x64,0xA4,0xA4,0x64,0x24,0x24,0x24,0x18,0x00,0x00,
    0x00,0x00,0xD8,0xA4,0x64,0xA4,0x64,0x24,0x24,0x24,0x18,0x00,0x00,
    0x00,0x00,0xD8,0x64,0xA4,0x64,0xA4,0x24,0x24,0x24,0x18,0x00,0x00,
    0x00,0x00,0xD8,0xA4,0x64,0x64,0xA4,0x24,0x24,0x24,0x18,0x00,0x00,
    0x00,0x30,0x10,0x20,0x00,0x84,0x84,0x84,0x84,0x84,0x78,0x00,0x00,
    0x00,0x30,0x20,0x10,0x00,0x84,0x84,0x84,0x84,0x84,0x78,0x00,0x00,
    0x00,0x68,0x24,0x40,0x00,0x84,0x84,0x84,0x84,0x84,0x78,0x00,0x00,
    0x00,0x68,0x44,0x20,0x00,0x84,0x84,0x84,0x84,0x84,0x78,0x00,0x00,
    0x00,0x64,0x28,0x40,0x00,0x84,0x84,0x84,0x84,0x84,0x78,0x00,0x00,
    0x00,0x64,0x48,0x20,0x00,0x84,0x84,0x84,0x84,0x84,0x78,0x00,0x00,
    0x34,0x58,0x08,0x10,0x00,0x84,0x84,0x84,0x84,0x84,0x78,0x00,0x00,
    0x34,0x58,0x10,0x08,0x00,0x84,0x84,0x84,0x84,0x84,0x78,0x00,0x00,
    0x00,0x00,0xD4,0x94,0x54,0x08,0x08,0x08,0x08,0x08,0x08,0x00,0x00,
    0x00,0x00,0xD4,0x94,0x54,0x88,0x48,0x08,0x08,0x08,0x08,0x00,0x00,
    0x00,0x00,0xD4,0x94,0x54,0x48,0x88,0x08,0x08,0x08,0x08,0x00,0x00,
    0x00,0x00,0xD4,0x14,0xD4,0x88,0x48,0x08,0x08,0x08,0x08,0x00,0x00,
    0x00,0x18,0x08,0x10,0x00,0x44,0x54,0x54,0x54,0x54,0x28,0x00,0x00,
    0x00,0x18,0x10,0x08,0x00,0x44,0x54,0x54,0x54,0x54,0x28,0x00,0x00,
    0x00,0x68,0x24,0x40,0x00,0x44,0x54,0x54,0x54,0x54,0x28,0x00,0x00,
    0x00,0x68,0x44,0x20,0x00,0x44,0x54,0x54,0x54,0x54,0x28,0x00,0x00,
    0x00,0x64,0x28,0x40,0x00,0x44,0x54,0x54,0x54,0x54,0x28,0x00,0x00,
    0x00,0x64,0x48,0x20,0x00,0x44,0x54,0x54,0x54,0x54,0x28,0x00,0x00,
    0x34,0x58,0x08,0x10,0x00,0x44,0x54,0x54,0x54,0x54,0x28,0x00,0x00,
    0x34,0x58,0x10,0x08,0x00,0x44,0x54,0x54,0x54,0x54,0x28,0x00,0x00,
    0x00,0x00,0xD8,0x64,0xA4,0x24,0x24,0x24,0x18,0x18,0x24,0x00,0x00,
    0x00,0x00,0xD8,0xA4,0x64,0x24,0x24,0x24,0x18,0x18,0x24,0x00,0x00,
    0x00,0x00,0xD8,0x64,0xA4,0xA4,0x64,0x24,0x18,0x18,0x24,0x00,0x00,
    0x00,0x00,0xD8,0xA4,0x64,0xA4,0x64,0x24,0x18,0x18,0x24,0x00,0x00,
    0x00,0x00,0xD8,0x64,0xA4,0x64,0xA4,0x24,0x18,0x18,0x24,0x00,0x00,
    0x00,0x00,0xD8,0xA4,0x64,0x64,0xA4,0x24,0x18,0x18,0x24,0x00,0x00,
    0x00,0x00,0xD8,0x24,0xE4,0x64,0xA4,0x24,0x18,0x18,0x24,0x00,0x00,
    0x00,0x00,0xD8,0x24,0xE4,0xA4,0x64,0x24,0x18,0x18,0x24,0x00,0x00,
    0x00,0x00,0x20,0x10,0x00,0x74,0x8C,0x84,0x8C,0x94,0x64,0x00,0x00,
    0x00,0x00,0x08,0x10,0x00,0x74,0x8C,0x84,0x8C,0x94,0x64,0x00,0x00,
    0x00,0x00,0x20,0x10,0x00,0x78,0x84,0x70,0x80,0x84,0x78,0x00,0x00,
    0x00,0x00,0x08,0x10,0x00,0x78,0x84,0x70,0x80,0x84,0x78,0x00,0x00,
    0x00,0x00,0x20,0x10,0x00,0xB8,0xC4,0x84,0x84,0x84,0x84,0x04,0x04,
    0x00,0x00,0x08,0x10,0x00,0xB8,0xC4,0x84,0x84,0x84,0x84,0x04,0x04,
    0x00,0x00,0x80,0x40,0x00,0x40,0x40,0x40,0x40,0x48,0x30,0x00,0x00,
    0x00,0x00,0x20,0x40,0x00,0x40,0x40,0x40,0x40,0x48,0x30,0x00,0x00,
    0x00,0x00,0x20,0x10,0x00,0x78,0x84,0x84,0x84,0x84,0x78,0x00,0x00,
    0x00,0x00,0x08,0x10,0x00,0x78,0x84,0x84,0x84,0x84,0x78,0x00,0x00,
    0x00,0x00,0x20,0x10,0x00,0x84,0x84,0x84,0x84,0x84,0x78,0x00,0x00,
    0x00,0x00,0x08,0x10,0x00,0x84,0x84,0x84,0x84,0x84,0x78,0x00,0x00,
    0x00,0x00,0x20,0x10,0x00,0x44,0x54,0x54,0x54,0x54,0x28,0x00,0x00,
    0x00,0x00,0x08,0x10,0x00,0x44,0x54,0x54,0x54,0x54,0x28,0x00,0x00,
    0x00,0x30,0x10,0x20,0x00,0x74,0x8C,0x84,0x8C,0x94,0x64,0x00,0x20,
    0x00,0x30,0x20,0x10,0x00,0x74,0x8C,0x84,0x8C,0x94,0x64,0x00,0x20,
    0x00,0x68,0x24,0x40,0x00,0x74,0x8C,0x84,0x8C,0x94,0x64,0x00,0x20,
    0x00,0x68,0x44,0x20,0x00,0x74,0x8C,0x84,0x8C,0x94,0x64,0x00,0x20,
    0x00,0x64,0x28,0x40,0x00,0x74,0x8C,0x84,0x8C,0x94,0x64,0x00,0x20,
    0x00,0x64,0x48,0x20,0x00,0x74,0x8C,0x84,0x8C,0x94,0x64,0x00,0x20,
    0x34,0x58,0x08,0x10,0x00,0x74,0x8C,0x84,0x8C,0x94,0x64,0x00,0x20,
    0x34,0x58,0x10,0x08,0x00,0x74,0x8C,0x84,0x8C,0x94,0x64,0x00,0x20,
    0x00,0x00,0xD8,0x64,0xA4,0x24,0x24,0x3C,0x24,0x24,0x24,0x00,0x10,
    0x00,0x00,0xD8,0xA4,0x64,0x24,0x24,0x3C,0x24,0x24,0x24,0x00,0x10,
    0x00,0x00,0xD8,0x64,0xA4,0xA4,0x64,0x3C,0x24,0x24,0x24,0x00,0x10,
    0x00,0x00,0xD8,0xA4,0x64,0xA4,0x64,0x3C,0x24,0x24,0x24,0x00,0x10,
    0x00,0x00,0xD8,0x64,0xA4,0x64,0xA4,0x3C,0x24,0x24,0x24,0x00,0x10,
    0x00,0x00,0xD8,0xA4,0x64,0x64,0xA4,0x3C,0x24,0x24,0x24,0x00,0x10,
    0x00,0x00,0xD8,0x24,0xE4,0x64,0xA4,0x3C,0x24,0x24,0x24,0x00,0x10,
    0x00,0x00,0xD8,0x24,0xE4,0xA4,0x64,0x3C,0x24,0x24,0x24,0x00,0x10,
    0x00,0x30,0x10,0x20,0x00,0xB8,0xC4,0x84,0x84,0x84,0x84,0x04,0x84,
    0x00,0x30,0x20,0x10,0x00,0xB8,0xC4,0x84,0x84,0x84,0x84,0x04,0x84,
    0x00,0x68,0x24,0x40,0x00,0xB8,0xC4,0x84,0x84,0x84,0x84,0x04,0x84,
    0x00,0x68,0x44,0x20,0x00,0xB8,0xC4,0x84,0x84,0x84,0x84,0x04,0x84,
    0x00,0x64,0x28,0x40,0x00,0xB8,0xC4,0x84,0x84,0x84,0x84,0x04,0x84,
    0x00,0x64,0x48,0x20,0x00,0xB8,0xC4,0x84,0x84,0x84,0x84,0x04,0x84,
    0x34,0x58,0x08,0x10,0x00,0xB8,0xC4,0x84,0x84,0x84,0x84,0x04,0x84,
    0x34,0x58,0x10,0x08,0x00,0xB8,0xC4,0x84,0x84,0x84,0x84,0x04,0x84,
    0x00,0x00,0xE4,0x64,0xA4,0x24,0x3C,0x24,0x24,0x24,0x24,0x00,0x10,
    0x00,0x00,0xE4,0xA4,0x64,0x24,0x3C,0x24,0x24,0x24,0x24,0x00,0x10,
    0x00,0x00,0xE4,0x64,0xA4,0xA4,0x7C,0x24,0x24,0x24,0x24,0x00,0x10,
    0x00,0x00,0xE4,0xA4,0x64,0xA4,0x7C,0x24,0x24,0x24,0x24,0x00,0x10,
    0x00,0x00,0xE4,0x64,0xA4,0x64,0xBC,0x24,0x24,0x24,0x24,0x00,0x10,
    0x00,0x00,0xE4,0xA4,0x64,0x64,0xBC,0x24,0x24,0x24,0x24,0x00,0x10,
    0x00,0x00,0xE4,0x24,0xE4,0x64,0xBC,0x24,0x24,0x24,0x24,0x00,0x10,
    0x00,0x00,0xE4,0x24,0xE4,0xA4,0x7C,0x24,0x24,0x24,0x24,0x00,0x10,
    0x00,0x18,0x08,0x10,0x00,0x44,0x54,0x54,0x54,0x54,0x28,0x00,0x10,
    0x00,0x18,0x10,0x08,0x00,0x44,0x54,0x54,0x54,0x54,0x28,0x00,0x10,
    0x00,0x68,0x24,0x40,0x00,0x44,0x54,0x54,0x54,0x54,0x28,0x00,0x10,
    0x00,0x68,0x44,0x20,0x00,0x44,0x54,0x54,0x54,0x54,0x28,0x00,0x10,
    0x00,0x64,0x28,0x40,0x00,0x44,0x54,0x54,0x54,0x54,0x28,0x00,0x10,
    0x00,0x64,0x48,0x20,0x00,0x44,0x54,0x54,0x54,0x54,0x28,0x00,0x10,
    0x34,0x58,0x08,0x10,0x00,0x44,0x54,0x54,0x54,0x54,0x28,0x00,0x10,
    0x34,0x58,0x10,0x08,0x00,0x44,0x54,0x54,0x54,0x54,0x28,0x00,0x10,
    0x00,0x00,0xD8,0x64,0xA4,0x24,0x24,0x24,0x18,0x18,0x24,0x00,0x10,
    0x00,0x00,0xD8,0xA4,0x64,0x24,0x24,0x24,0x18,0x18,0x24,0x00,0x10,
    0x00,0x00,0xD8,0x64,0xA4,0xA4,0x64,0x24,0x18,0x18,0x24,0x00,0x10,
    0x00,0x00,0xD8,0xA4,0x64,0xA4,0x64,0x24,0x18,0x18,0x24,0x00,0x10,
    0x00,0x00,0xD8,0x64,0xA4,0x64,0xA4,0x24,0x18,0x18,0x24,0x00,0x10,
    0x00,0x00,0xD8,0xA4,0x64,0x64,0xA4,0x24,0x18,0x18,0x24,0x00,0x10,
    0x00,0x00,0xD8,0x24,0xE4,0x64,0xA4,0x24,0x18,0x18,0x24,0x00,0x10,
    0x00,0x00,0xD8,0x24,0xE4,0xA4,0x64,0x24,0x18,0x18,0x24,0x00,0x10,
    0x00,0x00,0x84,0x78,0x00,0x74,0x8C,0x84,0x8C,0x94,0x64,0x00,0x00,
    0x00,0x00,0x00,0xFC,0x00,0x74,0x8C,0x84,0x8C,0x94,0x64,0x00,0x00,
    0x00,0x00,0x20,0x10,0x00,0x74,0x8C,0x84,0x8C,0x94,0x64,0x00,0x20,
    0x00,0x00,0x00,0x00,0x00,0x74,0x8C,0x84,0x8C,0x94,0x64,0x00,0x20,
    0x00,0x00,0x08,0x10,0x00,0x74,0x8C,0x84,0x8C,0x94,0x64,0x00,0x20,
    0x00,0x00,0x34,0x58,0x00,0x74,0x8C,0x84,0x8C,0x94,0x64,0x00,0x00,
    0x00,0x00,0x34,0x58,0x00,0x74,0x8C,0x84,0x8C,0x94,0x64,0x00,0x20,
    0x00,0x84,0x78,0x00,0x30,0x48,0x84,0x84,0xFC,0x84,0x84,0x00,0x00,
    0x00,0xFC,0x00,0x30,0x48,0x84,0x84,0xFC,0x84,0x84,0x84,0x00,0x00,
    0x00,0x00,0x98,0x64,0x24,0x24,0x24,0x3C,0x24,0x24,0x24,0x00,0x00,
    0x00,0x00,0x58,0xA4,0x24,0x24,0x24,0x3C,0x24,0x24,0x24,0x00,0x00,
    0x00,0x00,0x30,0x48,0x84,0x84,0x84,0xFC,0x84,0x84,0x84,0x20,0x30,
    0x00,0x00,0x30,0x10,0x20,0x00,0x00,0x00,0x00,0x00,0x00,0x00,0x00,
    0x00,0x00,0x00,0x00,0x00,0x00,0x00,0x20,0x20,0x20,0x10,0x00,0x00,
    0x00,0x00,0x30,0x10,0x20,0x00,0x00,0x00,0x00,0x00,0x00,0x00,0x00,
    0x00,0x00,0x34,0x58,0x00,0x00,0x00,0x00,0x00,0x00,0x00,0x00,0x00,
    0x00,0x34,0x58,0x00,0x6C,0x00,0x00,0x00,0x00,0x00,0x00,0x00,0x00,
    0x00,0x00,0x20,0x10,0x00,0xB8,0xC4,0x84,0x84,0x84,0x84,0x04,0x84,
    0x00,0x00,0x00,0x00,0x00,0xB8,0xC4,0x84,0x84,0x84,0x84,0x04,0x84,
    0x00,0x00,0x08,0x10,0x00,0xB8,0xC4,0x84,0x84,0x84,0x84,0x04,0x84,
    0x00,0x00,0x34,0x58,0x00,0xB8,0xC4,0x84,0x84,0x84,0x84,0x04,0x04,
    0x00,0x00,0x34,0x58,0x00,0xB8,0xC4,0x84,0x84,0x84,0x84,0x04,0x84,
    0x00,0x00,0xBC,0x60,0x20,0x20,0x38,0x20,0x20,0x20,0x3C,0x00,0x00,
    0x00,0x00,0x7C,0xA0,0x20,0x20,0x38,0x20,0x20,0x20,0x3C,0x00,0x00,
    0x00,0x00,0xA4,0x64,0x24,0x24,0x3C,0x24,0x24,0x24,0x24,0x00,0x00,
    0x00,0x00,0x64,0xA4,0x24,0x24,0x3C,0x24,0x24,0x24,0x24,0x00,0x00,
    0x00,0x00,0x84,0x84,0x84,0x84,0xFC,0x84,0x84,0x84,0x84,0x20,0x30,
    0x00,0x00,0x68,0x24,0x40,0x00,0x00,0x00,0x00,0x00,0x00,0x00,0x00,
    0x00,0x00,0x64,0x28,0x40,0x00,0x00,0x00,0x00,0x00,0x00,0x00,0x00,
    0x00,0x00,0x34,0x58,0x08,0x10,0x00,0x00,0x00,0x00,0x00,0x00,0x00,
    0x00,0x00,0x84,0x78,0x00,0x20,0x20,0x20,0x20,0x24,0x18,0x00,0x00,
    0x00,0x00,0x00,0xFC,0x00,0x20,0x20,0x20,0x20,0x24,0x18,0x00,0x00,
    0x00,0x20,0x94,0x84,0x00,0x20,0x20,0x20,0x20,0x24,0x18,0x00,0x00,
    0x00,0x10,0xA4,0x84,0x00,0x20,0x20,0x20,0x20,0x24,0x18,0x00,0x00,
    0x00,0x00,0x68,0xB0,0x00,0x20,0x20,0x20,0x20,0x24,0x18,0x00,0x00,
    0x68,0xB0,0x00,0xD8,0x00,0x20,0x20,0x20,0x20,0x24,0x18,0x00,0x00,
    0x00,0x84,0x78,0x00,0x7C,0x10,0x10,0x10,0x10,0x10,0x7C,0x00,0x00,
    0x00,0x7C,0x00,0x7C,0x10,0x10,0x10,0x10,0x10,0x10,0x7C,0x00,0x00,
    0x00,0x00,0x9C,0x48,0x08,0x08,0x08,0x08,0x08,0x08,0x1C,0x00,0x00,
    0x00,0x00,0x5C,0x88,0x08,0x08,0x08,0x08,0x08,0x08,0x1C,0x00,0x00,
    0x00,0x00,0x68,0x44,0x20,0x00,0x00,0x00,0x00,0x00,0x00,0x00,0x00,
    0x00,0x00,0x64,0x48,0x20,0x00,0x00,0x00,0x00,0x00,0x00,0x00,0x00,
    0x00,0x00,0x34,0x58,0x10,0x08,0x00,0x00,0x00,0x00,0x00,0x00,0x00,
    0x00,0x00,0x84,0x78,0x00,0x84,0x84,0x84,0x84,0x84,0x78,0x00,0x00,
    0x00,0x00,0x00,0xFC,0x00,0x84,0x84,0x84,0x84,0x84,0x78,0x00,0x00,
    0x00,0x20,0x94,0x84,0x00,0x84,0x84,0x84,0x84,0x84,0x78,0x00,0x00,
    0x00,0x10,0xA4,0x84,0x00,0x84,0x84,0x84,0x84,0x84,0x78,0x00,0x00,
    0x00,0x30,0x10,0x20,0x00,0x78,0x84,0x84,0x84,0xC4,0xB8,0x80,0x80,
    0x00,0x30,0x20,0x10,0x00,0x78,0x84,0x84,0x84,0xC4,0xB8,0x80,0x80,
    0x00,0x00,0x34,0x58,0x00,0x84,0x84,0x84,0x84,0x84,0x78,0x00,0x00,
    0x64,0xB8,0x00,0xCC,0x00,0x84,0x84,0x84,0x84,0x84,0x78,0x00,0x00,
    0x00,0x84,0x78,0x00,0x44,0x44,0x28,0x10,0x10,0x10,0x10,0x00,0x00,
    0x00,0x7C,0x00,0x44,0x44,0x44,0x28,0x10,0x10,0x10,0x10,0x00,0x00,
    0x00,0x00,0x94,0x54,0x14,0x08,0x08,0x08,0x08,0x08,0x08,0x00,0x00,
    0x00,0x00,0x54,0x94,0x14,0x08,0x08,0x08,0x08,0x08,0x08,0x00,0x00,
    0x00,0x00,0xF8,0xA4,0x64,0x24,0x38,0x20,0x20,0x20,0x20,0x00,0x00,
    0x00,0x20,0x54,0x44,0x00,0x00,0x00,0x00,0x00,0x00,0x00,0x00,0x00,
    0x00,0x08,0x54,0x44,0x00,0x00,0x00,0x00,0x00,0x00,0x00,0x00,0x00,
    0x00,0x00,0x20,0x10,0x00,0x00,0x00,0x00,0x00,0x00,0x00,0x00,0x00,
    0x00,0x00,0x20,0x10,0x00,0x44,0x54,0x54,0x54,0x54,0x28,0x00,0x10,
    0x00,0x00,0x00,0x00,0x00,0x44,0x54,0x54,0x54,0x54,0x28,0x00,0x10,
    0x00,0x00,0x08,0x10,0x00,0x44,0x54,0x54,0x54,0x54,0x28,0x00,0x10,
    0x00,0x00,0x34,0x58,0x00,0x44,0x54,0x54,0x54,0x54,0x28,0x00,0x00,
    0x00,0x00,0x34,0x58,0x00,0x44,0x54,0x54,0x54,0x54,0x28,0x00,0x10,
    0x00,0x00,0x98,0x64,0x24,0x24,0x24,0x24,0x24,0x24,0x18,0x00,0x00,
    0x00,0x00,0x58,0xA4,0x24,0x24,0x24,0x24,0x24,0x24,0x18,0x00,0x00,
    0x00,0x00,0x98,0x64,0x24,0x24,0x24,0x24,0x18,0x18,0x24,0x00,0x00,
    0x00,0x00,0x58,0xA4,0x24,0x24,0x24,0x24,0x18,0x18,0x24,0x00,0x00,
    0x00,0x00,0x78,0x84,0x84,0x84,0x84,0x84,0x48,0x48,0xCC,0x20,0x30,
    0x00,0x00,0x10,0x20,0x00,0x00,0x00,0x00,0x00,0x00,0x00,0x00,0x00,
    0x00,0x00,0x30,0x20,0x10,0x00,0x00,0x00,0x00,0x00,0x00,0x00,0x00,
    0x00,0x00,0x00,0x00,0x00,0x00,0x78,0x00,0x00,0x00,0x00,0x00,0x00,
    0x00,0x00,0x00,0x00,0x00,0x00,0x78,0x00,0x00,0x00,0x00,0x00,0x00,
    0x00,0x00,0x00,0x00,0x00,0x00,0x7C,0x00,0x00,0x00,0x00,0x00,0x00,
    0x00,0x00,0x00,0x00,0x00,0x00,0xFC,0x00,0x00,0x00,0x00,0x00,0x00,
    0x00,0x00,0x00,0x00,0x00,0x00,0xFE,0x00,0x00,0x00,0x00,0x00,0x00,
    0x00,0x00,0x00,0x00,0x00,0x00,0xFE,0x00,0x00,0x00,0x00,0x00,0x00,
    0x00,0x00,0x28,0x28,0x28,0x28,0x28,0x28,0x28,0x28,0x28,0x00,0x00,
    0x00,0x00,0x00,0x00,0x00,0x00,0x00,0x00,0x00,0x00,0xFE,0x00,0xFE,
    0x00,0x10,0x20,0x30,0x30,0x00,0x00,0x00,0x00,0x00,0x00,0x00,0x00,
    0x00,0x30,0x30,0x10,0x20,0x00,0x00,0x00,0x00,0x00,0x00,0x00,0x00,
    0x00,0x00,0x00,0x00,0x00,0x00,0x00,0x00,0x30,0x30,0x10,0x20,0x00,
    0x00,0x30,0x30,0x20,0x10,0x00,0x00,0x00,0x00,0x00,0x00,0x00,0x00,
    0x00,0x24,0x48,0x6C,0x6C,0x00,0x00,0x00,0x00,0x00,0x00,0x00,0x00,
    0x00,0x6C,0x6C,0x24,0x48,0x00,0x00,0x00,0x00,0x00,0x00,0x00,0x00,
    0x00,0x00,0x00,0x00,0x00,0x00,0x00,0x00,0x6C,0x6C,0x24,0x48,0x00,
    0x00,0x6C,0x6C,0x48,0x24,0x00,0x00,0x00,0x00,0x00,0x00,0x00,0x00,
    0x00,0x00,0x10,0x10,0x7C,0x10,0x10,0x10,0x10,0x10,0x10,0x00,0x00,
    0x00,0x00,0x10,0x10,0x7C,0x10,0x10,0x10,0x7C,0x10,0x10,0x00,0x00,
    0x00,0x00,0x00,0x00,0x00,0x38,0x7C,0x7C,0x7C,0x38,0x00,0x00,0x00,
    0x00,0x00,0x00,0x40,0x60,0x70,0x78,0x70,0x60,0x40,0x00,0x00,0x00,
    0x00,0x00,0x00,0x00,0x00,0x00,0x00,0x00,0x00,0x00,0x10,0x00,0x00,
    0x00,0x00,0x00,0x00,0x00,0x00,0x00,0x00,0x00,0x00,0x48,0x00,0x00,
    0x00,0x00,0x00,0x00,0x00,0x00,0x00,0x00,0x00,0x00,0x54,0x00,0x00,
    0x00,0x00,0x00,0x00,0x00,0x00,0x30,0x00,0x00,0x00,0x00,0x00,0x00,
    0x00,0x00,0x44,0xA4,0x48,0x10,0x10,0x20,0x54,0xAA,0x94,0x00,0x00,
    0x00,0x10,0x10,0x20,0x00,0x00,0x00,0x00,0x00,0x00,0x00,0x00,0x00,
    0x00,0x24,0x24,0x48,0x00,0x00,0x00,0x00,0x00,0x00,0x00,0x00,0x00,
    0x00,0x54,0x54,0xA8,0x00,0x00,0x00,0x00,0x00,0x00,0x00,0x00,0x00,
    0x00,0x20,0x20,0x10,0x00,0x00,0x00,0x00,0x00,0x00,0x00,0x00,0x00,
    0x00,0x48,0x48,0x24,0x00,0x00,0x00,0x00,0x00,0x00,0x00,0x00,0x00,
    0x00,0xA8,0xA8,0x54,0x00,0x00,0x00,0x00,0x00,0x00,0x00,0x00,0x00,
    0x00,0x00,0x00,0x00,0x08,0x10,0x20,0x40,0x20,0x10,0x08,0x00,0x00,
    0x00,0x00,0x00,0x00,0x40,0x20,0x10,0x08,0x10,0x20,0x40,0x00,0x00,
    0x00,0x00,0x28,0x28,0x28,0x28,0x28,0x28,0x28,0x00,0x28,0x00,0x00,
    0xFE,0x00,0x00,0x00,0x00,0x00,0x00,0x00,0x00,0x00,0x00,0x00,0x00,
    0x00,0x00,0x04,0x04,0x08,0x08,0x10,0x20,0x20,0x40,0x40,0x00,0x00,
    0x00,0x20,0x50,0x50,0x50,0x50,0x20,0x00,0x00,0x00,0x00,0x00,0x00,
    0x00,0x20,0x00,0x60,0x20,0x20,0x70,0x00,0x00,0x00,0x00,0x00,0x00,
    0x00,0x10,0x30,0x30,0x50,0x78,0x10,0x00,0x00,0x00,0x00,0x00,0x00,
    0x00,0x70,0x40,0x60,0x10,0x10,0x60,0x00,0x00,0x00,0x00,0x00,0x00,
    0x00,0x30,0x40,0x60,0x50,0x50,0x20,0x00,0x00,0x00,0x00,0x00,0x00,
    0x00,0x70,0x10,0x10,0x20,0x20,0x20,0x00,0x00,0x00,0x00,0x00,0x00,
    0x00,0x20,0x50,0x20,0x50,0x50,0x20,0x00,0x00,0x00,0x00,0x00,0x00,
    0x00,0x20,0x50,0x50,0x30,0x10,0x60,0x00,0x00,0x00,0x00,0x00,0x00,
    0x00,0x00,0x20,0x70,0x20,0x00,0x00,0x00,0x00,0x00,0x00,0x00,0x00,
    0x00,0x00,0x00,0x70,0x00,0x00,0x00,0x00,0x00,0x00,0x00,0x00,0x00,
    0x00,0x00,0x70,0x00,0x70,0x00,0x00,0x00,0x00,0x00,0x00,0x00,0x00,
    0x00,0x20,0x40,0x40,0x40,0x40,0x20,0x00,0x00,0x00,0x00,0x00,0x00,
    0x00,0x40,0x20,0x20,0x20,0x20,0x40,0x00,0x00,0x00,0x00,0x00,0x00,
    0x00,0x00,0x00,0x50,0x68,0x48,0x48,0x00,0x00,0x00,0x00,0x00,0x00,
    0x00,0x00,0x00,0x00,0x00,0x00,0x00,0x20,0x50,0x50,0x50,0x50,0x20,
    0x00,0x00,0x00,0x00,0x00,0x00,0x00,0x20,0x60,0x20,0x20,0x20,0x70,
    0x00,0x00,0x00,0x00,0x00,0x00,0x00,0x20,0x50,0x10,0x20,0x40,0x70,
    0x00,0x00,0x00,0x00,0x00,0x00,0x00,0x70,0x10,0x20,0x10,0x50,0x20,
    0x00,0x00,0x00,0x00,0x00,0x00,0x00,0x10,0x30,0x30,0x50,0x78,0x10,
    0x00,0x00,0x00,0x00,0x00,0x00,0x00,0x70,0x40,0x60,0x10,0x10,0x60,
    0x00,0x00,0x00,0x00,0x00,0x00,0x00,0x30,0x40,0x60,0x50,0x50,0x20,
    0x00,0x00,0x00,0x00,0x00,0x00,0x00,0x70,0x10,0x10,0x20,0x20,0x20,
    0x00,0x00,0x00,0x00,0x00,0x00,0x00,0x20,0x50,0x20,0x50,0x50,0x20,
    0x00,0x00,0x00,0x00,0x00,0x00,0x00,0x20,0x50,0x50,0x30,0x10,0x60,
    0x00,0x00,0x00,0x00,0x00,0x00,0x00,0x00,0x20,0x70,0x20,0x00,0x00,
    0x00,0x00,0x00,0x00,0x00,0x00,0x00,0x00,0x00,0x70,0x00,0x00,0x00,
    0x00,0x00,0x00,0x00,0x00,0x00,0x00,0x00,0x70,0x00,0x70,0x00,0x00,
    0x00,0x00,0x00,0x00,0x00,0x00,0x00,0x20,0x40,0x40,0x40,0x40,0x20,
    0x00,0x00,0x00,0x00,0x00,0x00,0x00,0x40,0x20,0x20,0x20,0x20,0x40,
    0x00,0x00,0xFC,0x80,0x80,0x80,0xEC,0xB0,0xA0,0xA0,0xA0,0x00,0x00,
    0x00,0x00,0x38,0x44,0x40,0xE0,0x40,0xE0,0x40,0x44,0xB8,0x00,0x00,
    0x00,0x00,0x78,0x44,0xFE,0x44,0x78,0x40,0x40,0x40,0x40,0x00,0x00,
    0x00,0x00,0x04,0x1E,0x04,0x74,0x8C,0x84,0x84,0x8C,0x74,0x00,0x78,
    0x00,0x00,0x38,0x44,0x40,0xF0,0x40,0xF0,0x40,0x44,0x38,0x00,0x00,
    0x00,0x00,0x40,0x70,0xC8,0x44,0x44,0x44,0x44,0xE4,0xD8,0x00,0x00,
    0x20,0x7C,0x00,0x00,0x00,0x00,0x00,0x00,0x00,0x00,0x00,0x00,0x00,
    0x08,0x7C,0x00,0x00,0x00,0x00,0x00,0x00,0x00,0x00,0x00,0x00,0x00,
    0x10,0x10,0x10,0x10,0x10,0x10,0x10,0x10,0x10,0x10,0x10,0x10,0x10,
    0x00,0x00,0x10,0x10,0x10,0x10,0x10,0x10,0x10,0x10,0x10,0x00,0x00,
    0xB8,0xC4,0xE0,0x00,0x00,0x00,0x00,0x00,0x00,0x00,0x00,0x00,0x00,
    0x74,0x8C,0x1C,0x00,0x00,0x00,0x00,0x00,0x00,0x00,0x00,0x00,0x00,
    0x40,0xFC,0x40,0x00,0x00,0x00,0x00,0x00,0x00,0x00,0x00,0x00,0x00,
    0x08,0xFC,0x08,0x00,0x00,0x00,0x00,0x00,0x00,0x00,0x00,0x00,0x00,
    0x00,0x00,0x78,0xA4,0xA0,0xA0,0xA0,0xA0,0xA0,0xA4,0x78,0x00,0x00,
    0x00,0x00,0x62,0x82,0x84,0x68,0x10,0x2C,0x52,0x92,0x8C,0x00,0x00,
    0x00,0x00,0x10,0x28,0x28,0x28,0x28,0x28,0x10,0x30,0x4C,0x00,0x00,
    0x00,0x00,0xE4,0xA4,0xB4,0xB4,0xAC,0xAC,0xA4,0xA4,0xA4,0x00,0x00,
    0x00,0x00,0x90,0x94,0xDA,0xD4,0xB0,0xBE,0x90,0x90,0x90,0x00,0x00,
    0x00,0x00,0x78,0xA4,0xA4,0xA4,0xA4,0xA4,0xA4,0xB4,0x78,0x04,0x00,
    0x00,0x00,0xF8,0xA4,0xA4,0xA4,0xB8,0xA4,0xA4,0xA4,0xA4,0x00,0x00,
    0xFC,0x5C,0x54,0x54,0x00,0x00,0x00,0x00,0x00,0x00,0x00,0x00,0x00,
    0x00,0x00,0xFC,0x14,0x28,0x28,0x50,0x50,0xA0,0xA0,0xFC,0x00,0x00,
    0x00,0x00,0x78,0x84,0x84,0x84,0x84,0x84,0x48,0x48,0xCC,0x00,0x00,
    0x00,0x00,0xCC,0x48,0x48,0x84,0x84,0x84,0x84,0x84,0x78,0x00,0x00,
    0x00,0x00,0x00,0x00,0x00,0x78,0xCC,0xFC,0xC0,0xCC,0x78,0x00,0x00,
    0x00,0x40,0xC0,0x40,0x40,0x4C,0xF2,0x0C,0x12,0x12,0x0C,0x00,0x00,
    0x00,0xC0,0x20,0xC0,0x20,0x2C,0xD2,0x0C,0x12,0x12,0x0C,0x00,0x00,
    0x00,0xE0,0x80,0xC0,0x20,0x2C,0xD2,0x0C,0x12,0x12,0x0C,0x00,0x00,
    0x00,0xE0,0x20,0x20,0x40,0x4C,0x52,0x0C,0x12,0x12,0x0C,0x00,0x00,
    0x00,0x00,0x00,0x00,0x20,0x40,0xFC,0x40,0x20,0x00,0x00,0x00,0x00,
    0x00,0x00,0x10,0x38,0x54,0x10,0x10,0x10,0x10,0x10,0x10,0x00,0x00,
    0x00,0x00,0x00,0x00,0x10,0x08,0xFC,0x08,0x10,0x00,0x00,0x00,0x00,
    0x00,0x00,0x10,0x10,0x10,0x10,0x10,0x10,0x54,0x38,0x10,0x00,0x00,
    0x00,0x00,0x00,0x00,0x28,0x44,0xFE,0x44,0x28,0x00,0x00,0x00,0x00,
    0x00,0x00,0x10,0x38,0x54,0x10,0x10,0x10,0x54,0x38,0x10,0x00,0x00,
    0x00,0x00,0x00,0x00,0x00,0xE0,0xC0,0xA0,0x10,0x08,0x04,0x00,0x00,
    0x00,0x00,0x00,0x00,0x00,0x1C,0x0C,0x14,0x20,0x40,0x80,0x00,0x00,
    0x00,0x00,0x00,0x00,0x00,0x80,0x40,0x20,0x14,0x0C,0x1C,0x00,0x00,
    0x00,0x00,0x00,0x00,0x00,0x04,0x08,0x10,0xA0,0xC0,0xE0,0x00,0x00,
    0x00,0x00,0x00,0x00,0x24,0x44,0xFC,0x44,0x24,0x00,0x00,0x00,0x00,
    0x00,0x00,0x10,0x38,0x54,0x10,0x10,0x10,0x10,0x10,0x7C,0x00,0x00,
    0x00,0x00,0x00,0x00,0x90,0x88,0xFC,0x88,0x90,0x00,0x00,0x00,0x00,
    0x00,0x00,0x7C,0x10,0x10,0x10,0x10,0x10,0x54,0x38,0x10,0x00,0x00,
    0x00,0x00,0x10,0x38,0x54,0x10,0x10,0x54,0x38,0x10,0x7C,0x00,0x00,
    0x00,0x00,0x10,0x08,0xFC,0x08,0x30,0x40,0xFC,0x40,0x20,0x00,0x00,
    0x00,0x00,0x20,0x40,0xFC,0x40,0x30,0x08,0xFC,0x08,0x10,0x00,0x00,
    0x00,0x00,0x00,0x20,0x40,0xFC,0x00,0xFC,0x08,0x10,0x00,0x00,0x00,
    0x00,0x00,0x00,0x10,0x08,0xFC,0x00,0xFC,0x40,0x20,0x00,0x00,0x00,
    0x00,0x00,0x00,0x10,0x20,0x7E,0x80,0x7E,0x20,0x10,0x00,0x00,0x00,
    0x00,0x00,0x10,0x28,0x6C,0xAA,0x28,0x28,0x28,0x28,0x28,0x00,0x00,
    0x00,0x00,0x00,0x10,0x08,0xFC,0x02,0xFC,0x08,0x10,0x00,0x00,0x00,
    0x00,0x00,0x28,0x28,0x28,0x28,0x28,0xAA,0x6C,0x28,0x10,0x00,0x00,
    0x00,0x00,0x00,0x00,0x28,0x7C,0x82,0x7C,0x28,0x00,0x00,0x00,0x00,
    0x00,0x10,0x28,0x6C,0xAA,0x28,0x28,0xAA,0x6C,0x28,0x10,0x00,0x00,
    0x00,0x00,0x44,0x44,0x44,0x7C,0x44,0x44,0x44,0x28,0x10,0x00,0x00,
    0x00,0x00,0x30,0x48,0x40,0x40,0x40,0x40,0x40,0x48,0x30,0x00,0x00,
    0x00,0x00,0x00,0x38,0x44,0x04,0x3C,0x44,0x44,0x44,0x38,0x00,0x00,
    0x00,0x00,0x7C,0x04,0x04,0x04,0x3C,0x04,0x04,0x04,0x7C,0x00,0x00,
    0x08,0x08,0xFC,0x14,0x14,0x24,0x7C,0x24,0x24,0x44,0xFC,0x40,0x40,
    0x00,0x00,0x04,0x04,0x78,0x8C,0x94,0x94,0xA4,0xC4,0x78,0x80,0x80,
    0x00,0x00,0x00,0x00,0x30,0x30,0x48,0x48,0x84,0x84,0xFC,0x00,0x00,
    0x00,0x00,0x00,0x00,0xFC,0x84,0x84,0x48,0x48,0x30,0x30,0x00,0x00,
    0x00,0x00,0x00,0x00,0x3C,0x40,0x80,0xF8,0x80,0x40,0x3C,0x00,0x00,
    0x00,0x00,0x10,0x10,0x3C,0x50,0x90,0xF8,0x90,0x50,0x3C,0x10,0x10,
    0x00,0x00,0x00,0x00,0xF0,0x08,0x04,0x7C,0x04,0x08,0xF0,0x00,0x00,
    0x00,0x00,0x20,0x20,0xF0,0x28,0x24,0x7C,0x24,0x28,0xF0,0x20,0x20,
    0x00,0xFC,0x48,0x48,0x48,0x48,0x48,0x48,0x48,0x48,0x48,0xEC,0x00,
    0x00,0xFC,0x80,0x40,0x20,0x10,0x08,0x10,0x20,0x40,0x80,0xFC,0x00,
    0x00,0x00,0x00,0x00,0x00,0x00,0x7C,0x00,0x00,0x00,0x00,0x00,0x00,
    0x00,0x00,0x00,0x7C,0x00,0x10,0x10,0x7C,0x10,0x10,0x00,0x00,0x00,
    0x00,0x00,0x04,0x04,0x08,0x08,0x10,0x10,0x20,0x20,0x40,0x00,0x00,
    0x00,0x00,0x00,0x00,0x30,0x48,0x48,0x30,0x00,0x00,0x00,0x00,0x00,
    0x00,0x00,0x00,0x00,0x30,0x78,0x78,0x30,0x00,0x00,0x00,0x00,0x00,
    0x00,0x00,0x04,0x04,0x08,0x08,0x10,0x90,0xA0,0xA0,0x40,0x00,0x00,
    0x00,0x00,0x00,0x00,0x00,0x34,0x48,0x48,0x34,0x00,0x00,0x00,0x00,
    0x00,0x00,0x00,0x00,0x00,0x6C,0x92,0x92,0x6C,0x00,0x00,0x00,0x00,
    0x00,0x00,0x00,0x00,0x00,0x80,0x80,0x80,0x80,0x80,0xFC,0x00,0x00,
    0x00,0x00,0x00,0x04,0x08,0x50,0x20,0x60,0x90,0xFC,0x10,0x00,0x00,
    0x00,0x00,0x10,0x10,0x14,0x18,0x10,0x30,0x50,0x10,0x10,0x00,0x00,
    0x00,0x00,0x28,0x28,0x28,0x28,0x28,0x28,0x28,0x28,0x28,0x00,0x00,
    0x00,0x00,0x28,0x2A,0x2C,0x28,0x38,0x28,0x68,0xA8,0x28,0x00,0x00,
    0x00,0x00,0x00,0x00,0x00,0x30,0x30,0x48,0x48,0x84,0x84,0x00,0x00,
    0x00,0x00,0x00,0x00,0x00,0x84,0x84,0x48,0x48,0x30,0x30,0x00,0x00,
    0x00,0x00,0x00,0x00,0x00,0x30,0x48,0x84,0x84,0x84,0x84,0x00,0x00,
    0x00,0x00,0x00,0x00,0x00,0x84,0x84,0x84,0x84,0x48,0x30,0x00,0x00,
    0x08,0x14,0x10,0x10,0x10,0x10,0x10,0x10,0x10,0x10,0x10,0x50,0x20,
    0x08,0x14,0x10,0x10,0x38,0x54,0x54,0x54,0x38,0x10,0x10,0x50,0x20,
    0x00,0x00,0x00,0x00,0x00,0x00,0x64,0xB4,0x98,0x00,0x00,0x00,0x00,
    0x00,0x00,0x00,0x00,0x00,0x64,0xB4,0x98,0x00,0xFC,0x00,0x00,0x00,
    0x00,0x00,0x00,0x64,0xB4,0x98,0x00,0xFC,0x00,0xFC,0x00,0x00,0x00,
    0x00,0x00,0x00,0x00,0x64,0xB4,0x98,0x64,0xB4,0x98,0x00,0x00,0x00,
    0x00,0x00,0x10,0x10,0x74,0xB4,0x98,0x64,0xB4,0xB8,0x20,0x20,0x00,
    0x00,0x00,0x00,0x10,0x28,0x00,0x7C,0x00,0x7C,0x00,0x00,0x00,0x00,
    0x20,0x50,0x10,0x20,0x00,0x20,0x00,0xFC,0x00,0xFC,0x00,0x00,0x00,
    0x00,0x00,0x00,0x04,0x08,0xFC,0x10,0x20,0xFC,0x40,0x80,0x00,0x00,
    0x00,0x00,0x00,0x00,0x00,0xFC,0x00,0xFC,0x00,0xFC,0x00,0x00,0x00,
    0x00,0x00,0x00,0x00,0x08,0xFC,0x10,0xFC,0x20,0xFC,0x40,0x00,0x00,
    0x00,0x00,0x00,0x00,0x0C,0x30,0xC0,0x30,0x0C,0x00,0xFC,0x00,0x00,
    0x00,0x00,0x00,0x00,0xC0,0x30,0x0C,0x30,0xC0,0x00,0xFC,0x00,0x00,
    0x00,0x00,0x00,0x12,0x24,0x48,0x90,0x48,0x24,0x12,0x00,0x00,0x00,
    0x00,0x00,0x00,0x90,0x48,0x24,0x12,0x24,0x48,0x90,0x00,0x00,0x00,
    0x00,0x00,0x00,0x00,0x7C,0x80,0x80,0x80,0x80,0x80,0x7C,0x00,0x00,
    0x00,0x00,0x00,0x00,0xF8,0x04,0x04,0x04,0x04,0x04,0xF8,0x00,0x00,
    0x00,0x00,0x00,0x08,0x7C,0x88,0x90,0x90,0x90,0xA0,0x7C,0x20,0x00,
    0x00,0x00,0x00,0x10,0xF8,0x14,0x24,0x24,0x24,0x44,0xF8,0x40,0x00,
    0x00,0x00,0x00,0x7C,0x80,0x80,0x80,0x80,0x7C,0x00,0xFC,0x00,0x00,
    0x00,0x00,0x00,0xF8,0x04,0x04,0x04,0x04,0xF8,0x00,0xFC,0x00,0x00,
    0x00,0x00,0x08,0x7C,0x88,0x90,0x90,0x90,0x7C,0x20,0xFC,0x20,0x00,
    0x00,0x00,0x10,0xF8,0x14,0x24,0x24,0x24,0xF8,0x40,0xFC,0x40,0x00,
    0x00,0x00,0x00,0x7C,0x80,0x80,0x80,0x88,0x7C,0x10,0xFC,0x20,0x00,
    0x00,0x00,0x00,0xF8,0x04,0x04,0x04,0x14,0xF8,0x20,0xFC,0x40,0x00,
    0x00,0x00,0x00,0x00,0x38,0x54,0x92,0xFE,0x92,0x54,0x38,0x00,0x00,
    0x00,0x00,0x00,0x00,0x38,0x44,0xAA,0x92,0xAA,0x44,0x38,0x00,0x00,
    0x00,0x00,0x7C,0x10,0x10,0x10,0x10,0x10,0x10,0x10,0x10,0x00,0x00,
    0x00,0x00,0x10,0x10,0x10,0x10,0x10,0x10,0x10,0x10,0x7C,0x00,0x00,
    0x00,0x00,0x40,0x40,0x40,0x40,0x78,0x40,0x40,0x40,0x40,0x00,0x00,
    0x00,0x00,0x40,0x40,0x40,0x78,0x40,0x78,0x40,0x40,0x40,0x00,0x00,
    0x00,0x30,0x30,0x30,0x48,0x48,0x48,0x48,0x84,0x84,0x84,0x84,0x00,
    0x00,0x84,0x84,0x84,0x84,0x48,0x48,0x48,0x48,0x30,0x30,0x30,0x00,
    0x00,0x30,0x48,0x84,0x84,0x84,0x84,0x84,0x84,0x84,0x84,0x84,0x00,
    0x00,0x84,0x84,0x84,0x84,0x84,0x84,0x84,0x84,0x84,0x48,0x30,0x00,
    0x00,0x00,0x00,0x00,0x00,0x00,0x30,0x30,0x00,0x00,0x00,0x00,0x00,
    0x00,0x00,0x10,0x00,0x00,0x00,0x10,0x00,0x00,0x00,0x10,0x00,0x00,
    0x00,0x00,0x00,0x00,0x00,0x00,0xA8,0x00,0x00,0x00,0x00,0x00,0x00,
    0x00,0x00,0x08,0x00,0x00,0x00,0x20,0x00,0x00,0x00,0x80,0x00,0x00,
    0x00,0x00,0x80,0x00,0x00,0x00,0x20,0x00,0x00,0x00,0x08,0x00,0x00,
    0x00,0x00,0x00,0x00,0x00,0x34,0x48,0x94,0xA4,0x48,0xB0,0x00,0x00,
    0x00,0x00,0x00,0x00,0x10,0x28,0x44,0x44,0x44,0x44,0x7C,0x00,0x00,
    0x00,0x78,0x40,0x40,0x40,0x40,0x40,0x40,0x40,0x40,0x40,0x40,0x00,
    0x00,0x78,0x08,0x08,0x08,0x08,0x08,0x08,0x08,0x08,0x08,0x08,0x00,
    0x00,0x40,0x40,0x40,0x40,0x40,0x40,0x40,0x40,0x40,0x40,0x78,0x00,
    0x00,0x08,0x08,0x08,0x08,0x08,0x08,0x08,0x08,0x08,0x08,0x78,0x00,
    0x00,0x00,0x00,0x00,0x00,0x00,0x7C,0x40,0x40,0x40,0x00,0x00,0x00,
    0x00,0x0C,0x12,0x10,0x10,0x10,0x10,0x10,0x10,0x10,0x10,0x10,0x10,
    0x10,0x10,0x10,0x10,0x10,0x10,0x10,0x10,0x10,0x10,0x90,0x60,0x00,
    0xFE,0x00,0x00,0x00,0x00,0x00,0x00,0x00,0x00,0x00,0x00,0x00,0x00,
    0x00,0x00,0x00,0xFE,0x00,0x00,0x00,0x00,0x00,0x00,0x00,0x00,0x00,
    0x00,0x00,0x00,0x00,0x00,0x00,0x00,0x00,0x00,0xFE,0x00,0x00,0x00,
    0x00,0x00,0x00,0x00,0x00,0x00,0x00,0x00,0x00,0x00,0x00,0x00,0xFE,
    0x00,0x00,0xA0,0xA0,0xE0,0xA0,0xAE,0x04,0x04,0x04,0x04,0x00,0x00,
    0x00,0x00,0x80,0x80,0x80,0x80,0xEE,0x08,0x0C,0x08,0x08,0x00,0x00,
    0x00,0x00,0x88,0x88,0x50,0x50,0x2E,0x04,0x04,0x04,0x04,0x00,0x00,
    0x00,0x00,0x70,0x40,0x60,0x40,0x5C,0x10,0x18,0x10,0x10,0x00,0x00,
    0x00,0x00,0x60,0x80,0x80,0x80,0x6C,0x0A,0x0C,0x0A,0x0A,0x00,0x00,
    0x00,0x00,0xC0,0xA0,0xA0,0xA0,0xB0,0x10,0x10,0x10,0x1C,0x00,0x00,
    0x00,0x00,0x00,0x00,0x00,0x00,0xFE,0x00,0x00,0x00,0x00,0x00,0x00,
    0x00,0x00,0x00,0x00,0x00,0xFE,0xFE,0x00,0x00,0x00,0x00,0x00,0x00,
    0x10,0x10,0x10,0x10,0x10,0x10,0x10,0x10,0x10,0x10,0x10,0x10,0x10,
    0x18,0x18,0x18,0x18,0x18,0x18,0x18,0x18,0x18,0x18,0x18,0x18,0x18,
    0x00,0x00,0x00,0x00,0x00,0x00,0xDA,0x00,0x00,0x00,0x00,0x00,0x00,
    0x00,0x00,0x00,0x00,0x00,0xDA,0xDA,0x00,0x00,0x00,0x00,0x00,0x00,
    0x10,0x10,0x10,0x10,0x00,0x10,0x10,0x10,0x00,0x10,0x10,0x10,0x10,
    0x18,0x18,0x18,0x18,0x00,0x18,0x18,0x18,0x00,0x18,0x18,0x18,0x18,
    0x00,0x00,0x00,0x00,0x00,0x00,0xAA,0x00,0x00,0x00,0x00,0x00,0x00,
    0x00,0x00,0x00,0x00,0x00,0xAA,0xAA,0x00,0x00,0x00,0x00,0x00,0x00,
    0x10,0x10,0x00,0x10,0x10,0x10,0x00,0x10,0x10,0x10,0x00,0x10,0x10,
    0x18,0x18,0x00,0x18,0x18,0x18,0x00,0x18,0x18,0x18,0x00,0x18,0x18,
    0x00,0x00,0x00,0x00,0x00,0x00,0x1E,0x10,0x10,0x10,0x10,0x10,0x10,
    0x00,0x00,0x00,0x00,0x00,0x1E,0x1E,0x10,0x10,0x10,0x10,0x10,0x10,
    0x00,0x00,0x00,0x00,0x00,0x00,0x1E,0x18,0x18,0x18,0x18,0x18,0x18,
    0x00,0x00,0x00,0x00,0x00,0x1E,0x1E,0x18,0x18,0x18,0x18,0x18,0x18,
    0x00,0x00,0x00,0x00,0x00,0x00,0xF0,0x10,0x10,0x10,0x10,0x10,0x10,
    0x00,0x00,0x00,0x00,0x00,0xF0,0xF0,0x10,0x10,0x10,0x10,0x10,0x10,
    0x00,0x00,0x00,0x00,0x00,0x00,0xF8,0x18,0x18,0x18,0x18,0x18,0x18,
    0x00,0x00,0x00,0x00,0x00,0xF8,0xF8,0x18,0x18,0x18,0x18,0x18,0x18,
    0x10,0x10,0x10,0x10,0x10,0x10,0x1E,0x00,0x00,0x00,0x00,0x00,0x00,
    0x10,0x10,0x10,0x10,0x10,0x1E,0x1E,0x00,0x00,0x00,0x00,0x00,0x00,
    0x18,0x18,0x18,0x18,0x18,0x18,0x1E,0x00,0x00,0x00,0x00,0x00,0x00,
    0x18,0x18,0x18,0x18,0x18,0x1E,0x1E,0x00,0x00,0x00,0x00,0x00,0x00,
    0x10,0x10,0x10,0x10,0x10,0x10,0xF0,0x00,0x00,0x00,0x00,0x00,0x00,
    0x10,0x10,0x10,0x10,0x10,0xF0,0xF0,0x00,0x00,0x00,0x00,0x00,0x00,
    0x18,0x18,0x18,0x18,0x18,0x18,0xF8,0x00,0x00,0x00,0x00,0x00,0x00,
    0x18,0x18,0x18,0x18,0x18,0xF8,0xF8,0x00,0x00,0x00,0x00,0x00,0x00,
    0x10,0x10,0x10,0x10,0x10,0x10,0x1E,0x10,0x10,0x10,0x10,0x10,0x10,
    0x10,0x10,0x10,0x10,0x10,0x1E,0x1E,0x10,0x10,0x10,0x10,0x10,0x10,
    0x18,0x18,0x18,0x18,0x18,0x18,0x1E,0x10,0x10,0x10,0x10,0x10,0x10,
    0x10,0x10,0x10,0x10,0x10,0x10,0x1E,0x18,0x18,0x18,0x18,0x18,0x18,
    0x18,0x18,0x18,0x18,0x18,0x18,0x1E,0x18,0x18,0x18,0x18,0x18,0x18,
    0x18,0x18,0x18,0x18,0x18,0x1E,0x1E,0x10,0x10,0x10,0x10,0x10,0x10,
    0x10,0x10,0x10,0x10,0x10,0x1E,0x1E,0x18,0x18,0x18,0x18,0x18,0x18,
    0x18,0x18,0x18,0x18,0x18,0x1E,0x1E,0x18,0x18,0x18,0x18,0x18,0x18,
    0x10,0x10,0x10,0x10,0x10,0x10,0xF0,0x10,0x10,0x10,0x10,0x10,0x10,
    0x10,0x10,0x10,0x10,0x10,0xF0,0xF0,0x10,0x10,0x10,0x10,0x10,0x10,
    0x18,0x18,0x18,0x18,0x18,0x18,0xF8,0x10,0x10,0x10,0x10,0x10,0x10,
    0x10,0x10,0x10,0x10,0x10,0x10,0xF8,0x18,0x18,0x18,0x18,0x18,0x18,
    0x18,0x18,0x18,0x18,0x18,0x18,0xF8,0x18,0x18,0x18,0x18,0x18,0x18,
    0x18,0x18,0x18,0x18,0x18,0xF8,0xF8,0x10,0x10,0x10,0x10,0x10,0x10,
    0x10,0x10,0x10,0x10,0x10,0xF8,0xF8,0x18,0x18,0x18,0x18,0x18,0x18,
    0x18,0x18,0x18,0x18,0x18,0xF8,0xF8,0x18,0x18,0x18,0x18,0x18,0x18,
    0x00,0x00,0x00,0x00,0x00,0x00,0xFE,0x10,0x10,0x10,0x10,0x10,0x10,
    0x00,0x00,0x00,0x00,0x00,0xF0,0xFE,0x10,0x10,0x10,0x10,0x10,0x10,
    0x00,0x00,0x00,0x00,0x00,0x1E,0xFE,0x10,0x10,0x10,0x10,0x10,0x10,
    0x00,0x00,0x00,0x00,0x00,0xFE,0xFE,0x10,0x10,0x10,0x10,0x10,0x10,
    0x00,0x00,0x00,0x00,0x00,0x00,0xFE,0x18,0x18,0x18,0x18,0x18,0x18,
    0x00,0x00,0x00,0x00,0x00,0xF8,0xFE,0x18,0x18,0x18,0x18,0x18,0x18,
    0x00,0x00,0x00,0x00,0x00,0x1E,0xFE,0x18,0x18,0x18,0x18,0x18,0x18,
    0x00,0x00,0x00,0x00,0x00,0xFE,0xFE,0x18,0x18,0x18,0x18,0x18,0x18,
    0x10,0x10,0x10,0x10,0x10,0x10,0xFE,0x00,0x00,0x00,0x00,0x00,0x00,
    0x10,0x10,0x10,0x10,0x10,0xF0,0xFE,0x00,0x00,0x00,0x00,0x00,0x00,
    0x10,0x10,0x10,0x10,0x10,0x1E,0xFE,0x00,0x00,0x00,0x00,0x00,0x00,
    0x10,0x10,0x10,0x10,0x10,0xFE,0xFE,0x00,0x00,0x00,0x00,0x00,0x00,
    0x18,0x18,0x18,0x18,0x18,0x18,0xFE,0x00,0x00,0x00,0x00,0x00,0x00,
    0x18,0x18,0x18,0x18,0x18,0xF8,0xFE,0x00,0x00,0x00,0x00,0x00,0x00,
    0x18,0x18,0x18,0x18,0x18,0x1E,0xFE,0x00,0x00,0x00,0x00,0x00,0x00,
    0x18,0x18,0x18,0x18,0x18,0xFE,0xFE,0x00,0x00,0x00,0x00,0x00,0x00,
    0x10,0x10,0x10,0x10,0x10,0x10,0xFE,0x10,0x10,0x10,0x10,0x10,0x10,
    0x10,0x10,0x10,0x10,0x10,0xF0,0xFE,0x10,0x10,0x10,0x10,0x10,0x10,
    0x10,0x10,0x10,0x10,0x10,0x1E,0xFE,0x10,0x10,0x10,0x10,0x10,0x10,
    0x10,0x10,0x10,0x10,0x10,0xFE,0xFE,0x10,0x10,0x10,0x10,0x10,0x10,
    0x18,0x18,0x18,0x18,0x18,0x18,0xFE,0x10,0x10,0x10,0x10,0x10,0x10,
    0x10,0x10,0x10,0x10,0x10,0x10,0xFE,0x18,0x18,0x18,0x18,0x18,0x18,
    0x18,0x18,0x18,0x18,0x18,0x18,0xFE,0x18,0x18,0x18,0x18,0x18,0x18,
    0x18,0x18,0x18,0x18,0x18,0xF8,0xFE,0x10,0x10,0x10,0x10,0x10,0x10,
    0x18,0x18,0x18,0x18,0x18,0x1E,0xFE,0x10,0x10,0x10,0x10,0x10,0x10,
    0x10,0x10,0x10,0x10,0x10,0xF8,0xFE,0x18,0x18,0x18,0x18,0x18,0x18,
    0x10,0x10,0x10,0x10,0x10,0x1E,0xFE,0x18,0x18,0x18,0x18,0x18,0x18,
    0x18,0x18,0x18,0x18,0x18,0xFE,0xFE,0x10,0x10,0x10,0x10,0x10,0x10,
    0x10,0x10,0x10,0x10,0x10,0xFE,0xFE,0x18,0x18,0x18,0x18,0x18,0x18,
    0x18,0x18,0x18,0x18,0x18,0xF8,0xFE,0x18,0x18,0x18,0x18,0x18,0x18,
    0x18,0x18,0x18,0x18,0x18,0x1E,0xFE,0x18,0x18,0x18,0x18,0x18,0x18,
    0x18,0x18,0x18,0x18,0x18,0xFE,0xFE,0x18,0x18,0x18,0x18,0x18,0x18,
    0x00,0x00,0x00,0x00,0x00,0x00,0xEE,0x00,0x00,0x00,0x00,0x00,0x00,
    0x00,0x00,0x00,0x00,0x00,0xEE,0xEE,0x00,0x00,0x00,0x00,0x00,0x00,
    0x10,0x10,0x10,0x10,0x10,0x10,0x00,0x10,0x10,0x10,0x10,0x10,0x10,
    0x18,0x18,0x18,0x18,0x18,0x18,0x00,0x18,0x18,0x18,0x18,0x18,0x18,
    0x00,0x00,0x00,0x00,0x00,0xFE,0x00,0xFE,0x00,0x00,0x00,0x00,0x00,
    0x28,0x28,0x28,0x28,0x28,0x28,0x28,0x28,0x28,0x28,0x28,0x28,0x28,
    0x00,0x00,0x00,0x00,0x00,0x1E,0x10,0x1E,0x10,0x10,0x10,0x10,0x10,
    0x00,0x00,0x00,0x00,0x00,0x00,0x3E,0x28,0x28,0x28,0x28,0x28,0x28,
    0x00,0x00,0x00,0x00,0x00,0x3E,0x20,0x2E,0x28,0x28,0x28,0x28,0x28,
    0x00,0x00,0x00,0x00,0x00,0xF0,0x10,0xF0,0x10,0x10,0x10,0x10,0x10,
    0x00,0x00,0x00,0x00,0x00,0x00,0xF8,0x28,0x28,0x28,0x28,0x28,0x28,
    0x00,0x00,0x00,0x00,0x00,0xF8,0x08,0xE8,0x28,0x28,0x28,0x28,0x28,
    0x10,0x10,0x10,0x10,0x10,0x1E,0x10,0x1E,0x00,0x00,0x00,0x00,0x00,
    0x28,0x28,0x28,0x28,0x28,0x28,0x3E,0x00,0x00,0x00,0x00,0x00,0x00,
    0x28,0x28,0x28,0x28,0x28,0x2E,0x20,0x3E,0x00,0x00,0x00,0x00,0x00,
    0x10,0x10,0x10,0x10,0x10,0xF0,0x10,0xF0,0x00,0x00,0x00,0x00,0x00,
    0x28,0x28,0x28,0x28,0x28,0x28,0xF8,0x00,0x00,0x00,0x00,0x00,0x00,
    0x28,0x28,0x28,0x28,0x28,0xE8,0x08,0xF8,0x00,0x00,0x00,0x00,0x00,
    0x10,0x10,0x10,0x10,0x10,0x1E,0x10,0x1E,0x10,0x10,0x10,0x10,0x10,
    0x28,0x28,0x28,0x28,0x28,0x28,0x2E,0x28,0x28,0x28,0x28,0x28,0x28,
    0x28,0x28,0x28,0x28,0x28,0x2E,0x20,0x2E,0x28,0x28,0x28,0x28,0x28,
    0x10,0x10,0x10,0x10,0x10,0xF0,0x10,0xF0,0x10,0x10,0x10,0x10,0x10,
    0x28,0x28,0x28,0x28,0x28,0x28,0xE8,0x28,0x28,0x28,0x28,0x28,0x28,
    0x28,0x28,0x28,0x28,0x28,0xE8,0x08,0xE8,0x28,0x28,0x28,0x28,0x28,
    0x00,0x00,0x00,0x00,0x00,0xFE,0x00,0xFE,0x10,0x10,0x10,0x10,0x10,
    0x00,0x00,0x00,0x00,0x00,0x00,0xFE,0x28,0x28,0x28,0x28,0x28,0x28,
    0x00,0x00,0x00,0x00,0x00,0xFE,0x00,0xEE,0x28,0x28,0x28,0x28,0x28,
    0x10,0x10,0x10,0x10,0x10,0xFE,0x00,0xFE,0x00,0x00,0x00,0x00,0x00,
    0x28,0x28,0x28,0x28,0x28,0x28,0xFE,0x00,0x00,0x00,0x00,0x00,0x00,
    0x28,0x28,0x28,0x28,0x28,0xEE,0x00,0xFE,0x00,0x00,0x00,0x00,0x00,
    0x10,0x10,0x10,0x10,0x10,0xFE,0x10,0xFE,0x10,0x10,0x10,0x10,0x10,
    0x28,0x28,0x28,0x28,0x28,0x28,0xFE,0x28,0x28,0x28,0x28,0x28,0x28,
    0x28,0x28,0x28,0x28,0x28,0xEE,0x00,0xEE,0x28,0x28,0x28,0x28,0x28,
    0x00,0x00,0x00,0x00,0x00,0x00,0x06,0x08,0x10,0x10,0x10,0x10,0x10,
    0x00,0x00,0x00,0x00,0x00,0x00,0xC0,0x20,0x10,0x10,0x10,0x10,0x10,
    0x10,0x10,0x10,0x10,0x10,0x20,0xC0,0x00,0x00,0x00,0x00,0x00,0x00,
    0x10,0x10,0x10,0x10,0x10,0x08,0x06,0x00,0x00,0x00,0x00,0x00,0x00,
    0x02,0x02,0x04,0x04,0x08,0x08,0x10,0x20,0x20,0x40,0x40,0x80,0x80,
    0x80,0x80,0x40,0x40,0x20,0x20,0x10,0x08,0x08,0x04,0x04,0x02,0x02,
    0x82,0x82,0x44,0x44,0x28,0x28,0x10,0x28,0x28,0x44,0x44,0x82,0x82,
    0x00,0x00,0x00,0x00,0x00,0x00,0xF0,0x00,0x00,0x00,0x00,0x00,0x00,
    0x10,0x10,0x10,0x10,0x10,0x10,0x00,0x00,0x00,0x00,0x00,0x00,0x00,
    0x00,0x00,0x00,0x00,0x00,0x00,0x0E,0x00,0x00,0x00,0x00,0x00,0x00,
    0x00,0x00,0x00,0x00,0x00,0x00,0x10,0x10,0x10,0x10,0x10,0x10,0x10,
    0x00,0x00,0x00,0x00,0x00,0xF0,0xF0,0x00,0x00,0x00,0x00,0x00,0x00,
    0x18,0x18,0x18,0x18,0x18,0x18,0x00,0x00,0x00,0x00,0x00,0x00,0x00,
    0x00,0x00,0x00,0x00,0x00,0x0E,0x0E,0x00,0x00,0x00,0x00,0x00,0x00,
    0x00,0x00,0x00,0x00,0x00,0x00,0x18,0x18,0x18,0x18,0x18,0x18,0x18,
    0x00,0x00,0x00,0x00,0x00,0x1E,0xFE,0x00,0x00,0x00,0x00,0x00,0x00,
    0x10,0x10,0x10,0x10,0x10,0x10,0x18,0x18,0x18,0x18,0x18,0x18,0x18,
    0x00,0x00,0x00,0x00,0x00,0xF0,0xFE,0x00,0x00,0x00,0x00,0x00,0x00,
    0x18,0x18,0x18,0x18,0x18,0x18,0x10,0x10,0x10,0x10,0x10,0x10,0x10,
    0xFE,0xFE,0xFE,0xFE,0xFE,0xFE,0x00,0x00,0x00,0x00,0x00,0x00,0x00,
    0x00,0x00,0x00,0x00,0x00,0x00,0x00,0x00,0x00,0x00,0x00,0xFE,0xFE,
    0x00,0x00,0x00,0x00,0x00,0x00,0x00,0x00,0x00,0x00,0xFE,0xFE,0xFE,
    0x00,0x00,0x00,0x00,0x00,0x00,0x00,0x00,0xFE,0xFE,0xFE,0xFE,0xFE,
    0x00,0x00,0x00,0x00,0x00,0x00,0xFE,0xFE,0xFE,0xFE,0xFE,0xFE,0xFE,
    0x00,0x00,0x00,0x00,0x00,0xFE,0xFE,0xFE,0xFE,0xFE,0xFE,0xFE,0xFE,
    0x00,0x00,0x00,0xFE,0xFE,0xFE,0xFE,0xFE,0xFE,0xFE,0xFE,0xFE,0xFE,
    0x00,0x00,0xFE,0xFE,0xFE,0xFE,0xFE,0xFE,0xFE,0xFE,0xFE,0xFE,0xFE,
    0xFE,0xFE,0xFE,0xFE,0xFE,0xFE,0xFE,0xFE,0xFE,0xFE,0xFE,0xFE,0xFE,
    0xFC,0xFC,0xFC,0xFC,0xFC,0xFC,0xFC,0xFC,0xFC,0xFC,0xFC,0xFC,0xFC,
    0xF8,0xF8,0xF8,0xF8,0xF8,0xF8,0xF8,0xF8,0xF8,0xF8,0xF8,0xF8,0xF8,
    0xF0,0xF0,0xF0,0xF0,0xF0,0xF0,0xF0,0xF0,0xF0,0xF0,0xF0,0xF0,0xF0,
    0xF0,0xF0,0xF0,0xF0,0xF0,0xF0,0xF0,0xF0,0xF0,0xF0,0xF0,0xF0,0xF0,
    0xE0,0xE0,0xE0,0xE0,0xE0,0xE0,0xE0,0xE0,0xE0,0xE0,0xE0,0xE0,0xE0,
    0xC0,0xC0,0xC0,0xC0,0xC0,0xC0,0xC0,0xC0,0xC0,0xC0,0xC0,0xC0,0xC0,
    0x80,0x80,0x80,0x80,0x80,0x80,0x80,0x80,0x80,0x80,0x80,0x80,0x80,
    0x0E,0x0E,0x0E,0x0E,0x0E,0x0E,0x0E,0x0E,0x0E,0x0E,0x0E,0x0E,0x0E,
    0x00,0x54,0x00,0xAA,0x00,0x54,0x00,0xAA,0x00,0x54,0x00,0xAA,0x00,
    0xAA,0x54,0xAA,0x54,0xAA,0x54,0xAA,0x54,0xAA,0x54,0xAA,0x54,0xAA,
    0xFE,0x54,0xFE,0xAA,0xFE,0x54,0xFE,0xAA,0xFE,0x54,0xFE,0xAA,0xFE,
    0xFE,0xFE,0x00,0x00,0x00,0x00,0x00,0x00,0x00,0x00,0x00,0x00,0x00,
    0x02,0x02,0x02,0x02,0x02,0x02,0x02,0x02,0x02,0x02,0x02,0x02,0x02,
    0x00,0x00,0x00,0x00,0x00,0x00,0xF0,0xF0,0xF0,0xF0,0xF0,0xF0,0xF0,
    0x00,0x00,0x00,0x00,0x00,0x00,0x0E,0x0E,0x0E,0x0E,0x0E,0x0E,0x0E,
    0xF0,0xF0,0xF0,0xF0,0xF0,0xF0,0x00,0x00,0x00,0x00,0x00,0x00,0x00,
    0xF0,0xF0,0xF0,0xF0,0xF0,0xF0,0xFE,0xFE,0xFE,0xFE,0xFE,0xFE,0xFE,
    0xF0,0xF0,0xF0,0xF0,0xF0,0xF0,0x0E,0x0E,0x0E,0x0E,0x0E,0x0E,0x0E,
    0xFE,0xFE,0xFE,0xFE,0xFE,0xFE,0xF0,0xF0,0xF0,0xF0,0xF0,0xF0,0xF0,
    0xFE,0xFE,0xFE,0xFE,0xFE,0xFE,0x0E,0x0E,0x0E,0x0E,0x0E,0x0E,0x0E,
    0x0E,0x0E,0x0E,0x0E,0x0E,0x0E,0x00,0x00,0x00,0x00,0x00,0x00,0x00,
    0x0E,0x0E,0x0E,0x0E,0x0E,0x0E,0xF0,0xF0,0xF0,0xF0,0xF0,0xF0,0xF0,
    0x0E,0x0E,0x0E,0x0E,0x0E,0x0E,0xFE,0xFE,0xFE,0xFE,0xFE,0xFE,0xFE,
    0x00,0x00,0x00,0xFE,0xFE,0xFE,0xFE,0xFE,0xFE,0xFE,0x00,0x00,0x00,
    0x00,0x00,0x00,0xFE,0x82,0x82,0x82,0x82,0x82,0xFE,0x00,0x00,0x00,
    0x00,0x00,0x00,0x00,0x7C,0x7C,0x7C,0x7C,0x7C,0x00,0x00,0x00,0x00,
    0x00,0x00,0x00,0x00,0x7C,0x44,0x44,0x44,0x7C,0x00,0x00,0x00,0x00,
    0x00,0x00,0x00,0x00,0xFE,0xFE,0xFE,0xFE,0xFE,0x00,0x00,0x00,0x00,
    0x00,0x00,0x00,0x7C,0x7C,0x7C,0x7C,0x7C,0x7C,0x7C,0x00,0x00,0x00,
    0x00,0x00,0x00,0x10,0x10,0x38,0x38,0x7C,0x7C,0xFE,0xFE,0x00,0x00,
    0x00,0x00,0x00,0x10,0x10,0x28,0x28,0x44,0x44,0x82,0xFE,0x00,0x00,
    0x00,0x00,0x00,0x00,0x80,0xF0,0xFE,0xF0,0x80,0x00,0x00,0x00,0x00,
    0x00,0x00,0x00,0x00,0x80,0xF0,0x8E,0xF0,0x80,0x00,0x00,0x00,0x00,
    0x00,0x00,0x00,0xFE,0xFE,0x7C,0x7C,0x38,0x38,0x10,0x10,0x00,0x00,
    0x00,0x00,0x00,0xFE,0x82,0x44,0x44,0x28,0x28,0x10,0x10,0x00,0x00,
    0x00,0x00,0x00,0x00,0x02,0x1E,0xFE,0x1E,0x02,0x00,0x00,0x00,0x00,
    0x00,0x00,0x00,0x00,0x02,0x1E,0xE2,0x1E,0x02,0x00,0x00,0x00,0x00,
    0x00,0x00,0x00,0x00,0x10,0x38,0x7C,0xFE,0x7C,0x38,0x10,0x00,0x00,
    0x00,0x00,0x10,0x10,0x28,0x28,0x44,0x28,0x28,0x10,0x10,0x00,0x00,
    0x00,0x00,0x00,0x38,0x44,0x82,0x82,0x82,0x44,0x38,0x00,0x00,0x00,
    0x00,0x00,0x00,0x28,0x00,0x82,0x00,0x82,0x00,0x28,0x00,0x00,0x00,
    0x00,0x00,0x00,0x38,0x7C,0xFE,0xFE,0xFE,0x7C,0x38,0x00,0x00,0x00,
    0xFE,0xFE,0xFE,0xFE,0xC6,0x82,0x82,0x82,0xC6,0xFE,0xFE,0xFE,0xFE,
    0xFE,0xFE,0xFE,0xFE,0xC6,0xBA,0xBA,0xBA,0xC6,0xFE,0xFE,0xFE,0xFE,
    0x00,0x00,0x00,0x00,0x38,0x44,0x44,0x44,0x38,0x00,0x00,0x00,0x00,
    0x00,0x00,0x00,0x10,0x54,0x28,0x44,0x28,0x54,0x10,0x00,0x00,0x00,
    0x00,0x38,0x44,0xAA,0x82,0x92,0x82,0xAA,0x92,0x44,0x38,0x00,0x00,
    0x00,0x38,0x7C,0xD6,0xFE,0xEE,0xFE,0xD6,0xEE,0x7C,0x38,0x00,0x00,
    0x00,0x00,0x10,0x92,0x54,0x28,0x44,0x28,0x54,0x92,0x10,0x00,0x00,
    0x00,0x00,0x44,0x38,0x44,0x44,0x44,0x38,0x10,0x38,0x10,0x00,0x00,
    0x00,0x00,0x00,0x38,0x44,0x44,0x44,0x38,0x10,0x38,0x10,0x00,0x00,
    0x00,0x00,0x00,0x10,0x38,0x10,0x38,0x44,0x44,0x44,0x38,0x00,0x00,
    0x00,0x00,0x00,0x00,0x0E,0x06,0x7A,0x88,0x88,0x88,0x70,0x00,0x00,
    0x00,0x00,0x00,0x10,0x10,0x38,0x7C,0x7C,0x7C,0x10,0x38,0x00,0x00,
    0x00,0x00,0x00,0x00,0x28,0x54,0x54,0x44,0x28,0x10,0x10,0x00,0x00,
    0x00,0x00,0x00,0x00,0x00,0x30,0x48,0x84,0x48,0x30,0x00,0x00,0x00,
    0x00,0x00,0x00,0x10,0x38,0x10,0x54,0xFE,0x54,0x10,0x38,0x00,0x00,
    0x00,0x00,0x00,0x10,0x10,0x28,0x44,0x44,0x7C,0x10,0x38,0x00,0x00,
    0x00,0x00,0x00,0x00,0x28,0x7C,0x7C,0x7C,0x38,0x10,0x10,0x00,0x00,
    0x00,0x00,0x00,0x00,0x00,0x30,0x78,0xFC,0x78,0x30,0x00,0x00,0x00,
    0x00,0x00,0x18,0x16,0x10,0x10,0x10,0x70,0xF0,0xF0,0x60,0x00,0x00,
    0x00,0x20,0x30,0x28,0x24,0x22,0x62,0xE2,0x46,0x0E,0x04,0x00,0x00,
    0x00,0x20,0x30,0x28,0x34,0x2A,0x66,0xE2,0x46,0x0E,0x04,0x00,0x00,
    0x00,0x40,0x40,0x40,0x58,0x64,0x44,0x44,0x48,0x50,0x60,0x00,0x00,
    0x00,0x80,0x84,0x8C,0x94,0xA4,0xCC,0x94,0xA4,0xC4,0x84,0x04,0x00,
    0x00,0x08,0x4C,0x58,0x68,0xC8,0x48,0x5C,0x68,0xC8,0x40,0x00,0x00,
    0x00,0x08,0x10,0x10,0x20,0x20,0x40,0x20,0x20,0x10,0x10,0x08,0x00,
    0x00,0x40,0x20,0x20,0x10,0x10,0x08,0x10,0x10,0x20,0x20,0x40,0x00,
    0x00,0x00,0x00,0x00,0x00,0x00,0x00,0x00,0x00,0x00,0x00,0x00,0x00,
    0x00,0x60,0x60,0x00,0x00,0x00,0x00,0x00,0x00,0x00,0x00,0x00,0x00,
    0x00,0x00,0x00,0x00,0x60,0x60,0x00,0x00,0x00,0x00,0x00,0x00,0x00,
    0x00,0x60,0x60,0x00,0x60,0x60,0x00,0x00,0x00,0x00,0x00,0x00,0x00,
    0x00,0x00,0x00,0x00,0x00,0x00,0x00,0x60,0x60,0x00,0x00,0x00,0x00,
    0x00,0x60,0x60,0x00,0x00,0x00,0x00,0x60,0x60,0x00,0x00,0x00,0x00,
    0x00,0x00,0x00,0x00,0x60,0x60,0x00,0x60,0x60,0x00,0x00,0x00,0x00,
    0x00,0x60,0x60,0x00,0x60,0x60,0x00,0x60,0x60,0x00,0x00,0x00,0x00,
    0x00,0x0C,0x0C,0x00,0x00,0x00,0x00,0x00,0x00,0x00,0x00,0x00,0x00,
    0x00,0x6C,0x6C,0x00,0x00,0x00,0x00,0x00,0x00,0x00,0x00,0x00,0x00,
    0x00,0x0C,0x0C,0x00,0x60,0x60,0x00,0x00,0x00,0x00,0x00,0x00,0x00,
    0x00,0x6C,0x6C,0x00,0x60,0x60,0x00,0x00,0x00,0x00,0x00,0x00,0x00,
    0x00,0x0C,0x0C,0x00,0x00,0x00,0x00,0x60,0x60,0x00,0x00,0x00,0x00,
    0x00,0x6C,0x6C,0x00,0x00,0x00,0x00,0x60,0x60,0x00,0x00,0x00,0x00,
    0x00,0x0C,0x0C,0x00,0x60,0x60,0x00,0x60,0x60,0x00,0x00,0x00,0x00,
    0x00,0x6C,0x6C,0x00,0x60,0x60,0x00,0x60,0x60,0x00,0x00,0x00,0x00,
    0x00,0x00,0x00,0x00,0x0C,0x0C,0x00,0x00,0x00,0x00,0x00,0x00,0x00,
    0x00,0x60,0x60,0x00,0x0C,0x0C,0x00,0x00,0x00,0x00,0x00,0x00,0x00,
    0x00,0x00,0x00,0x00,0x6C,0x6C,0x00,0x00,0x00,0x00,0x00,0x00,0x00,
    0x00,0x60,0x60,0x00,0x6C,0x6C,0x00,0x00,0x00,0x00,0x00,0x00,0x00,
    0x00,0x00,0x00,0x00,0x0C,0x0C,0x00,0x60,0x60,0x00,0x00,0x00,0x00,
    0x00,0x60,0x60,0x00,0x0C,0x0C,0x00,0x60,0x60,0x00,0x00,0x00,0x00,
    0x00,0x00,0x00,0x00,0x6C,0x6C,0x00,0x60,0x60,0x00,0x00,0x00,0x00,
    0x00,0x60,0x60,0x00,0x6C,0x6C,0x00,0x60,0x60,0x00,0x00,0x00,0x00,
    0x00,0x0C,0x0C,0x00,0x0C,0x0C,0x00,0x00,0x00,0x00,0x00,0x00,0x00,
    0x00,0x6C,0x6C,0x00,0x0C,0x0C,0x00,0x00,0x00,0x00,0x00,0x00,0x00,
    0x00,0x0C,0x0C,0x00,0x6C,0x6C,0x00,0x00,0x00,0x00,0x00,0x00,0x00,
    0x00,0x6C,0x6C,0x00,0x6C,0x6C,0x00,0x00,0x00,0x00,0x00,0x00,0x00,
    0x00,0x0C,0x0C,0x00,0x0C,0x0C,0x00,0x60,0x60,0x00,0x00,0x00,0x00,
    0x00,0x6C,0x6C,0x00,0x0C,0x0C,0x00,0x60,0x60,0x00,0x00,0x00,0x00,
    0x00,0x0C,0x0C,0x00,0x6C,0x6C,0x00,0x60,0x60,0x00,0x00,0x00,0x00,
    0x00,0x6C,0x6C,0x00,0x6C,0x6C,0x00,0x60,0x60,0x00,0x00,0x00,0x00,
    0x00,0x00,0x00,0x00,0x00,0x00,0x00,0x0C,0x0C,0x00,0x00,0x00,0x00,
    0x00,0x60,0x60,0x00,0x00,0x00,0x00,0x0C,0x0C,0x00,0x00,0x00,0x00,
    0x00,0x00,0x00,0x00,0x60,0x60,0x00,0x0C,0x0C,0x00,0x00,0x00,0x00,
    0x00,0x60,0x60,0x00,0x60,0x60,0x00,0x0C,0x0C,0x00,0x00,0x00,0x00,
    0x00,0x00,0x00,0x00,0x00,0x00,0x00,0x6C,0x6C,0x00,0x00,0x00,0x00,
    0x00,0x60,0x60,0x00,0x00,0x00,0x00,0x6C,0x6C,0x00,0x00,0x00,0x00,
    0x00,0x00,0x00,0x00,0x60,0x60,0x00,0x6C,0x6C,0x00,0x00,0x00,0x00,
    0x00,0x60,0x60,0x00,0x60,0x60,0x00,0x6C,0x6C,0x00,0x00,0x00,0x00,
    0x00,0x0C,0x0C,0x00,0x00,0x00,0x00,0x0C,0x0C,0x00,0x00,0x00,0x00,
    0x00,0x6C,0x6C,0x00,0x00,0x00,0x00,0x0C,0x0C,0x00,0x00,0x00,0x00,
    0x00,0x0C,0x0C,0x00,0x60,0x60,0x00,0x0C,0x0C,0x00,0x00,0x00,0x00,
    0x00,0x6C,0x6C,0x00,0x60,0x60,0x00,0x0C,0x0C,0x00,0x00,0x00,0x00,
    0x00,0x0C,0x0C,0x00,0x00,0x00,0x00,0x6C,0x6C,0x00,0x00,0x00,0x00,
    0x00,0x6C,0x6C,0x00,0x00,0x00,0x00,0x6C,0x6C,0x00,0x00,0x00,0x00,
    0x00,0x0C,0x0C,0x00,0x60,0x60,0x00,0x6C,0x6C,0x00,0x00,0x00,0x00,
    0x00,0x6C,0x6C,0x00,0x60,0x60,0x00,0x6C,0x6C,0x00,0x00,0x00,0x00,
    0x00,0x00,0x00,0x00,0x0C,0x0C,0x00,0x0C,0x0C,0x00,0x00,0x00,0x00,
    0x00,0x60,0x60,0x00,0x0C,0x0C,0x00,0x0C,0x0C,0x00,0x00,0x00,0x00,
    0x00,0x00,0x00,0x00,0x6C,0x6C,0x00,0x0C,0x0C,0x00,0x00,0x00,0x00,
    0x00,0x60,0x60,0x00,0x6C,0x6C,0x00,0x0C,0x0C,0x00,0x00,0x00,0x00,
    0x00,0x00,0x00,0x00,0x0C,0x0C,0x00,0x6C,0x6C,0x00,0x00,0x00,0x00,
    0x00,0x60,0x60,0x00,0x0C,0x0C,0x00,0x6C,0x6C,0x00,0x00,0x00,0x00,
    0x00,0x00,0x00,0x00,0x6C,0x6C,0x00,0x6C,0x6C,0x00,0x00,0x00,0x00,
    0x00,0x60,0x60,0x00,0x6C,0x6C,0x00,0x6C,0x6C,0x00,0x00,0x00,0x00,
    0x00,0x0C,0x0C,0x00,0x0C,0x0C,0x00,0x0C,0x0C,0x00,0x00,0x00,0x00,
    0x00,0x6C,0x6C,0x00,0x0C,0x0C,0x00,0x0C,0x0C,0x00,0x00,0x00,0x00,
    0x00,0x0C,0x0C,0x00,0x6C,0x6C,0x00,0x0C,0x0C,0x00,0x00,0x00,0x00,
    0x00,0x6C,0x6C,0x00,0x6C,0x6C,0x00,0x0C,0x0C,0x00,0x00,0x00,0x00,
    0x00,0x0C,0x0C,0x00,0x0C,0x0C,0x00,0x6C,0x6C,0x00,0x00,0x00,0x00,
    0x00,0x6C,0x6C,0x00,0x0C,0x0C,0x00,0x6C,0x6C,0x00,0x00,0x00,0x00,
    0x00,0x0C,0x0C,0x00,0x6C,0x6C,0x00,0x6C,0x6C,0x00,0x00,0x00,0x00,
    0x00,0x6C,0x6C,0x00,0x6C,0x6C,0x00,0x6C,0x6C,0x00,0x00,0x00,0x00,
    0x00,0x00,0x00,0x00,0x00,0x00,0x00,0x00,0x00,0x00,0x60,0x60,0x00,
    0x00,0x60,0x60,0x00,0x00,0x00,0x00,0x00,0x00,0x00,0x60,0x60,0x00,
    0x00,0x00,0x00,0x00,0x60,0x60,0x00,0x00,0x00,0x00,0x60,0x60,0x00,
    0x00,0x60,0x60,0x00,0x60,0x60,0x00,0x00,0x00,0x00,0x60,0x60,0x00,
    0x00,0x00,0x00,0x00,0x00,0x00,0x00,0x60,0x60,0x00,0x60,0x60,0x00,
    0x00,0x60,0x60,0x00,0x00,0x00,0x00,0x60,0x60,0x00,0x60,0x60,0x00,
    0x00,0x00,0x00,0x00,0x60,0x60,0x00,0x60,0x60,0x00,0x60,0x60,0x00,
    0x00,0x60,0x60,0x00,0x60,0x60,0x00,0x60,0x60,0x00,0x60,0x60,0x00,
    0x00,0x0C,0x0C,0x00,0x00,0x00,0x00,0x00,0x00,0x00,0x60,0x60,0x00,
    0x00,0x6C,0x6C,0x00,0x00,0x00,0x00,0x00,0x00,0x00,0x60,0x60,0x00,
    0x00,0x0C,0x0C,0x00,0x60,0x60,0x00,0x00,0x00,0x00,0x60,0x60,0x00,
    0x00,0x6C,0x6C,0x00,0x60,0x60,0x00,0x00,0x00,0x00,0x60,0x60,0x00,
    0x00,0x0C,0x0C,0x00,0x00,0x00,0x00,0x60,0x60,0x00,0x60,0x60,0x00,
    0x00,0x6C,0x6C,0x00,0x00,0x00,0x00,0x60,0x60,0x00,0x60,0x60,0x00,
    0x00,0x0C,0x0C,0x00,0x60,0x60,0x00,0x60,0x60,0x00,0x60,0x60,0x00,
    0x00,0x6C,0x6C,0x00,0x60,0x60,0x00,0x60,0x60,0x00,0x60,0x60,0x00,
    0x00,0x00,0x00,0x00,0x0C,0x0C,0x00,0x00,0x00,0x00,0x60,0x60,0x00,
    0x00,0x60,0x60,0x00,0x0C,0x0C,0x00,0x00,0x00,0x00,0x60,0x60,0x00,
    0x00,0x00,0x00,0x00,0x6C,0x6C,0x00,0x00,0x00,0x00,0x60,0x60,0x00,
    0x00,0x60,0x60,0x00,0x6C,0x6C,0x00,0x00,0x00,0x00,0x60,0x60,0x00,
    0x00,0x00,0x00,0x00,0x0C,0x0C,0x00,0x60,0x60,0x00,0x60,0x60,0x00,
    0x00,0x60,0x60,0x00,0x0C,0x0C,0x00,0x60,0x60,0x00,0x60,0x60,0x00,
    0x00,0x00,0x00,0x00,0x6C,0x6C,0x00,0x60,0x60,0x00,0x60,0x60,0x00,
    0x00,0x60,0x60,0x00,0x6C,0x6C,0x00,0x60,0x60,0x00,0x60,0x60,0x00,
    0x00,0x0C,0x0C,0x00,0x0C,0x0C,0x00,0x00,0x00,0x00,0x60,0x60,0x00,
    0x00,0x6C,0x6C,0x00,0x0C,0x0C,0x00,0x00,0x00,0x00,0x60,0x60,0x00,
    0x00,0x0C,0x0C,0x00,0x6C,0x6C,0x00,0x00,0x00,0x00,0x60,0x60,0x00,
    0x00,0x6C,0x6C,0x00,0x6C,0x6C,0x00,0x00,0x00,0x00,0x60,0x60,0x00,
    0x00,0x0C,0x0C,0x00,0x0C,0x0C,0x00,0x60,0x60,0x00,0x60,0x60,0x00,
    0x00,0x6C,0x6C,0x00,0x0C,0x0C,0x00,0x60,0x60,0x00,0x60,0x60,0x00,
    0x00,0x0C,0x0C,0x00,0x6C,0x6C,0x00,0x60,0x60,0x00,0x60,0x60,0x00,
    0x00,0x6C,0x6C,0x00,0x6C,0x6C,0x00,0x60,0x60,0x00,0x60,0x60,0x00,
    0x00,0x00,0x00,0x00,0x00,0x00,0x00,0x0C,0x0C,0x00,0x60,0x60,0x00,
    0x00,0x60,0x60,0x00,0x00,0x00,0x00,0x0C,0x0C,0x00,0x60,0x60,0x00,
    0x00,0x00,0x00,0x00,0x60,0x60,0x00,0x0C,0x0C,0x00,0x60,0x60,0x00,
    0x00,0x60,0x60,0x00,0x60,0x60,0x00,0x0C,0x0C,0x00,0x60,0x60,0x00,
    0x00,0x00,0x00,0x00,0x00,0x00,0x00,0x6C,0x6C,0x00,0x60,0x60,0x00,
    0x00,0x60,0x60,0x00,0x00,0x00,0x00,0x6C,0x6C,0x00,0x60,0x60,0x00,
    0x00,0x00,0x00,0x00,0x60,0x60,0x00,0x6C,0x6C,0x00,0x60,0x60,0x00,
    0x00,0x60,0x60,0x00,0x60,0x60,0x00,0x6C,0x6C,0x00,0x60,0x60,0x00,
    0x00,0x0C,0x0C,0x00,0x00,0x00,0x00,0x0C,0x0C,0x00,0x60,0x60,0x00,
    0x00,0x6C,0x6C,0x00,0x00,0x00,0x00,0x0C,0x0C,0x00,0x60,0x60,0x00,
    0x00,0x0C,0x0C,0x00,0x60,0x60,0x00,0x0C,0x0C,0x00,0x60,0x60,0x00,
    0x00,0x6C,0x6C,0x00,0x60,0x60,0x00,0x0C,0x0C,0x00,0x60,0x60,0x00,
    0x00,0x0C,0x0C,0x00,0x00,0x00,0x00,0x6C,0x6C,0x00,0x60,0x60,0x00,
    0x00,0x6C,0x6C,0x00,0x00,0x00,0x00,0x6C,0x6C,0x00,0x60,0x60,0x00,
    0x00,0x0C,0x0C,0x00,0x60,0x60,0x00,0x6C,0x6C,0x00,0x60,0x60,0x00,
    0x00,0x6C,0x6C,0x00,0x60,0x60,0x00,0x6C,0x6C,0x00,0x60,0x60,0x00,
    0x00,0x00,0x00,0x00,0x0C,0x0C,0x00,0x0C,0x0C,0x00,0x60,0x60,0x00,
    0x00,0x60,0x60,0x00,0x0C,0x0C,0x00,0x0C,0x0C,0x00,0x60,0x60,0x00,
    0x00,0x00,0x00,0x00,0x6C,0x6C,0x00,0x0C,0x0C,0x00,0x60,0x60,0x00,
    0x00,0x60,0x60,0x00,0x6C,0x6C,0x00,0x0C,0x0C,0x00,0x60,0x60,0x00,
    0x00,0x00,0x00,0x00,0x0C,0x0C,0x00,0x6C,0x6C,0x00,0x60,0x60,0x00,
    0x00,0x60,0x60,0x00,0x0C,0x0C,0x00,0x6C,0x6C,0x00,0x60,0x60,0x00,
    0x00,0x00,0x00,0x00,0x6C,0x6C,0x00,0x6C,0x6C,0x00,0x60,0x60,0x00,
    0x00,0x60,0x60,0x00,0x6C,0x6C,0x00,0x6C,0x6C,0x00,0x60,0x60,0x00,
    0x00,0x0C,0x0C,0x00,0x0C,0x0C,0x00,0x0C,0x0C,0x00,0x60,0x60,0x00,
    0x00,0x6C,0x6C,0x00,0x0C,0x0C,0x00,0x0C,0x0C,0x00,0x60,0x60,0x00,
    0x00,0x0C,0x0C,0x00,0x6C,0x6C,0x00,0x0C,0x0C,0x00,0x60,0x60,0x00,
    0x00,0x6C,0x6C,0x00,0x6C,0x6C,0x00,0x0C,0x0C,0x00,0x60,0x60,0x00,
    0x00,0x0C,0x0C,0x00,0x0C,0x0C,0x00,0x6C,0x6C,0x00,0x60,0x60,0x00,
    0x00,0x6C,0x6C,0x00,0x0C,0x0C,0x00,0x6C,0x6C,0x00,0x60,0x60,0x00,
    0x00,0x0C,0x0C,0x00,0x6C,0x6C,0x00,0x6C,0x6C,0x00,0x60,0x60,0x00,
    0x00,0x6C,0x6C,0x00,0x6C,0x6C,0x00,0x6C,0x6C,0x00,0x60,0x60,0x00,
    0x00,0x00,0x00,0x00,0x00,0x00,0x00,0x00,0x00,0x00,0x0C,0x0C,0x00,
    0x00,0x60,0x60,0x00,0x00,0x00,0x00,0x00,0x00,0x00,0x0C,0x0C,0x00,
    0x00,0x00,0x00,0x00,0x60,0x60,0x00,0x00,0x00,0x00,0x0C,0x0C,0x00,
    0x00,0x60,0x60,0x00,0x60,0x60,0x00,0x00,0x00,0x00,0x0C,0x0C,0x00,
    0x00,0x00,0x00,0x00,0x00,0x00,0x00,0x60,0x60,0x00,0x0C,0x0C,0x00,
    0x00,0x60,0x60,0x00,0x00,0x00,0x00,0x60,0x60,0x00,0x0C,0x0C,0x00,
    0x00,0x00,0x00,0x00,0x60,0x60,0x00,0x60,0x60,0x00,0x0C,0x0C,0x00,
    0x00,0x60,0x60,0x00,0x60,0x60,0x00,0x60,0x60,0x00,0x0C,0x0C,0x00,
    0x00,0x0C,0x0C,0x00,0x00,0x00,0x00,0x00,0x00,0x00,0x0C,0x0C,0x00,
    0x00,0x6C,0x6C,0x00,0x00,0x00,0x00,0x00,0x00,0x00,0x0C,0x0C,0x00,
    0x00,0x0C,0x0C,0x00,0x60,0x60,0x00,0x00,0x00,0x00,0x0C,0x0C,0x00,
    0x00,0x6C,0x6C,0x00,0x60,0x60,0x00,0x00,0x00,0x00,0x0C,0x0C,0x00,
    0x00,0x0C,0x0C,0x00,0x00,0x00,0x00,0x60,0x60,0x00,0x0C,0x0C,0x00,
    0x00,0x6C,0x6C,0x00,0x00,0x00,0x00,0x60,0x60,0x00,0x0C,0x0C,0x00,
    0x00,0x0C,0x0C,0x00,0x60,0x60,0x00,0x60,0x60,0x00,0x0C,0x0C,0x00,
    0x00,0x6C,0x6C,0x00,0x60,0x60,0x00,0x60,0x60,0x00,0x0C,0x0C,0x00,
    0x00,0x00,0x00,0x00,0x0C,0x0C,0x00,0x00,0x00,0x00,0x0C,0x0C,0x00,
    0x00,0x60,0x60,0x00,0x0C,0x0C,0x00,0x00,0x00,0x00,0x0C,0x0C,0x00,
    0x00,0x00,0x00,0x00,0x6C,0x6C,0x00,0x00,0x00,0x00,0x0C,0x0C,0x00,
    0x00,0x60,0x60,0x00,0x6C,0x6C,0x00,0x00,0x00,0x00,0x0C,0x0C,0x00,
    0x00,0x00,0x00,0x00,0x0C,0x0C,0x00,0x60,0x60,0x00,0x0C,0x0C,0x00,
    0x00,0x60,0x60,0x00,0x0C,0x0C,0x00,0x60,0x60,0x00,0x0C,0x0C,0x00,
    0x00,0x00,0x00,0x00,0x6C,0x6C,0x00,0x60,0x60,0x00,0x0C,0x0C,0x00,
    0x00,0x60,0x60,0x00,0x6C,0x6C,0x00,0x60,0x60,0x00,0x0C,0x0C,0x00,
    0x00,0x0C,0x0C,0x00,0x0C,0x0C,0x00,0x00,0x00,0x00,0x0C,0x0C,0x00,
    0x00,0x6C,0x6C,0x00,0x0C,0x0C,0x00,0x00,0x00,0x00,0x0C,0x0C,0x00,
    0x00,0x0C,0x0C,0x00,0x6C,0x6C,0x00,0x00,0x00,0x00,0x0C,0x0C,0x00,
    0x00,0x6C,0x6C,0x00,0x6C,0x6C,0x00,0x00,0x00,0x00,0x0C,0x0C,0x00,
    0x00,0x0C,0x0C,0x00,0x0C,0x0C,0x00,0x60,0x60,0x00,0x0C,0x0C,0x00,
    0x00,0x6C,0x6C,0x00,0x0C,0x0C,0x00,0x60,0x60,0x00,0x0C,0x0C,0x00,
    0x00,0x0C,0x0C,0x00,0x6C,0x6C,0x00,0x60,0x60,0x00,0x0C,0x0C,0x00,
    0x00,0x6C,0x6C,0x00,0x6C,0x6C,0x00,0x60,0x60,0x00,0x0C,0x0C,0x00,
    0x00,0x00,0x00,0x00,0x00,0x00,0x00,0x0C,0x0C,0x00,0x0C,0x0C,0x00,
    0x00,0x60,0x60,0x00,0x00,0x00,0x00,0x0C,0x0C,0x00,0x0C,0x0C,0x00,
    0x00,0x00,0x00,0x00,0x60,0x60,0x00,0x0C,0x0C,0x00,0x0C,0x0C,0x00,
    0x00,0x60,0x60,0x00,0x60,0x60,0x00,0x0C,0x0C,0x00,0x0C,0x0C,0x00,
    0x00,0x00,0x00,0x00,0x00,0x00,0x00,0x6C,0x6C,0x00,0x0C,0x0C,0x00,
    0x00,0x60,0x60,0x00,0x00,0x00,0x00,0x6C,0x6C,0x00,0x0C,0x0C,0x00,
    0x00,0x00,0x00,0x00,0x60,0x60,0x00,0x6C,0x6C,0x00,0x0C,0x0C,0x00,
    0x00,0x60,0x60,0x00,0x60,0x60,0x00,0x6C,0x6C,0x00,0x0C,0x0C,0x00,
    0x00,0x0C,0x0C,0x00,0x00,0x00,0x00,0x0C,0x0C,0x00,0x0C,0x0C,0x00,
    0x00,0x6C,0x6C,0x00,0x00,0x00,0x00,0x0C,0x0C,0x00,0x0C,0x0C,0x00,
    0x00,0x0C,0x0C,0x00,0x60,0x60,0x00,0x0C,0x0C,0x00,0x0C,0x0C,0x00,
    0x00,0x6C,0x6C,0x00,0x60,0x60,0x00,0x0C,0x0C,0x00,0x0C,0x0C,0x00,
    0x00,0x0C,0x0C,0x00,0x00,0x00,0x00,0x6C,0x6C,0x00,0x0C,0x0C,0x00,
    0x00,0x6C,0x6C,0x00,0x00,0x00,0x00,0x6C,0x6C,0x00,0x0C,0x0C,0x00,
    0x00,0x0C,0x0C,0x00,0x60,0x60,0x00,0x6C,0x6C,0x00,0x0C,0x0C,0x00,
    0x00,0x6C,0x6C,0x00,0x60,0x60,0x00,0x6C,0x6C,0x00,0x0C,0x0C,0x00,
    0x00,0x00,0x00,0x00,0x0C,0x0C,0x00,0x0C,0x0C,0x00,0x0C,0x0C,0x00,
    0x00,0x60,0x60,0x00,0x0C,0x0C,0x00,0x0C,0x0C,0x00,0x0C,0x0C,0x00,
    0x00,0x00,0x00,0x00,0x6C,0x6C,0x00,0x0C,0x0C,0x00,0x0C,0x0C,0x00,
    0x00,0x60,0x60,0x00,0x6C,0x6C,0x00,0x0C,0x0C,0x00,0x0C,0x0C,0x00,
    0x00,0x00,0x00,0x00,0x0C,0x0C,0x00,0x6C,0x6C,0x00,0x0C,0x0C,0x00,
    0x00,0x60,0x60,0x00,0x0C,0x0C,0x00,0x6C,0x6C,0x00,0x0C,0x0C,0x00,
    0x00,0x00,0x00,0x00,0x6C,0x6C,0x00,0x6C,0x6C,0x00,0x0C,0x0C,0x00,
    0x00,0x60,0x60,0x00,0x6C,0x6C,0x00,0x6C,0x6C,0x00,0x0C,0x0C,0x00,
    0x00,0x0C,0x0C,0x00,0x0C,0x0C,0x00,0x0C,0x0C,0x00,0x0C,0x0C,0x00,
    0x00,0x6C,0x6C,0x00,0x0C,0x0C,0x00,0x0C,0x0C,0x00,0x0C,0x0C,0x00,
    0x00,0x0C,0x0C,0x00,0x6C,0x6C,0x00,0x0C,0x0C,0x00,0x0C,0x0C,0x00,
    0x00,0x6C,0x6C,0x00,0x6C,0x6C,0x00,0x0C,0x0C,0x00,0x0C,0x0C,0x00,
    0x00,0x0C,0x0C,0x00,0x0C,0x0C,0x00,0x6C,0x6C,0x00,0x0C,0x0C,0x00,
    0x00,0x6C,0x6C,0x00,0x0C,0x0C,0x00,0x6C,0x6C,0x00,0x0C,0x0C,0x00,
    0x00,0x0C,0x0C,0x00,0x6C,0x6C,0x00,0x6C,0x6C,0x00,0x0C,0x0C,0x00,
    0x00,0x6C,0x6C,0x00,0x6C,0x6C,0x00,0x6C,0x6C,0x00,0x0C,0x0C,0x00,
    0x00,0x00,0x00,0x00,0x00,0x00,0x00,0x00,0x00,0x00,0x6C,0x6C,0x00,
    0x00,0x60,0x60,0x00,0x00,0x00,0x00,0x00,0x00,0x00,0x6C,0x6C,0x00,
    0x00,0x00,0x00,0x00,0x60,0x60,0x00,0x00,0x00,0x00,0x6C,0x6C,0x00,
    0x00,0x60,0x60,0x00,0x60,0x60,0x00,0x00,0x00,0x00,0x6C,0x6C,0x00,
    0x00,0x00,0x00,0x00,0x00,0x00,0x00,0x60,0x60,0x00,0x6C,0x6C,0x00,
    0x00,0x60,0x60,0x00,0x00,0x00,0x00,0x60,0x60,0x00,0x6C,0x6C,0x00,
    0x00,0x00,0x00,0x00,0x60,0x60,0x00,0x60,0x60,0x00,0x6C,0x6C,0x00,
    0x00,0x60,0x60,0x00,0x60,0x60,0x00,0x60,0x60,0x00,0x6C,0x6C,0x00,
    0x00,0x0C,0x0C,0x00,0x00,0x00,0x00,0x00,0x00,0x00,0x6C,0x6C,0x00,
    0x00,0x6C,0x6C,0x00,0x00,0x00,0x00,0x00,0x00,0x00,0x6C,0x6C,0x00,
    0x00,0x0C,0x0C,0x00,0x60,0x60,0x00,0x00,0x00,0x00,0x6C,0x6C,0x00,
    0x00,0x6C,0x6C,0x00,0x60,0x60,0x00,0x00,0x00,0x00,0x6C,0x6C,0x00,
    0x00,0x0C,0x0C,0x00,0x00,0x00,0x00,0x60,0x60,0x00,0x6C,0x6C,0x00,
    0x00,0x6C,0x6C,0x00,0x00,0x00,0x00,0x60,0x60,0x00,0x6C,0x6C,0x00,
    0x00,0x0C,0x0C,0x00,0x60,0x60,0x00,0x60,0x60,0x00,0x6C,0x6C,0x00,
    0x00,0x6C,0x6C,0x00,0x60,0x60,0x00,0x60,0x60,0x00,0x6C,0x6C,0x00,
    0x00,0x00,0x00,0x00,0x0C,0x0C,0x00,0x00,0x00,0x00,0x6C,0x6C,0x00,
    0x00,0x60,0x60,0x00,0x0C,0x0C,0x00,0x00,0x00,0x00,0x6C,0x6C,0x00,
    0x00,0x00,0x00,0x00,0x6C,0x6C,0x00,0x00,0x00,0x00,0x6C,0x6C,0x00,
    0x00,0x60,0x60,0x00,0x6C,0x6C,0x00,0x00,0x00,0x00,0x6C,0x6C,0x00,
    0x00,0x00,0x00,0x00,0x0C,0x0C,0x00,0x60,0x60,0x00,0x6C,0x6C,0x00,
    0x00,0x60,0x60,0x00,0x0C,0x0C,0x00,0x60,0x60,0x00,0x6C,0x6C,0x00,
    0x00,0x00,0x00,0x00,0x6C,0x6C,0x00,0x60,0x60,0x00,0x6C,0x6C,0x00,
    0x00,0x60,0x60,0x00,0x6C,0x6C,0x00,0x60,0x60,0x00,0x6C,0x6C,0x00,
    0x00,0x0C,0x0C,0x00,0x0C,0x0C,0x00,0x00,0x00,0x00,0x6C,0x6C,0x00,
    0x00,0x6C,0x6C,0x00,0x0C,0x0C,0x00,0x00,0x00,0x00,0x6C,0x6C,0x00,
    0x00,0x0C,0x0C,0x00,0x6C,0x6C,0x00,0x00,0x00,0x00,0x6C,0x6C,0x00,
    0x00,0x6C,0x6C,0x00,0x6C,0x6C,0x00,0x00,0x00,0x00,0x6C,0x6C,0x00,
    0x00,0x0C,0x0C,0x00,0x0C,0x0C,0x00,0x60,0x60,0x00,0x6C,0x6C,0x00,
    0x00,0x6C,0x6C,0x00,0x0C,0x0C,0x00,0x60,0x60,0x00,0x6C,0x6C,0x00,
    0x00,0x0C,0x0C,0x00,0x6C,0x6C,0x00,0x60,0x60,0x00,0x6C,0x6C,0x00,
    0x00,0x6C,0x6C,0x00,0x6C,0x6C,0x00,0x60,0x60,0x00,0x6C,0x6C,0x00,
    0x00,0x00,0x00,0x00,0x00,0x00,0x00,0x0C,0x0C,0x00,0x6C,0x6C,0x00,
    0x00,0x60,0x60,0x00,0x00,0x00,0x00,0x0C,0x0C,0x00,0x6C,0x6C,0x00,
    0x00,0x00,0x00,0x00,0x60,0x60,0x00,0x0C,0x0C,0x00,0x6C,0x6C,0x00,
    0x00,0x60,0x60,0x00,0x60,0x60,0x00,0x0C,0x0C,0x00,0x6C,0x6C,0x00,
    0x00,0x00,0x00,0x00,0x00,0x00,0x00,0x6C,0x6C,0x00,0x6C,0x6C,0x00,
    0x00,0x60,0x60,0x00,0x00,0x00,0x00,0x6C,0x6C,0x00,0x6C,0x6C,0x00,
    0x00,0x00,0x00,0x00,0x60,0x60,0x00,0x6C,0x6C,0x00,0x6C,0x6C,0x00,
    0x00,0x60,0x60,0x00,0x60,0x60,0x00,0x6C,0x6C,0x00,0x6C,0x6C,0x00,
    0x00,0x0C,0x0C,0x00,0x00,0x00,0x00,0x0C,0x0C,0x00,0x6C,0x6C,0x00,
    0x00,0x6C,0x6C,0x00,0x00,0x00,0x00,0x0C,0x0C,0x00,0x6C,0x6C,0x00,
    0x00,0x0C,0x0C,0x00,0x60,0x60,0x00,0x0C,0x0C,0x00,0x6C,0x6C,0x00,
    0x00,0x6C,0x6C,0x00,0x60,0x60,0x00,0x0C,0x0C,0x00,0x6C,0x6C,0x00,
    0x00,0x0C,0x0C,0x00,0x00,0x00,0x00,0x6C,0x6C,0x00,0x6C,0x6C,0x00,
    0x00,0x6C,0x6C,0x00,0x00,0x00,0x00,0x6C,0x6C,0x00,0x6C,0x6C,0x00,
    0x00,0x0C,0x0C,0x00,0x60,0x60,0x00,0x6C,0x6C,0x00,0x6C,0x6C,0x00,
    0x00,0x6C,0x6C,0x00,0x60,0x60,0x00,0x6C,0x6C,0x00,0x6C,0x6C,0x00,
    0x00,0x00,0x00,0x00,0x0C,0x0C,0x00,0x0C,0x0C,0x00,0x6C,0x6C,0x00,
    0x00,0x60,0x60,0x00,0x0C,0x0C,0x00,0x0C,0x0C,0x00,0x6C,0x6C,0x00,
    0x00,0x00,0x00,0x00,0x6C,0x6C,0x00,0x0C,0x0C,0x00,0x6C,0x6C,0x00,
    0x00,0x60,0x60,0x00,0x6C,0x6C,0x00,0x0C,0x0C,0x00,0x6C,0x6C,0x00,
    0x00,0x00,0x00,0x00,0x0C,0x0C,0x00,0x6C,0x6C,0x00,0x6C,0x6C,0x00,
    0x00,0x60,0x60,0x00,0x0C,0x0C,0x00,0x6C,0x6C,0x00,0x6C,0x6C,0x00,
    0x00,0x00,0x00,0x00,0x6C,0x6C,0x00,0x6C,0x6C,0x00,0x6C,0x6C,0x00,
    0x00,0x60,0x60,0x00,0x6C,0x6C,0x00,0x6C,0x6C,0x00,0x6C,0x6C,0x00,
    0x00,0x0C,0x0C,0x00,0x0C,0x0C,0x00,0x0C,0x0C,0x00,0x6C,0x6C,0x00,
    0x00,0x6C,0x6C,0x00,0x0C,0x0C,0x00,0x0C,0x0C,0x00,0x6C,0x6C,0x00,
    0x00,0x0C,0x0C,0x00,0x6C,0x6C,0x00,0x0C,0x0C,0x00,0x6C,0x6C,0x00,
    0x00,0x6C,0x6C,0x00,0x6C,0x6C,0x00,0x0C,0x0C,0x00,0x6C,0x6C,0x00,
    0x00,0x0C,0x0C,0x00,0x0C,0x0C,0x00,0x6C,0x6C,0x00,0x6C,0x6C,0x00,
    0x00,0x6C,0x6C,0x00,0x0C,0x0C,0x00,0x6C,0x6C,0x00,0x6C,0x6C,0x00,
    0x00,0x0C,0x0C,0x00,0x6C,0x6C,0x00,0x6C,0x6C,0x00,0x6C,0x6C,0x00,
    0x00,0x6C,0x6C,0x00,0x6C,0x6C,0x00,0x6C,0x6C,0x00,0x6C,0x6C,0x00,
    0x00,0x00,0x18,0x24,0x20,0x24,0x7C,0x24,0x24,0x24,0x24,0x00,0x00,
    0x00,0x00,0x34,0x4C,0x44,0x44,0xFC,0x44,0x44,0x44,0x44,0x00,0x00,
    0x00,0x00,0x38,0x6C,0x54,0x74,0x6C,0x6C,0x7C,0x6C,0x38,0x00,0x00,
};
const GfxFont font_7x13 = { 7, 13, 11, 9, 1594, codes_7x13, rows_7x13 };

/* 9x15.bdf: 1596 glyphs in 9x15 cells */
static const unsigned short codes_9x15[] = {
    0x0020, 0x0021, 0x0022, 0x0023, 0x0024, 0x0025, 0x0026, 0x0027, 0x0028, 0x0029, 0x002A, 0x002B,
    0x002C, 0x002D, 0x002E, 0x002F, 0x0030, 0x0031, 0x0032, 0x0033, 0x0034, 0x0035, 0x0036, 0x0037,
    0x0038, 0x0039, 0x003A, 0x003B, 0x003C, 0x003D, 0x003E, 0x003F, 0x0040, 0x0041, 0x0042, 0x0043,
    0x0044, 0x0045, 0x0046, 0x0047, 0x0048, 0x0049, 0x004A, 0x004B, 0x004C, 0x004D, 0x004E, 0x004F,
    0x0050, 0x0051, 0x0052, 0x0053, 0x0054, 0x0055, 0x0056, 0x0057, 0x0058, 0x0059, 0x005A, 0x005B,
    0x005C, 0x005D, 0x005E, 0x005F, 0x0060, 0x0061, 0x0062, 0x0063, 0x0064, 0x0065, 0x0066, 0x0067,
    0x0068, 0x0069, 0x006A, 0x006B, 0x006C, 0x006D, 0x006E, 0x006F, 0x0070, 0x0071, 0x0072, 0x0073,
    0x0074, 0x0075, 0x0076, 0x0077, 0x0078, 0x0079, 0x007A, 0x007B, 0x007C, 0x007D, 0x007E, 0x00A0,
    0x00A1, 0x00A2, 0x00A3, 0x00A4, 0x00A5, 0x00A6, 0x00A7, 0x00A8, 0x00A9, 0x00AA, 0x00AB, 0x00AC,
    0x00AD, 0x00AE, 0x00AF, 0x00B0, 0x00B1, 0x00B2, 0x00B3, 0x00B4, 0x00B5, 0x00B6, 0x00B7, 0x00B8,
    0x00B9, 0x00BA, 0x00BB, 0x00BC, 0x00BD, 0x00BE, 0x00BF, 0x00C0, 0x00C1, 0x00C2, 0x00C3, 0x00C4,
    0x00C5, 0x00C6, 0x00C7, 0x00C8, 0x00C9, 0x00CA, 0x00CB, 0x00CC, 0x00CD, 0x00CE, 0x00CF, 0x00D0,
    0x00D1, 0x00D2, 0x00D3, 0x00D4, 0x00D5, 0x00D6, 0x00D7, 0x00D8, 0x00D9, 0x00DA, 0x00DB, 0x00DC,
    0x00DD, 0x00DE, 0x00DF, 0x00E0, 0x00E1, 0x00E2, 0x00E3, 0x00E4, 0x00E5, 0x00E6, 0x00E7, 0x00E8,
    0x00E9, 0x00EA, 0x00EB, 0x00EC, 0x00ED, 0x00EE, 0x00EF, 0x00F0, 0x00F1, 0x00F2, 0x00F3, 0x00F4,
    0x00F5, 0x00F6, 0x00F7, 0x00F8, 0x00F9, 0x00FA, 0x00FB, 0x00FC, 0x00FD, 0x00FE, 0x00FF, 0x0100,
    0x0101, 0x0102, 0x0103, 0x0104, 0x0105, 0x0106, 0x0107, 0x0108, 0x0109, 0x010A, 0x010B, 0x010C,
    0x010D, 0x010E, 0x010F, 0x0110, 0x0111, 0x0112, 0x0113, 0x0114, 0x0115, 0x0116, 0x0117, 0x0118,
    0x0119, 0x011A, 0x011B, 0x011C, 0x011D, 0x011E, 0x011F, 0x0120, 0x0121, 0x0122, 0x0123, 0x0124,
    0x0125, 0x0126, 0x0127, 0x0128, 0x0129, 0x012A, 0x012B, 0x012C, 0x012D, 0x012E, 0x012F, 0x0130,
    0x0131, 0x0132, 0x0133, 0x0134, 0x0135, 0x0136, 0x0137, 0x0138, 0x0139, 0x013A, 0x013B, 0x013C,
    0x013D, 0x013E, 0x013F, 0x0140, 0x0141, 0x0142, 0x0143, 0x0144, 0x0145, 0x0146, 0x0147, 0x0148,
    0x0149, 0x014A, 0x014B, 0x014C, 0x014D, 0x014E, 0x014F, 0x0150, 0x0151, 0x0152, 0x0153, 0x0154,
    0x0155, 0x0156, 0x0157, 0x0158, 0x0159, 0x015A, 0x015B, 0x015C, 0x015D, 0x015E, 0x015F, 0x0160,
    0x0161, 0x0162, 0x0163, 0x0164, 0x0165, 0x0166, 0x0167, 0x0168, 0x0169, 0x016A, 0x016B, 0x016C,
    0x016D, 0x016E, 0x016F, 0x0170, 0x0171, 0x0172, 0x0173, 0x0174, 0x0175, 0x0176, 0x0177, 0x0178,
    0x0179, 0x017A, 0x017B, 0x017C, 0x017D, 0x017E, 0x017F, 0x018F, 0x0192, 0x01A0, 0x01A1, 0x01AF,
    0x01B0, 0x01B5, 0x01B6, 0x01D1, 0x01D2, 0x01E6, 0x01E7, 0x01FA, 0x01FB, 0x01FC, 0x01FD, 0x01FE,
    0x01FF, 0x0218, 0x0219, 0x021A, 0x021B, 0x0259, 0x02BC, 0x02BD, 0x02C6, 0x02C7, 0x02C9, 0x02D6,
    0x02D8, 0x02D9, 0x02DA, 0x02DB, 0x02DC, 0x02DD, 0x0300, 0x0301, 0x0302, 0x0303, 0x0304, 0x0305,
    0x0306, 0x0307, 0x0308, 0x0309, 0x030A, 0x030B, 0x030C, 0x030D, 0x030E, 0x030F, 0x0310, 0x0311,
    0x0323, 0x0324, 0x0338, 0x0340, 0x0341, 0x0374, 0x0375, 0x037A, 0x037E, 0x0384, 0x0385, 0x0386,
    0x0387, 0x0388, 0x0389, 0x038A, 0x038C, 0x038E, 0x038F, 0x0390, 0x0391, 0x0392, 0x0393, 0x0394,
    0x0395, 0x0396, 0x0397, 0x0398, 0x0399, 0x039A, 0x039B, 0x039C, 0x039D, 0x039E, 0x039F, 0x03A0,
    0x03A1, 0x03A3, 0x03A4, 0x03A5, 0x03A6, 0x03A7, 0x03A8, 0x03A9, 0x03AA, 0x03AB, 0x03AC, 0x03AD,
    0x03AE, 0x03AF, 0x03B0, 0x03B1, 0x03B2, 0x03B3, 0x03B4, 0x03B5, 0x03B6, 0x03B7, 0x03B8, 0x03B9,
    0x03BA, 0x03BB, 0x03BC, 0x03BD, 0x03BE, 0x03BF, 0x03C0, 0x03C1, 0x03C2, 0x03C3, 0x03C4, 0x03C5,
    0x03C6, 0x03C7, 0x03C8, 0x03C9, 0x03CA, 0x03CB, 0x03CC, 0x03CD, 0x03CE, 0x03D0, 0x03D1, 0x03D2,
    0x03D3, 0x03D4, 0x03D5, 0x03D6, 0x03D7, 0x03DA, 0x03DB, 0x03DC, 0x03DD, 0x03DE, 0x03DF, 0x03E0,
    0x03E1, 0x03F0, 0x03F1, 0x03F2, 0x03F3, 0x03F4, 0x03F5, 0x0401, 0x0402, 0x0403, 0x0404, 0x0405,
    0x0406, 0x0407, 0x0408, 0x0409, 0x040A, 0x040B, 0x040C, 0x040E, 0x040F, 0x0410, 0x0411, 0x0412,
    0x0413, 0x0414, 0x0415, 0x0416, 0x0417, 0x0418, 0x0419, 0x041A, 0x041B, 0x041C, 0x041D, 0x041E,
    0x041F, 0x0420, 0x0421, 0x0422, 0x0423, 0x0424, 0x0425, 0x0426, 0x0427, 0x0428, 0x0429, 0x042A,
    0x042B, 0x042C, 0x042D, 0x042E, 0x042F, 0x0430, 0x0431, 0x0432, 0x0433, 0x0434, 0x0435, 0x0436,
    0x0437, 0x0438, 0x0439, 0x043A, 0x043B, 0x043C, 0x043D, 0x043E, 0x043F, 0x0440, 0x0441, 0x0442,
    0x0443, 0x0444, 0x0445, 0x0446, 0x0447, 0x0448, 0x0449, 0x044A, 0x044B, 0x044C, 0x044D, 0x044E,
    0x044F, 0x0451, 0x0452, 0x0453, 0x0454, 0x0455, 0x0456, 0x0457, 0x0458, 0x0459, 0x045A, 0x045B,
    0x045C, 0x045E, 0x045F, 0x0462, 0x0463, 0x0470, 0x0471, 0x0472, 0x0473, 0x0474, 0x0475, 0x0476,
    0x0477, 0x0490, 0x0491, 0x0492, 0x0493, 0x0496, 0x0497, 0x049A, 0x049B, 0x04AE, 0x04AF, 0x04B0,
    0x04B1, 0x04B2, 0x04B3, 0x04BA, 0x04BB, 0x04D8, 0x04D9, 0x04E2, 0x04E3, 0x04E8, 0x04E9, 0x04EE,
    0x04EF, 0x05D0, 0x05D1, 0x05D2, 0x05D3, 0x05D4, 0x05D5, 0x05D6, 0x05D7, 0x05D8, 0x05D9, 0x05DA,
    0x05DB, 0x05DC, 0x05DD, 0x05DE, 0x05DF, 0x05E0, 0x05E1, 0x05E2, 0x05E3, 0x05E4, 0x05E5, 0x05E6,
    0x05E7, 0x05E8, 0x05E9, 0x05EA, 0x16A0, 0x16A2, 0x16A3, 0x16A6, 0x16A9, 0x16AA, 0x16AB, 0x16AC,
    0x16B1, 0x16B3, 0x16B7, 0x16B8, 0x16B9, 0x16BB, 0x16BE, 0x16C1, 0x16C4, 0x16C7, 0x16C8, 0x16C9,
    0x16CB, 0x16CF, 0x16D2, 0x16D6, 0x16D7, 0x16DA, 0x16DD, 0x16DE, 0x16DF, 0x16E0, 0x16E1, 0x16E2,
    0x16E3, 0x16E5, 0x16EB, 0x16EC, 0x16ED, 0x1E02, 0x1E03, 0x1E04, 0x1E0A, 0x1E0B, 0x1E1E, 0x1E1F,
    0x1E40, 0x1E41, 0x1E56, 0x1E57, 0x1E60, 0x1E61, 0x1E6A, 0x1E6B, 0x1E80, 0x1E81, 0x1E82, 0x1E83,
    0x1E84, 0x1E85, 0x1EF2, 0x1EF3, 0x1F00, 0x1F01, 0x1F02, 0x1F03, 0x1F04, 0x1F05, 0x1F06, 0x1F07,
    0x1F08, 0x1F09, 0x1F0A, 0x1F0B, 0x1F0C, 0x1F0D, 0x1F0E, 0x1F0F, 0x1F10, 0x1F11, 0x1F12, 0x1F13,
    0x1F14, 0x1F15, 0x1F18, 0x1F19, 0x1F1A, 0x1F1B, 0x1F1C, 0x1F1D, 0x1F20, 0x1F21, 0x1F22, 0x1F23,
    0x1F24, 0x1F25, 0x1F26, 0x1F27, 0x1F28, 0x1F29, 0x1F2A, 0x1F2B, 0x1F2C, 0x1F2D, 0x1F2E, 0x1F2F,
    0x1F30, 0x1F31, 0x1F32, 0x1F33, 0x1F34, 0x1F35, 0x1F36, 0x1F37, 0x1F38, 0x1F39, 0x1F3A, 0x1F3B,
    0x1F3C, 0x1F3D, 0x1F3E, 0x1F3F, 0x1F40, 0x1F41, 0x1F42, 0x1F43, 0x1F44, 0x1F45, 0x1F48, 0x1F49,
    0x1F4A, 0x1F4B, 0x1F4C, 0x1F4D, 0x1F50, 0x1F51, 0x1F52, 0x1F53, 0x1F54, 0x1F55, 0x1F56, 0x1F57,
    0x1F59, 0x1F5B, 0x1F5D, 0x1F5F, 0x1F60, 0x1F61, 0x1F62, 0x1F63, 0x1F64, 0x1F65, 0x1F66, 0x1F67,
    0x1F68, 0x1F69, 0x1F6A, 0x1F6B, 0x1F6C, 0x1F6D, 0x1F6E, 0x1F6F, 0x1F70, 0x1F71, 0x1F72, 0x1F73,
    0x1F74, 0x1F75, 0x1F76, 0x1F77, 0x1F78, 0x1F79, 0x1F7A, 0x1F7B, 0x1F7C, 0x1F7D, 0x1F80, 0x1F81,
    0x1F82, 0x1F83, 0x1F84, 0x1F85, 0x1F86, 0x1F87, 0x1F88, 0x1F89, 0x1F8A, 0x1F8B, 0x1F8C, 0x1F8D,
    0x1F8E, 0x1F8F, 0x1F90, 0x1F91, 0x1F92, 0x1F93, 0x1F94, 0x1F95, 0x1F96, 0x1F97, 0x1F98, 0x1F99,
    0x1F9A, 0x1F9B, 0x1F9C, 0x1F9D, 0x1F9E, 0x1F9F, 0x1FA0, 0x1FA1, 0x1FA2, 0x1FA3, 0x1FA4, 0x1FA5,
    0x1FA6, 0x1FA7, 0x1FA8, 0x1FA9, 0x1FAA, 0x1FAB, 0x1FAC, 0x1FAD, 0x1FAE, 0x1FAF, 0x1FB0, 0x1FB1,
    0x1FB2, 0x1FB3, 0x1FB4, 0x1FB6, 0x1FB7, 0x1FB8, 0x1FB9, 0x1FBA, 0x1FBB, 0x1FBC, 0x1FBD, 0x1FBE,
    0x1FBF, 0x1FC0, 0x1FC1, 0x1FC2, 0x1FC3, 0x1FC4, 0x1FC6, 0x1FC7, 0x1FC8, 0x1FC9, 0x1FCA, 0x1FCB,
    0x1FCC, 0x1FCD, 0x1FCE, 0x1FCF, 0x1FD0, 0x1FD1, 0x1FD2, 0x1FD3, 0x1FD6, 0x1FD7, 0x1FD8, 0x1FD9,
    0x1FDA, 0x1FDB, 0x1FDD, 0x1FDE, 0x1FDF, 0x1FE0, 0x1FE1, 0x1FE2, 0x1FE3, 0x1FE4, 0x1FE5, 0x1FE6,
    0x1FE7, 0x1FE8, 0x1FE9, 0x1FEA, 0x1FEB, 0x1FEC, 0x1FED, 0x1FEE, 0x1FEF, 0x1FF2, 0x1FF3, 0x1FF4,
    0x1FF6, 0x1FF7, 0x1FF8, 0x1FF9, 0x1FFA, 0x1FFB, 0x1FFC, 0x1FFD, 0x1FFE, 0x2010, 0x2011, 0x2012,
    0x2013, 0x2014, 0x2015, 0x2016, 0x2017, 0x2018, 0x2019, 0x201A, 0x201B, 0x201C, 0x201D, 0x201E,
    0x201F, 0x2020, 0x2021, 0x2022, 0x2023, 0x2024, 0x2025, 0x2026, 0x2027, 0x2030, 0x2032, 0x2033,
    0x2034, 0x2035, 0x2036, 0x2037, 0x2039, 0x203A, 0x203C, 0x203E, 0x2044, 0x2070, 0x2071, 0x2074,
    0x2075, 0x2076, 0x2077, 0x2078, 0x2079, 0x207A, 0x207B, 0x207C, 0x207D, 0x207E, 0x207F, 0x2080,
    0x2081, 0x2082, 0x2083, 0x2084, 0x2085, 0x2086, 0x2087, 0x2088, 0x2089, 0x208A, 0x208B, 0x208C,
    0x208D, 0x208E, 0x20A3, 0x20A4, 0x20A7, 0x20AB, 0x20AC, 0x20AF, 0x20D0, 0x20D1, 0x20D2, 0x20D3,
    0x20D4, 0x20D5, 0x20D6, 0x20D7, 0x2102, 0x2105, 0x2113, 0x2115, 0x2116, 0x211A, 0x211D, 0x2122,
    0x2124, 0x2126, 0x2127, 0x212E, 0x215B, 0x215C, 0x215D, 0x215E, 0x2190, 0x2191, 0x2192, 0x2193,
    0x2194, 0x2195, 0x2196, 0x2197, 0x2198, 0x2199, 0x21A4, 0x21A5, 0x21A6, 0x21A7, 0x21A8, 0x21C4,
    0x21C6, 0x21CB, 0x21CC, 0x21D0, 0x21D1, 0x21D2, 0x21D3, 0x21D4, 0x21D5, 0x2200, 0x2201, 0x2202,
    0x2203, 0x2204, 0x2205, 0x2206, 0x2207, 0x2208, 0x2209, 0x220B, 0x220C, 0x220F, 0x2211, 0x2212,
    0x2213, 0x2215, 0x2218, 0x2219, 0x221A, 0x221D, 0x221E, 0x221F, 0x2221, 0x2224, 0x2225, 0x2226,
    0x2227, 0x2228, 0x2229, 0x222A, 0x222B, 0x222E, 0x223C, 0x2243, 0x2245, 0x2248, 0x2249, 0x2259,
    0x225F, 0x2260, 0x2261, 0x2262, 0x2264, 0x2265, 0x226A, 0x226B, 0x2282, 0x2283, 0x2284, 0x2285,
    0x2286, 0x2287, 0x2288, 0x2289, 0x228A, 0x228B, 0x2295, 0x2297, 0x22A4, 0x22A5, 0x22A6, 0x22A7,
    0x22C0, 0x22C1, 0x22C2, 0x22C3, 0x22C5, 0x22EE, 0x22EF, 0x22F0, 0x22F1, 0x2300, 0x2302, 0x2308,
    0x2309, 0x230A, 0x230B, 0x2310, 0x2320, 0x2321, 0x23BA, 0x23BB, 0x23BC, 0x23BD, 0x2409, 0x240A,
    0x240B, 0x240C, 0x240D, 0x2424, 0x2500, 0x2501, 0x2502, 0x2503, 0x2504, 0x2505, 0x2506, 0x2507,
    0x2508, 0x2509, 0x250A, 0x250B, 0x250C, 0x250D, 0x250E, 0x250F, 0x2510, 0x2511, 0x2512, 0x2513,
    0x2514, 0x2515, 0x2516, 0x2517, 0x2518, 0x2519, 0x251A, 0x251B, 0x251C, 0x251D, 0x251E, 0x251F,
    0x2520, 0x2521, 0x2522, 0x2523, 0x2524, 0x2525, 0x2526, 0x2527, 0x2528, 0x2529, 0x252A, 0x252B,
    0x252C, 0x252D, 0x252E, 0x252F, 0x2530, 0x2531, 0x2532, 0x2533, 0x2534, 0x2535, 0x2536, 0x2537,
    0x2538, 0x2539, 0x253A, 0x253B, 0x253C, 0x253D, 0x253E, 0x253F, 0x2540, 0x2541, 0x2542, 0x2543,
    0x2544, 0x2545, 0x2546, 0x2547, 0x2548, 0x2549, 0x254A, 0x254B, 0x254C, 0x254D, 0x254E, 0x254F,
    0x2550, 0x2551, 0x2552, 0x2553, 0x2554, 0x2555, 0x2556, 0x2557, 0x2558, 0x2559, 0x255A, 0x255B,
    0x255C, 0x255D, 0x255E, 0x255F, 0x2560, 0x2561, 0x2562, 0x2563, 0x2564, 0x2565, 0x2566, 0x2567,
    0x2568, 0x2569, 0x256A, 0x256B, 0x256C, 0x256D, 0x256E, 0x256F, 0x2570, 0x2571, 0x2572, 0x2573,
    0x2574, 0x2575, 0x2576, 0x2577, 0x2578, 0x2579, 0x257A, 0x257B, 0x257C, 0x257D, 0x257E, 0x257F,
    0x2580, 0x2581, 0x2582, 0x2583, 0x2584, 0x2585, 0x2586, 0x2587, 0x2588, 0x2589, 0x258A, 0x258B,
    0x258C, 0x258D, 0x258E, 0x258F, 0x2590, 0x2591, 0x2592, 0x2593, 0x2594, 0x2595, 0x2596, 0x2597,
    0x2598, 0x2599, 0x259A, 0x259B, 0x259C, 0x259D, 0x259E, 0x259F, 0x25A0, 0x25A1, 0x25AA, 0x25AB,
    0x25AC, 0x25AE, 0x25B2, 0x25B3, 0x25BA, 0x25BB, 0x25BC, 0x25BD, 0x25C4, 0x25C5, 0x25C6, 0x25CA,
    0x25CB, 0x25CC, 0x25CF, 0x25D8, 0x25D9, 0x25E6, 0x2600, 0x263A, 0x263B, 0x263C, 0x263F, 0x2640,
    0x2641, 0x2642, 0x2660, 0x2661, 0x2662, 0x2663, 0x2664, 0x2665, 0x2666, 0x266A, 0x266B, 0x266C,
    0x266D, 0x266E, 0x266F, 0x27E8, 0x27E9, 0x2800, 0x2801, 0x2802, 0x2803, 0x2804, 0x2805, 0x2806,
    0x2807, 0x2808, 0x2809, 0x280A, 0x280B, 0x280C, 0x280D, 0x280E, 0x280F, 0x2810, 0x2811, 0x2812,
    0x2813, 0x2814, 0x2815, 0x2816, 0x2817, 0x2818, 0x2819, 0x281A, 0x281B, 0x281C, 0x281D, 0x281E,
    0x281F, 0x2820, 0x2821, 0x2822, 0x2823, 0x2824, 0x2825, 0x2826, 0x2827, 0x2828, 0x2829, 0x282A,
    0x282B, 0x282C, 0x282D, 0x282E, 0x282F, 0x2830, 0x2831, 0x2832, 0x2833, 0x2834, 0x2835, 0x2836,
    0x2837, 0x2838, 0x2839, 0x283A, 0x283B, 0x283C, 0x283D, 0x283E, 0x283F, 0x2840, 0x2841, 0x2842,
    0x2843, 0x2844, 0x2845, 0x2846, 0x2847, 0x2848, 0x2849, 0x284A, 0x284B, 0x284C, 0x284D, 0x284E,
    0x284F, 0x2850, 0x2851, 0x2852, 0x2853, 0x2854, 0x2855, 0x2856, 0x2857, 0x2858, 0x2859, 0x285A,
    0x285B, 0x285C, 0x285D, 0x285E, 0x285F, 0x2860, 0x2861, 0x2862, 0x2863, 0x2864, 0x2865, 0x2866,
    0x2867, 0x2868, 0x2869, 0x286A, 0x286B, 0x286C, 0x286D, 0x286E, 0x286F, 0x2870, 0x2871, 0x2872,
    0x2873, 0x2874, 0x2875, 0x2876, 0x2877, 0x2878, 0x2879, 0x287A, 0x287B, 0x287C, 0x287D, 0x287E,
    0x287F, 0x2880, 0x2881, 0x2882, 0x2883, 0x2884, 0x2885, 0x2886, 0x2887, 0x2888, 0x2889, 0x288A,
    0x288B, 0x288C, 0x288D, 0x288E, 0x288F, 0x2890, 0x2891, 0x2892, 0x2893, 0x2894, 0x2895, 0x2896,
    0x2897, 0x2898, 0x2899, 0x289A, 0x289B, 0x289C, 0x289D, 0x289E, 0x289F, 0x28A0, 0x28A1, 0x28A2,
    0x28A3, 0x28A4, 0x28A5, 0x28A6, 0x28A7, 0x28A8, 0x28A9, 0x28AA, 0x28AB, 0x28AC, 0x28AD, 0x28AE,
    0x28AF, 0x28B0, 0x28B1, 0x28B2, 0x28B3, 0x28B4, 0x28B5, 0x28B6, 0x28B7, 0x28B8, 0x28B9, 0x28BA,
    0x28BB, 0x28BC, 0x28BD, 0x28BE, 0x28BF, 0x28C0, 0x28C1, 0x28C2, 0x28C3, 0x28C4, 0x28C5, 0x28C6,
    0x28C7, 0x28C8, 0x28C9, 0x28CA, 0x28CB, 0x28CC, 0x28CD, 0x28CE, 0x28CF, 0x28D0, 0x28D1, 0x28D2,
    0x28D3, 0x28D4, 0x28D5, 0x28D6, 0x28D7, 0x28D8, 0x28D9, 0x28DA, 0x28DB, 0x28DC, 0x28DD, 0x28DE,
    0x28DF, 0x28E0, 0x28E1, 0x28E2, 0x28E3, 0x28E4, 0x28E5, 0x28E6, 0x28E7, 0x28E8, 0x28E9, 0x28EA,
    0x28EB, 0x28EC, 0x28ED, 0x28EE, 0x28EF, 0x28F0, 0x28F1, 0x28F2, 0x28F3, 0x28F4, 0x28F5, 0x28F6,
    0x28F7, 0x28F8, 0x28F9, 0x28FA, 0x28FB, 0x28FC, 0x28FD, 0x28FE, 0x28FF, 0xFB01, 0xFB02, 0xFFFD,
};
static const unsigned char rows_9x15[] = {
    0x00,0x00,0x00,0x00,0x00,0x00,0x00,0x00,0x00,0x00,0x00,0x00,0x00,0x00,0x00,0x00,0x00,0x00,0x00,0x00,0x00,0x00,0x00,0x00,0x00,0x00,0x00,0x00,0x00,0x00,
    0x00,0x00,0x08,0x00,0x08,0x00,0x08,0x00,0x08,0x00,0x08,0x00,0x08,0x00,0x08,0x00,0x00,0x00,0x00,0x00,0x08,0x00,0x08,0x00,0x00,0x00,0x00,0x00,0x00,0x00,
    0x00,0x00,0x00,0x00,0x12,0x00,0x12,0x00,0x12,0x00,0x00,0x00,0x00,0x00,0x00,0x00,0x00,0x00,0x00,0x00,0x00,0x00,0x00,0x00,0x00,0x00,0x00,0x00,0x00,0x00,
    0x00,0x00,0x00,0x00,0x00,0x00,0x24,0x00,0x24,0x00,0x7E,0x00,0x24,0x00,0x24,0x00,0x7E,0x00,0x24,0x00,0x24,0x00,0x00,0x00,0x00,0x00,0x00,0x00,0x00,0x00,
    0x00,0x00,0x00,0x00,0x08,0x00,0x3E,0x00,0x49,0x00,0x48,0x00,0x28,0x00,0x1C,0x00,0x0A,0x00,0x09,0x00,0x49,0x00,0x3E,0x00,0x08,0x00,0x00,0x00,0x00,0x00,
    0x00,0x00,0x00,0x00,0x21,0x00,0x52,0x00,0x52,0x00,0x24,0x00,0x08,0x00,0x08,0x00,0x12,0x00,0x25,0x00,0x25,0x00,0x42,0x00,0x00,0x00,0x00,0x00,0x00,0x00,
    0x00,0x00,0x00,0x00,0x30,0x00,0x48,0x00,0x48,0x00,0x48,0x00,0x30,0x00,0x31,0x00,0x4A,0x00,0x44,0x00,0x4A,0x00,0x31,0x00,0x00,0x00,0x00,0x00,0x00,0x00,
    0x00,0x00,0x00,0x00,0x08,0x00,0x08,0x00,0x08,0x00,0x00,0x00,0x00,0x00,0x00,0x00,0x00,0x00,0x00,0x00,0x00,0x00,0x00,0x00,0x00,0x00,0x00,0x00,0x00,0x00,
    0x00,0x00,0x04,0x00,0x08,0x00,0x08,0x00,0x10,0x00,0x10,0x00,0x10,0x00,0x10,0x00,0x10,0x00,0x10,0x00,0x08,0x00,0x08,0x00,0x04,0x00,0x00,0x00,0x00,0x00,
    0x00,0x00,0x10,0x00,0x08,0x00,0x08,0x00,0x04,0x00,0x04,0x00,0x04,0x00,0x04,0x00,0x04,0x00,0x04,0x00,0x08,0x00,0x08,0x00,0x10,0x00,0x00,0x00,0x00,0x00,
    0x00,0x00,0x00,0x00,0x08,0x00,0x49,0x00,0x2A,0x00,0x1C,0x00,0x2A,0x00,0x49,0x00,0x08,0x00,0x00,0x00,0x00,0x00,0x00,0x00,0x00,0x00,0x00,0x00,0x00,0x00,
    0x00,0x00,0x00,0x00,0x00,0x00,0x00,0x00,0x08,0x00,0x08,0x00,0x08,0x00,0x7F,0x00,0x08,0x00,0x08,0x00,0x08,0x00,0x00,0x00,0x00,0x00,0x00,0x00,0x00,0x00,
    0x00,0x00,0x00,0x00,0x00,0x00,0x00,0x00,0x00,0x00,0x00,0x00,0x00,0x00,0x00,0x00,0x00,0x00,0x00,0x00,0x0C,0x00,0x0C,0x00,0x04,0x00,0x04,0x00,0x08,0x00,
    0x00,0x00,0x00,0x00,0x00,0x00,0x00,0x00,0x00,0x00,0x00,0x00,0x00,0x00,0x7F,0x00,0x00,0x00,0x00,0x00,0x00,0x00,0x00,0x00,0x00,0x00,0x00,0x00,0x00,0x00,
    0x00,0x00,0x00,0x00,0x00,0x00,0x00,0x00,0x00,0x00,0x00,0x00,0x00,0x00,0x00,0x00,0x00,0x00,0x00,0x00,0x0C,0x00,0x0C,0x00,0x00,0x00,0x00,0x00,0x00,0x00,
    0x00,0x00,0x00,0x00,0x01,0x00,0x02,0x00,0x02,0x00,0x04,0x00,0x08,0x00,0x08,0x00,0x10,0x00,0x20,0x00,0x20,0x00,0x40,0x00,0x00,0x00,0x00,0x00,0x00,0x00,
    0x00,0x00,0x00,0x00,0x1C,0x00,0x22,0x00,0x41,0x00,0x41,0x00,0x41,0x00,0x41,0x00,0x41,0x00,0x41,0x00,0x22,0x00,0x1C,0x00,0x00,0x00,0x00,0x00,0x00,0x00,
    0x00,0x00,0x00,0x00,0x08,0x00,0x18,0x00,0x28,0x00,0x48,0x00,0x08,0x00,0x08,0x00,0x08,0x00,0x08,0x00,0x08,0x00,0x7F,0x00,0x00,0x00,0x00,0x00,0x00,0x00,
    0x00,0x00,0x00,0x00,0x3E,0x00,0x41,0x00,0x41,0x00,0x02,0x00,0x04,0x00,0x08,0x00,0x10,0x00,0x20,0x00,0x40,0x00,0x7F,0x00,0x00,0x00,0x00,0x00,0x00,0x00,
    0x00,0x00,0x00,0x00,0x7F,0x00,0x01,0x00,0x02,0x00,0x04,0x00,0x0E,0x00,0x01,0x00,0x01,0x00,0x01,0x00,0x41,0x00,0x3E,0x00,0x00,0x00,0x00,0x00,0x00,0x00,
    0x00,0x00,0x00,0x00,0x02,0x00,0x06,0x00,0x0A,0x00,0x12,0x00,0x22,0x00,0x42,0x00,0x7F,0x00,0x02,0x00,0x02,0x00,0x02,0x00,0x00,0x00,0x00,0x00,0x00,0x00,
    0x00,0x00,0x00,0x00,0x7F,0x00,0x40,0x00,0x40,0x00,0x5E,0x00,0x61,0x00,0x01,0x00,0x01,0x00,0x01,0x00,0x41,0x00,0x3E,0x00,0x00,0x00,0x00,0x00,0x00,0x00,
    0x00,0x00,0x00,0x00,0x1E,0x00,0x20,0x00,0x40,0x00,0x40,0x00,0x5E,0x00,0x61,0x00,0x41,0x00,0x41,0x00,0x41,0x00,0x3E,0x00,0x00,0x00,0x00,0x00,0x00,0x00,
    0x00,0x00,0x00,0x00,0x7F,0x00,0x01,0x00,0x02,0x00,0x02,0x00,0x04,0x00,0x04,0x00,0x08,0x00,0x08,0x00,0x10,0x00,0x10,0x00,0x00,0x00,0x00,0x00,0x00,0x00,
    0x00,0x00,0x00,0x00,0x1C,0x00,0x22,0x00,0x41,0x00,0x22,0x00,0x1C,0x00,0x22,0x00,0x41,0x00,0x41,0x00,0x22,0x00,0x1C,0x00,0x00,0x00,0x00,0x00,0x00,0x00,
    0x00,0x00,0x00,0x00,0x3E,0x00,0x41,0x00,0x41,0x00,0x41,0x00,0x43,0x00,0x3D,0x00,0x01,0x00,0x01,0x00,0x02,0x00,0x3C,0x00,0x00,0x00,0x00,0x00,0x00,0x00,
    0x00,0x00,0x00,0x00,0x00,0x00,0x00,0x00,0x00,0x00,0x0C,0x00,0x0C,0x00,0x00,0x00,0x00,0x00,0x00,0x00,0x0C,0x00,0x0C,0x00,0x00,0x00,0x00,0x00,0x00,0x00,
    0x00,0x00,0x00,0x00,0x00,0x00,0x00,0x00,0x00,0x00,0x0C,0x00,0x0C,0x00,0x00,0x00,0x00,0x00,0x00,0x00,0x0C,0x00,0x0C,0x00,0x04,0x00,0x04,0x00,0x08,0x00,
    0x00,0x00,0x00,0x00,0x02,0x00,0x04,0x00,0x08,0x00,0x10,0x00,0x20,0x00,0x20,0x00,0x10,0x00,0x08,0x00,0x04,0x00,0x02,0x00,0x00,0x00,0x00,0x00,0x00,0x00,
    0x00,0x00,0x00,0x00,0x00,0x00,0x00,0x00,0x00,0x00,0x00,0x00,0x7F,0x00,0x00,0x00,0x00,0x00,0x7F,0x00,0x00,0x00,0x00,0x00,0x00,0x00,0x00,0x00,0x00,0x00,
    0x00,0x00,0x00,0x00,0x20,0x00,0x10,0x00,0x08,0x00,0x04,0x00,0x02,0x00,0x02,0x00,0x04,0x00,0x08,0x00,0x10,0x00,0x20,0x00,0x00,0x00,0x00,0x00,0x00,0x00,
    0x00,0x00,0x00,0x00,0x3E,0x00,0x41,0x00,0x41,0x00,0x01,0x00,0x02,0x00,0x04,0x00,0x08,0x00,0x08,0x00,0x00,0x00,0x08,0x00,0x00,0x00,0x00,0x00,0x00,0x00,
    0x00,0x00,0x00,0x00,0x3E,0x00,0x41,0x00,0x41,0x00,0x4F,0x00,0x51,0x00,0x53,0x00,0x4D,0x00,0x40,0x00,0x40,0x00,0x3E,0x00,0x00,0x00,0x00,0x00,0x00,0x00,
    0x00,0x00,0x00,0x00,0x08,0x00,0x14,0x00,0x22,0x00,0x41,0x00,0x41,0x00,0x41,0x00,0x7F,0x00,0x41,0x00,0x41,0x00,0x41,0x00,0x00,0x00,0x00,0x00,0x00,0x00,
    0x00,0x00,0x00,0x00,0x7C,0x00,0x42,0x00,0x41,0x00,0x42,0x00,0x7C,0x00,0x42,0x00,0x41,0x00,0x41,0x00,0x42,0x00,0x7C,0x00,0x00,0x00,0x00,0x00,0x00,0x00,
    0x00,0x00,0x00,0x00,0x3E,0x00,0x41,0x00,0x40,0x00,0x40,0x00,0x40,0x00,0x40,0x00,0x40,0x00,0x40,0x00,0x41,0x00,0x3E,0x00,0x00,0x00,0x00,0x00,0x00,0x00,
    0x00,0x00,0x00,0x00,0x7C,0x00,0x42,0x00,0x41,0x00,0x41,0x00,0x41,0x00,0x41,0x00,0x41,0x00,0x41,0x00,0x42,0x00,0x7C,0x00,0x00,0x00,0x00,0x00,0x00,0x00,
    0x00,0x00,0x00,0x00,0x7F,0x00,0x40,0x00,0x40,0x00,0x40,0x00,0x7C,0x00,0x40,0x00,0x40,0x00,0x40,0x00,0x40,0x00,0x7F,0x00,0x00,0x00,0x00,0x00,0x00,0x00,
    0x00,0x00,0x00,0x00,0x7F,0x00,0x40,0x00,0x40,0x00,0x40,0x00,0x7C,0x00,0x40,0x00,0x40,0x00,0x40,0x00,0x40,0x00,0x40,0x00,0x00,0x00,0x00,0x00,0x00,0x00,
    0x00,0x00,0x00,0x00,0x3E,0x00,0x41,0x00,0x40,0x00,0x40,0x00,0x40,0x00,0x47,0x00,0x41,0x00,0x41,0x00,0x41,0x00,0x3E,0x00,0x00,0x00,0x00,0x00,0x00,0x00,
    0x00,0x00,0x00,0x00,0x41,0x00,0x41,0x00,0x41,0x00,0x41,0x00,0x7F,0x00,0x41,0x00,0x41,0x00,0x41,0x00,0x41,0x00,0x41,0x00,0x00,0x00,0x00,0x00,0x00,0x00,
    0x00,0x00,0x00,0x00,0x3E,0x00,0x08,0x00,0x08,0x00,0x08,0x00,0x08,0x00,0x08,0x00,0x08,0x00,0x08,0x00,0x08,0x00,0x3E,0x00,0x00,0x00,0x00,0x00,0x00,0x00,
    0x00,0x00,0x00,0x00,0x0F,0x80,0x02,0x00,0x02,0x00,0x02,0x00,0x02,0x00,0x02,0x00,0x02,0x00,0x02,0x00,0x42,0x00,0x3C,0x00,0x00,0x00,0x00,0x00,0x00,0x00,
    0x00,0x00,0x00,0x00,0x41,0x00,0x42,0x00,0x44,0x00,0x48,0x00,0x70,0x00,0x50,0x00,0x48,0x00,0x44,0x00,0x42,0x00,0x41,0x00,0x00,0x00,0x00,0x00,0x00,0x00,
    0x00,0x00,0x00,0x00,0x40,0x00,0x40,0x00,0x40,0x00,0x40,0x00,0x40,0x00,0x40,0x00,0x40,0x00,0x40,0x00,0x40,0x00,0x7F,0x00,0x00,0x00,0x00,0x00,0x00,0x00,
    0x00,0x00,0x00,0x00,0x41,0x00,0x41,0x00,0x63,0x00,0x55,0x00,0x55,0x00,0x49,0x00,0x49,0x00,0x41,0x00,0x41,0x00,0x41,0x00,0x00,0x00,0x00,0x00,0x00,0x00,
    0x00,0x00,0x00,0x00,0x41,0x00,0x41,0x00,0x61,0x00,0x51,0x00,0x49,0x00,0x45,0x00,0x43,0x00,0x41,0x00,0x41,0x00,0x41,0x00,0x00,0x00,0x00,0x00,0x00,0x00,
    0x00,0x00,0x00,0x00,0x3E,0x00,0x41,0x00,0x41,0x00,0x41,0x00,0x41,0x00,0x41,0x00,0x41,0x00,0x41,0x00,0x41,0x00,0x3E,0x00,0x00,0x00,0x00,0x00,0x00,0x00,
    0x00,0x00,0x00,0x00,0x7E,0x00,0x41,0x00,0x41,0x00,0x41,0x00,0x7E,0x00,0x40,0x00,0x40,0x00,0x40,0x00,0x40,0x00,0x40,0x00,0x00,0x00,0x00,0x00,0x00,0x00,
    0x00,0x00,0x00,0x00,0x3E,0x00,0x41,0x00,0x41,0x00,0x41,0x00,0x41,0x00,0x41,0x00,0x41,0x00,0x51,0x00,0x49,0x00,0x3E,0x00,0x04,0x00,0x03,0x00,0x00,0x00,
    0x00,0x00,0x00,0x00,0x7E,0x00,0x41,0x00,0x41,0x00,0x41,0x00,0x7E,0x00,0x48,0x00,0x44,0x00,0x42,0x00,0x41,0x00,0x41,0x00,0x00,0x00,0x00,0x00,0x00,0x00,
    0x00,0x00,0x00,0x00,0x3E,0x00,0x41,0x00,0x41,0x00,0x40,0x00,0x38,0x00,0x06,0x00,0x01,0x00,0x41,0x00,0x41,0x00,0x3E,0x00,0x00,0x00,0x00,0x00,0x00,0x00,
    0x00,0x00,0x00,0x00,0x7F,0x00,0x08,0x00,0x08,0x00,0x08,0x00,0x08,0x00,0x08,0x00,0x08,0x00,0x08,0x00,0x08,0x00,0x08,0x00,0x00,0x00,0x00,0x00,0x00,0x00,
    0x00,0x00,0x00,0x00,0x41,0x00,0x41,0x00,0x41,0x00,0x41,0x00,0x41,0x00,0x41,0x00,0x41,0x00,0x41,0x00,0x41,0x00,0x3E,0x00,0x00,0x00,0x00,0x00,0x00,0x00,
    0x00,0x00,0x00,0x00,0x41,0x00,0x41,0x00,0x41,0x00,0x22,0x00,0x22,0x00,0x22,0x00,0x14,0x00,0x14,0x00,0x14,0x00,0x08,0x00,0x00,0x00,0x00,0x00,0x00,0x00,
    0x00,0x00,0x00,0x00,0x41,0x00,0x41,0x00,0x41,0x00,0x41,0x00,0x49,0x00,0x49,0x00,0x49,0x00,0x49,0x00,0x55,0x00,0x22,0x00,0x00,0x00,0x00,0x00,0x00,0x00,
    0x00,0x00,0x00,0x00,0x41,0x00,0x41,0x00,0x22,0x00,0x14,0x00,0x08,0x00,0x08,0x00,0x14,0x00,0x22,0x00,0x41,0x00,0x41,0x00,0x00,0x00,0x00,0x00,0x00,0x00,
    0x00,0x00,0x00,0x00,0x41,0x00,0x41,0x00,0x22,0x00,0x14,0x00,0x08,0x00,0x08,0x00,0x08,0x00,0x08,0x00,0x08,0x00,0x08,0x00,0x00,0x00,0x00,0x00,0x00,0x00,
    0x00,0x00,0x00,0x00,0x7F,0x00,0x01,0x00,0x02,0x00,0x04,0x00,0x08,0x00,0x10,0x00,0x20,0x00,0x40,0x00,0x40,0x00,0x7F,0x00,0x00,0x00,0x00,0x00,0x00,0x00,
    0x00,0x00,0x1E,0x00,0x10,0x00,0x10,0x00,0x10,0x00,0x10,0x00,0x10,0x00,0x10,0x00,0x10,0x00,0x10,0x00,0x10,0x00,0x10,0x00,0x1E,0x00,0x00,0x00,0x00,0x00,
    0x00,0x00,0x00,0x00,0x40,0x00,0x20,0x00,0x20,0x00,0x10,0x00,0x08,0x00,0x08,0x00,0x04,0x00,0x02,0x00,0x02,0x00,0x01,0x00,0x00,0x00,0x00,0x00,0x00,0x00,
    0x00,0x00,0x3C,0x00,0x04,0x00,0x04,0x00,0x04,0x00,0x04,0x00,0x04,0x00,0x04,0x00,0x04,0x00,0x04,0x00,0x04,0x00,0x04,0x00,0x3C,0x00,0x00,0x00,0x00,0x00,
    0x00,0x00,0x00,0x00,0x08,0x00,0x14,0x00,0x22,0x00,0x41,0x00,0x00,0x00,0x00,0x00,0x00,0x00,0x00,0x00,0x00,0x00,0x00,0x00,0x00,0x00,0x00,0x00,0x00,0x00,
    0x00,0x00,0x00,0x00,0x00,0x00,0x00,0x00,0x00,0x00,0x00,0x00,0x00,0x00,0x00,0x00,0x00,0x00,0x00,0x00,0x00,0x00,0x00,0x00,0xFF,0x00,0x00,0x00,0x00,0x00,
    0x00,0x00,0x10,0x00,0x08,0x00,0x04,0x00,0x00,0x00,0x00,0x00,0x00,0x00,0x00,0x00,0x00,0x00,0x00,0x00,0x00,0x00,0x00,0x00,0x00,0x00,0x00,0x00,0x00,0x00,
    0x00,0x00,0x00,0x00,0x00,0x00,0x00,0x00,0x00,0x00,0x3E,0x00,0x01,0x00,0x01,0x00,0x3F,0x00,0x41,0x00,0x43,0x00,0x3D,0x00,0x00,0x00,0x00,0x00,0x00,0x00,
    0x00,0x00,0x00,0x00,0x40,0x00,0x40,0x00,0x40,0x00,0x5E,0x00,0x61,0x00,0x41,0x00,0x41,0x00,0x41,0x00,0x61,0x00,0x5E,0x00,0x00,0x00,0x00,0x00,0x00,0x00,
    0x00,0x00,0x00,0x00,0x00,0x00,0x00,0x00,0x00,0x00,0x3E,0x00,0x41,0x00,0x40,0x00,0x40,0x00,0x40,0x00,0x41,0x00,0x3E,0x00,0x00,0x00,0x00,0x00,0x00,0x00,
    0x00,0x00,0x00,0x00,0x01,0x00,0x01,0x00,0x01,0x00,0x3D,0x00,0x43,0x00,0x41,0x00,0x41,0x00,0x41,0x00,0x43,0x00,0x3D,0x00,0x00,0x00,0x00,0x00,0x00,0x00,
    0x00,0x00,0x00,0x00,0x00,0x00,0x00,0x00,0x00,0x00,0x3E,0x00,0x41,0x00,0x41,0x00,0x7F,0x00,0x40,0x00,0x40,0x00,0x3E,0x00,0x00,0x00,0x00,0x00,0x00,0x00,
    0x00,0x00,0x00,0x00,0x0E,0x00,0x11,0x00,0x11,0x00,0x10,0x00,0x10,0x00,0x7C,0x00,0x10,0x00,0x10,0x00,0x10,0x00,0x10,0x00,0x00,0x00,0x00,0x00,0x00,0x00,
    0x00,0x00,0x00,0x00,0x00,0x00,0x00,0x00,0x00,0x00,0x3D,0x00,0x42,0x00,0x42,0x00,0x42,0x00,0x3C,0x00,0x40,0x00,0x3E,0x00,0x41,0x00,0x41,0x00,0x3E,0x00,
    0x00,0x00,0x00,0x00,0x40,0x00,0x40,0x00,0x40,0x00,0x5E,0x00,0x61,0x00,0x41,0x00,0x41,0x00,0x41,0x00,0x41,0x00,0x41,0x00,0x00,0x00,0x00,0x00,0x00,0x00,
    0x00,0x00,0x00,0x00,0x18,0x00,0x00,0x00,0x00,0x00,0x38,0x00,0x08,0x00,0x08,0x00,0x08,0x00,0x08,0x00,0x08,0x00,0x3E,0x00,0x00,0x00,0x00,0x00,0x00,0x00,
    0x00,0x00,0x00,0x00,0x06,0x00,0x00,0x00,0x00,0x00,0x0E,0x00,0x02,0x00,0x02,0x00,0x02,0x00,0x02,0x00,0x02,0x00,0x42,0x00,0x42,0x00,0x42,0x00,0x3C,0x00,
    0x00,0x00,0x00,0x00,0x40,0x00,0x40,0x00,0x40,0x00,0x41,0x00,0x46,0x00,0x58,0x00,0x60,0x00,0x58,0x00,0x46,0x00,0x41,0x00,0x00,0x00,0x00,0x00,0x00,0x00,
    0x00,0x00,0x00,0x00,0x38,0x00,0x08,0x00,0x08,0x00,0x08,0x00,0x08,0x00,0x08,0x00,0x08,0x00,0x08,0x00,0x08,0x00,0x3E,0x00,0x00,0x00,0x00,0x00,0x00,0x00,
    0x00,0x00,0x00,0x00,0x00,0x00,0x00,0x00,0x00,0x00,0x76,0x00,0x49,0x00,0x49,0x00,0x49,0x00,0x49,0x00,0x49,0x00,0x41,0x00,0x00,0x00,0x00,0x00,0x00,0x00,
    0x00,0x00,0x00,0x00,0x00,0x00,0x00,0x00,0x00,0x00,0x5E,0x00,0x61,0x00,0x41,0x00,0x41,0x00,0x41,0x00,0x41,0x00,0x41,0x00,0x00,0x00,0x00,0x00,0x00,0x00,
    0x00,0x00,0x00,0x00,0x00,0x00,0x00,0x00,0x00,0x00,0x3E,0x00,0x41,0x00,0x41,0x00,0x41,0x00,0x41,0x00,0x41,0x00,0x3E,0x00,0x00,0x00,0x00,0x00,0x00,0x00,
    0x00,0x00,0x00,0x00,0x00,0x00,0x00,0x00,0x00,0x00,0x5E,0x00,0x61,0x00,0x41,0x00,0x41,0x00,0x41,0x00,0x61,0x00,0x5E,0x00,0x40,0x00,0x40,0x00,0x40,0x00,
    0x00,0x00,0x00,0x00,0x00,0x00,0x00,0x00,0x00,0x00,0x3D,0x00,0x43,0x00,0x41,0x00,0x41,0x00,0x41,0x00,0x43,0x00,0x3D,0x00,0x01,0x00,0x01,0x00,0x01,0x00,
    0x00,0x00,0x00,0x00,0x00,0x00,0x00,0x00,0x00,0x00,0x4E,0x00,0x31,0x00,0x21,0x00,0x20,0x00,0x20,0x00,0x20,0x00,0x20,0x00,0x00,0x00,0x00,0x00,0x00,0x00,
    0x00,0x00,0x00,0x00,0x00,0x00,0x00,0x00,0x00,0x00,0x3E,0x00,0x41,0x00,0x40,0x00,0x3E,0x00,0x01,0x00,0x41,0x00,0x3E,0x00,0x00,0x00,0x00,0x00,0x00,0x00,
    0x00,0x00,0x00,0x00,0x00,0x00,0x10,0x00,0x10,0x00,0x7E,0x00,0x10,0x00,0x10,0x00,0x10,0x00,0x10,0x00,0x11,0x00,0x0E,0x00,0x00,0x00,0x00,0x00,0x00,0x00,
    0x00,0x00,0x00,0x00,0x00,0x00,0x00,0x00,0x00,0x00,0x42,0x00,0x42,0x00,0x42,0x00,0x42,0x00,0x42,0x00,0x42,0x00,0x3D,0x00,0x00,0x00,0x00,0x00,0x00,0x00,
    0x00,0x00,0x00,0x00,0x00,0x00,0x00,0x00,0x00,0x00,0x41,0x00,0x41,0x00,0x22,0x00,0x22,0x00,0x14,0x00,0x14,0x00,0x08,0x00,0x00,0x00,0x00,0x00,0x00,0x00,
    0x00,0x00,0x00,0x00,0x00,0x00,0x00,0x00,0x00,0x00,0x41,0x00,0x41,0x00,0x49,0x00,0x49,0x00,0x49,0x00,0x55,0x00,0x22,0x00,0x00,0x00,0x00,0x00,0x00,0x00,
    0x00,0x00,0x00,0x00,0x00,0x00,0x00,0x00,0x00,0x00,0x41,0x00,0x22,0x00,0x14,0x00,0x08,0x00,0x14,0x00,0x22,0x00,0x41,0x00,0x00,0x00,0x00,0x00,0x00,0x00,
    0x00,0x00,0x00,0x00,0x00,0x00,0x00,0x00,0x00,0x00,0x42,0x00,0x42,0x00,0x42,0x00,0x42,0x00,0x42,0x00,0x46,0x00,0x3A,0x00,0x02,0x00,0x42,0x00,0x3C,0x00,
    0x00,0x00,0x00,0x00,0x00,0x00,0x00,0x00,0x00,0x00,0x7F,0x00,0x02,0x00,0x04,0x00,0x08,0x00,0x10,0x00,0x20,0x00,0x7F,0x00,0x00,0x00,0x00,0x00,0x00,0x00,
    0x00,0x00,0x07,0x00,0x08,0x00,0x08,0x00,0x08,0x00,0x04,0x00,0x18,0x00,0x18,0x00,0x04,0x00,0x08,0x00,0x08,0x00,0x08,0x00,0x07,0x00,0x00,0x00,0x00,0x00,
    0x00,0x00,0x08,0x00,0x08,0x00,0x08,0x00,0x08,0x00,0x08,0x00,0x08,0x00,0x08,0x00,0x08,0x00,0x08,0x00,0x08,0x00,0x08,0x00,0x08,0x00,0x00,0x00,0x00,0x00,
    0x00,0x00,0x70,0x00,0x08,0x00,0x08,0x00,0x08,0x00,0x10,0x00,0x0C,0x00,0x0C,0x00,0x10,0x00,0x08,0x00,0x08,0x00,0x08,0x00,0x70,0x00,0x00,0x00,0x00,0x00,
    0x00,0x00,0x00,0x00,0x31,0x00,0x49,0x00,0x46,0x00,0x00,0x00,0x00,0x00,0x00,0x00,0x00,0x00,0x00,0x00,0x00,0x00,0x00,0x00,0x00,0x00,0x00,0x00,0x00,0x00,
    0x00,0x00,0x00,0x00,0x00,0x00,0x00,0x00,0x00,0x00,0x00,0x00,0x00,0x00,0x00,0x00,0x00,0x00,0x00,0x00,0x00,0x00,0x00,0x00,0x00,0x00,0x00,0x00,0x00,0x00,
    0x00,0x00,0x08,0x00,0x08,0x00,0x00,0x00,0x00,0x00,0x08,0x00,0x08,0x00,0x08,0x00,0x08,0x00,0x08,0x00,0x08,0x00,0x08,0x00,0x00,0x00,0x00,0x00,0x00,0x00,
    0x00,0x00,0x00,0x00,0x00,0x00,0x00,0x00,0x04,0x00,0x3C,0x00,0x4A,0x00,0x48,0x00,0x50,0x00,0x52,0x00,0x3C,0x00,0x20,0x00,0x00,0x00,0x00,0x00,0x00,0x00,
    0x00,0x00,0x00,0x00,0x0E,0x00,0x11,0x00,0x10,0x00,0x10,0x00,0x7C,0x00,0x10,0x00,0x10,0x00,0x30,0x00,0x51,0x00,0x2E,0x00,0x00,0x00,0x00,0x00,0x00,0x00,
    0x00,0x00,0x00,0x00,0x00,0x00,0x41,0x00,0x3E,0x00,0x22,0x00,0x22,0x00,0x3E,0x00,0x41,0x00,0x00,0x00,0x00,0x00,0x00,0x00,0x00,0x00,0x00,0x00,0x00,0x00,
    0x00,0x00,0x00,0x00,0x41,0x00,0x41,0x00,0x22,0x00,0x14,0x00,0x3E,0x00,0x08,0x00,0x3E,0x00,0x08,0x00,0x08,0x00,0x08,0x00,0x00,0x00,0x00,0x00,0x00,0x00,
    0x00,0x00,0x00,0x00,0x08,0x00,0x08,0x00,0x08,0x00,0x08,0x00,0x08,0x00,0x00,0x00,0x08,0x00,0x08,0x00,0x08,0x00,0x08,0x00,0x08,0x00,0x00,0x00,0x00,0x00,
    0x00,0x00,0x00,0x00,0x18,0x00,0x24,0x00,0x20,0x00,0x18,0x00,0x24,0x00,0x24,0x00,0x24,0x00,0x18,0x00,0x04,0x00,0x24,0x00,0x18,0x00,0x00,0x00,0x00,0x00,
    0x00,0x00,0x22,0x00,0x22,0x00,0x00,0x00,0x00,0x00,0x00,0x00,0x00,0x00,0x00,0x00,0x00,0x00,0x00,0x00,0x00,0x00,0x00,0x00,0x00,0x00,0x00,0x00,0x00,0x00,
    0x00,0x00,0x00,0x00,0x3C,0x00,0x42,0x00,0x99,0x00,0xA5,0x00,0xA1,0x00,0xA5,0x00,0x99,0x00,0x42,0x00,0x3C,0x00,0x00,0x00,0x00,0x00,0x00,0x00,0x00,0x00,
    0x00,0x00,0x00,0x00,0x30,0x00,0x48,0x00,0x38,0x00,0x48,0x00,0x3C,0x00,0x00,0x00,0x7C,0x00,0x00,0x00,0x00,0x00,0x00,0x00,0x00,0x00,0x00,0x00,0x00,0x00,
    0x00,0x00,0x00,0x00,0x00,0x00,0x09,0x00,0x12,0x00,0x24,0x00,0x48,0x00,0x48,0x00,0x24,0x00,0x12,0x00,0x09,0x00,0x00,0x00,0x00,0x00,0x00,0x00,0x00,0x00,
    0x00,0x00,0x00,0x00,0x00,0x00,0x00,0x00,0x00,0x00,0x00,0x00,0x7E,0x00,0x02,0x00,0x02,0x00,0x02,0x00,0x00,0x00,0x00,0x00,0x00,0x00,0x00,0x00,0x00,0x00,
    0x00,0x00,0x00,0x00,0x00,0x00,0x00,0x00,0x00,0x00,0x00,0x00,0x00,0x00,0x3E,0x00,0x00,0x00,0x00,0x00,0x00,0x00,0x00,0x00,0x00,0x00,0x00,0x00,0x00,0x00,
    0x00,0x00,0x00,0x00,0x3C,0x00,0x42,0x00,0xB9,0x00,0xA5,0x00,0xB9,0x00,0xA9,0x00,0xA5,0x00,0x42,0x00,0x3C,0x00,0x00,0x00,0x00,0x00,0x00,0x00,0x00,0x00,
    0x00,0x00,0x00,0x00,0x7E,0x00,0x00,0x00,0x00,0x00,0x00,0x00,0x00,0x00,0x00,0x00,0x00,0x00,0x00,0x00,0x00,0x00,0x00,0x00,0x00,0x00,0x00,0x00,0x00,0x00,
    0x00,0x00,0x00,0x00,0x0C,0x00,0x12,0x00,0x12,0x00,0x0C,0x00,0x00,0x00,0x00,0x00,0x00,0x00,0x00,0x00,0x00,0x00,0x00,0x00,0x00,0x00,0x00,0x00,0x00,0x00,
    0x00,0x00,0x00,0x00,0x08,0x00,0x08,0x00,0x08,0x00,0x7F,0x00,0x08,0x00,0x08,0x00,0x08,0x00,0x00,0x00,0x7F,0x00,0x00,0x00,0x00,0x00,0x00,0x00,0x00,0x00,
    0x00,0x00,0x00,0x00,0x30,0x00,0x48,0x00,0x08,0x00,0x30,0x00,0x40,0x00,0x78,0x00,0x00,0x00,0x00,0x00,0x00,0x00,0x00,0x00,0x00,0x00,0x00,0x00,0x00,0x00,
    0x00,0x00,0x00,0x00,0x30,0x00,0x48,0x00,0x10,0x00,0x08,0x00,0x48,0x00,0x30,0x00,0x00,0x00,0x00,0x00,0x00,0x00,0x00,0x00,0x00,0x00,0x00,0x00,0x00,0x00,
    0x00,0x00,0x04,0x00,0x08,0x00,0x10,0x00,0x00,0x00,0x00,0x00,0x00,0x00,0x00,0x00,0x00,0x00,0x00,0x00,0x00,0x00,0x00,0x00,0x00,0x00,0x00,0x00,0x00,0x00,
    0x00,0x00,0x00,0x00,0x00,0x00,0x00,0x00,0x00,0x00,0x41,0x00,0x41,0x00,0x41,0x00,0x41,0x00,0x41,0x00,0x63,0x00,0x5D,0x00,0x40,0x00,0x40,0x00,0x00,0x00,
    0x00,0x00,0x00,0x00,0x3F,0x00,0x45,0x00,0x45,0x00,0x45,0x00,0x3D,0x00,0x05,0x00,0x05,0x00,0x05,0x00,0x05,0x00,0x05,0x00,0x00,0x00,0x00,0x00,0x00,0x00,
    0x00,0x00,0x00,0x00,0x00,0x00,0x00,0x00,0x00,0x00,0x00,0x00,0x0C,0x00,0x0C,0x00,0x00,0x00,0x00,0x00,0x00,0x00,0x00,0x00,0x00,0x00,0x00,0x00,0x00,0x00,
    0x00,0x00,0x00,0x00,0x00,0x00,0x00,0x00,0x00,0x00,0x00,0x00,0x00,0x00,0x00,0x00,0x00,0x00,0x00,0x00,0x00,0x00,0x00,0x00,0x0C,0x00,0x24,0x00,0x18,0x00,
    0x00,0x00,0x00,0x00,0x20,0x00,0x60,0x00,0x20,0x00,0x20,0x00,0x20,0x00,0x70,0x00,0x00,0x00,0x00,0x00,0x00,0x00,0x00,0x00,0x00,0x00,0x00,0x00,0x00,0x00,
    0x00,0x00,0x00,0x00,0x38,0x00,0x44,0x00,0x44,0x00,0x38,0x00,0x00,0x00,0x7C,0x00,0x00,0x00,0x00,0x00,0x00,0x00,0x00,0x00,0x00,0x00,0x00,0x00,0x00,0x00,
    0x00,0x00,0x00,0x00,0x00,0x00,0x48,0x00,0x24,0x00,0x12,0x00,0x09,0x00,0x09,0x00,0x12,0x00,0x24,0x00,0x48,0x00,0x00,0x00,0x00,0x00,0x00,0x00,0x00,0x00,
    0x00,0x00,0x00,0x00,0x20,0x00,0x60,0x00,0x20,0x00,0x20,0x00,0x21,0x00,0x73,0x00,0x05,0x00,0x09,0x00,0x0D,0x00,0x03,0x00,0x00,0x00,0x00,0x00,0x00,0x00,
    0x00,0x00,0x00,0x00,0x20,0x00,0x60,0x00,0x20,0x00,0x20,0x00,0x26,0x00,0x79,0x00,0x01,0x00,0x06,0x00,0x08,0x00,0x0F,0x00,0x00,0x00,0x00,0x00,0x00,0x00,
    0x00,0x00,0x00,0x00,0x30,0x00,0x48,0x00,0x10,0x00,0x08,0x00,0x49,0x00,0x33,0x00,0x05,0x00,0x09,0x00,0x0D,0x00,0x03,0x00,0x00,0x00,0x00,0x00,0x00,0x00,
    0x00,0x00,0x00,0x00,0x08,0x00,0x00,0x00,0x08,0x00,0x08,0x00,0x10,0x00,0x20,0x00,0x40,0x00,0x41,0x00,0x41,0x00,0x3E,0x00,0x00,0x00,0x00,0x00,0x00,0x00,
    0x20,0x00,0x10,0x00,0x08,0x00,0x00,0x00,0x1C,0x00,0x22,0x00,0x41,0x00,0x41,0x00,0x7F,0x00,0x41,0x00,0x41,0x00,0x41,0x00,0x00,0x00,0x00,0x00,0x00,0x00,
    0x02,0x00,0x04,0x00,0x08,0x00,0x00,0x00,0x1C,0x00,0x22,0x00,0x41,0x00,0x41,0x00,0x7F,0x00,0x41,0x00,0x41,0x00,0x41,0x00,0x00,0x00,0x00,0x00,0x00,0x00,
    0x08,0x00,0x14,0x00,0x22,0x00,0x00,0x00,0x1C,0x00,0x22,0x00,0x41,0x00,0x41,0x00,0x7F,0x00,0x41,0x00,0x41,0x00,0x41,0x00,0x00,0x00,0x00,0x00,0x00,0x00,
    0x00,0x00,0x31,0x00,0x4E,0x00,0x00,0x00,0x1C,0x00,0x22,0x00,0x41,0x00,0x41,0x00,0x7F,0x00,0x41,0x00,0x41,0x00,0x41,0x00,0x00,0x00,0x00,0x00,0x00,0x00,
    0x00,0x00,0x22,0x00,0x22,0x00,0x00,0x00,0x1C,0x00,0x22,0x00,0x41,0x00,0x41,0x00,0x7F,0x00,0x41,0x00,0x41,0x00,0x41,0x00,0x00,0x00,0x00,0x00,0x00,0x00,
    0x00,0x00,0x1C,0x00,0x22,0x00,0x1C,0x00,0x14,0x00,0x22,0x00,0x41,0x00,0x41,0x00,0x7F,0x00,0x41,0x00,0x41,0x00,0x41,0x00,0x00,0x00,0x00,0x00,0x00,0x00,
    0x00,0x00,0x00,0x00,0x37,0x00,0x48,0x00,0x48,0x00,0x48,0x00,0x48,0x00,0x7E,0x00,0x48,0x00,0x48,0x00,0x48,0x00,0x4F,0x00,0x00,0x00,0x00,0x00,0x00,0x00,
    0x00,0x00,0x00,0x00,0x3E,0x00,0x41,0x00,0x40,0x00,0x40,0x00,0x40,0x00,0x40,0x00,0x40,0x00,0x40,0x00,0x41,0x00,0x3E,0x00,0x0C,0x00,0x24,0x00,0x18,0x00,
    0x20,0x00,0x10,0x00,0x08,0x00,0x00,0x00,0x7F,0x00,0x20,0x00,0x20,0x00,0x3C,0x00,0x20,0x00,0x20,0x00,0x20,0x00,0x7F,0x00,0x00,0x00,0x00,0x00,0x00,0x00,
    0x02,0x00,0x04,0x00,0x08,0x00,0x00,0x00,0x7F,0x00,0x20,0x00,0x20,0x00,0x3C,0x00,0x20,0x00,0x20,0x00,0x20,0x00,0x7F,0x00,0x00,0x00,0x00,0x00,0x00,0x00,
    0x08,0x00,0x14,0x00,0x22,0x00,0x00,0x00,0x7F,0x00,0x20,0x00,0x20,0x00,0x3C,0x00,0x20,0x00,0x20,0x00,0x20,0x00,0x7F,0x00,0x00,0x00,0x00,0x00,0x00,0x00,
    0x00,0x00,0x22,0x00,0x22,0x00,0x00,0x00,0x7F,0x00,0x20,0x00,0x20,0x00,0x3C,0x00,0x20,0x00,0x20,0x00,0x20,0x00,0x7F,0x00,0x00,0x00,0x00,0x00,0x00,0x00,
    0x20,0x00,0x10,0x00,0x08,0x00,0x00,0x00,0x3E,0x00,0x08,0x00,0x08,0x00,0x08,0x00,0x08,0x00,0x08,0x00,0x08,0x00,0x3E,0x00,0x00,0x00,0x00,0x00,0x00,0x00,
    0x02,0x00,0x04,0x00,0x08,0x00,0x00,0x00,0x3E,0x00,0x08,0x00,0x08,0x00,0x08,0x00,0x08,0x00,0x08,0x00,0x08,0x00,0x3E,0x00,0x00,0x00,0x00,0x00,0x00,0x00,
    0x08,0x00,0x14,0x00,0x22,0x00,0x00,0x00,0x3E,0x00,0x08,0x00,0x08,0x00,0x08,0x00,0x08,0x00,0x08,0x00,0x08,0x00,0x3E,0x00,0x00,0x00,0x00,0x00,0x00,0x00,
    0x00,0x00,0x22,0x00,0x22,0x00,0x00,0x00,0x3E,0x00,0x08,0x00,0x08,0x00,0x08,0x00,0x08,0x00,0x08,0x00,0x08,0x00,0x3E,0x00,0x00,0x00,0x00,0x00,0x00,0x00,
    0x00,0x00,0x00,0x00,0x7C,0x00,0x42,0x00,0x41,0x00,0x41,0x00,0xE1,0x00,0x41,0x00,0x41,0x00,0x41,0x00,0x42,0x00,0x7C,0x00,0x00,0x00,0x00,0x00,0x00,0x00,
    0x00,0x00,0x31,0x00,0x4E,0x00,0x00,0x00,0x41,0x00,0x61,0x00,0x51,0x00,0x49,0x00,0x49,0x00,0x45,0x00,0x43,0x00,0x41,0x00,0x00,0x00,0x00,0x00,0x00,0x00,
    0x20,0x00,0x10,0x00,0x08,0x00,0x00,0x00,0x3E,0x00,0x41,0x00,0x41,0x00,0x41,0x00,0x41,0x00,0x41,0x00,0x41,0x00,0x3E,0x00,0x00,0x00,0x00,0x00,0x00,0x00,
    0x02,0x00,0x04,0x00,0x08,0x00,0x00,0x00,0x3E,0x00,0x41,0x00,0x41,0x00,0x41,0x00,0x41,0x00,0x41,0x00,0x41,0x00,0x3E,0x00,0x00,0x00,0x00,0x00,0x00,0x00,
    0x08,0x00,0x14,0x00,0x22,0x00,0x00,0x00,0x3E,0x00,0x41,0x00,0x41,0x00,0x41,0x00,0x41,0x00,0x41,0x00,0x41,0x00,0x3E,0x00,0x00,0x00,0x00,0x00,0x00,0x00,
    0x00,0x00,0x31,0x00,0x4E,0x00,0x00,0x00,0x3E,0x00,0x41,0x00,0x41,0x00,0x41,0x00,0x41,0x00,0x41,0x00,0x41,0x00,0x3E,0x00,0x00,0x00,0x00,0x00,0x00,0x00,
    0x00,0x00,0x22,0x00,0x22,0x00,0x00,0x00,0x3E,0x00,0x41,0x00,0x41,0x00,0x41,0x00,0x41,0x00,0x41,0x00,0x41,0x00,0x3E,0x00,0x00,0x00,0x00,0x00,0x00,0x00,
    0x00,0x00,0x00,0x00,0x00,0x00,0x00,0x00,0x41,0x00,0x22,0x00,0x14,0x00,0x08,0x00,0x14,0x00,0x22,0x00,0x41,0x00,0x00,0x00,0x00,0x00,0x00,0x00,0x00,0x00,
    0x00,0x00,0x01,0x00,0x3E,0x00,0x43,0x00,0x45,0x00,0x45,0x00,0x49,0x00,0x49,0x00,0x51,0x00,0x51,0x00,0x61,0x00,0x3E,0x00,0x40,0x00,0x00,0x00,0x00,0x00,
    0x20,0x00,0x10,0x00,0x08,0x00,0x00,0x00,0x41,0x00,0x41,0x00,0x41,0x00,0x41,0x00,0x41,0x00,0x41,0x00,0x41,0x00,0x3E,0x00,0x00,0x00,0x00,0x00,0x00,0x00,
    0x02,0x00,0x04,0x00,0x08,0x00,0x00,0x00,0x41,0x00,0x41,0x00,0x41,0x00,0x41,0x00,0x41,0x00,0x41,0x00,0x41,0x00,0x3E,0x00,0x00,0x00,0x00,0x00,0x00,0x00,
    0x08,0x00,0x14,0x00,0x22,0x00,0x00,0x00,0x41,0x00,0x41,0x00,0x41,0x00,0x41,0x00,0x41,0x00,0x41,0x00,0x41,0x00,0x3E,0x00,0x00,0x00,0x00,0x00,0x00,0x00,
    0x00,0x00,0x22,0x00,0x22,0x00,0x00,0x00,0x41,0x00,0x41,0x00,0x41,0x00,0x41,0x00,0x41,0x00,0x41,0x00,0x41,0x00,0x3E,0x00,0x00,0x00,0x00,0x00,0x00,0x00,
    0x02,0x00,0x04,0x00,0x08,0x00,0x00,0x00,0x41,0x00,0x41,0x00,0x22,0x00,0x14,0x00,0x08,0x00,0x08,0x00,0x08,0x00,0x08,0x00,0x00,0x00,0x00,0x00,0x00,0x00,
    0x00,0x00,0x00,0x00,0x40,0x00,0x40,0x00,0x7E,0x00,0x41,0x00,0x41,0x00,0x41,0x00,0x7E,0x00,0x40,0x00,0x40,0x00,0x40,0x00,0x00,0x00,0x00,0x00,0x00,0x00,
    0x00,0x00,0x00,0x00,0x1C,0x00,0x22,0x00,0x22,0x00,0x24,0x00,0x68,0x00,0x24,0x00,0x22,0x00,0x22,0x00,0x22,0x00,0x2C,0x00,0x00,0x00,0x00,0x00,0x00,0x00,
    0x00,0x00,0x10,0x00,0x08,0x00,0x04,0x00,0x00,0x00,0x3E,0x00,0x01,0x00,0x01,0x00,0x3F,0x00,0x41,0x00,0x43,0x00,0x3D,0x00,0x00,0x00,0x00,0x00,0x00,0x00,
    0x00,0x00,0x02,0x00,0x04,0x00,0x08,0x00,0x00,0x00,0x3E,0x00,0x01,0x00,0x01,0x00,0x3F,0x00,0x41,0x00,0x43,0x00,0x3D,0x00,0x00,0x00,0x00,0x00,0x00,0x00,
    0x00,0x00,0x08,0x00,0x14,0x00,0x22,0x00,0x00,0x00,0x3E,0x00,0x01,0x00,0x01,0x00,0x3F,0x00,0x41,0x00,0x43,0x00,0x3D,0x00,0x00,0x00,0x00,0x00,0x00,0x00,
    0x00,0x00,0x00,0x00,0x19,0x00,0x26,0x00,0x00,0x00,0x3E,0x00,0x01,0x00,0x01,0x00,0x3F,0x00,0x41,0x00,0x43,0x00,0x3D,0x00,0x00,0x00,0x00,0x00,0x00,0x00,
    0x00,0x00,0x00,0x00,0x22,0x00,0x22,0x00,0x00,0x00,0x3E,0x00,0x01,0x00,0x01,0x00,0x3F,0x00,0x41,0x00,0x43,0x00,0x3D,0x00,0x00,0x00,0x00,0x00,0x00,0x00,
    0x00,0x00,0x0C,0x00,0x12,0x00,0x0C,0x00,0x00,0x00,0x3E,0x00,0x01,0x00,0x01,0x00,0x3F,0x00,0x41,0x00,0x43,0x00,0x3D,0x00,0x00,0x00,0x00,0x00,0x00,0x00,
    0x00,0x00,0x00,0x00,0x00,0x00,0x00,0x00,0x00,0x00,0x36,0x00,0x49,0x00,0x09,0x00,0x3E,0x00,0x48,0x00,0x49,0x00,0x37,0x00,0x00,0x00,0x00,0x00,0x00,0x00,
    0x00,0x00,0x00,0x00,0x00,0x00,0x00,0x00,0x00,0x00,0x3E,0x00,0x41,0x00,0x40,0x00,0x40,0x00,0x40,0x00,0x41,0x00,0x3E,0x00,0x0C,0x00,0x24,0x00,0x18,0x00,
    0x00,0x00,0x20,0x00,0x10,0x00,0x08,0x00,0x00,0x00,0x3E,0x00,0x41,0x00,0x41,0x00,0x7F,0x00,0x40,0x00,0x40,0x00,0x3E,0x00,0x00,0x00,0x00,0x00,0x00,0x00,
    0x00,0x00,0x02,0x00,0x04,0x00,0x08,0x00,0x00,0x00,0x3E,0x00,0x41,0x00,0x41,0x00,0x7F,0x00,0x40,0x00,0x40,0x00,0x3E,0x00,0x00,0x00,0x00,0x00,0x00,0x00,
    0x00,0x00,0x08,0x00,0x14,0x00,0x22,0x00,0x00,0x00,0x3E,0x00,0x41,0x00,0x41,0x00,0x7F,0x00,0x40,0x00,0x40,0x00,0x3E,0x00,0x00,0x00,0x00,0x00,0x00,0x00,
    0x00,0x00,0x00,0x00,0x22,0x00,0x22,0x00,0x00,0x00,0x3E,0x00,0x41,0x00,0x41,0x00,0x7F,0x00,0x40,0x00,0x40,0x00,0x3E,0x00,0x00,0x00,0x00,0x00,0x00,0x00,
    0x00,0x00,0x20,0x00,0x10,0x00,0x08,0x00,0x00,0x00,0x38,0x00,0x08,0x00,0x08,0x00,0x08,0x00,0x08,0x00,0x08,0x00,0x3E,0x00,0x00,0x00,0x00,0x00,0x00,0x00,
    0x00,0x00,0x04,0x00,0x08,0x00,0x10,0x00,0x00,0x00,0x38,0x00,0x08,0x00,0x08,0x00,0x08,0x00,0x08,0x00,0x08,0x00,0x3E,0x00,0x00,0x00,0x00,0x00,0x00,0x00,
    0x00,0x00,0x10,0x00,0x28,0x00,0x44,0x00,0x00,0x00,0x38,0x00,0x08,0x00,0x08,0x00,0x08,0x00,0x08,0x00,0x08,0x00,0x3E,0x00,0x00,0x00,0x00,0x00,0x00,0x00,
    0x00,0x00,0x00,0x00,0x24,0x00,0x24,0x00,0x00,0x00,0x38,0x00,0x08,0x00,0x08,0x00,0x08,0x00,0x08,0x00,0x08,0x00,0x3E,0x00,0x00,0x00,0x00,0x00,0x00,0x00,
    0x00,0x00,0x24,0x00,0x18,0x00,0x28,0x00,0x04,0x00,0x3E,0x00,0x41,0x00,0x41,0x00,0x41,0x00,0x41,0x00,0x41,0x00,0x3E,0x00,0x00,0x00,0x00,0x00,0x00,0x00,
    0x00,0x00,0x00,0x00,0x31,0x00,0x4E,0x00,0x00,0x00,0x5E,0x00,0x61,0x00,0x41,0x00,0x41,0x00,0x41,0x00,0x41,0x00,0x41,0x00,0x00,0x00,0x00,0x00,0x00,0x00,
    0x00,0x00,0x20,0x00,0x10,0x00,0x08,0x00,0x00,0x00,0x3E,0x00,0x41,0x00,0x41,0x00,0x41,0x00,0x41,0x00,0x41,0x00,0x3E,0x00,0x00,0x00,0x00,0x00,0x00,0x00,
    0x00,0x00,0x02,0x00,0x04,0x00,0x08,0x00,0x00,0x00,0x3E,0x00,0x41,0x00,0x41,0x00,0x41,0x00,0x41,0x00,0x41,0x00,0x3E,0x00,0x00,0x00,0x00,0x00,0x00,0x00,
    0x00,0x00,0x08,0x00,0x14,0x00,0x22,0x00,0x00,0x00,0x3E,0x00,0x41,0x00,0x41,0x00,0x41,0x00,0x41,0x00,0x41,0x00,0x3E,0x00,0x00,0x00,0x00,0x00,0x00,0x00,
    0x00,0x00,0x00,0x00,0x31,0x00,0x4E,0x00,0x00,0x00,0x3E,0x00,0x41,0x00,0x41,0x00,0x41,0x00,0x41,0x00,0x41,0x00,0x3E,0x00,0x00,0x00,0x00,0x00,0x00,0x00,
    0x00,0x00,0x00,0x00,0x22,0x00,0x22,0x00,0x00,0x00,0x3E,0x00,0x41,0x00,0x41,0x00,0x41,0x00,0x41,0x00,0x41,0x00,0x3E,0x00,0x00,0x00,0x00,0x00,0x00,0x00,
    0x00,0x00,0x00,0x00,0x00,0x00,0x08,0x00,0x1C,0x00,0x08,0x00,0x00,0x00,0x7F,0x00,0x00,0x00,0x08,0x00,0x1C,0x00,0x08,0x00,0x00,0x00,0x00,0x00,0x00,0x00,
    0x00,0x00,0x00,0x00,0x00,0x00,0x00,0x00,0x01,0x00,0x3E,0x00,0x45,0x00,0x45,0x00,0x49,0x00,0x51,0x00,0x51,0x00,0x3E,0x00,0x40,0x00,0x00,0x00,0x00,0x00,
    0x00,0x00,0x20,0x00,0x10,0x00,0x08,0x00,0x00,0x00,0x42,0x00,0x42,0x00,0x42,0x00,0x42,0x00,0x42,0x00,0x42,0x00,0x3D,0x00,0x00,0x00,0x00,0x00,0x00,0x00,
    0x00,0x00,0x02,0x00,0x04,0x00,0x08,0x00,0x00,0x00,0x42,0x00,0x42,0x00,0x42,0x00,0x42,0x00,0x42,0x00,0x42,0x00,0x3D,0x00,0x00,0x00,0x00,0x00,0x00,0x00,
    0x00,0x00,0x08,0x00,0x14,0x00,0x22,0x00,0x00,0x00,0x42,0x00,0x42,0x00,0x42,0x00,0x42,0x00,0x42,0x00,0x42,0x00,0x3D,0x00,0x00,0x00,0x00,0x00,0x00,0x00,
    0x00,0x00,0x00,0x00,0x24,0x00,0x24,0x00,0x00,0x00,0x42,0x00,0x42,0x00,0x42,0x00,0x42,0x00,0x42,0x00,0x42,0x00,0x3D,0x00,0x00,0x00,0x00,0x00,0x00,0x00,
    0x00,0x00,0x04,0x00,0x08,0x00,0x10,0x00,0x00,0x00,0x42,0x00,0x42,0x00,0x42,0x00,0x42,0x00,0x42,0x00,0x46,0x00,0x3A,0x00,0x02,0x00,0x42,0x00,0x3C,0x00,
    0x00,0x00,0x00,0x00,0x00,0x00,0x40,0x00,0x40,0x00,0x40,0x00,0x5E,0x00,0x61,0x00,0x41,0x00,0x41,0x00,0x61,0x00,0x5E,0x00,0x40,0x00,0x40,0x00,0x40,0x00,
    0x00,0x00,0x00,0x00,0x24,0x00,0x24,0x00,0x00,0x00,0x42,0x00,0x42,0x00,0x42,0x00,0x42,0x00,0x42,0x00,0x46,0x00,0x3A,0x00,0x02,0x00,0x42,0x00,0x3C,0x00,
    0x00,0x00,0x3E,0x00,0x00,0x00,0x1C,0x00,0x22,0x00,0x41,0x00,0x41,0x00,0x41,0x00,0x7F,0x00,0x41,0x00,0x41,0x00,0x41,0x00,0x00,0x00,0x00,0x00,0x00,0x00,
    0x00,0x00,0x00,0x00,0x00,0x00,0x3E,0x00,0x00,0x00,0x3E,0x00,0x01,0x00,0x01,0x00,0x3F,0x00,0x41,0x00,0x43,0x00,0x3D,0x00,0x00,0x00,0x00,0x00,0x00,0x00,
    0x00,0x00,0x22,0x00,0x1C,0x00,0x00,0x00,0x1C,0x00,0x22,0x00,0x41,0x00,0x41,0x00,0x7F,0x00,0x41,0x00,0x41,0x00,0x41,0x00,0x00,0x00,0x00,0x00,0x00,0x00,
    0x00,0x00,0x00,0x00,0x22,0x00,0x1C,0x00,0x00,0x00,0x3E,0x00,0x01,0x00,0x01,0x00,0x3F,0x00,0x41,0x00,0x43,0x00,0x3D,0x00,0x00,0x00,0x00,0x00,0x00,0x00,
    0x00,0x00,0x00,0x00,0x08,0x00,0x14,0x00,0x22,0x00,0x41,0x00,0x41,0x00,0x41,0x00,0x7F,0x00,0x41,0x00,0x41,0x00,0x41,0x00,0x01,0x00,0x01,0x80,0x00,0x00,
    0x00,0x00,0x00,0x00,0x00,0x00,0x00,0x00,0x00,0x00,0x3E,0x00,0x01,0x00,0x01,0x00,0x3F,0x00,0x41,0x00,0x43,0x00,0x3D,0x00,0x01,0x00,0x01,0x80,0x00,0x00,
    0x02,0x00,0x04,0x00,0x08,0x00,0x00,0x00,0x3E,0x00,0x41,0x00,0x40,0x00,0x40,0x00,0x40,0x00,0x40,0x00,0x41,0x00,0x3E,0x00,0x00,0x00,0x00,0x00,0x00,0x00,
    0x00,0x00,0x02,0x00,0x04,0x00,0x08,0x00,0x00,0x00,0x3E,0x00,0x41,0x00,0x40,0x00,0x40,0x00,0x40,0x00,0x41,0x00,0x3E,0x00,0x00,0x00,0x00,0x00,0x00,0x00,
    0x08,0x00,0x14,0x00,0x22,0x00,0x00,0x00,0x3E,0x00,0x41,0x00,0x41,0x00,0x40,0x00,0x40,0x00,0x40,0x00,0x41,0x00,0x3E,0x00,0x00,0x00,0x00,0x00,0x00,0x00,
    0x00,0x00,0x08,0x00,0x14,0x00,0x22,0x00,0x00,0x00,0x3E,0x00,0x41,0x00,0x40,0x00,0x40,0x00,0x40,0x00,0x41,0x00,0x3E,0x00,0x00,0x00,0x00,0x00,0x00,0x00,
    0x00,0x00,0x18,0x00,0x00,0x00,0x3E,0x00,0x41,0x00,0x40,0x00,0x40,0x00,0x40,0x00,0x40,0x00,0x40,0x00,0x41,0x00,0x3E,0x00,0x00,0x00,0x00,0x00,0x00,0x00,
    0x00,0x00,0x00,0x00,0x00,0x00,0x18,0x00,0x00,0x00,0x3E,0x00,0x41,0x00,0x40,0x00,0x40,0x00,0x40,0x00,0x41,0x00,0x3E,0x00,0x00,0x00,0x00,0x00,0x00,0x00,
    0x22,0x00,0x14,0x00,0x08,0x00,0x00,0x00,0x3E,0x00,0x41,0x00,0x40,0x00,0x40,0x00,0x40,0x00,0x40,0x00,0x41,0x00,0x3E,0x00,0x00,0x00,0x00,0x00,0x00,0x00,
    0x00,0x00,0x22,0x00,0x14,0x00,0x08,0x00,0x00,0x00,0x3E,0x00,0x41,0x00,0x40,0x00,0x40,0x00,0x40,0x00,0x41,0x00,0x3E,0x00,0x00,0x00,0x00,0x00,0x00,0x00,
    0x22,0x00,0x14,0x00,0x08,0x00,0x7C,0x00,0x42,0x00,0x41,0x00,0x41,0x00,0x41,0x00,0x41,0x00,0x41,0x00,0x42,0x00,0x7C,0x00,0x00,0x00,0x00,0x00,0x00,0x00,
    0x00,0x00,0x22,0x00,0x15,0x00,0x09,0x00,0x01,0x00,0x3D,0x00,0x43,0x00,0x41,0x00,0x41,0x00,0x41,0x00,0x43,0x00,0x3D,0x00,0x00,0x00,0x00,0x00,0x00,0x00,
    0x00,0x00,0x00,0x00,0x7C,0x00,0x42,0x00,0x41,0x00,0x41,0x00,0xE1,0x00,0x41,0x00,0x41,0x00,0x41,0x00,0x42,0x00,0x7C,0x00,0x00,0x00,0x00,0x00,0x00,0x00,
    0x00,0x00,0x00,0x00,0x01,0x00,0x07,0x80,0x01,0x00,0x3D,0x00,0x43,0x00,0x41,0x00,0x41,0x00,0x41,0x00,0x43,0x00,0x3D,0x00,0x00,0x00,0x00,0x00,0x00,0x00,
    0x00,0x00,0x3E,0x00,0x00,0x00,0x7F,0x00,0x40,0x00,0x40,0x00,0x40,0x00,0x7C,0x00,0x40,0x00,0x40,0x00,0x40,0x00,0x7F,0x00,0x00,0x00,0x00,0x00,0x00,0x00,
    0x00,0x00,0x00,0x00,0x00,0x00,0x3E,0x00,0x00,0x00,0x3E,0x00,0x41,0x00,0x41,0x00,0x7F,0x00,0x40,0x00,0x40,0x00,0x3E,0x00,0x00,0x00,0x00,0x00,0x00,0x00,
    0x00,0x00,0x22,0x00,0x1C,0x00,0x00,0x00,0x7F,0x00,0x40,0x00,0x40,0x00,0x7C,0x00,0x40,0x00,0x40,0x00,0x40,0x00,0x7F,0x00,0x00,0x00,0x00,0x00,0x00,0x00,
    0x00,0x00,0x00,0x00,0x22,0x00,0x1C,0x00,0x00,0x00,0x3E,0x00,0x41,0x00,0x41,0x00,0x7F,0x00,0x40,0x00,0x40,0x00,0x3E,0x00,0x00,0x00,0x00,0x00,0x00,0x00,
    0x00,0x00,0x18,0x00,0x00,0x00,0x7F,0x00,0x40,0x00,0x40,0x00,0x40,0x00,0x7C,0x00,0x40,0x00,0x40,0x00,0x40,0x00,0x7F,0x00,0x00,0x00,0x00,0x00,0x00,0x00,
    0x00,0x00,0x00,0x00,0x00,0x00,0x18,0x00,0x00,0x00,0x3E,0x00,0x41,0x00,0x41,0x00,0x7F,0x00,0x40,0x00,0x40,0x00,0x3E,0x00,0x00,0x00,0x00,0x00,0x00,0x00,
    0x00,0x00,0x00,0x00,0x7F,0x00,0x40,0x00,0x40,0x00,0x40,0x00,0x7C,0x00,0x40,0x00,0x40,0x00,0x40,0x00,0x40,0x00,0x7F,0x00,0x08,0x00,0x0C,0x00,0x00,0x00,
    0x00,0x00,0x00,0x00,0x00,0x00,0x00,0x00,0x00,0x00,0x3E,0x00,0x41,0x00,0x41,0x00,0x7F,0x00,0x40,0x00,0x40,0x00,0x3E,0x00,0x08,0x00,0x0C,0x00,0x00,0x00,
    0x22,0x00,0x14,0x00,0x08,0x00,0x00,0x00,0x7F,0x00,0x40,0x00,0x40,0x00,0x7C,0x00,0x40,0x00,0x40,0x00,0x40,0x00,0x7F,0x00,0x00,0x00,0x00,0x00,0x00,0x00,
    0x00,0x00,0x22,0x00,0x14,0x00,0x08,0x00,0x00,0x00,0x3E,0x00,0x41,0x00,0x41,0x00,0x7F,0x00,0x40,0x00,0x40,0x00,0x3E,0x00,0x00,0x00,0x00,0x00,0x00,0x00,
    0x08,0x00,0x14,0x00,0x22,0x00,0x00,0x00,0x3E,0x00,0x41,0x00,0x40,0x00,0x40,0x00,0x47,0x00,0x41,0x00,0x41,0x00,0x3E,0x00,0x00,0x00,0x00,0x00,0x00,0x00,
    0x00,0x00,0x08,0x00,0x14,0x00,0x22,0x00,0x00,0x00,0x3D,0x00,0x42,0x00,0x42,0x00,0x42,0x00,0x3C,0x00,0x40,0x00,0x3E,0x00,0x41,0x00,0x41,0x00,0x3E,0x00,
    0x00,0x00,0x22,0x00,0x1C,0x00,0x00,0x00,0x3E,0x00,0x41,0x00,0x40,0x00,0x40,0x00,0x47,0x00,0x41,0x00,0x41,0x00,0x3E,0x00,0x00,0x00,0x00,0x00,0x00,0x00,
    0x00,0x00,0x00,0x00,0x22,0x00,0x1C,0x00,0x00,0x00,0x3D,0x00,0x42,0x00,0x42,0x00,0x42,0x00,0x3C,0x00,0x40,0x00,0x3E,0x00,0x41,0x00,0x41,0x00,0x3E,0x00,
    0x00,0x00,0x18,0x00,0x00,0x00,0x3E,0x00,0x41,0x00,0x40,0x00,0x40,0x00,0x47,0x00,0x41,0x00,0x41,0x00,0x41,0x00,0x3E,0x00,0x00,0x00,0x00,0x00,0x00,0x00,
    0x00,0x00,0x00,0x00,0x00,0x00,0x18,0x00,0x00,0x00,0x3D,0x00,0x42,0x00,0x42,0x00,0x42,0x00,0x3C,0x00,0x40,0x00,0x3E,0x00,0x41,0x00,0x41,0x00,0x3E,0x00,
    0x00,0x00,0x00,0x00,0x3E,0x00,0x41,0x00,0x40,0x00,0x40,0x00,0x40,0x00,0x47,0x00,0x41,0x00,0x41,0x00,0x41,0x00,0x3E,0x00,0x0C,0x00,0x24,0x00,0x18,0x00,
    0x00,0x00,0x04,0x00,0x08,0x00,0x0C,0x00,0x00,0x00,0x3D,0x00,0x42,0x00,0x42,0x00,0x42,0x00,0x3C,0x00,0x40,0x00,0x3E,0x00,0x41,0x00,0x3E,0x00,0x00,0x00,
    0x08,0x00,0x14,0x00,0x22,0x00,0x00,0x00,0x41,0x00,0x41,0x00,0x41,0x00,0x7F,0x00,0x41,0x00,0x41,0x00,0x41,0x00,0x41,0x00,0x00,0x00,0x00,0x00,0x00,0x00,
    0x04,0x00,0x0A,0x00,0x51,0x00,0x40,0x00,0x40,0x00,0x5E,0x00,0x61,0x00,0x41,0x00,0x41,0x00,0x41,0x00,0x41,0x00,0x41,0x00,0x00,0x00,0x00,0x00,0x00,0x00,
    0x00,0x00,0x00,0x00,0x41,0x00,0x41,0x00,0xFF,0x80,0x41,0x00,0x7F,0x00,0x41,0x00,0x41,0x00,0x41,0x00,0x41,0x00,0x41,0x00,0x00,0x00,0x00,0x00,0x00,0x00,
    0x00,0x00,0x00,0x00,0x40,0x00,0xF0,0x00,0x40,0x00,0x5E,0x00,0x61,0x00,0x41,0x00,0x41,0x00,0x41,0x00,0x41,0x00,0x41,0x00,0x00,0x00,0x00,0x00,0x00,0x00,
    0x00,0x00,0x31,0x00,0x4E,0x00,0x00,0x00,0x3E,0x00,0x08,0x00,0x08,0x00,0x08,0x00,0x08,0x00,0x08,0x00,0x08,0x00,0x3E,0x00,0x00,0x00,0x00,0x00,0x00,0x00,
    0x00,0x00,0x00,0x00,0x32,0x00,0x4C,0x00,0x00,0x00,0x38,0x00,0x08,0x00,0x08,0x00,0x08,0x00,0x08,0x00,0x08,0x00,0x3E,0x00,0x00,0x00,0x00,0x00,0x00,0x00,
    0x00,0x00,0x3E,0x00,0x00,0x00,0x3E,0x00,0x08,0x00,0x08,0x00,0x08,0x00,0x08,0x00,0x08,0x00,0x08,0x00,0x08,0x00,0x3E,0x00,0x00,0x00,0x00,0x00,0x00,0x00,
    0x00,0x00,0x00,0x00,0x00,0x00,0x7E,0x00,0x00,0x00,0x38,0x00,0x08,0x00,0x08,0x00,0x08,0x00,0x08,0x00,0x08,0x00,0x3E,0x00,0x00,0x00,0x00,0x00,0x00,0x00,
    0x00,0x00,0x22,0x00,0x1C,0x00,0x00,0x00,0x3E,0x00,0x08,0x00,0x08,0x00,0x08,0x00,0x08,0x00,0x08,0x00,0x08,0x00,0x3E,0x00,0x00,0x00,0x00,0x00,0x00,0x00,
    0x00,0x00,0x00,0x00,0x22,0x00,0x1C,0x00,0x00,0x00,0x38,0x00,0x08,0x00,0x08,0x00,0x08,0x00,0x08,0x00,0x08,0x00,0x3E,0x00,0x00,0x00,0x00,0x00,0x00,0x00,
    0x00,0x00,0x00,0x00,0x3E,0x00,0x08,0x00,0x08,0x00,0x08,0x00,0x08,0x00,0x08,0x00,0x08,0x00,0x08,0x00,0x08,0x00,0x3E,0x00,0x10,0x00,0x18,0x00,0x00,0x00,
    0x00,0x00,0x00,0x00,0x00,0x00,0x18,0x00,0x00,0x00,0x38,0x00,0x08,0x00,0x08,0x00,0x08,0x00,0x08,0x00,0x08,0x00,0x3E,0x00,0x10,0x00,0x18,0x00,0x00,0x00,
    0x00,0x00,0x0C,0x00,0x00,0x00,0x3E,0x00,0x08,0x00,0x08,0x00,0x08,0x00,0x08,0x00,0x08,0x00,0x08,0x00,0x08,0x00,0x3E,0x00,0x00,0x00,0x00,0x00,0x00,0x00,
    0x00,0x00,0x00,0x00,0x00,0x00,0x00,0x00,0x00,0x00,0x38,0x00,0x08,0x00,0x08,0x00,0x08,0x00,0x08,0x00,0x08,0x00,0x3E,0x00,0x00,0x00,0x00,0x00,0x00,0x00,
    0x00,0x00,0x00,0x00,0x77,0x00,0x21,0x00,0x21,0x00,0x21,0x00,0x21,0x00,0x21,0x00,0x21,0x00,0x21,0x00,0x29,0x00,0x76,0x00,0x00,0x00,0x00,0x00,0x00,0x00,
    0x00,0x00,0x00,0x00,0x63,0x00,0x00,0x00,0x00,0x00,0x67,0x00,0x21,0x00,0x21,0x00,0x21,0x00,0x21,0x00,0x21,0x00,0xF9,0x00,0x01,0x00,0x11,0x00,0x0E,0x00,
    0x04,0x00,0x0A,0x00,0x11,0x00,0x00,0x00,0x0F,0x00,0x02,0x00,0x02,0x00,0x02,0x00,0x02,0x00,0x02,0x00,0x42,0x00,0x3C,0x00,0x00,0x00,0x00,0x00,0x00,0x00,
    0x00,0x00,0x04,0x00,0x0A,0x00,0x11,0x00,0x00,0x00,0x0E,0x00,0x02,0x00,0x02,0x00,0x02,0x00,0x02,0x00,0x02,0x00,0x42,0x00,0x42,0x00,0x42,0x00,0x3C,0x00,
    0x00,0x00,0x00,0x00,0x41,0x00,0x42,0x00,0x44,0x00,0x48,0x00,0x70,0x00,0x50,0x00,0x48,0x00,0x44,0x00,0x42,0x00,0x41,0x00,0x30,0x00,0x90,0x00,0x60,0x00,
    0x00,0x00,0x00,0x00,0x40,0x00,0x40,0x00,0x40,0x00,0x41,0x00,0x46,0x00,0x58,0x00,0x60,0x00,0x58,0x00,0x46,0x00,0x41,0x00,0x30,0x00,0x90,0x00,0x60,0x00,
    0x00,0x00,0x00,0x00,0x00,0x00,0x00,0x00,0x00,0x00,0x41,0x00,0x42,0x00,0x44,0x00,0x78,0x00,0x44,0x00,0x42,0x00,0x41,0x00,0x00,0x00,0x00,0x00,0x00,0x00,
    0x02,0x00,0x04,0x00,0x08,0x00,0x00,0x00,0x40,0x00,0x40,0x00,0x40,0x00,0x40,0x00,0x40,0x00,0x40,0x00,0x40,0x00,0x7F,0x00,0x00,0x00,0x00,0x00,0x00,0x00,
    0x02,0x00,0x04,0x00,0x08,0x00,0x00,0x00,0x38,0x00,0x08,0x00,0x08,0x00,0x08,0x00,0x08,0x00,0x08,0x00,0x08,0x00,0x3E,0x00,0x00,0x00,0x00,0x00,0x00,0x00,
    0x00,0x00,0x00,0x00,0x40,0x00,0x40,0x00,0x40,0x00,0x40,0x00,0x40,0x00,0x40,0x00,0x40,0x00,0x40,0x00,0x40,0x00,0x7F,0x00,0x0C,0x00,0x24,0x00,0x18,0x00,
    0x00,0x00,0x00,0x00,0x38,0x00,0x08,0x00,0x08,0x00,0x08,0x00,0x08,0x00,0x08,0x00,0x08,0x00,0x08,0x00,0x08,0x00,0x3E,0x00,0x0C,0x00,0x24,0x00,0x18,0x00,
    0x00,0x00,0x22,0x00,0x14,0x00,0x08,0x00,0x40,0x00,0x40,0x00,0x40,0x00,0x40,0x00,0x40,0x00,0x40,0x00,0x40,0x00,0x7F,0x00,0x00,0x00,0x00,0x00,0x00,0x00,
    0x22,0x00,0x14,0x00,0x08,0x00,0x00,0x00,0x38,0x00,0x08,0x00,0x08,0x00,0x08,0x00,0x08,0x00,0x08,0x00,0x08,0x00,0x3E,0x00,0x00,0x00,0x00,0x00,0x00,0x00,
    0x00,0x00,0x00,0x00,0x40,0x00,0x40,0x00,0x40,0x00,0x44,0x00,0x44,0x00,0x40,0x00,0x40,0x00,0x40,0x00,0x40,0x00,0x7F,0x00,0x00,0x00,0x00,0x00,0x00,0x00,
    0x00,0x00,0x00,0x00,0x70,0x00,0x10,0x00,0x10,0x00,0x12,0x00,0x12,0x00,0x10,0x00,0x10,0x00,0x10,0x00,0x10,0x00,0x7C,0x00,0x00,0x00,0x00,0x00,0x00,0x00,
    0x00,0x00,0x00,0x00,0x40,0x00,0x40,0x00,0x40,0x00,0x50,0x00,0x60,0x00,0xC0,0x00,0x40,0x00,0x40,0x00,0x40,0x00,0x7F,0x00,0x00,0x00,0x00,0x00,0x00,0x00,
    0x00,0x00,0x00,0x00,0x38,0x00,0x08,0x00,0x08,0x00,0x0A,0x00,0x0C,0x00,0x18,0x00,0x08,0x00,0x08,0x00,0x08,0x00,0x3E,0x00,0x00,0x00,0x00,0x00,0x00,0x00,
    0x00,0x00,0x02,0x00,0x04,0x00,0x08,0x00,0x41,0x00,0x41,0x00,0x61,0x00,0x51,0x00,0x49,0x00,0x45,0x00,0x43,0x00,0x41,0x00,0x00,0x00,0x00,0x00,0x00,0x00,
    0x00,0x00,0x02,0x00,0x04,0x00,0x08,0x00,0x00,0x00,0x5E,0x00,0x61,0x00,0x41,0x00,0x41,0x00,0x41,0x00,0x41,0x00,0x41,0x00,0x00,0x00,0x00,0x00,0x00,0x00,
    0x00,0x00,0x00,0x00,0x41,0x00,0x41,0x00,0x61,0x00,0x51,0x00,0x49,0x00,0x45,0x00,0x43,0x00,0x41,0x00,0x41,0x00,0x41,0x00,0x20,0x00,0x90,0x00,0x60,0x00,
    0x00,0x00,0x00,0x00,0x00,0x00,0x00,0x00,0x00,0x00,0x5E,0x00,0x61,0x00,0x41,0x00,0x41,0x00,0x41,0x00,0x41,0x00,0x41,0x00,0x20,0x00,0x90,0x00,0x60,0x00,
    0x22,0x00,0x14,0x00,0x08,0x00,0x41,0x00,0x41,0x00,0x61,0x00,0x51,0x00,0x49,0x00,0x45,0x00,0x43,0x00,0x41,0x00,0x41,0x00,0x00,0x00,0x00,0x00,0x00,0x00,
    0x00,0x00,0x22,0x00,0x14,0x00,0x08,0x00,0x00,0x00,0x5E,0x00,0x61,0x00,0x41,0x00,0x41,0x00,0x41,0x00,0x41,0x00,0x41,0x00,0x00,0x00,0x00,0x00,0x00,0x00,
    0x00,0x00,0xC0,0x00,0x40,0x00,0x80,0x00,0x00,0x00,0x5E,0x00,0x61,0x00,0x41,0x00,0x41,0x00,0x41,0x00,0x41,0x00,0x41,0x00,0x00,0x00,0x00,0x00,0x00,0x00,
    0x00,0x00,0x00,0x00,0x41,0x00,0x41,0x00,0x61,0x00,0x51,0x00,0x49,0x00,0x45,0x00,0x43,0x00,0x41,0x00,0x41,0x00,0x41,0x00,0x09,0x00,0x06,0x00,0x00,0x00,
    0x00,0x00,0x00,0x00,0x00,0x00,0x00,0x00,0x00,0x00,0x5E,0x00,0x61,0x00,0x41,0x00,0x41,0x00,0x41,0x00,0x41,0x00,0x41,0x00,0x09,0x00,0x06,0x00,0x00,0x00,
    0x00,0x00,0x00,0x00,0x3E,0x00,0x00,0x00,0x3E,0x00,0x41,0x00,0x41,0x00,0x41,0x00,0x41,0x00,0x41,0x00,0x41,0x00,0x3E,0x00,0x00,0x00,0x00,0x00,0x00,0x00,
    0x00,0x00,0x00,0x00,0x00,0x00,0x3E,0x00,0x00,0x00,0x3E,0x00,0x41,0x00,0x41,0x00,0x41,0x00,0x41,0x00,0x41,0x00,0x3E,0x00,0x00,0x00,0x00,0x00,0x00,0x00,
    0x00,0x00,0x22,0x00,0x1C,0x00,0x00,0x00,0x3E,0x00,0x41,0x00,0x41,0x00,0x41,0x00,0x41,0x00,0x41,0x00,0x41,0x00,0x3E,0x00,0x00,0x00,0x00,0x00,0x00,0x00,
    0x00,0x00,0x00,0x00,0x22,0x00,0x1C,0x00,0x00,0x00,0x3E,0x00,0x41,0x00,0x41,0x00,0x41,0x00,0x41,0x00,0x41,0x00,0x3E,0x00,0x00,0x00,0x00,0x00,0x00,0x00,
    0x00,0x00,0x11,0x00,0x22,0x00,0x00,0x00,0x3E,0x00,0x41,0x00,0x41,0x00,0x41,0x00,0x41,0x00,0x41,0x00,0x41,0x00,0x3E,0x00,0x00,0x00,0x00,0x00,0x00,0x00,
    0x00,0x00,0x00,0x00,0x11,0x00,0x22,0x00,0x00,0x00,0x3E,0x00,0x41,0x00,0x41,0x00,0x41,0x00,0x41,0x00,0x41,0x00,0x3E,0x00,0x00,0x00,0x00,0x00,0x00,0x00,
    0x00,0x00,0x00,0x00,0x3F,0x00,0x48,0x00,0x48,0x00,0x48,0x00,0x4E,0x00,0x48,0x00,0x48,0x00,0x48,0x00,0x48,0x00,0x3F,0x00,0x00,0x00,0x00,0x00,0x00,0x00,
    0x00,0x00,0x00,0x00,0x00,0x00,0x00,0x00,0x00,0x00,0x36,0x00,0x49,0x00,0x49,0x00,0x4F,0x00,0x48,0x00,0x49,0x00,0x36,0x00,0x00,0x00,0x00,0x00,0x00,0x00,
    0x02,0x00,0x04,0x00,0x08,0x00,0x00,0x00,0x7E,0x00,0x41,0x00,0x41,0x00,0x41,0x00,0x7E,0x00,0x42,0x00,0x41,0x00,0x41,0x00,0x00,0x00,0x00,0x00,0x00,0x00,
    0x00,0x00,0x02,0x00,0x04,0x00,0x08,0x00,0x00,0x00,0x4E,0x00,0x31,0x00,0x21,0x00,0x20,0x00,0x20,0x00,0x20,0x00,0x20,0x00,0x00,0x00,0x00,0x00,0x00,0x00,
    0x00,0x00,0x00,0x00,0x7E,0x00,0x41,0x00,0x41,0x00,0x41,0x00,0x7E,0x00,0x48,0x00,0x44,0x00,0x42,0x00,0x41,0x00,0x41,0x00,0x30,0x00,0x90,0x00,0x60,0x00,
    0x00,0x00,0x00,0x00,0x00,0x00,0x00,0x00,0x00,0x00,0x4E,0x00,0x31,0x00,0x21,0x00,0x20,0x00,0x20,0x00,0x20,0x00,0x20,0x00,0x30,0x00,0x90,0x00,0x60,0x00,
    0x22,0x00,0x14,0x00,0x08,0x00,0x00,0x00,0x7E,0x00,0x41,0x00,0x41,0x00,0x41,0x00,0x7E,0x00,0x42,0x00,0x41,0x00,0x41,0x00,0x00,0x00,0x00,0x00,0x00,0x00,
    0x00,0x00,0x22,0x00,0x14,0x00,0x08,0x00,0x00,0x00,0x4E,0x00,0x31,0x00,0x21,0x00,0x20,0x00,0x20,0x00,0x20,0x00,0x20,0x00,0x00,0x00,0x00,0x00,0x00,0x00,
    0x02,0x00,0x04,0x00,0x08,0x00,0x00,0x00,0x3E,0x00,0x41,0x00,0x40,0x00,0x3E,0x00,0x01,0x00,0x41,0x00,0x41,0x00,0x3E,0x00,0x00,0x00,0x00,0x00,0x00,0x00,
    0x00,0x00,0x02,0x00,0x04,0x00,0x08,0x00,0x00,0x00,0x3E,0x00,0x41,0x00,0x40,0x00,0x3E,0x00,0x01,0x00,0x41,0x00,0x3E,0x00,0x00,0x00,0x00,0x00,0x00,0x00,
    0x08,0x00,0x14,0x00,0x22,0x00,0x00,0x00,0x3E,0x00,0x41,0x00,0x40,0x00,0x3E,0x00,0x01,0x00,0x41,0x00,0x41,0x00,0x3E,0x00,0x00,0x00,0x00,0x00,0x00,0x00,
    0x00,0x00,0x08,0x00,0x14,0x00,0x22,0x00,0x00,0x00,0x3E,0x00,0x41,0x00,0x40,0x00,0x3E,0x00,0x01,0x00,0x41,0x00,0x3E,0x00,0x00,0x00,0x00,0x00,0x00,0x00,
    0x00,0x00,0x00,0x00,0x3E,0x00,0x41,0x00,0x40,0x00,0x40,0x00,0x3E,0x00,0x01,0x00,0x01,0x00,0x41,0x00,0x41,0x00,0x3E,0x00,0x0C,0x00,0x24,0x00,0x18,0x00,
    0x00,0x00,0x00,0x00,0x00,0x00,0x00,0x00,0x00,0x00,0x3E,0x00,0x41,0x00,0x40,0x00,0x3E,0x00,0x01,0x00,0x41,0x00,0x3E,0x00,0x0C,0x00,0x24,0x00,0x18,0x00,
    0x22,0x00,0x14,0x00,0x08,0x00,0x00,0x00,0x3E,0x00,0x41,0x00,0x40,0x00,0x3E,0x00,0x01,0x00,0x41,0x00,0x41,0x00,0x3E,0x00,0x00,0x00,0x00,0x00,0x00,0x00,
    0x00,0x00,0x22,0x00,0x14,0x00,0x08,0x00,0x00,0x00,0x3E,0x00,0x41,0x00,0x40,0x00,0x3E,0x00,0x01,0x00,0x41,0x00,0x3E,0x00,0x00,0x00,0x00,0x00,0x00,0x00,
    0x00,0x00,0x00,0x00,0x7F,0x00,0x08,0x00,0x08,0x00,0x08,0x00,0x08,0x00,0x08,0x00,0x08,0x00,0x08,0x00,0x08,0x00,0x0C,0x00,0x24,0x00,0x18,0x00,0x00,0x00,
    0x00,0x00,0x00,0x00,0x00,0x00,0x10,0x00,0x10,0x00,0x7E,0x00,0x10,0x00,0x10,0x00,0x10,0x00,0x10,0x00,0x11,0x00,0x0E,0x00,0x24,0x00,0x18,0x00,0x00,0x00,
    0x22,0x00,0x14,0x00,0x08,0x00,0x00,0x00,0x7F,0x00,0x08,0x00,0x08,0x00,0x08,0x00,0x08,0x00,0x08,0x00,0x08,0x00,0x08,0x00,0x00,0x00,0x00,0x00,0x00,0x00,
    0x11,0x00,0x0A,0x00,0x04,0x00,0x10,0x00,0x10,0x00,0x7E,0x00,0x10,0x00,0x10,0x00,0x10,0x00,0x10,0x00,0x11,0x00,0x0E,0x00,0x00,0x00,0x00,0x00,0x00,0x00,
    0x00,0x00,0x00,0x00,0x7F,0x00,0x08,0x00,0x08,0x00,0x3E,0x00,0x08,0x00,0x08,0x00,0x08,0x00,0x08,0x00,0x08,0x00,0x08,0x00,0x00,0x00,0x00,0x00,0x00,0x00,
    0x00,0x00,0x00,0x00,0x00,0x00,0x10,0x00,0x10,0x00,0x7E,0x00,0x10,0x00,0x7C,0x00,0x10,0x00,0x10,0x00,0x11,0x00,0x0E,0x00,0x00,0x00,0x00,0x00,0x00,0x00,
    0x00,0x00,0x31,0x00,0x4E,0x00,0x00,0x00,0x41,0x00,0x41,0x00,0x41,0x00,0x41,0x00,0x41,0x00,0x41,0x00,0x41,0x00,0x3E,0x00,0x00,0x00,0x00,0x00,0x00,0x00,
    0x00,0x00,0x00,0x00,0x32,0x00,0x4C,0x00,0x00,0x00,0x42,0x00,0x42,0x00,0x42,0x00,0x42,0x00,0x42,0x00,0x42,0x00,0x3D,0x00,0x00,0x00,0x00,0x00,0x00,0x00,
    0x00,0x00,0x00,0x00,0x3E,0x00,0x00,0x00,0x41,0x00,0x41,0x00,0x41,0x00,0x41,0x00,0x41,0x00,0x41,0x00,0x41,0x00,0x3E,0x00,0x00,0x00,0x00,0x00,0x00,0x00,
    0x00,0x00,0x00,0x00,0x00,0x00,0x7E,0x00,0x00,0x00,0x42,0x00,0x42,0x00,0x42,0x00,0x42,0x00,0x42,0x00,0x42,0x00,0x3D,0x00,0x00,0x00,0x00,0x00,0x00,0x00,
    0x00,0x00,0x22,0x00,0x1C,0x00,0x00,0x00,0x41,0x00,0x41,0x00,0x41,0x00,0x41,0x00,0x41,0x00,0x41,0x00,0x41,0x00,0x3E,0x00,0x00,0x00,0x00,0x00,0x00,0x00,
    0x00,0x00,0x00,0x00,0x22,0x00,0x1C,0x00,0x00,0x00,0x42,0x00,0x42,0x00,0x42,0x00,0x42,0x00,0x42,0x00,0x42,0x00,0x3D,0x00,0x00,0x00,0x00,0x00,0x00,0x00,
    0x00,0x00,0x0C,0x00,0x12,0x00,0x0C,0x00,0x41,0x00,0x41,0x00,0x41,0x00,0x41,0x00,0x41,0x00,0x41,0x00,0x41,0x00,0x3E,0x00,0x00,0x00,0x00,0x00,0x00,0x00,
    0x00,0x00,0x00,0x00,0x18,0x00,0x24,0x00,0x18,0x00,0x42,0x00,0x42,0x00,0x42,0x00,0x42,0x00,0x42,0x00,0x42,0x00,0x3D,0x00,0x00,0x00,0x00,0x00,0x00,0x00,
    0x00,0x00,0x11,0x00,0x22,0x00,0x00,0x00,0x41,0x00,0x41,0x00,0x41,0x00,0x41,0x00,0x41,0x00,0x41,0x00,0x41,0x00,0x3E,0x00,0x00,0x00,0x00,0x00,0x00,0x00,
    0x00,0x00,0x00,0x00,0x12,0x00,0x24,0x00,0x00,0x00,0x42,0x00,0x42,0x00,0x42,0x00,0x42,0x00,0x42,0x00,0x42,0x00,0x3D,0x00,0x00,0x00,0x00,0x00,0x00,0x00,
    0x00,0x00,0x00,0x00,0x41,0x00,0x41,0x00,0x41,0x00,0x41,0x00,0x41,0x00,0x41,0x00,0x41,0x00,0x41,0x00,0x41,0x00,0x3E,0x00,0x10,0x00,0x18,0x00,0x00,0x00,
    0x00,0x00,0x00,0x00,0x00,0x00,0x00,0x00,0x00,0x00,0x42,0x00,0x42,0x00,0x42,0x00,0x42,0x00,0x42,0x00,0x42,0x00,0x3D,0x00,0x08,0x00,0x0C,0x00,0x00,0x00,
    0x08,0x00,0x14,0x00,0x22,0x00,0x00,0x00,0x41,0x00,0x41,0x00,0x41,0x00,0x49,0x00,0x49,0x00,0x49,0x00,0x55,0x00,0x22,0x00,0x00,0x00,0x00,0x00,0x00,0x00,
    0x00,0x00,0x08,0x00,0x14,0x00,0x22,0x00,0x00,0x00,0x41,0x00,0x41,0x00,0x49,0x00,0x49,0x00,0x49,0x00,0x55,0x00,0x22,0x00,0x00,0x00,0x00,0x00,0x00,0x00,
    0x08,0x00,0x14,0x00,0x22,0x00,0x00,0x00,0x41,0x00,0x41,0x00,0x22,0x00,0x14,0x00,0x08,0x00,0x08,0x00,0x08,0x00,0x08,0x00,0x00,0x00,0x00,0x00,0x00,0x00,
    0x00,0x00,0x08,0x00,0x14,0x00,0x22,0x00,0x00,0x00,0x42,0x00,0x42,0x00,0x42,0x00,0x42,0x00,0x42,0x00,0x46,0x00,0x3A,0x00,0x02,0x00,0x42,0x00,0x3C,0x00,
    0x00,0x00,0x22,0x00,0x22,0x00,0x00,0x00,0x41,0x00,0x41,0x00,0x22,0x00,0x14,0x00,0x08,0x00,0x08,0x00,0x08,0x00,0x08,0x00,0x00,0x00,0x00,0x00,0x00,0x00,
    0x02,0x00,0x04,0x00,0x08,0x00,0x00,0x00,0x7F,0x00,0x02,0x00,0x04,0x00,0x08,0x00,0x10,0x00,0x20,0x00,0x40,0x00,0x7F,0x00,0x00,0x00,0x00,0x00,0x00,0x00,
    0x00,0x00,0x02,0x00,0x04,0x00,0x08,0x00,0x00,0x00,0x7F,0x00,0x02,0x00,0x04,0x00,0x08,0x00,0x10,0x00,0x20,0x00,0x7F,0x00,0x00,0x00,0x00,0x00,0x00,0x00,
    0x00,0x00,0x0C,0x00,0x00,0x00,0x7F,0x00,0x01,0x00,0x02,0x00,0x04,0x00,0x08,0x00,0x10,0x00,0x20,0x00,0x40,0x00,0x7F,0x00,0x00,0x00,0x00,0x00,0x00,0x00,
    0x00,0x00,0x00,0x00,0x00,0x00,0x0C,0x00,0x00,0x00,0x7F,0x00,0x02,0x00,0x04,0x00,0x08,0x00,0x10,0x00,0x20,0x00,0x7F,0x00,0x00,0x00,0x00,0x00,0x00,0x00,
    0x22,0x00,0x14,0x00,0x08,0x00,0x00,0x00,0x7F,0x00,0x02,0x00,0x04,0x00,0x08,0x00,0x10,0x00,0x20,0x00,0x40,0x00,0x7F,0x00,0x00,0x00,0x00,0x00,0x00,0x00,
    0x00,0x00,0x22,0x00,0x14,0x00,0x08,0x00,0x00,0x00,0x7F,0x00,0x02,0x00,0x04,0x00,0x08,0x00,0x10,0x00,0x20,0x00,0x7F,0x00,0x00,0x00,0x00,0x00,0x00,0x00,
    0x00,0x00,0x00,0x00,0x0E,0x00,0x11,0x00,0x10,0x00,0x10,0x00,0x30,0x00,0x10,0x00,0x10,0x00,0x10,0x00,0x10,0x00,0x10,0x00,0x00,0x00,0x00,0x00,0x00,0x00,
    0x00,0x00,0x00,0x00,0x1C,0x00,0x22,0x00,0x41,0x00,0x01,0x00,0x01,0x00,0x7F,0x00,0x41,0x00,0x41,0x00,0x22,0x00,0x1C,0x00,0x00,0x00,0x00,0x00,0x00,0x00,
    0x00,0x00,0x00,0x00,0x0E,0x00,0x11,0x00,0x11,0x00,0x10,0x00,0x10,0x00,0x7C,0x00,0x10,0x00,0x10,0x00,0x10,0x00,0x10,0x00,0x10,0x00,0x60,0x00,0x00,0x00,
    0x00,0x00,0x00,0x00,0x3C,0x80,0x42,0x80,0x43,0x00,0x42,0x00,0x42,0x00,0x42,0x00,0x42,0x00,0x42,0x00,0x42,0x00,0x3C,0x00,0x00,0x00,0x00,0x00,0x00,0x00,
    0x00,0x00,0x00,0x00,0x00,0x00,0x00,0x00,0x00,0x00,0x3C,0x80,0x42,0x80,0x43,0x00,0x42,0x00,0x42,0x00,0x42,0x00,0x3C,0x00,0x00,0x00,0x00,0x00,0x00,0x00,
    0x00,0x00,0x00,0x00,0x42,0x80,0x42,0x80,0x43,0x00,0x42,0x00,0x42,0x00,0x42,0x00,0x42,0x00,0x42,0x00,0x42,0x00,0x3C,0x00,0x00,0x00,0x00,0x00,0x00,0x00,
    0x00,0x00,0x00,0x00,0x00,0x00,0x00,0x00,0x00,0x00,0x42,0x80,0x42,0x80,0x43,0x00,0x42,0x00,0x42,0x00,0x42,0x00,0x3D,0x00,0x00,0x00,0x00,0x00,0x00,0x00,
    0x00,0x00,0x00,0x00,0x7F,0x00,0x01,0x00,0x02,0x00,0x04,0x00,0x3E,0x00,0x10,0x00,0x20,0x00,0x40,0x00,0x40,0x00,0x7F,0x00,0x00,0x00,0x00,0x00,0x00,0x00,
    0x00,0x00,0x00,0x00,0x00,0x00,0x00,0x00,0x00,0x00,0x7F,0x00,0x02,0x00,0x04,0x00,0x3E,0x00,0x10,0x00,0x20,0x00,0x7F,0x00,0x00,0x00,0x00,0x00,0x00,0x00,
    0x22,0x00,0x14,0x00,0x08,0x00,0x00,0x00,0x3E,0x00,0x41,0x00,0x41,0x00,0x41,0x00,0x41,0x00,0x41,0x00,0x41,0x00,0x3E,0x00,0x00,0x00,0x00,0x00,0x00,0x00,
    0x00,0x00,0x22,0x00,0x14,0x00,0x08,0x00,0x00,0x00,0x3E,0x00,0x41,0x00,0x41,0x00,0x41,0x00,0x41,0x00,0x41,0x00,0x3E,0x00,0x00,0x00,0x00,0x00,0x00,0x00,
    0x22,0x00,0x14,0x00,0x08,0x00,0x00,0x00,0x3E,0x00,0x41,0x00,0x40,0x00,0x40,0x00,0x47,0x00,0x41,0x00,0x41,0x00,0x3E,0x00,0x00,0x00,0x00,0x00,0x00,0x00,
    0x00,0x00,0x22,0x00,0x14,0x00,0x08,0x00,0x00,0x00,0x3D,0x00,0x42,0x00,0x42,0x00,0x42,0x00,0x3C,0x00,0x40,0x00,0x3E,0x00,0x41,0x00,0x41,0x00,0x3E,0x00,
    0x04,0x00,0x08,0x00,0x00,0x00,0x1C,0x00,0x22,0x00,0x1C,0x00,0x14,0x00,0x22,0x00,0x41,0x00,0x7F,0x00,0x41,0x00,0x41,0x00,0x00,0x00,0x00,0x00,0x00,0x00,
    0x04,0x00,0x08,0x00,0x00,0x00,0x0C,0x00,0x12,0x00,0x0C,0x00,0x3E,0x00,0x01,0x00,0x3F,0x00,0x41,0x00,0x43,0x00,0x3D,0x00,0x00,0x00,0x00,0x00,0x00,0x00,
    0x02,0x00,0x04,0x00,0x08,0x00,0x00,0x00,0x3F,0x00,0x48,0x00,0x48,0x00,0x7E,0x00,0x48,0x00,0x48,0x00,0x48,0x00,0x4F,0x00,0x00,0x00,0x00,0x00,0x00,0x00,
    0x00,0x00,0x02,0x00,0x04,0x00,0x08,0x00,0x00,0x00,0x36,0x00,0x49,0x00,0x09,0x00,0x3E,0x00,0x48,0x00,0x49,0x00,0x37,0x00,0x00,0x00,0x00,0x00,0x00,0x00,
    0x02,0x00,0x04,0x00,0x08,0x00,0x01,0x00,0x3E,0x00,0x43,0x00,0x45,0x00,0x49,0x00,0x49,0x00,0x51,0x00,0x61,0x00,0x3E,0x00,0x40,0x00,0x00,0x00,0x00,0x00,
    0x00,0x00,0x02,0x00,0x04,0x00,0x08,0x00,0x01,0x00,0x3E,0x00,0x45,0x00,0x45,0x00,0x49,0x00,0x51,0x00,0x51,0x00,0x3E,0x00,0x40,0x00,0x00,0x00,0x00,0x00,
    0x00,0x00,0x00,0x00,0x3E,0x00,0x41,0x00,0x41,0x00,0x40,0x00,0x38,0x00,0x06,0x00,0x01,0x00,0x41,0x00,0x41,0x00,0x3E,0x00,0x0C,0x00,0x04,0x00,0x08,0x00,
    0x00,0x00,0x00,0x00,0x00,0x00,0x00,0x00,0x00,0x00,0x3E,0x00,0x41,0x00,0x40,0x00,0x3E,0x00,0x01,0x00,0x41,0x00,0x3E,0x00,0x0C,0x00,0x04,0x00,0x08,0x00,
    0x00,0x00,0x00,0x00,0x7F,0x00,0x08,0x00,0x08,0x00,0x08,0x00,0x08,0x00,0x08,0x00,0x08,0x00,0x08,0x00,0x08,0x00,0x08,0x00,0x0C,0x00,0x04,0x00,0x08,0x00,
    0x00,0x00,0x00,0x00,0x00,0x00,0x10,0x00,0x10,0x00,0x7E,0x00,0x10,0x00,0x10,0x00,0x10,0x00,0x10,0x00,0x11,0x00,0x0E,0x00,0x0C,0x00,0x04,0x00,0x08,0x00,
    0x00,0x00,0x00,0x00,0x00,0x00,0x00,0x00,0x00,0x00,0x3E,0x00,0x01,0x00,0x01,0x00,0x7F,0x00,0x41,0x00,0x41,0x00,0x3E,0x00,0x00,0x00,0x00,0x00,0x00,0x00,
    0x00,0x00,0x00,0x00,0x0C,0x00,0x0C,0x00,0x04,0x00,0x08,0x00,0x00,0x00,0x00,0x00,0x00,0x00,0x00,0x00,0x00,0x00,0x00,0x00,0x00,0x00,0x00,0x00,0x00,0x00,
    0x00,0x00,0x00,0x00,0x0C,0x00,0x0C,0x00,0x08,0x00,0x04,0x00,0x00,0x00,0x00,0x00,0x00,0x00,0x00,0x00,0x00,0x00,0x00,0x00,0x00,0x00,0x00,0x00,0x00,0x00,
    0x00,0x00,0x00,0x00,0x08,0x00,0x14,0x00,0x22,0x00,0x00,0x00,0x00,0x00,0x00,0x00,0x00,0x00,0x00,0x00,0x00,0x00,0x00,0x00,0x00,0x00,0x00,0x00,0x00,0x00,
    0x00,0x00,0x00,0x00,0x22,0x00,0x14,0x00,0x08,0x00,0x00,0x00,0x00,0x00,0x00,0x00,0x00,0x00,0x00,0x00,0x00,0x00,0x00,0x00,0x00,0x00,0x00,0x00,0x00,0x00,
    0x00,0x00,0x00,0x00,0x3E,0x00,0x00,0x00,0x00,0x00,0x00,0x00,0x00,0x00,0x00,0x00,0x00,0x00,0x00,0x00,0x00,0x00,0x00,0x00,0x00,0x00,0x00,0x00,0x00,0x00,
    0x00,0x00,0x00,0x00,0x00,0x00,0x00,0x00,0x00,0x00,0x08,0x00,0x08,0x00,0x3E,0x00,0x08,0x00,0x08,0x00,0x00,0x00,0x00,0x00,0x00,0x00,0x00,0x00,0x00,0x00,
    0x00,0x00,0x22,0x00,0x1C,0x00,0x00,0x00,0x00,0x00,0x00,0x00,0x00,0x00,0x00,0x00,0x00,0x00,0x00,0x00,0x00,0x00,0x00,0x00,0x00,0x00,0x00,0x00,0x00,0x00,
    0x00,0x00,0x08,0x00,0x08,0x00,0x00,0x00,0x00,0x00,0x00,0x00,0x00,0x00,0x00,0x00,0x00,0x00,0x00,0x00,0x00,0x00,0x00,0x00,0x00,0x00,0x00,0x00,0x00,0x00,
    0x00,0x00,0x18,0x00,0x24,0x00,0x18,0x00,0x00,0x00,0x00,0x00,0x00,0x00,0x00,0x00,0x00,0x00,0x00,0x00,0x00,0x00,0x00,0x00,0x00,0x00,0x00,0x00,0x00,0x00,
    0x00,0x00,0x00,0x00,0x00,0x00,0x00,0x00,0x00,0x00,0x00,0x00,0x00,0x00,0x00,0x00,0x00,0x00,0x00,0x00,0x00,0x00,0x00,0x00,0x10,0x00,0x20,0x00,0x1C,0x00,
    0x00,0x00,0x39,0x00,0x4E,0x00,0x00,0x00,0x00,0x00,0x00,0x00,0x00,0x00,0x00,0x00,0x00,0x00,0x00,0x00,0x00,0x00,0x00,0x00,0x00,0x00,0x00,0x00,0x00,0x00,
    0x00,0x00,0x11,0x00,0x22,0x00,0x44,0x00,0x00,0x00,0x00,0x00,0x00,0x00,0x00,0x00,0x00,0x00,0x00,0x00,0x00,0x00,0x00,0x00,0x00,0x00,0x00,0x00,0x00,0x00,
    0x20,0x00,0x10,0x00,0x08,0x00,0x00,0x00,0x00,0x00,0x00,0x00,0x00,0x00,0x00,0x00,0x00,0x00,0x00,0x00,0x00,0x00,0x00,0x00,0x00,0x00,0x00,0x00,0x00,0x00,
    0x02,0x00,0x04,0x00,0x08,0x00,0x00,0x00,0x00,0x00,0x00,0x00,0x00,0x00,0x00,0x00,0x00,0x00,0x00,0x00,0x00,0x00,0x00,0x00,0x00,0x00,0x00,0x00,0x00,0x00,
    0x08,0x00,0x14,0x00,0x22,0x00,0x00,0x00,0x00,0x00,0x00,0x00,0x00,0x00,0x00,0x00,0x00,0x00,0x00,0x00,0x00,0x00,0x00,0x00,0x00,0x00,0x00,0x00,0x00,0x00,
    0x00,0x00,0x39,0x00,0x4E,0x00,0x00,0x00,0x00,0x00,0x00,0x00,0x00,0x00,0x00,0x00,0x00,0x00,0x00,0x00,0x00,0x00,0x00,0x00,0x00,0x00,0x00,0x00,0x00,0x00,
    0x00,0x00,0x00,0x00,0x7E,0x00,0x00,0x00,0x00,0x00,0x00,0x00,0x00,0x00,0x00,0x00,0x00,0x00,0x00,0x00,0x00,0x00,0x00,0x00,0x00,0x00,0x00,0x00,0x00,0x00,
    0x00,0x00,0xFF,0x80,0x00,0x00,0x00,0x00,0x00,0x00,0x00,0x00,0x00,0x00,0x00,0x00,0x00,0x00,0x00,0x00,0x00,0x00,0x00,0x00,0x00,0x00,0x00,0x00,0x00,0x00,
    0x00,0x00,0x22,0x00,0x1C,0x00,0x00,0x00,0x00,0x00,0x00,0x00,0x00,0x00,0x00,0x00,0x00,0x00,0x00,0x00,0x00,0x00,0x00,0x00,0x00,0x00,0x00,0x00,0x00,0x00,
    0x00,0x00,0x08,0x00,0x08,0x00,0x00,0x00,0x00,0x00,0x00,0x00,0x00,0x00,0x00,0x00,0x00,0x00,0x00,0x00,0x00,0x00,0x00,0x00,0x00,0x00,0x00,0x00,0x00,0x00,
    0x00,0x00,0x22,0x00,0x22,0x00,0x00,0x00,0x00,0x00,0x00,0x00,0x00,0x00,0x00,0x00,0x00,0x00,0x00,0x00,0x00,0x00,0x00,0x00,0x00,0x00,0x00,0x00,0x00,0x00,
    0x00,0x00,0x18,0x00,0x04,0x00,0x08,0x00,0x00,0x00,0x00,0x00,0x00,0x00,0x00,0x00,0x00,0x00,0x00,0x00,0x00,0x00,0x00,0x00,0x00,0x00,0x00,0x00,0x00,0x00,
    0x0C,0x00,0x12,0x00,0x0C,0x00,0x00,0x00,0x00,0x00,0x00,0x00,0x00,0x00,0x00,0x00,0x00,0x00,0x00,0x00,0x00,0x00,0x00,0x00,0x00,0x00,0x00,0x00,0x00,0x00,
    0x00,0x00,0x12,0x00,0x24,0x00,0x00,0x00,0x00,0x00,0x00,0x00,0x00,0x00,0x00,0x00,0x00,0x00,0x00,0x00,0x00,0x00,0x00,0x00,0x00,0x00,0x00,0x00,0x00,0x00,
    0x22,0x00,0x14,0x00,0x08,0x00,0x00,0x00,0x00,0x00,0x00,0x00,0x00,0x00,0x00,0x00,0x00,0x00,0x00,0x00,0x00,0x00,0x00,0x00,0x00,0x00,0x00,0x00,0x00,0x00,
    0x08,0x00,0x08,0x00,0x08,0x00,0x00,0x00,0x00,0x00,0x00,0x00,0x00,0x00,0x00,0x00,0x00,0x00,0x00,0x00,0x00,0x00,0x00,0x00,0x00,0x00,0x00,0x00,0x00,0x00,
    0x22,0x00,0x22,0x00,0x22,0x00,0x00,0x00,0x00,0x00,0x00,0x00,0x00,0x00,0x00,0x00,0x00,0x00,0x00,0x00,0x00,0x00,0x00,0x00,0x00,0x00,0x00,0x00,0x00,0x00,
    0x00,0x00,0x24,0x00,0x12,0x00,0x00,0x00,0x00,0x00,0x00,0x00,0x00,0x00,0x00,0x00,0x00,0x00,0x00,0x00,0x00,0x00,0x00,0x00,0x00,0x00,0x00,0x00,0x00,0x00,
    0x08,0x00,0x22,0x00,0x1C,0x00,0x00,0x00,0x00,0x00,0x00,0x00,0x00,0x00,0x00,0x00,0x00,0x00,0x00,0x00,0x00,0x00,0x00,0x00,0x00,0x00,0x00,0x00,0x00,0x00,
    0x00,0x00,0x1C,0x00,0x22,0x00,0x00,0x00,0x00,0x00,0x00,0x00,0x00,0x00,0x00,0x00,0x00,0x00,0x00,0x00,0x00,0x00,0x00,0x00,0x00,0x00,0x00,0x00,0x00,0x00,
    0x00,0x00,0x00,0x00,0x00,0x00,0x00,0x00,0x00,0x00,0x00,0x00,0x00,0x00,0x00,0x00,0x00,0x00,0x00,0x00,0x00,0x00,0x00,0x00,0x00,0x00,0x08,0x00,0x08,0x00,
    0x00,0x00,0x00,0x00,0x00,0x00,0x00,0x00,0x00,0x00,0x00,0x00,0x00,0x00,0x00,0x00,0x00,0x00,0x00,0x00,0x00,0x00,0x00,0x00,0x00,0x00,0x22,0x00,0x22,0x00,
    0x00,0x00,0x01,0x00,0x01,0x00,0x02,0x00,0x02,0x00,0x04,0x00,0x04,0x00,0x08,0x00,0x10,0x00,0x10,0x00,0x20,0x00,0x20,0x00,0x40,0x00,0x40,0x00,0x00,0x00,
    0x40,0x00,0x20,0x00,0x00,0x00,0x00,0x00,0x00,0x00,0x00,0x00,0x00,0x00,0x00,0x00,0x00,0x00,0x00,0x00,0x00,0x00,0x00,0x00,0x00,0x00,0x00,0x00,0x00,0x00,
    0x01,0x00,0x02,0x00,0x00,0x00,0x00,0x00,0x00,0x00,0x00,0x00,0x00,0x00,0x00,0x00,0x00,0x00,0x00,0x00,0x00,0x00,0x00,0x00,0x00,0x00,0x00,0x00,0x00,0x00,
    0x00,0x00,0x04,0x00,0x08,0x00,0x10,0x00,0x00,0x00,0x00,0x00,0x00,0x00,0x00,0x00,0x00,0x00,0x00,0x00,0x00,0x00,0x00,0x00,0x00,0x00,0x00,0x00,0x00,0x00,
    0x00,0x00,0x00,0x00,0x00,0x00,0x00,0x00,0x00,0x00,0x00,0x00,0x00,0x00,0x00,0x00,0x00,0x00,0x00,0x00,0x00,0x00,0x00,0x00,0x04,0x00,0x08,0x00,0x10,0x00,
    0x00,0x00,0x00,0x00,0x00,0x00,0x00,0x00,0x00,0x00,0x00,0x00,0x00,0x00,0x00,0x00,0x00,0x00,0x00,0x00,0x00,0x00,0x00,0x00,0x00,0x00,0x08,0x00,0x0C,0x00,
    0x00,0x00,0x00,0x00,0x00,0x00,0x00,0x00,0x00,0x00,0x0C,0x00,0x0C,0x00,0x00,0x00,0x00,0x00,0x00,0x00,0x0C,0x00,0x0C,0x00,0x04,0x00,0x04,0x00,0x08,0x00,
    0x00,0x00,0x04,0x00,0x08,0x00,0x10,0x00,0x00,0x00,0x00,0x00,0x00,0x00,0x00,0x00,0x00,0x00,0x00,0x00,0x00,0x00,0x00,0x00,0x00,0x00,0x00,0x00,0x00,0x00,
    0x00,0x00,0x04,0x00,0x49,0x00,0x51,0x00,0x00,0x00,0x00,0x00,0x00,0x00,0x00,0x00,0x00,0x00,0x00,0x00,0x00,0x00,0x00,0x00,0x00,0x00,0x00,0x00,0x00,0x00,
    0x00,0x00,0x00,0x00,0x24,0x00,0x4A,0x00,0x91,0x00,0x11,0x00,0x11,0x00,0x11,0x00,0x1F,0x00,0x11,0x00,0x11,0x00,0x11,0x00,0x00,0x00,0x00,0x00,0x00,0x00,
    0x00,0x00,0x00,0x00,0x00,0x00,0x00,0x00,0x00,0x00,0x18,0x00,0x18,0x00,0x00,0x00,0x00,0x00,0x00,0x00,0x00,0x00,0x00,0x00,0x00,0x00,0x00,0x00,0x00,0x00,
    0x00,0x00,0x00,0x00,0x3F,0x00,0x50,0x00,0x90,0x00,0x10,0x00,0x1C,0x00,0x10,0x00,0x10,0x00,0x10,0x00,0x10,0x00,0x1F,0x00,0x00,0x00,0x00,0x00,0x00,0x00,
    0x00,0x00,0x00,0x00,0x31,0x00,0x51,0x00,0x91,0x00,0x11,0x00,0x1F,0x00,0x11,0x00,0x11,0x00,0x11,0x00,0x11,0x00,0x11,0x00,0x00,0x00,0x00,0x00,0x00,0x00,
    0x00,0x00,0x00,0x00,0x3F,0x00,0x44,0x00,0x84,0x00,0x04,0x00,0x04,0x00,0x04,0x00,0x04,0x00,0x04,0x00,0x04,0x00,0x1F,0x00,0x00,0x00,0x00,0x00,0x00,0x00,
    0x00,0x00,0x00,0x00,0x2E,0x00,0x51,0x00,0x91,0x00,0x11,0x00,0x11,0x00,0x11,0x00,0x11,0x00,0x11,0x00,0x11,0x00,0x0E,0x00,0x00,0x00,0x00,0x00,0x00,0x00,
    0x00,0x00,0x00,0x00,0x31,0x00,0x51,0x00,0x8A,0x00,0x0A,0x00,0x04,0x00,0x04,0x00,0x04,0x00,0x04,0x00,0x04,0x00,0x04,0x00,0x00,0x00,0x00,0x00,0x00,0x00,
    0x00,0x00,0x00,0x00,0x2E,0x00,0x51,0x00,0x91,0x00,0x11,0x00,0x11,0x00,0x11,0x00,0x11,0x00,0x0A,0x00,0x0A,0x00,0x1B,0x00,0x00,0x00,0x00,0x00,0x00,0x00,
    0x00,0x00,0x04,0x00,0x49,0x00,0x51,0x00,0x00,0x00,0x10,0x00,0x10,0x00,0x10,0x00,0x10,0x00,0x10,0x00,0x12,0x00,0x0C,0x00,0x00,0x00,0x00,0x00,0x00,0x00,
    0x00,0x00,0x00,0x00,0x08,0x00,0x14,0x00,0x22,0x00,0x41,0x00,0x41,0x00,0x41,0x00,0x7F,0x00,0x41,0x00,0x41,0x00,0x41,0x00,0x00,0x00,0x00,0x00,0x00,0x00,
    0x00,0x00,0x00,0x00,0x7E,0x00,0x41,0x00,0x41,0x00,0x41,0x00,0x7E,0x00,0x41,0x00,0x41,0x00,0x41,0x00,0x41,0x00,0x7E,0x00,0x00,0x00,0x00,0x00,0x00,0x00,
    0x00,0x00,0x00,0x00,0x7F,0x00,0x40,0x00,0x40,0x00,0x40,0x00,0x40,0x00,0x40,0x00,0x40,0x00,0x40,0x00,0x40,0x00,0x40,0x00,0x00,0x00,0x00,0x00,0x00,0x00,
    0x00,0x00,0x00,0x00,0x08,0x00,0x14,0x00,0x14,0x00,0x14,0x00,0x22,0x00,0x22,0x00,0x22,0x00,0x41,0x00,0x41,0x00,0x7F,0x00,0x00,0x00,0x00,0x00,0x00,0x00,
    0x00,0x00,0x00,0x00,0x7F,0x00,0x40,0x00,0x40,0x00,0x40,0x00,0x7C,0x00,0x40,0x00,0x40,0x00,0x40,0x00,0x40,0x00,0x7F,0x00,0x00,0x00,0x00,0x00,0x00,0x00,
    0x00,0x00,0x00,0x00,0x7F,0x00,0x01,0x00,0x02,0x00,0x04,0x00,0x08,0x00,0x10,0x00,0x20,0x00,0x40,0x00,0x40,0x00,0x7F,0x00,0x00,0x00,0x00,0x00,0x00,0x00,
    0x00,0x00,0x00,0x00,0x41,0x00,0x41,0x00,0x41,0x00,0x41,0x00,0x7F,0x00,0x41,0x00,0x41,0x00,0x41,0x00,0x41,0x00,0x41,0x00,0x00,0x00,0x00,0x00,0x00,0x00,
    0x00,0x00,0x00,0x00,0x3E,0x00,0x41,0x00,0x41,0x00,0x41,0x00,0x7F,0x00,0x41,0x00,0x41,0x00,0x41,0x00,0x41,0x00,0x3E,0x00,0x00,0x00,0x00,0x00,0x00,0x00,
    0x00,0x00,0x00,0x00,0x3E,0x00,0x08,0x00,0x08,0x00,0x08,0x00,0x08,0x00,0x08,0x00,0x08,0x00,0x08,0x00,0x08,0x00,0x3E,0x00,0x00,0x00,0x00,0x00,0x00,0x00,
    0x00,0x00,0x00,0x00,0x41,0x00,0x42,0x00,0x44,0x00,0x48,0x00,0x70,0x00,0x50,0x00,0x48,0x00,0x44,0x00,0x42,0x00,0x41,0x00,0x00,0x00,0x00,0x00,0x00,0x00,
    0x00,0x00,0x00,0x00,0x08,0x00,0x14,0x00,0x14,0x00,0x14,0x00,0x22,0x00,0x22,0x00,0x22,0x00,0x41,0x00,0x41,0x00,0x41,0x00,0x00,0x00,0x00,0x00,0x00,0x00,
    0x00,0x00,0x00,0x00,0x41,0x00,0x41,0x00,0x63,0x00,0x55,0x00,0x55,0x00,0x49,0x00,0x49,0x00,0x41,0x00,0x41,0x00,0x41,0x00,0x00,0x00,0x00,0x00,0x00,0x00,
    0x00,0x00,0x00,0x00,0x41,0x00,0x41,0x00,0x61,0x00,0x51,0x00,0x49,0x00,0x45,0x00,0x43,0x00,0x41,0x00,0x41,0x00,0x41,0x00,0x00,0x00,0x00,0x00,0x00,0x00,
    0x00,0x00,0x00,0x00,0x7F,0x00,0x00,0x00,0x00,0x00,0x00,0x00,0x3E,0x00,0x00,0x00,0x00,0x00,0x00,0x00,0x00,0x00,0x7F,0x00,0x00,0x00,0x00,0x00,0x00,0x00,
    0x00,0x00,0x00,0x00,0x3E,0x00,0x41,0x00,0x41,0x00,0x41,0x00,0x41,0x00,0x41,0x00,0x41,0x00,0x41,0x00,0x41,0x00,0x3E,0x00,0x00,0x00,0x00,0x00,0x00,0x00,
    0x00,0x00,0x00,0x00,0x7F,0x00,0x22,0x00,0x22,0x00,0x22,0x00,0x22,0x00,0x22,0x00,0x22,0x00,0x22,0x00,0x22,0x00,0x22,0x00,0x00,0x00,0x00,0x00,0x00,0x00,
    0x00,0x00,0x00,0x00,0x7E,0x00,0x41,0x00,0x41,0x00,0x41,0x00,0x7E,0x00,0x40,0x00,0x40,0x00,0x40,0x00,0x40,0x00,0x40,0x00,0x00,0x00,0x00,0x00,0x00,0x00,
    0x00,0x00,0x00,0x00,0x7F,0x00,0x40,0x00,0x20,0x00,0x10,0x00,0x08,0x00,0x08,0x00,0x10,0x00,0x20,0x00,0x40,0x00,0x7F,0x00,0x00,0x00,0x00,0x00,0x00,0x00,
    0x00,0x00,0x00,0x00,0x7F,0x00,0x08,0x00,0x08,0x00,0x08,0x00,0x08,0x00,0x08,0x00,0x08,0x00,0x08,0x00,0x08,0x00,0x08,0x00,0x00,0x00,0x00,0x00,0x00,0x00,
    0x00,0x00,0x00,0x00,0x41,0x00,0x41,0x00,0x22,0x00,0x14,0x00,0x08,0x00,0x08,0x00,0x08,0x00,0x08,0x00,0x08,0x00,0x08,0x00,0x00,0x00,0x00,0x00,0x00,0x00,
    0x00,0x00,0x00,0x00,0x08,0x00,0x3E,0x00,0x49,0x00,0x49,0x00,0x49,0x00,0x49,0x00,0x49,0x00,0x49,0x00,0x3E,0x00,0x08,0x00,0x00,0x00,0x00,0x00,0x00,0x00,
    0x00,0x00,0x00,0x00,0x41,0x00,0x41,0x00,0x22,0x00,0x14,0x00,0x08,0x00,0x08,0x00,0x14,0x00,0x22,0x00,0x41,0x00,0x41,0x00,0x00,0x00,0x00,0x00,0x00,0x00,
    0x00,0x00,0x00,0x00,0x49,0x00,0x49,0x00,0x49,0x00,0x49,0x00,0x49,0x00,0x49,0x00,0x3E,0x00,0x08,0x00,0x08,0x00,0x08,0x00,0x00,0x00,0x00,0x00,0x00,0x00,
    0x00,0x00,0x00,0x00,0x3E,0x00,0x41,0x00,0x41,0x00,0x41,0x00,0x41,0x00,0x41,0x00,0x41,0x00,0x36,0x00,0x14,0x00,0x77,0x00,0x00,0x00,0x00,0x00,0x00,0x00,
    0x00,0x00,0x22,0x00,0x22,0x00,0x00,0x00,0x3E,0x00,0x08,0x00,0x08,0x00,0x08,0x00,0x08,0x00,0x08,0x00,0x08,0x00,0x3E,0x00,0x00,0x00,0x00,0x00,0x00,0x00,
    0x00,0x00,0x41,0x00,0x41,0x00,0x00,0x00,0x41,0x00,0x41,0x00,0x22,0x00,0x14,0x00,0x08,0x00,0x08,0x00,0x08,0x00,0x08,0x00,0x00,0x00,0x00,0x00,0x00,0x00,
    0x00,0x00,0x02,0x00,0x04,0x00,0x08,0x00,0x00,0x00,0x3D,0x00,0x43,0x00,0x41,0x00,0x41,0x00,0x43,0x00,0x45,0x00,0x39,0x00,0x00,0x00,0x00,0x00,0x00,0x00,
    0x00,0x00,0x02,0x00,0x04,0x00,0x08,0x00,0x00,0x00,0x3E,0x00,0x41,0x00,0x40,0x00,0x3C,0x00,0x40,0x00,0x41,0x00,0x3E,0x00,0x00,0x00,0x00,0x00,0x00,0x00,
    0x00,0x00,0x02,0x00,0x04,0x00,0x08,0x00,0x00,0x00,0x5E,0x00,0x61,0x00,0x41,0x00,0x41,0x00,0x41,0x00,0x41,0x00,0x41,0x00,0x01,0x00,0x01,0x00,0x01,0x00,
    0x00,0x00,0x04,0x00,0x08,0x00,0x10,0x00,0x00,0x00,0x10,0x00,0x10,0x00,0x10,0x00,0x10,0x00,0x10,0x00,0x12,0x00,0x0C,0x00,0x00,0x00,0x00,0x00,0x00,0x00,
    0x00,0x00,0x04,0x00,0x49,0x00,0x51,0x00,0x00,0x00,0x41,0x00,0x41,0x00,0x41,0x00,0x41,0x00,0x41,0x00,0x41,0x00,0x3E,0x00,0x00,0x00,0x00,0x00,0x00,0x00,
    0x00,0x00,0x00,0x00,0x00,0x00,0x00,0x00,0x00,0x00,0x3D,0x00,0x43,0x00,0x41,0x00,0x41,0x00,0x43,0x00,0x45,0x00,0x39,0x00,0x00,0x00,0x00,0x00,0x00,0x00,
    0x00,0x00,0x00,0x00,0x38,0x00,0x44,0x00,0x44,0x00,0x44,0x00,0x7E,0x00,0x41,0x00,0x41,0x00,0x41,0x00,0x61,0x00,0x5E,0x00,0x40,0x00,0x40,0x00,0x40,0x00,
    0x00,0x00,0x00,0x00,0x00,0x00,0x00,0x00,0x00,0x00,0x41,0x00,0x41,0x00,0x22,0x00,0x22,0x00,0x14,0x00,0x14,0x00,0x08,0x00,0x08,0x00,0x08,0x00,0x08,0x00,
    0x00,0x00,0x00,0x00,0x3E,0x00,0x41,0x00,0x20,0x00,0x3E,0x00,0x41,0x00,0x41,0x00,0x41,0x00,0x41,0x00,0x41,0x00,0x3E,0x00,0x00,0x00,0x00,0x00,0x00,0x00,
    0x00,0x00,0x00,0x00,0x00,0x00,0x00,0x00,0x00,0x00,0x3E,0x00,0x41,0x00,0x40,0x00,0x3C,0x00,0x40,0x00,0x41,0x00,0x3E,0x00,0x00,0x00,0x00,0x00,0x00,0x00,
    0x00,0x00,0x00,0x00,0x7F,0x00,0x08,0x00,0x10,0x00,0x20,0x00,0x40,0x00,0x40,0x00,0x40,0x00,0x40,0x00,0x40,0x00,0x3E,0x00,0x01,0x00,0x01,0x00,0x06,0x00,
    0x00,0x00,0x00,0x00,0x00,0x00,0x00,0x00,0x00,0x00,0x5E,0x00,0x61,0x00,0x41,0x00,0x41,0x00,0x41,0x00,0x41,0x00,0x41,0x00,0x01,0x00,0x01,0x00,0x01,0x00,
    0x00,0x00,0x00,0x00,0x3C,0x00,0x42,0x00,0x42,0x00,0x42,0x00,0x7E,0x00,0x42,0x00,0x42,0x00,0x42,0x00,0x42,0x00,0x3C,0x00,0x00,0x00,0x00,0x00,0x00,0x00,
    0x00,0x00,0x00,0x00,0x00,0x00,0x00,0x00,0x00,0x00,0x10,0x00,0x10,0x00,0x10,0x00,0x10,0x00,0x10,0x00,0x12,0x00,0x0C,0x00,0x00,0x00,0x00,0x00,0x00,0x00,
    0x00,0x00,0x00,0x00,0x00,0x00,0x00,0x00,0x00,0x00,0x42,0x00,0x44,0x00,0x48,0x00,0x50,0x00,0x68,0x00,0x44,0x00,0x42,0x00,0x00,0x00,0x00,0x00,0x00,0x00,
    0x00,0x00,0x00,0x00,0x3C,0x00,0x42,0x00,0x02,0x00,0x3A,0x00,0x46,0x00,0x42,0x00,0x42,0x00,0x42,0x00,0x42,0x00,0x42,0x00,0x00,0x00,0x00,0x00,0x00,0x00,
    0x00,0x00,0x00,0x00,0x00,0x00,0x00,0x00,0x00,0x00,0x41,0x00,0x41,0x00,0x41,0x00,0x41,0x00,0x41,0x00,0x63,0x00,0x5D,0x00,0x40,0x00,0x40,0x00,0x40,0x00,
    0x00,0x00,0x00,0x00,0x00,0x00,0x00,0x00,0x00,0x00,0x41,0x00,0x41,0x00,0x22,0x00,0x22,0x00,0x14,0x00,0x14,0x00,0x08,0x00,0x00,0x00,0x00,0x00,0x00,0x00,
    0x00,0x00,0x00,0x00,0x7F,0x00,0x10,0x00,0x20,0x00,0x20,0x00,0x1C,0x00,0x20,0x00,0x40,0x00,0x40,0x00,0x40,0x00,0x3E,0x00,0x01,0x00,0x01,0x00,0x06,0x00,
    0x00,0x00,0x00,0x00,0x00,0x00,0x00,0x00,0x00,0x00,0x3E,0x00,0x41,0x00,0x41,0x00,0x41,0x00,0x41,0x00,0x41,0x00,0x3E,0x00,0x00,0x00,0x00,0x00,0x00,0x00,
    0x00,0x00,0x00,0x00,0x00,0x00,0x00,0x00,0x00,0x00,0x7F,0x00,0x22,0x00,0x22,0x00,0x22,0x00,0x22,0x00,0x22,0x00,0x22,0x00,0x00,0x00,0x00,0x00,0x00,0x00,
    0x00,0x00,0x00,0x00,0x00,0x00,0x00,0x00,0x00,0x00,0x3E,0x00,0x41,0x00,0x41,0x00,0x41,0x00,0x41,0x00,0x61,0x00,0x5E,0x00,0x40,0x00,0x40,0x00,0x40,0x00,
    0x00,0x00,0x00,0x00,0x00,0x00,0x00,0x00,0x00,0x00,0x3E,0x00,0x41,0x00,0x40,0x00,0x40,0x00,0x40,0x00,0x40,0x00,0x3E,0x00,0x01,0x00,0x01,0x00,0x0E,0x00,
    0x00,0x00,0x00,0x00,0x00,0x00,0x00,0x00,0x00,0x00,0x3F,0x00,0x44,0x00,0x42,0x00,0x41,0x00,0x41,0x00,0x41,0x00,0x3E,0x00,0x00,0x00,0x00,0x00,0x00,0x00,
    0x00,0x00,0x00,0x00,0x00,0x00,0x00,0x00,0x00,0x00,0x7F,0x00,0x08,0x00,0x08,0x00,0x08,0x00,0x08,0x00,0x09,0x00,0x06,0x00,0x00,0x00,0x00,0x00,0x00,0x00,
    0x00,0x00,0x00,0x00,0x00,0x00,0x00,0x00,0x00,0x00,0x41,0x00,0x41,0x00,0x41,0x00,0x41,0x00,0x41,0x00,0x41,0x00,0x3E,0x00,0x00,0x00,0x00,0x00,0x00,0x00,
    0x00,0x00,0x00,0x00,0x00,0x00,0x00,0x00,0x00,0x00,0x26,0x00,0x49,0x00,0x49,0x00,0x49,0x00,0x49,0x00,0x49,0x00,0x3E,0x00,0x08,0x00,0x08,0x00,0x08,0x00,
    0x00,0x00,0x00,0x00,0x00,0x00,0x00,0x00,0x00,0x00,0x41,0x00,0x41,0x00,0x22,0x00,0x14,0x00,0x08,0x00,0x08,0x00,0x14,0x00,0x22,0x00,0x41,0x00,0x41,0x00,
    0x00,0x00,0x00,0x00,0x00,0x00,0x00,0x00,0x00,0x00,0x49,0x00,0x49,0x00,0x49,0x00,0x49,0x00,0x49,0x00,0x49,0x00,0x3E,0x00,0x08,0x00,0x08,0x00,0x08,0x00,
    0x00,0x00,0x00,0x00,0x00,0x00,0x00,0x00,0x00,0x00,0x41,0x00,0x49,0x00,0x49,0x00,0x49,0x00,0x49,0x00,0x49,0x00,0x36,0x00,0x00,0x00,0x00,0x00,0x00,0x00,
    0x00,0x00,0x00,0x00,0x41,0x00,0x41,0x00,0x00,0x00,0x08,0x00,0x08,0x00,0x08,0x00,0x08,0x00,0x08,0x00,0x09,0x00,0x06,0x00,0x00,0x00,0x00,0x00,0x00,0x00,
    0x00,0x00,0x00,0x00,0x41,0x00,0x41,0x00,0x00,0x00,0x41,0x00,0x41,0x00,0x41,0x00,0x41,0x00,0x41,0x00,0x41,0x00,0x3E,0x00,0x00,0x00,0x00,0x00,0x00,0x00,
    0x00,0x00,0x02,0x00,0x04,0x00,0x08,0x00,0x00,0x00,0x3E,0x00,0x41,0x00,0x41,0x00,0x41,0x00,0x41,0x00,0x41,0x00,0x3E,0x00,0x00,0x00,0x00,0x00,0x00,0x00,
    0x00,0x00,0x02,0x00,0x04,0x00,0x08,0x00,0x00,0x00,0x41,0x00,0x41,0x00,0x41,0x00,0x41,0x00,0x41,0x00,0x41,0x00,0x3E,0x00,0x00,0x00,0x00,0x00,0x00,0x00,
    0x00,0x00,0x02,0x00,0x04,0x00,0x08,0x00,0x00,0x00,0x41,0x00,0x49,0x00,0x49,0x00,0x49,0x00,0x49,0x00,0x49,0x00,0x36,0x00,0x00,0x00,0x00,0x00,0x00,0x00,
    0x00,0x00,0x00,0x00,0x1C,0x00,0x22,0x00,0x42,0x00,0x44,0x00,0x5E,0x00,0x61,0x00,0x41,0x00,0x41,0x00,0x22,0x00,0x1C,0x00,0x00,0x00,0x00,0x00,0x00,0x00,
    0x00,0x00,0x00,0x00,0x1C,0x00,0x22,0x00,0x22,0x00,0x1F,0x00,0x02,0x00,0x62,0x00,0x22,0x00,0x22,0x00,0x22,0x00,0x1C,0x00,0x00,0x00,0x00,0x00,0x00,0x00,
    0x00,0x00,0x00,0x00,0x22,0x00,0x55,0x00,0x14,0x00,0x14,0x00,0x08,0x00,0x08,0x00,0x08,0x00,0x08,0x00,0x08,0x00,0x08,0x00,0x00,0x00,0x00,0x00,0x00,0x00,
    0x00,0x00,0x00,0x00,0x4A,0x00,0x55,0x00,0x84,0x00,0x04,0x00,0x04,0x00,0x04,0x00,0x04,0x00,0x04,0x00,0x04,0x00,0x04,0x00,0x00,0x00,0x00,0x00,0x00,0x00,
    0x00,0x00,0x41,0x00,0x41,0x00,0x00,0x00,0x22,0x00,0x55,0x00,0x14,0x00,0x08,0x00,0x08,0x00,0x08,0x00,0x08,0x00,0x08,0x00,0x00,0x00,0x00,0x00,0x00,0x00,
    0x00,0x00,0x00,0x00,0x08,0x00,0x08,0x00,0x08,0x00,0x3E,0x00,0x49,0x00,0x49,0x00,0x49,0x00,0x49,0x00,0x49,0x00,0x3E,0x00,0x08,0x00,0x08,0x00,0x08,0x00,
    0x00,0x00,0x00,0x00,0x00,0x00,0x00,0x00,0x00,0x00,0x7F,0x00,0x22,0x00,0x49,0x00,0x49,0x00,0x49,0x00,0x49,0x00,0x36,0x00,0x00,0x00,0x00,0x00,0x00,0x00,
    0x00,0x00,0x20,0x00,0x10,0x00,0x08,0x00,0x00,0x00,0x61,0x00,0x12,0x00,0x14,0x00,0x18,0x00,0x14,0x00,0x25,0x00,0x43,0x00,0x01,0x00,0x02,0x00,0x3C,0x00,
    0x00,0x00,0x00,0x00,0x1E,0x00,0x21,0x00,0x40,0x00,0x40,0x00,0x40,0x00,0x40,0x00,0x40,0x00,0x40,0x00,0x3E,0x00,0x01,0x00,0x01,0x00,0x06,0x00,0x00,0x00,
    0x00,0x00,0x00,0x00,0x00,0x00,0x00,0x00,0x01,0x00,0x3E,0x00,0x40,0x00,0x40,0x00,0x40,0x00,0x40,0x00,0x40,0x00,0x3E,0x00,0x01,0x00,0x01,0x00,0x06,0x00,
    0x00,0x00,0x00,0x00,0x7F,0x00,0x40,0x00,0x40,0x00,0x40,0x00,0x7C,0x00,0x40,0x00,0x40,0x00,0x40,0x00,0x40,0x00,0x40,0x00,0x00,0x00,0x00,0x00,0x00,0x00,
    0x00,0x00,0x00,0x00,0x00,0x00,0x00,0x00,0x00,0x00,0x3E,0x00,0x20,0x00,0x20,0x00,0x20,0x00,0x3C,0x00,0x20,0x00,0x20,0x00,0x20,0x00,0x20,0x00,0x20,0x00,
    0x00,0x00,0x00,0x00,0x80,0x00,0x40,0x00,0x42,0x00,0x46,0x00,0x4A,0x00,0x52,0x00,0x62,0x00,0x42,0x00,0x02,0x00,0x01,0x00,0x00,0x00,0x00,0x00,0x00,0x00,
    0x00,0x00,0x00,0x00,0x10,0x00,0x10,0x00,0x20,0x00,0x20,0x00,0x20,0x00,0x40,0x00,0x7E,0x00,0x02,0x00,0x04,0x00,0x04,0x00,0x04,0x00,0x08,0x00,0x08,0x00,
    0x00,0x00,0x00,0x00,0x08,0x00,0x14,0x00,0x14,0x00,0x14,0x00,0x22,0x00,0x26,0x00,0x26,0x00,0x49,0x00,0x49,0x00,0x49,0x00,0x00,0x00,0x00,0x00,0x00,0x00,
    0x00,0x00,0x00,0x00,0x60,0x00,0x18,0x00,0x04,0x00,0x04,0x00,0x0A,0x00,0x12,0x00,0x25,0x00,0x09,0x00,0x11,0x00,0x01,0x00,0x01,0x00,0x01,0x00,0x01,0x00,
    0x00,0x00,0x00,0x00,0x00,0x00,0x00,0x00,0x00,0x00,0x61,0x00,0x12,0x00,0x14,0x00,0x18,0x00,0x14,0x00,0x24,0x00,0x43,0x00,0x00,0x00,0x00,0x00,0x00,0x00,
    0x00,0x00,0x00,0x00,0x00,0x00,0x00,0x00,0x00,0x00,0x3E,0x00,0x41,0x00,0x41,0x00,0x41,0x00,0x41,0x00,0x61,0x00,0x5E,0x00,0x40,0x00,0x20,0x00,0x1E,0x00,
    0x00,0x00,0x00,0x00,0x00,0x00,0x00,0x00,0x00,0x00,0x3E,0x00,0x41,0x00,0x40,0x00,0x40,0x00,0x40,0x00,0x41,0x00,0x3E,0x00,0x00,0x00,0x00,0x00,0x00,0x00,
    0x00,0x00,0x00,0x00,0x06,0x00,0x00,0x00,0x00,0x00,0x0E,0x00,0x02,0x00,0x02,0x00,0x02,0x00,0x02,0x00,0x02,0x00,0x42,0x00,0x42,0x00,0x42,0x00,0x3C,0x00,
    0x00,0x00,0x00,0x00,0x3E,0x00,0x41,0x00,0x41,0x00,0x41,0x00,0x7F,0x00,0x41,0x00,0x41,0x00,0x41,0x00,0x41,0x00,0x3E,0x00,0x00,0x00,0x00,0x00,0x00,0x00,
    0x00,0x00,0x00,0x00,0x00,0x00,0x00,0x00,0x00,0x00,0x3E,0x00,0x40,0x00,0x40,0x00,0x7C,0x00,0x40,0x00,0x40,0x00,0x3E,0x00,0x00,0x00,0x00,0x00,0x00,0x00,
    0x00,0x00,0x22,0x00,0x22,0x00,0x00,0x00,0x7F,0x00,0x40,0x00,0x40,0x00,0x7C,0x00,0x40,0x00,0x40,0x00,0x40,0x00,0x7F,0x00,0x00,0x00,0x00,0x00,0x00,0x00,
    0x00,0x00,0x00,0x00,0x7E,0x00,0x10,0x00,0x10,0x00,0x10,0x00,0x1E,0x00,0x11,0x00,0x11,0x00,0x11,0x00,0x11,0x00,0x11,0x00,0x01,0x00,0x06,0x00,0x00,0x00,
    0x02,0x00,0x04,0x00,0x08,0x00,0x00,0x00,0x7F,0x00,0x40,0x00,0x40,0x00,0x40,0x00,0x40,0x00,0x40,0x00,0x40,0x00,0x40,0x00,0x00,0x00,0x00,0x00,0x00,0x00,
    0x00,0x00,0x00,0x00,0x00,0x00,0x1E,0x00,0x21,0x00,0x40,0x00,0x40,0x00,0x78,0x00,0x40,0x00,0x40,0x00,0x21,0x00,0x1E,0x00,0x00,0x00,0x00,0x00,0x00,0x00,
    0x00,0x00,0x00,0x00,0x3E,0x00,0x41,0x00,0x41,0x00,0x40,0x00,0x38,0x00,0x06,0x00,0x01,0x00,0x41,0x00,0x41,0x00,0x3E,0x00,0x00,0x00,0x00,0x00,0x00,0x00,
    0x00,0x00,0x00,0x00,0x3E,0x00,0x08,0x00,0x08,0x00,0x08,0x00,0x08,0x00,0x08,0x00,0x08,0x00,0x08,0x00,0x08,0x00,0x3E,0x00,0x00,0x00,0x00,0x00,0x00,0x00,
    0x00,0x00,0x22,0x00,0x22,0x00,0x00,0x00,0x3E,0x00,0x08,0x00,0x08,0x00,0x08,0x00,0x08,0x00,0x08,0x00,0x08,0x00,0x3E,0x00,0x00,0x00,0x00,0x00,0x00,0x00,
    0x00,0x00,0x00,0x00,0x0F,0x00,0x02,0x00,0x02,0x00,0x02,0x00,0x02,0x00,0x02,0x00,0x02,0x00,0x02,0x00,0x42,0x00,0x3C,0x00,0x00,0x00,0x00,0x00,0x00,0x00,
    0x00,0x00,0x00,0x00,0xF8,0x00,0x48,0x00,0x48,0x00,0x48,0x00,0x4E,0x00,0x89,0x00,0x89,0x00,0x89,0x00,0x89,0x00,0x8E,0x00,0x00,0x00,0x00,0x00,0x00,0x00,
    0x00,0x00,0x00,0x00,0x88,0x00,0x88,0x00,0x88,0x00,0x88,0x00,0xFE,0x00,0x89,0x00,0x89,0x00,0x89,0x00,0x89,0x00,0x8E,0x00,0x00,0x00,0x00,0x00,0x00,0x00,
    0x00,0x00,0x00,0x00,0x7E,0x00,0x10,0x00,0x10,0x00,0x10,0x00,0x1E,0x00,0x11,0x00,0x11,0x00,0x11,0x00,0x11,0x00,0x11,0x00,0x00,0x00,0x00,0x00,0x00,0x00,
    0x04,0x00,0x08,0x00,0x10,0x00,0x00,0x00,0x42,0x00,0x44,0x00,0x48,0x00,0x70,0x00,0x50,0x00,0x48,0x00,0x44,0x00,0x42,0x00,0x00,0x00,0x00,0x00,0x00,0x00,
    0x00,0x00,0x22,0x00,0x1C,0x00,0x00,0x00,0x41,0x00,0x41,0x00,0x41,0x00,0x43,0x00,0x3D,0x00,0x01,0x00,0x41,0x00,0x3E,0x00,0x00,0x00,0x00,0x00,0x00,0x00,
    0x00,0x00,0x00,0x00,0x41,0x00,0x41,0x00,0x41,0x00,0x41,0x00,0x41,0x00,0x41,0x00,0x41,0x00,0x41,0x00,0x41,0x00,0x7F,0x00,0x08,0x00,0x08,0x00,0x00,0x00,
    0x00,0x00,0x00,0x00,0x08,0x00,0x14,0x00,0x22,0x00,0x41,0x00,0x41,0x00,0x41,0x00,0x7F,0x00,0x41,0x00,0x41,0x00,0x41,0x00,0x00,0x00,0x00,0x00,0x00,0x00,
    0x00,0x00,0x00,0x00,0x7E,0x00,0x40,0x00,0x40,0x00,0x40,0x00,0x7E,0x00,0x41,0x00,0x41,0x00,0x41,0x00,0x41,0x00,0x7E,0x00,0x00,0x00,0x00,0x00,0x00,0x00,
    0x00,0x00,0x00,0x00,0x7C,0x00,0x42,0x00,0x41,0x00,0x42,0x00,0x7C,0x00,0x42,0x00,0x41,0x00,0x41,0x00,0x42,0x00,0x7C,0x00,0x00,0x00,0x00,0x00,0x00,0x00,
    0x00,0x00,0x00,0x00,0x7F,0x00,0x40,0x00,0x40,0x00,0x40,0x00,0x40,0x00,0x40,0x00,0x40,0x00,0x40,0x00,0x40,0x00,0x40,0x00,0x00,0x00,0x00,0x00,0x00,0x00,
    0x00,0x00,0x00,0x00,0x1E,0x00,0x12,0x00,0x12,0x00,0x12,0x00,0x12,0x00,0x22,0x00,0x22,0x00,0x22,0x00,0x22,0x00,0x7F,0x00,0x41,0x00,0x00,0x00,0x00,0x00,
    0x00,0x00,0x00,0x00,0x7F,0x00,0x40,0x00,0x40,0x00,0x40,0x00,0x7C,0x00,0x40,0x00,0x40,0x00,0x40,0x00,0x40,0x00,0x7F,0x00,0x00,0x00,0x00,0x00,0x00,0x00,
    0x00,0x00,0x00,0x00,0x49,0x00,0x49,0x00,0x2A,0x00,0x2A,0x00,0x1C,0x00,0x2A,0x00,0x2A,0x00,0x49,0x00,0x49,0x00,0x49,0x00,0x00,0x00,0x00,0x00,0x00,0x00,
    0x00,0x00,0x00,0x00,0x3E,0x00,0x41,0x00,0x01,0x00,0x01,0x00,0x0E,0x00,0x01,0x00,0x01,0x00,0x01,0x00,0x41,0x00,0x3E,0x00,0x00,0x00,0x00,0x00,0x00,0x00,
    0x00,0x00,0x00,0x00,0x41,0x00,0x41,0x00,0x43,0x00,0x45,0x00,0x49,0x00,0x51,0x00,0x61,0x00,0x41,0x00,0x41,0x00,0x41,0x00,0x00,0x00,0x00,0x00,0x00,0x00,
    0x00,0x00,0x22,0x00,0x1C,0x00,0x00,0x00,0x41,0x00,0x43,0x00,0x45,0x00,0x49,0x00,0x51,0x00,0x61,0x00,0x41,0x00,0x41,0x00,0x00,0x00,0x00,0x00,0x00,0x00,
    0x00,0x00,0x00,0x00,0x41,0x00,0x42,0x00,0x44,0x00,0x48,0x00,0x70,0x00,0x50,0x00,0x48,0x00,0x44,0x00,0x42,0x00,0x41,0x00,0x00,0x00,0x00,0x00,0x00,0x00,
    0x00,0x00,0x00,0x00,0x3F,0x00,0x21,0x00,0x21,0x00,0x21,0x00,0x21,0x00,0x21,0x00,0x21,0x00,0x21,0x00,0x21,0x00,0x41,0x00,0x00,0x00,0x00,0x00,0x00,0x00,
    0x00,0x00,0x00,0x00,0x41,0x00,0x41,0x00,0x63,0x00,0x55,0x00,0x55,0x00,0x49,0x00,0x49,0x00,0x41,0x00,0x41,0x00,0x41,0x00,0x00,0x00,0x00,0x00,0x00,0x00,
    0x00,0x00,0x00,0x00,0x41,0x00,0x41,0x00,0x41,0x00,0x41,0x00,0x7F,0x00,0x41,0x00,0x41,0x00,0x41,0x00,0x41,0x00,0x41,0x00,0x00,0x00,0x00,0x00,0x00,0x00,
    0x00,0x00,0x00,0x00,0x3E,0x00,0x41,0x00,0x41,0x00,0x41,0x00,0x41,0x00,0x41,0x00,0x41,0x00,0x41,0x00,0x41,0x00,0x3E,0x00,0x00,0x00,0x00,0x00,0x00,0x00,
    0x00,0x00,0x00,0x00,0x7F,0x00,0x41,0x00,0x41,0x00,0x41,0x00,0x41,0x00,0x41,0x00,0x41,0x00,0x41,0x00,0x41,0x00,0x41,0x00,0x00,0x00,0x00,0x00,0x00,0x00,
    0x00,0x00,0x00,0x00,0x7E,0x00,0x41,0x00,0x41,0x00,0x41,0x00,0x7E,0x00,0x40,0x00,0x40,0x00,0x40,0x00,0x40,0x00,0x40,0x00,0x00,0x00,0x00,0x00,0x00,0x00,
    0x00,0x00,0x00,0x00,0x3E,0x00,0x41,0x00,0x40,0x00,0x40,0x00,0x40,0x00,0x40,0x00,0x40,0x00,0x40,0x00,0x41,0x00,0x3E,0x00,0x00,0x00,0x00,0x00,0x00,0x00,
    0x00,0x00,0x00,0x00,0x7F,0x00,0x08,0x00,0x08,0x00,0x08,0x00,0x08,0x00,0x08,0x00,0x08,0x00,0x08,0x00,0x08,0x00,0x08,0x00,0x00,0x00,0x00,0x00,0x00,0x00,
    0x00,0x00,0x00,0x00,0x41,0x00,0x41,0x00,0x41,0x00,0x41,0x00,0x41,0x00,0x43,0x00,0x3D,0x00,0x01,0x00,0x41,0x00,0x3E,0x00,0x00,0x00,0x00,0x00,0x00,0x00,
    0x00,0x00,0x00,0x00,0x08,0x00,0x3E,0x00,0x49,0x00,0x49,0x00,0x49,0x00,0x49,0x00,0x49,0x00,0x49,0x00,0x3E,0x00,0x08,0x00,0x00,0x00,0x00,0x00,0x00,0x00,
    0x00,0x00,0x00,0x00,0x41,0x00,0x41,0x00,0x22,0x00,0x14,0x00,0x08,0x00,0x08,0x00,0x14,0x00,0x22,0x00,0x41,0x00,0x41,0x00,0x00,0x00,0x00,0x00,0x00,0x00,
    0x00,0x00,0x00,0x00,0x42,0x00,0x42,0x00,0x42,0x00,0x42,0x00,0x42,0x00,0x42,0x00,0x42,0x00,0x42,0x00,0x42,0x00,0x7F,0x00,0x01,0x00,0x01,0x00,0x00,0x00,
    0x00,0x00,0x00,0x00,0x41,0x00,0x41,0x00,0x41,0x00,0x41,0x00,0x41,0x00,0x3F,0x00,0x01,0x00,0x01,0x00,0x01,0x00,0x01,0x00,0x00,0x00,0x00,0x00,0x00,0x00,
    0x00,0x00,0x00,0x00,0x49,0x00,0x49,0x00,0x49,0x00,0x49,0x00,0x49,0x00,0x49,0x00,0x49,0x00,0x49,0x00,0x49,0x00,0x7F,0x00,0x00,0x00,0x00,0x00,0x00,0x00,
    0x00,0x00,0x00,0x00,0x49,0x00,0x49,0x00,0x49,0x00,0x49,0x00,0x49,0x00,0x49,0x00,0x49,0x00,0x49,0x00,0x49,0x00,0x7F,0x00,0x01,0x00,0x01,0x00,0x00,0x00,
    0x00,0x00,0x00,0x00,0x70,0x00,0x10,0x00,0x10,0x00,0x10,0x00,0x1E,0x00,0x11,0x00,0x11,0x00,0x11,0x00,0x11,0x00,0x1E,0x00,0x00,0x00,0x00,0x00,0x00,0x00,
    0x00,0x00,0x00,0x00,0x41,0x00,0x41,0x00,0x41,0x00,0x41,0x00,0x79,0x00,0x45,0x00,0x45,0x00,0x45,0x00,0x45,0x00,0x79,0x00,0x00,0x00,0x00,0x00,0x00,0x00,
    0x00,0x00,0x00,0x00,0x40,0x00,0x40,0x00,0x40,0x00,0x40,0x00,0x7E,0x00,0x41,0x00,0x41,0x00,0x41,0x00,0x41,0x00,0x7E,0x00,0x00,0x00,0x00,0x00,0x00,0x00,
    0x00,0x00,0x00,0x00,0x00,0x00,0x3C,0x00,0x42,0x00,0x01,0x00,0x01,0x00,0x0F,0x00,0x01,0x00,0x01,0x00,0x42,0x00,0x3C,0x00,0x00,0x00,0x00,0x00,0x00,0x00,
    0x00,0x00,0x00,0x00,0x4E,0x00,0x51,0x00,0x51,0x00,0x51,0x00,0x71,0x00,0x51,0x00,0x51,0x00,0x51,0x00,0x51,0x00,0x4E,0x00,0x00,0x00,0x00,0x00,0x00,0x00,
    0x00,0x00,0x00,0x00,0x3F,0x00,0x41,0x00,0x41,0x00,0x41,0x00,0x3F,0x00,0x09,0x00,0x11,0x00,0x21,0x00,0x41,0x00,0x41,0x00,0x00,0x00,0x00,0x00,0x00,0x00,
    0x00,0x00,0x00,0x00,0x00,0x00,0x00,0x00,0x00,0x00,0x3E,0x00,0x01,0x00,0x01,0x00,0x3F,0x00,0x41,0x00,0x43,0x00,0x3D,0x00,0x00,0x00,0x00,0x00,0x00,0x00,
    0x00,0x00,0x00,0x00,0x01,0x00,0x3E,0x00,0x40,0x00,0x5E,0x00,0x61,0x00,0x41,0x00,0x41,0x00,0x41,0x00,0x41,0x00,0x3E,0x00,0x00,0x00,0x00,0x00,0x00,0x00,
    0x00,0x00,0x00,0x00,0x00,0x00,0x00,0x00,0x00,0x00,0x7E,0x00,0x41,0x00,0x41,0x00,0x7E,0x00,0x41,0x00,0x41,0x00,0x7E,0x00,0x00,0x00,0x00,0x00,0x00,0x00,
    0x00,0x00,0x00,0x00,0x00,0x00,0x00,0x00,0x00,0x00,0x7F,0x00,0x40,0x00,0x40,0x00,0x40,0x00,0x40,0x00,0x40,0x00,0x40,0x00,0x00,0x00,0x00,0x00,0x00,0x00,
    0x00,0x00,0x00,0x00,0x00,0x00,0x00,0x00,0x00,0x00,0x1E,0x00,0x12,0x00,0x12,0x00,0x12,0x00,0x22,0x00,0x22,0x00,0x7F,0x00,0x41,0x00,0x00,0x00,0x00,0x00,
    0x00,0x00,0x00,0x00,0x00,0x00,0x00,0x00,0x00,0x00,0x3E,0x00,0x41,0x00,0x41,0x00,0x7F,0x00,0x40,0x00,0x40,0x00,0x3E,0x00,0x00,0x00,0x00,0x00,0x00,0x00,
    0x00,0x00,0x00,0x00,0x00,0x00,0x00,0x00,0x00,0x00,0x49,0x00,0x49,0x00,0x2A,0x00,0x1C,0x00,0x2A,0x00,0x49,0x00,0x49,0x00,0x00,0x00,0x00,0x00,0x00,0x00,
    0x00,0x00,0x00,0x00,0x00,0x00,0x00,0x00,0x00,0x00,0x3E,0x00,0x41,0x00,0x01,0x00,0x0E,0x00,0x01,0x00,0x41,0x00,0x3E,0x00,0x00,0x00,0x00,0x00,0x00,0x00,
    0x00,0x00,0x00,0x00,0x00,0x00,0x00,0x00,0x00,0x00,0x41,0x00,0x43,0x00,0x45,0x00,0x49,0x00,0x51,0x00,0x61,0x00,0x41,0x00,0x00,0x00,0x00,0x00,0x00,0x00,
    0x00,0x00,0x00,0x00,0x22,0x00,0x1C,0x00,0x00,0x00,0x41,0x00,0x43,0x00,0x45,0x00,0x49,0x00,0x51,0x00,0x61,0x00,0x41,0x00,0x00,0x00,0x00,0x00,0x00,0x00,
    0x00,0x00,0x00,0x00,0x00,0x00,0x00,0x00,0x00,0x00,0x41,0x00,0x42,0x00,0x44,0x00,0x78,0x00,0x44,0x00,0x42,0x00,0x41,0x00,0x00,0x00,0x00,0x00,0x00,0x00,
    0x00,0x00,0x00,0x00,0x00,0x00,0x00,0x00,0x00,0x00,0x1F,0x00,0x11,0x00,0x11,0x00,0x11,0x00,0x11,0x00,0x11,0x00,0x61,0x00,0x00,0x00,0x00,0x00,0x00,0x00,
    0x00,0x00,0x00,0x00,0x00,0x00,0x00,0x00,0x00,0x00,0x41,0x00,0x63,0x00,0x55,0x00,0x49,0x00,0x41,0x00,0x41,0x00,0x41,0x00,0x00,0x00,0x00,0x00,0x00,0x00,
    0x00,0x00,0x00,0x00,0x00,0x00,0x00,0x00,0x00,0x00,0x41,0x00,0x41,0x00,0x41,0x00,0x7F,0x00,0x41,0x00,0x41,0x00,0x41,0x00,0x00,0x00,0x00,0x00,0x00,0x00,
    0x00,0x00,0x00,0x00,0x00,0x00,0x00,0x00,0x00,0x00,0x3E,0x00,0x41,0x00,0x41,0x00,0x41,0x00,0x41,0x00,0x41,0x00,0x3E,0x00,0x00,0x00,0x00,0x00,0x00,0x00,
    0x00,0x00,0x00,0x00,0x00,0x00,0x00,0x00,0x00,0x00,0x7F,0x00,0x41,0x00,0x41,0x00,0x41,0x00,0x41,0x00,0x41,0x00,0x41,0x00,0x00,0x00,0x00,0x00,0x00,0x00,
    0x00,0x00,0x00,0x00,0x00,0x00,0x00,0x00,0x00,0x00,0x5E,0x00,0x61,0x00,0x41,0x00,0x41,0x00,0x41,0x00,0x61,0x00,0x5E,0x00,0x40,0x00,0x40,0x00,0x40,0x00,
    0x00,0x00,0x00,0x00,0x00,0x00,0x00,0x00,0x00,0x00,0x3E,0x00,0x41,0x00,0x40,0x00,0x40,0x00,0x40,0x00,0x41,0x00,0x3E,0x00,0x00,0x00,0x00,0x00,0x00,0x00,
    0x00,0x00,0x00,0x00,0x00,0x00,0x00,0x00,0x00,0x00,0x7F,0x00,0x08,0x00,0x08,0x00,0x08,0x00,0x08,0x00,0x08,0x00,0x08,0x00,0x00,0x00,0x00,0x00,0x00,0x00,
    0x00,0x00,0x00,0x00,0x00,0x00,0x00,0x00,0x00,0x00,0x41,0x00,0x41,0x00,0x41,0x00,0x41,0x00,0x41,0x00,0x43,0x00,0x3D,0x00,0x01,0x00,0x41,0x00,0x3E,0x00,
    0x00,0x00,0x00,0x00,0x08,0x00,0x08,0x00,0x08,0x00,0x3E,0x00,0x49,0x00,0x49,0x00,0x49,0x00,0x49,0x00,0x49,0x00,0x3E,0x00,0x08,0x00,0x08,0x00,0x08,0x00,
    0x00,0x00,0x00,0x00,0x00,0x00,0x00,0x00,0x00,0x00,0x41,0x00,0x22,0x00,0x14,0x00,0x08,0x00,0x14,0x00,0x22,0x00,0x41,0x00,0x00,0x00,0x00,0x00,0x00,0x00,
    0x00,0x00,0x00,0x00,0x00,0x00,0x00,0x00,0x00,0x00,0x42,0x00,0x42,0x00,0x42,0x00,0x42,0x00,0x42,0x00,0x42,0x00,0x7F,0x00,0x01,0x00,0x01,0x00,0x00,0x00,
    0x00,0x00,0x00,0x00,0x00,0x00,0x00,0x00,0x00,0x00,0x41,0x00,0x41,0x00,0x41,0x00,0x3F,0x00,0x01,0x00,0x01,0x00,0x01,0x00,0x00,0x00,0x00,0x00,0x00,0x00,
    0x00,0x00,0x00,0x00,0x00,0x00,0x00,0x00,0x00,0x00,0x49,0x00,0x49,0x00,0x49,0x00,0x49,0x00,0x49,0x00,0x49,0x00,0x7F,0x00,0x00,0x00,0x00,0x00,0x00,0x00,
    0x00,0x00,0x00,0x00,0x00,0x00,0x00,0x00,0x00,0x00,0x49,0x00,0x49,0x00,0x49,0x00,0x49,0x00,0x49,0x00,0x49,0x00,0x7F,0x00,0x01,0x00,0x01,0x00,0x00,0x00,
    0x00,0x00,0x00,0x00,0x00,0x00,0x00,0x00,0x00,0x00,0x70,0x00,0x10,0x00,0x10,0x00,0x1E,0x00,0x11,0x00,0x11,0x00,0x1E,0x00,0x00,0x00,0x00,0x00,0x00,0x00,
    0x00,0x00,0x00,0x00,0x00,0x00,0x00,0x00,0x00,0x00,0x41,0x00,0x41,0x00,0x41,0x00,0x79,0x00,0x45,0x00,0x45,0x00,0x79,0x00,0x00,0x00,0x00,0x00,0x00,0x00,
    0x00,0x00,0x00,0x00,0x00,0x00,0x00,0x00,0x00,0x00,0x40,0x00,0x40,0x00,0x40,0x00,0x7E,0x00,0x41,0x00,0x41,0x00,0x7E,0x00,0x00,0x00,0x00,0x00,0x00,0x00,
    0x00,0x00,0x00,0x00,0x00,0x00,0x00,0x00,0x00,0x00,0x3E,0x00,0x41,0x00,0x01,0x00,0x0F,0x00,0x01,0x00,0x41,0x00,0x3E,0x00,0x00,0x00,0x00,0x00,0x00,0x00,
    0x00,0x00,0x00,0x00,0x00,0x00,0x00,0x00,0x00,0x00,0x4E,0x00,0x51,0x00,0x51,0x00,0x71,0x00,0x51,0x00,0x51,0x00,0x4E,0x00,0x00,0x00,0x00,0x00,0x00,0x00,
    0x00,0x00,0x00,0x00,0x00,0x00,0x00,0x00,0x00,0x00,0x3F,0x00,0x41,0x00,0x41,0x00,0x3F,0x00,0x11,0x00,0x21,0x00,0x41,0x00,0x00,0x00,0x00,0x00,0x00,0x00,
    0x00,0x00,0x00,0x00,0x22,0x00,0x22,0x00,0x00,0x00,0x3E,0x00,0x41,0x00,0x41,0x00,0x7F,0x00,0x40,0x00,0x40,0x00,0x3E,0x00,0x00,0x00,0x00,0x00,0x00,0x00,
    0x00,0x00,0x00,0x00,0x20,0x00,0x7C,0x00,0x20,0x00,0x2E,0x00,0x31,0x00,0x21,0x00,0x21,0x00,0x21,0x00,0x21,0x00,0x21,0x00,0x01,0x00,0x0E,0x00,0x00,0x00,
    0x00,0x00,0x02,0x00,0x04,0x00,0x08,0x00,0x00,0x00,0x7F,0x00,0x40,0x00,0x40,0x00,0x40,0x00,0x40,0x00,0x40,0x00,0x40,0x00,0x00,0x00,0x00,0x00,0x00,0x00,
    0x00,0x00,0x00,0x00,0x00,0x00,0x00,0x00,0x00,0x00,0x3E,0x00,0x41,0x00,0x40,0x00,0x78,0x00,0x40,0x00,0x41,0x00,0x3E,0x00,0x00,0x00,0x00,0x00,0x00,0x00,
    0x00,0x00,0x00,0x00,0x00,0x00,0x00,0x00,0x00,0x00,0x3E,0x00,0x41,0x00,0x40,0x00,0x3E,0x00,0x01,0x00,0x41,0x00,0x3E,0x00,0x00,0x00,0x00,0x00,0x00,0x00,
    0x00,0x00,0x00,0x00,0x00,0x00,0x18,0x00,0x00,0x00,0x38,0x00,0x08,0x00,0x08,0x00,0x08,0x00,0x08,0x00,0x08,0x00,0x3E,0x00,0x00,0x00,0x00,0x00,0x00,0x00,
    0x00,0x00,0x00,0x00,0x24,0x00,0x24,0x00,0x00,0x00,0x38,0x00,0x08,0x00,0x08,0x00,0x08,0x00,0x08,0x00,0x08,0x00,0x3E,0x00,0x00,0x00,0x00,0x00,0x00,0x00,
    0x00,0x00,0x00,0x00,0x00,0x00,0x06,0x00,0x00,0x00,0x0E,0x00,0x02,0x00,0x02,0x00,0x02,0x00,0x02,0x00,0x02,0x00,0x42,0x00,0x42,0x00,0x42,0x00,0x3C,0x00,
    0x00,0x00,0x00,0x00,0x00,0x00,0x00,0x00,0x00,0x00,0x78,0x00,0x48,0x00,0x48,0x00,0x4E,0x00,0x49,0x00,0x49,0x00,0x8E,0x00,0x00,0x00,0x00,0x00,0x00,0x00,
    0x00,0x00,0x00,0x00,0x00,0x00,0x00,0x00,0x00,0x00,0x48,0x00,0x48,0x00,0x48,0x00,0x7E,0x00,0x49,0x00,0x49,0x00,0x4E,0x00,0x00,0x00,0x00,0x00,0x00,0x00,
    0x00,0x00,0x00,0x00,0x20,0x00,0x7C,0x00,0x20,0x00,0x2E,0x00,0x31,0x00,0x21,0x00,0x21,0x00,0x21,0x00,0x21,0x00,0x21,0x00,0x00,0x00,0x00,0x00,0x00,0x00,
    0x00,0x00,0x00,0x00,0x02,0x00,0x04,0x00,0x08,0x00,0x41,0x00,0x42,0x00,0x44,0x00,0x78,0x00,0x44,0x00,0x42,0x00,0x41,0x00,0x00,0x00,0x00,0x00,0x00,0x00,
    0x00,0x00,0x00,0x00,0x22,0x00,0x1C,0x00,0x00,0x00,0x41,0x00,0x41,0x00,0x41,0x00,0x41,0x00,0x41,0x00,0x43,0x00,0x3D,0x00,0x01,0x00,0x41,0x00,0x3E,0x00,
    0x00,0x00,0x00,0x00,0x00,0x00,0x00,0x00,0x00,0x00,0x41,0x00,0x41,0x00,0x41,0x00,0x41,0x00,0x41,0x00,0x41,0x00,0x7F,0x00,0x08,0x00,0x08,0x00,0x00,0x00,
    0x00,0x00,0x00,0x00,0x10,0x00,0x7C,0x00,0x10,0x00,0x10,0x00,0x1E,0x00,0x11,0x00,0x11,0x00,0x11,0x00,0x11,0x00,0x1E,0x00,0x00,0x00,0x00,0x00,0x00,0x00,
    0x00,0x00,0x00,0x00,0x10,0x00,0x10,0x00,0x10,0x00,0x7C,0x00,0x10,0x00,0x10,0x00,0x1E,0x00,0x11,0x00,0x11,0x00,0x1E,0x00,0x00,0x00,0x00,0x00,0x00,0x00,
    0x00,0x00,0x00,0x00,0x49,0x00,0x49,0x00,0x49,0x00,0x49,0x00,0x49,0x00,0x49,0x00,0x3E,0x00,0x08,0x00,0x08,0x00,0x08,0x00,0x00,0x00,0x00,0x00,0x00,0x00,
    0x00,0x00,0x00,0x00,0x00,0x00,0x00,0x00,0x00,0x00,0x49,0x00,0x49,0x00,0x49,0x00,0x49,0x00,0x49,0x00,0x49,0x00,0x3E,0x00,0x08,0x00,0x08,0x00,0x08,0x00,
    0x00,0x00,0x00,0x00,0x3E,0x00,0x41,0x00,0x41,0x00,0x41,0x00,0x7F,0x00,0x41,0x00,0x41,0x00,0x41,0x00,0x41,0x00,0x3E,0x00,0x00,0x00,0x00,0x00,0x00,0x00,
    0x00,0x00,0x00,0x00,0x00,0x00,0x00,0x00,0x00,0x00,0x3E,0x00,0x41,0x00,0x41,0x00,0x7F,0x00,0x41,0x00,0x41,0x00,0x3E,0x00,0x00,0x00,0x00,0x00,0x00,0x00,
    0x00,0x00,0x00,0x00,0x41,0x00,0x42,0x00,0x42,0x00,0x24,0x00,0x24,0x00,0x24,0x00,0x14,0x00,0x14,0x00,0x14,0x00,0x08,0x00,0x00,0x00,0x00,0x00,0x00,0x00,
    0x00,0x00,0x00,0x00,0x00,0x00,0x00,0x00,0x00,0x00,0x41,0x00,0x42,0x00,0x24,0x00,0x24,0x00,0x14,0x00,0x14,0x00,0x08,0x00,0x00,0x00,0x00,0x00,0x00,0x00,
    0x00,0x00,0x24,0x00,0x12,0x00,0x00,0x00,0x41,0x00,0x42,0x00,0x22,0x00,0x24,0x00,0x24,0x00,0x14,0x00,0x14,0x00,0x08,0x00,0x00,0x00,0x00,0x00,0x00,0x00,
    0x00,0x00,0x00,0x00,0x24,0x00,0x12,0x00,0x00,0x00,0x41,0x00,0x42,0x00,0x24,0x00,0x24,0x00,0x14,0x00,0x14,0x00,0x08,0x00,0x00,0x00,0x00,0x00,0x00,0x00,
    0x00,0x00,0x01,0x00,0x7F,0x00,0x40,0x00,0x40,0x00,0x40,0x00,0x40,0x00,0x40,0x00,0x40,0x00,0x40,0x00,0x40,0x00,0x40,0x00,0x00,0x00,0x00,0x00,0x00,0x00,
    0x00,0x00,0x00,0x00,0x00,0x00,0x00,0x00,0x01,0x00,0x7F,0x00,0x40,0x00,0x40,0x00,0x40,0x00,0x40,0x00,0x40,0x00,0x40,0x00,0x00,0x00,0x00,0x00,0x00,0x00,
    0x00,0x00,0x00,0x00,0x3F,0x00,0x21,0x00,0x20,0x00,0x20,0x00,0x70,0x00,0x20,0x00,0x20,0x00,0x20,0x00,0x20,0x00,0x20,0x00,0x00,0x00,0x00,0x00,0x00,0x00,
    0x00,0x00,0x00,0x00,0x00,0x00,0x00,0x00,0x00,0x00,0x3F,0x00,0x21,0x00,0x20,0x00,0x70,0x00,0x20,0x00,0x20,0x00,0x20,0x00,0x00,0x00,0x00,0x00,0x00,0x00,
    0x00,0x00,0x00,0x00,0x49,0x00,0x49,0x00,0x2A,0x00,0x2A,0x00,0x1C,0x00,0x2A,0x00,0x2A,0x00,0x4A,0x00,0x4A,0x00,0x4B,0x00,0x01,0x00,0x01,0x00,0x00,0x00,
    0x00,0x00,0x00,0x00,0x00,0x00,0x00,0x00,0x00,0x00,0x49,0x00,0x49,0x00,0x2A,0x00,0x1C,0x00,0x2A,0x00,0x4A,0x00,0x4B,0x00,0x01,0x00,0x01,0x00,0x00,0x00,
    0x00,0x00,0x00,0x00,0x41,0x00,0x42,0x00,0x44,0x00,0x48,0x00,0x70,0x00,0x50,0x00,0x48,0x00,0x44,0x00,0x42,0x00,0x43,0x00,0x01,0x00,0x01,0x00,0x00,0x00,
    0x00,0x00,0x00,0x00,0x00,0x00,0x00,0x00,0x00,0x00,0x41,0x00,0x42,0x00,0x44,0x00,0x78,0x00,0x44,0x00,0x42,0x00,0x43,0x00,0x01,0x00,0x01,0x00,0x00,0x00,
    0x00,0x00,0x00,0x00,0x41,0x00,0x22,0x00,0x14,0x00,0x08,0x00,0x08,0x00,0x08,0x00,0x08,0x00,0x08,0x00,0x08,0x00,0x08,0x00,0x00,0x00,0x00,0x00,0x00,0x00,
    0x00,0x00,0x00,0x00,0x00,0x00,0x00,0x00,0x00,0x00,0x41,0x00,0x22,0x00,0x14,0x00,0x08,0x00,0x08,0x00,0x08,0x00,0x08,0x00,0x08,0x00,0x08,0x00,0x08,0x00,
    0x00,0x00,0x00,0x00,0x41,0x00,0x22,0x00,0x14,0x00,0x08,0x00,0x08,0x00,0x08,0x00,0x3E,0x00,0x08,0x00,0x08,0x00,0x08,0x00,0x00,0x00,0x00,0x00,0x00,0x00,
    0x00,0x00,0x00,0x00,0x00,0x00,0x00,0x00,0x00,0x00,0x41,0x00,0x22,0x00,0x14,0x00,0x08,0x00,0x08,0x00,0x08,0x00,0x3E,0x00,0x08,0x00,0x08,0x00,0x08,0x00,
    0x00,0x00,0x00,0x00,0x41,0x00,0x41,0x00,0x22,0x00,0x14,0x00,0x08,0x00,0x08,0x00,0x14,0x00,0x22,0x00,0x42,0x00,0x43,0x00,0x01,0x00,0x01,0x00,0x00,0x00,
    0x00,0x00,0x00,0x00,0x00,0x00,0x00,0x00,0x00,0x00,0x41,0x00,0x22,0x00,0x14,0x00,0x08,0x00,0x14,0x00,0x22,0x00,0x43,0x00,0x01,0x00,0x01,0x00,0x00,0x00,
    0x00,0x00,0x00,0x00,0x40,0x00,0x40,0x00,0x40,0x00,0x5E,0x00,0x61,0x00,0x41,0x00,0x41,0x00,0x41,0x00,0x41,0x00,0x41,0x00,0x00,0x00,0x00,0x00,0x00,0x00,
    0x00,0x00,0x00,0x00,0x20,0x00,0x20,0x00,0x20,0x00,0x20,0x00,0x2C,0x00,0x32,0x00,0x22,0x00,0x22,0x00,0x22,0x00,0x22,0x00,0x00,0x00,0x00,0x00,0x00,0x00,
    0x00,0x00,0x00,0x00,0x3E,0x00,0x01,0x00,0x01,0x00,0x01,0x00,0x01,0x00,0x7F,0x00,0x41,0x00,0x41,0x00,0x41,0x00,0x3E,0x00,0x00,0x00,0x00,0x00,0x00,0x00,
    0x00,0x00,0x00,0x00,0x00,0x00,0x00,0x00,0x00,0x00,0x3E,0x00,0x01,0x00,0x01,0x00,0x7F,0x00,0x41,0x00,0x41,0x00,0x3E,0x00,0x00,0x00,0x00,0x00,0x00,0x00,
    0x00,0x00,0x3E,0x00,0x00,0x00,0x41,0x00,0x41,0x00,0x43,0x00,0x45,0x00,0x49,0x00,0x51,0x00,0x61,0x00,0x41,0x00,0x41,0x00,0x00,0x00,0x00,0x00,0x00,0x00,
    0x00,0x00,0x00,0x00,0x00,0x00,0x3E,0x00,0x00,0x00,0x41,0x00,0x43,0x00,0x45,0x00,0x49,0x00,0x51,0x00,0x61,0x00,0x41,0x00,0x00,0x00,0x00,0x00,0x00,0x00,
    0x00,0x00,0x00,0x00,0x3E,0x00,0x41,0x00,0x41,0x00,0x51,0x00,0x6B,0x00,0x45,0x00,0x41,0x00,0x41,0x00,0x41,0x00,0x3E,0x00,0x00,0x00,0x00,0x00,0x00,0x00,
    0x00,0x00,0x00,0x00,0x00,0x00,0x00,0x00,0x00,0x00,0x3E,0x00,0x41,0x00,0x51,0x00,0x6B,0x00,0x45,0x00,0x41,0x00,0x3E,0x00,0x00,0x00,0x00,0x00,0x00,0x00,
    0x00,0x00,0x3E,0x00,0x00,0x00,0x41,0x00,0x41,0x00,0x41,0x00,0x41,0x00,0x43,0x00,0x3D,0x00,0x01,0x00,0x41,0x00,0x3E,0x00,0x00,0x00,0x00,0x00,0x00,0x00,
    0x00,0x00,0x00,0x00,0x00,0x00,0x3E,0x00,0x00,0x00,0x41,0x00,0x41,0x00,0x41,0x00,0x41,0x00,0x41,0x00,0x43,0x00,0x3D,0x00,0x01,0x00,0x41,0x00,0x3E,0x00,
    0x00,0x00,0x00,0x00,0x00,0x00,0x84,0x00,0xC7,0x00,0x63,0x00,0x32,0x00,0xDA,0x00,0x8E,0x00,0x46,0x00,0x63,0x00,0xE1,0x00,0x00,0x00,0x00,0x00,0x00,0x00,
    0x00,0x00,0x00,0x00,0x00,0x00,0x00,0x00,0x80,0x00,0xFC,0x00,0x7E,0x00,0x02,0x00,0x02,0x00,0x02,0x00,0x7F,0x00,0xFE,0x00,0x00,0x00,0x00,0x00,0x00,0x00,
    0x00,0x00,0x00,0x00,0x00,0x00,0x00,0x00,0x20,0x00,0x38,0x00,0x1C,0x00,0x04,0x00,0x04,0x00,0x04,0x00,0x1E,0x00,0x3A,0x00,0x00,0x00,0x00,0x00,0x00,0x00,
    0x00,0x00,0x00,0x00,0x00,0x00,0x00,0x00,0x80,0x00,0xFF,0x00,0x7F,0x00,0x02,0x00,0x02,0x00,0x02,0x00,0x02,0x00,0x02,0x00,0x00,0x00,0x00,0x00,0x00,0x00,
    0x00,0x00,0x00,0x00,0x00,0x00,0x00,0x00,0x80,0x00,0xFF,0x00,0x7F,0x00,0x02,0x00,0x42,0x00,0x42,0x00,0x42,0x00,0x82,0x00,0x00,0x00,0x00,0x00,0x00,0x00,
    0x00,0x00,0x00,0x00,0x00,0x00,0x00,0x00,0x20,0x00,0x38,0x00,0x1C,0x00,0x04,0x00,0x04,0x00,0x04,0x00,0x04,0x00,0x04,0x00,0x00,0x00,0x00,0x00,0x00,0x00,
    0x00,0x00,0x00,0x00,0x00,0x00,0x00,0x00,0x20,0x00,0x3C,0x00,0x1E,0x00,0x08,0x00,0x08,0x00,0x08,0x00,0x08,0x00,0x08,0x00,0x00,0x00,0x00,0x00,0x00,0x00,
    0x00,0x00,0x00,0x00,0x00,0x00,0x00,0x00,0x80,0x00,0xFF,0x00,0x7F,0x00,0x42,0x00,0x42,0x00,0x42,0x00,0x42,0x00,0x82,0x00,0x00,0x00,0x00,0x00,0x00,0x00,
    0x00,0x00,0x00,0x00,0x00,0x00,0x00,0x00,0x80,0x00,0xE3,0x00,0x77,0x00,0x45,0x00,0x41,0x00,0x41,0x00,0x7F,0x00,0x7E,0x00,0x00,0x00,0x00,0x00,0x00,0x00,
    0x00,0x00,0x00,0x00,0x00,0x00,0x00,0x00,0x20,0x00,0x38,0x00,0x1C,0x00,0x04,0x00,0x04,0x00,0x00,0x00,0x00,0x00,0x00,0x00,0x00,0x00,0x00,0x00,0x00,0x00,
    0x00,0x00,0x00,0x00,0x00,0x00,0x00,0x00,0x80,0x00,0xFE,0x00,0x7F,0x00,0x02,0x00,0x04,0x00,0x04,0x00,0x04,0x00,0x04,0x00,0x04,0x00,0x04,0x00,0x04,0x00,
    0x00,0x00,0x00,0x00,0x00,0x00,0x00,0x00,0x80,0x00,0xFE,0x00,0x7F,0x00,0x01,0x00,0x01,0x00,0x01,0x00,0x7E,0x00,0xFC,0x00,0x00,0x00,0x00,0x00,0x00,0x00,
    0x00,0x00,0x00,0x00,0x80,0x00,0x40,0x00,0x40,0x00,0x7F,0x00,0x3F,0x00,0x01,0x00,0x01,0x00,0x02,0x00,0x04,0x00,0x18,0x00,0x00,0x00,0x00,0x00,0x00,0x00,
    0x00,0x00,0x00,0x00,0x00,0x00,0x00,0x00,0x80,0x00,0xFE,0x00,0x7F,0x00,0x81,0x00,0x81,0x00,0x81,0x00,0xFF,0x00,0xFF,0x00,0x00,0x00,0x00,0x00,0x00,0x00,
    0x00,0x00,0x00,0x00,0x00,0x00,0x00,0x00,0x80,0x00,0xDE,0x00,0x7F,0x00,0x41,0x00,0x81,0x00,0x81,0x00,0x9F,0x00,0xBE,0x00,0x00,0x00,0x00,0x00,0x00,0x00,
    0x00,0x00,0x00,0x00,0x00,0x00,0x20,0x00,0x38,0x00,0x1C,0x00,0x04,0x00,0x08,0x00,0x08,0x00,0x08,0x00,0x08,0x00,0x08,0x00,0x08,0x00,0x08,0x00,0x08,0x00,
    0x00,0x00,0x00,0x00,0x00,0x00,0x00,0x00,0x20,0x00,0x38,0x00,0x1C,0x00,0x04,0x00,0x04,0x00,0x04,0x00,0x1C,0x00,0x3C,0x00,0x00,0x00,0x00,0x00,0x00,0x00,
    0x00,0x00,0x00,0x00,0x00,0x00,0x00,0x00,0x80,0x00,0xFE,0x00,0x7F,0x00,0x41,0x00,0x41,0x00,0x41,0x00,0x7E,0x00,0x3C,0x00,0x00,0x00,0x00,0x00,0x00,0x00,
    0x00,0x00,0x00,0x00,0x00,0x00,0x00,0x00,0x84,0x00,0xE7,0x00,0x73,0x00,0x41,0x00,0x21,0x00,0x11,0x00,0x7E,0x00,0xFC,0x00,0x00,0x00,0x00,0x00,0x00,0x00,
    0x00,0x00,0x00,0x00,0x00,0x00,0x00,0x00,0x80,0x00,0xFE,0x00,0x7F,0x00,0x82,0x00,0xC4,0x00,0xC4,0x00,0x04,0x00,0x04,0x00,0x04,0x00,0x04,0x00,0x04,0x00,
    0x00,0x00,0x00,0x00,0x00,0x00,0x00,0x00,0x80,0x00,0xFF,0x00,0x7F,0x00,0x41,0x00,0x61,0x00,0x01,0x00,0x7E,0x00,0xFC,0x00,0x00,0x00,0x00,0x00,0x00,0x00,
    0x00,0x00,0x00,0x00,0x00,0x00,0x00,0x00,0x84,0x00,0xE7,0x00,0x63,0x00,0x24,0x00,0x28,0x00,0x30,0x00,0x20,0x00,0x20,0x00,0x20,0x00,0x20,0x00,0x20,0x00,
    0x00,0x00,0x00,0x00,0x00,0x00,0x00,0x00,0x84,0x00,0xE7,0x00,0x63,0x00,0x24,0x00,0x18,0x00,0x06,0x00,0x7F,0x00,0xFE,0x00,0x00,0x00,0x00,0x00,0x00,0x00,
    0x00,0x00,0x00,0x00,0x00,0x00,0x00,0x00,0x80,0x00,0xFE,0x00,0x7F,0x00,0x01,0x00,0x21,0x00,0x21,0x00,0x26,0x00,0x28,0x00,0x20,0x00,0x20,0x00,0x20,0x00,
    0x00,0x00,0x00,0x00,0x00,0x00,0x00,0x00,0x80,0x00,0xFE,0x00,0x7F,0x00,0x01,0x00,0x01,0x00,0x01,0x00,0x01,0x00,0x01,0x00,0x00,0x00,0x00,0x00,0x00,0x00,
    0x00,0x00,0x00,0x00,0x00,0x00,0x00,0x00,0x92,0x00,0xDB,0x00,0x49,0x00,0x89,0x00,0x91,0x00,0xA2,0x00,0xFE,0x00,0x7C,0x00,0x00,0x00,0x00,0x00,0x00,0x00,
    0x00,0x00,0x00,0x00,0x00,0x00,0x00,0x00,0x80,0x00,0xFE,0x00,0x7F,0x00,0x21,0x00,0x41,0x00,0x41,0x00,0x61,0x00,0xE1,0x00,0x00,0x00,0x00,0x00,0x00,0x00,
    0x00,0x00,0x00,0x00,0x11,0x00,0x12,0x00,0x14,0x00,0x19,0x00,0x12,0x00,0x14,0x00,0x18,0x00,0x10,0x00,0x10,0x00,0x10,0x00,0x00,0x00,0x00,0x00,0x00,0x00,
    0x00,0x00,0x00,0x00,0x30,0x00,0x28,0x00,0x24,0x00,0x24,0x00,0x22,0x00,0x22,0x00,0x22,0x00,0x22,0x00,0x22,0x00,0x22,0x00,0x00,0x00,0x00,0x00,0x00,0x00,
    0x00,0x00,0x00,0x00,0x40,0x00,0x60,0x00,0x50,0x00,0x50,0x00,0x48,0x00,0x44,0x00,0x54,0x00,0x52,0x00,0x51,0x00,0x51,0x00,0x00,0x00,0x00,0x00,0x00,0x00,
    0x00,0x00,0x00,0x00,0x10,0x00,0x10,0x00,0x1E,0x00,0x11,0x00,0x11,0x00,0x11,0x00,0x1E,0x00,0x10,0x00,0x10,0x00,0x10,0x00,0x00,0x00,0x00,0x00,0x00,0x00,
    0x00,0x00,0x00,0x00,0x11,0x00,0x1A,0x00,0x14,0x00,0x11,0x00,0x1A,0x00,0x14,0x00,0x10,0x00,0x10,0x00,0x10,0x00,0x10,0x00,0x00,0x00,0x00,0x00,0x00,0x00,
    0x00,0x00,0x00,0x00,0x11,0x00,0x1A,0x00,0x14,0x00,0x10,0x00,0x18,0x00,0x14,0x00,0x12,0x00,0x10,0x00,0x10,0x00,0x10,0x00,0x00,0x00,0x00,0x00,0x00,0x00,
    0x00,0x00,0x00,0x00,0x08,0x00,0x0C,0x00,0x0A,0x00,0x09,0x00,0x0C,0x00,0x0A,0x00,0x09,0x00,0x08,0x00,0x08,0x00,0x08,0x00,0x00,0x00,0x00,0x00,0x00,0x00,
    0x00,0x00,0x00,0x00,0x08,0x00,0x28,0x00,0x18,0x00,0x0C,0x00,0x2A,0x00,0x18,0x00,0x0C,0x00,0x0A,0x00,0x08,0x00,0x08,0x00,0x00,0x00,0x00,0x00,0x00,0x00,
    0x00,0x00,0x00,0x00,0x30,0x00,0x2C,0x00,0x22,0x00,0x24,0x00,0x28,0x00,0x30,0x00,0x28,0x00,0x24,0x00,0x24,0x00,0x22,0x00,0x00,0x00,0x00,0x00,0x00,0x00,
    0x00,0x00,0x00,0x00,0x20,0x00,0x20,0x00,0x20,0x00,0x20,0x00,0x20,0x00,0x20,0x00,0x30,0x00,0x28,0x00,0x24,0x00,0x22,0x00,0x00,0x00,0x00,0x00,0x00,0x00,
    0x00,0x00,0x00,0x00,0x22,0x00,0x22,0x00,0x14,0x00,0x14,0x00,0x08,0x00,0x08,0x00,0x14,0x00,0x14,0x00,0x22,0x00,0x22,0x00,0x00,0x00,0x00,0x00,0x00,0x00,
    0x00,0x00,0x00,0x00,0x22,0x00,0x22,0x00,0x14,0x00,0x14,0x00,0x2A,0x00,0x2A,0x00,0x14,0x00,0x14,0x00,0x22,0x00,0x22,0x00,0x00,0x00,0x00,0x00,0x00,0x00,
    0x00,0x00,0x00,0x00,0x30,0x00,0x2C,0x00,0x22,0x00,0x24,0x00,0x28,0x00,0x30,0x00,0x20,0x00,0x20,0x00,0x20,0x00,0x20,0x00,0x00,0x00,0x00,0x00,0x00,0x00,
    0x00,0x00,0x00,0x00,0x21,0x00,0x21,0x00,0x31,0x00,0x29,0x00,0x25,0x00,0x33,0x00,0x29,0x00,0x25,0x00,0x23,0x00,0x21,0x00,0x00,0x00,0x00,0x00,0x00,0x00,
    0x00,0x00,0x00,0x00,0x08,0x00,0x08,0x00,0x28,0x00,0x18,0x00,0x08,0x00,0x0C,0x00,0x0A,0x00,0x08,0x00,0x08,0x00,0x08,0x00,0x00,0x00,0x00,0x00,0x00,0x00,
    0x00,0x00,0x00,0x00,0x08,0x00,0x08,0x00,0x08,0x00,0x08,0x00,0x08,0x00,0x08,0x00,0x08,0x00,0x08,0x00,0x08,0x00,0x08,0x00,0x00,0x00,0x00,0x00,0x00,0x00,
    0x00,0x00,0x00,0x00,0x08,0x00,0x08,0x00,0x1C,0x00,0x2A,0x00,0x49,0x00,0x49,0x00,0x2A,0x00,0x1C,0x00,0x08,0x00,0x08,0x00,0x00,0x00,0x00,0x00,0x00,0x00,
    0x00,0x00,0x00,0x00,0x08,0x00,0x0C,0x00,0x0A,0x00,0x09,0x00,0x08,0x00,0x08,0x00,0x48,0x00,0x28,0x00,0x18,0x00,0x08,0x00,0x00,0x00,0x00,0x00,0x00,0x00,
    0x00,0x00,0x00,0x00,0x41,0x00,0x62,0x00,0x54,0x00,0x48,0x00,0x40,0x00,0x40,0x00,0x48,0x00,0x54,0x00,0x62,0x00,0x41,0x00,0x00,0x00,0x00,0x00,0x00,0x00,
    0x00,0x00,0x00,0x00,0x49,0x00,0x2A,0x00,0x1C,0x00,0x08,0x00,0x08,0x00,0x08,0x00,0x08,0x00,0x08,0x00,0x08,0x00,0x08,0x00,0x00,0x00,0x00,0x00,0x00,0x00,
    0x00,0x00,0x00,0x00,0x20,0x00,0x20,0x00,0x21,0x00,0x23,0x00,0x25,0x00,0x29,0x00,0x31,0x00,0x21,0x00,0x01,0x00,0x01,0x00,0x00,0x00,0x00,0x00,0x00,0x00,
    0x00,0x00,0x00,0x00,0x08,0x00,0x1C,0x00,0x2A,0x00,0x49,0x00,0x08,0x00,0x08,0x00,0x08,0x00,0x08,0x00,0x08,0x00,0x08,0x00,0x00,0x00,0x00,0x00,0x00,0x00,
    0x00,0x00,0x00,0x00,0x30,0x00,0x2C,0x00,0x22,0x00,0x24,0x00,0x38,0x00,0x28,0x00,0x24,0x00,0x22,0x00,0x2C,0x00,0x30,0x00,0x00,0x00,0x00,0x00,0x00,0x00,
    0x00,0x00,0x00,0x00,0x41,0x00,0x63,0x00,0x55,0x00,0x49,0x00,0x41,0x00,0x41,0x00,0x41,0x00,0x41,0x00,0x41,0x00,0x41,0x00,0x00,0x00,0x00,0x00,0x00,0x00,
    0x00,0x00,0x00,0x00,0x41,0x00,0x63,0x00,0x55,0x00,0x49,0x00,0x55,0x00,0x63,0x00,0x41,0x00,0x41,0x00,0x41,0x00,0x41,0x00,0x00,0x00,0x00,0x00,0x00,0x00,
    0x00,0x00,0x00,0x00,0x08,0x00,0x0C,0x00,0x0A,0x00,0x09,0x00,0x08,0x00,0x08,0x00,0x08,0x00,0x08,0x00,0x08,0x00,0x08,0x00,0x00,0x00,0x00,0x00,0x00,0x00,
    0x00,0x00,0x00,0x00,0x41,0x00,0x22,0x00,0x14,0x00,0x1C,0x00,0x22,0x00,0x22,0x00,0x14,0x00,0x1C,0x00,0x22,0x00,0x41,0x00,0x00,0x00,0x00,0x00,0x00,0x00,
    0x00,0x00,0x00,0x00,0x41,0x00,0x63,0x00,0x55,0x00,0x55,0x00,0x49,0x00,0x49,0x00,0x55,0x00,0x55,0x00,0x63,0x00,0x41,0x00,0x00,0x00,0x00,0x00,0x00,0x00,
    0x00,0x00,0x00,0x00,0x08,0x00,0x14,0x00,0x22,0x00,0x41,0x00,0x22,0x00,0x14,0x00,0x08,0x00,0x14,0x00,0x22,0x00,0x41,0x00,0x00,0x00,0x00,0x00,0x00,0x00,
    0x00,0x00,0x00,0x00,0x49,0x00,0x5D,0x00,0x2A,0x00,0x08,0x00,0x08,0x00,0x08,0x00,0x08,0x00,0x08,0x00,0x08,0x00,0x08,0x00,0x00,0x00,0x00,0x00,0x00,0x00,
    0x00,0x00,0x00,0x00,0x08,0x00,0x49,0x00,0x2A,0x00,0x1C,0x00,0x08,0x00,0x1C,0x00,0x2A,0x00,0x49,0x00,0x08,0x00,0x08,0x00,0x00,0x00,0x00,0x00,0x00,0x00,
    0x00,0x00,0x00,0x00,0x09,0x00,0x0D,0x00,0x0A,0x00,0x08,0x00,0x08,0x00,0x08,0x00,0x08,0x00,0x28,0x00,0x58,0x00,0x48,0x00,0x00,0x00,0x00,0x00,0x00,0x00,
    0x00,0x00,0x00,0x00,0x08,0x00,0x08,0x00,0x08,0x00,0x08,0x00,0x08,0x00,0x08,0x00,0x08,0x00,0x1C,0x00,0x2A,0x00,0x49,0x00,0x00,0x00,0x00,0x00,0x00,0x00,
    0x00,0x00,0x00,0x00,0x41,0x00,0x63,0x00,0x5D,0x00,0x63,0x00,0x41,0x00,0x41,0x00,0x63,0x00,0x5D,0x00,0x63,0x00,0x41,0x00,0x00,0x00,0x00,0x00,0x00,0x00,
    0x00,0x00,0x00,0x00,0x00,0x00,0x00,0x00,0x00,0x00,0x00,0x00,0x18,0x00,0x18,0x00,0x00,0x00,0x00,0x00,0x00,0x00,0x00,0x00,0x00,0x00,0x00,0x00,0x00,0x00,
    0x00,0x00,0x00,0x00,0x00,0x00,0x00,0x00,0x0C,0x00,0x0C,0x00,0x00,0x00,0x00,0x00,0x0C,0x00,0x0C,0x00,0x00,0x00,0x00,0x00,0x00,0x00,0x00,0x00,0x00,0x00,
    0x00,0x00,0x00,0x00,0x00,0x00,0x00,0x00,0x00,0x00,0x18,0x00,0x18,0x00,0x7E,0x00,0x7E,0x00,0x18,0x00,0x18,0x00,0x00,0x00,0x00,0x00,0x00,0x00,0x00,0x00,
    0x00,0x00,0x0C,0x00,0x00,0x00,0x7E,0x00,0x21,0x00,0x21,0x00,0x21,0x00,0x3E,0x00,0x21,0x00,0x21,0x00,0x21,0x00,0x7E,0x00,0x00,0x00,0x00,0x00,0x00,0x00,
    0x00,0x00,0x0C,0x00,0x40,0x00,0x40,0x00,0x40,0x00,0x5E,0x00,0x61,0x00,0x41,0x00,0x41,0x00,0x41,0x00,0x61,0x00,0x5E,0x00,0x00,0x00,0x00,0x00,0x00,0x00,
    0x00,0x00,0x00,0x00,0x7E,0x00,0x21,0x00,0x21,0x00,0x21,0x00,0x3E,0x00,0x21,0x00,0x21,0x00,0x21,0x00,0x21,0x00,0x7E,0x00,0x00,0x00,0x08,0x00,0x08,0x00,
    0x00,0x00,0x08,0x00,0x08,0x00,0x00,0x00,0x7E,0x00,0x21,0x00,0x21,0x00,0x21,0x00,0x21,0x00,0x21,0x00,0x21,0x00,0x7E,0x00,0x00,0x00,0x00,0x00,0x00,0x00,
    0x00,0x00,0x18,0x00,0x01,0x00,0x01,0x00,0x01,0x00,0x3D,0x00,0x43,0x00,0x41,0x00,0x41,0x00,0x41,0x00,0x43,0x00,0x3D,0x00,0x00,0x00,0x00,0x00,0x00,0x00,
    0x00,0x00,0x0C,0x00,0x00,0x00,0x7F,0x00,0x40,0x00,0x40,0x00,0x40,0x00,0x7C,0x00,0x40,0x00,0x40,0x00,0x40,0x00,0x40,0x00,0x00,0x00,0x00,0x00,0x00,0x00,
    0x00,0x00,0x0C,0x00,0x00,0x00,0x0E,0x00,0x11,0x00,0x10,0x00,0x10,0x00,0x7C,0x00,0x10,0x00,0x10,0x00,0x10,0x00,0x10,0x00,0x00,0x00,0x00,0x00,0x00,0x00,
    0x00,0x00,0x08,0x00,0x08,0x00,0x41,0x00,0x41,0x00,0x63,0x00,0x55,0x00,0x55,0x00,0x49,0x00,0x49,0x00,0x41,0x00,0x41,0x00,0x00,0x00,0x00,0x00,0x00,0x00,
    0x00,0x00,0x00,0x00,0x08,0x00,0x08,0x00,0x00,0x00,0x76,0x00,0x49,0x00,0x49,0x00,0x49,0x00,0x49,0x00,0x49,0x00,0x41,0x00,0x00,0x00,0x00,0x00,0x00,0x00,
    0x00,0x00,0x0C,0x00,0x00,0x00,0x7E,0x00,0x41,0x00,0x41,0x00,0x41,0x00,0x7E,0x00,0x40,0x00,0x40,0x00,0x40,0x00,0x40,0x00,0x00,0x00,0x00,0x00,0x00,0x00,
    0x00,0x00,0x00,0x00,0x00,0x00,0x0C,0x00,0x00,0x00,0x5E,0x00,0x61,0x00,0x41,0x00,0x41,0x00,0x41,0x00,0x61,0x00,0x5E,0x00,0x40,0x00,0x40,0x00,0x40,0x00,
    0x00,0x00,0x0C,0x00,0x00,0x00,0x3E,0x00,0x41,0x00,0x40,0x00,0x40,0x00,0x3E,0x00,0x01,0x00,0x41,0x00,0x41,0x00,0x3E,0x00,0x00,0x00,0x00,0x00,0x00,0x00,
    0x00,0x00,0x00,0x00,0x00,0x00,0x0C,0x00,0x00,0x00,0x3E,0x00,0x41,0x00,0x40,0x00,0x3E,0x00,0x01,0x00,0x41,0x00,0x3E,0x00,0x00,0x00,0x00,0x00,0x00,0x00,
    0x00,0x00,0x08,0x00,0x08,0x00,0x00,0x00,0x7F,0x00,0x08,0x00,0x08,0x00,0x08,0x00,0x08,0x00,0x08,0x00,0x08,0x00,0x08,0x00,0x00,0x00,0x00,0x00,0x00,0x00,
    0x00,0x00,0x0C,0x00,0x00,0x00,0x10,0x00,0x10,0x00,0x7E,0x00,0x10,0x00,0x10,0x00,0x10,0x00,0x10,0x00,0x11,0x00,0x0E,0x00,0x00,0x00,0x00,0x00,0x00,0x00,
    0x20,0x00,0x10,0x00,0x08,0x00,0x41,0x00,0x41,0x00,0x41,0x00,0x49,0x00,0x49,0x00,0x49,0x00,0x49,0x00,0x55,0x00,0x22,0x00,0x00,0x00,0x00,0x00,0x00,0x00,
    0x00,0x00,0x20,0x00,0x10,0x00,0x08,0x00,0x00,0x00,0x41,0x00,0x41,0x00,0x49,0x00,0x49,0x00,0x49,0x00,0x55,0x00,0x22,0x00,0x00,0x00,0x00,0x00,0x00,0x00,
    0x02,0x00,0x04,0x00,0x08,0x00,0x41,0x00,0x41,0x00,0x41,0x00,0x49,0x00,0x49,0x00,0x49,0x00,0x49,0x00,0x55,0x00,0x22,0x00,0x00,0x00,0x00,0x00,0x00,0x00,
    0x00,0x00,0x02,0x00,0x04,0x00,0x08,0x00,0x00,0x00,0x41,0x00,0x41,0x00,0x49,0x00,0x49,0x00,0x49,0x00,0x55,0x00,0x22,0x00,0x00,0x00,0x00,0x00,0x00,0x00,
    0x00,0x00,0x22,0x00,0x22,0x00,0x00,0x00,0x41,0x00,0x41,0x00,0x49,0x00,0x49,0x00,0x49,0x00,0x49,0x00,0x55,0x00,0x22,0x00,0x00,0x00,0x00,0x00,0x00,0x00,
    0x00,0x00,0x00,0x00,0x22,0x00,0x22,0x00,0x00,0x00,0x41,0x00,0x41,0x00,0x49,0x00,0x49,0x00,0x49,0x00,0x55,0x00,0x22,0x00,0x00,0x00,0x00,0x00,0x00,0x00,
    0x20,0x00,0x10,0x00,0x08,0x00,0x00,0x00,0x41,0x00,0x41,0x00,0x22,0x00,0x14,0x00,0x08,0x00,0x08,0x00,0x08,0x00,0x08,0x00,0x00,0x00,0x00,0x00,0x00,0x00,
    0x00,0x00,0x20,0x00,0x10,0x00,0x08,0x00,0x00,0x00,0x42,0x00,0x42,0x00,0x42,0x00,0x42,0x00,0x42,0x00,0x46,0x00,0x3A,0x00,0x02,0x00,0x42,0x00,0x3C,0x00,
    0x00,0x00,0x0C,0x00,0x04,0x00,0x08,0x00,0x00,0x00,0x3D,0x00,0x43,0x00,0x41,0x00,0x41,0x00,0x43,0x00,0x45,0x00,0x39,0x00,0x00,0x00,0x00,0x00,0x00,0x00,
    0x00,0x00,0x0C,0x00,0x08,0x00,0x04,0x00,0x00,0x00,0x3D,0x00,0x43,0x00,0x41,0x00,0x41,0x00,0x43,0x00,0x45,0x00,0x39,0x00,0x00,0x00,0x00,0x00,0x00,0x00,
    0x00,0x00,0x34,0x00,0x12,0x00,0x20,0x00,0x00,0x00,0x3D,0x00,0x43,0x00,0x41,0x00,0x41,0x00,0x43,0x00,0x45,0x00,0x39,0x00,0x00,0x00,0x00,0x00,0x00,0x00,
    0x00,0x00,0x34,0x00,0x22,0x00,0x10,0x00,0x00,0x00,0x3D,0x00,0x43,0x00,0x41,0x00,0x41,0x00,0x43,0x00,0x45,0x00,0x39,0x00,0x00,0x00,0x00,0x00,0x00,0x00,
    0x00,0x00,0x32,0x00,0x14,0x00,0x20,0x00,0x00,0x00,0x3D,0x00,0x43,0x00,0x41,0x00,0x41,0x00,0x43,0x00,0x45,0x00,0x39,0x00,0x00,0x00,0x00,0x00,0x00,0x00,
    0x00,0x00,0x32,0x00,0x24,0x00,0x10,0x00,0x00,0x00,0x3D,0x00,0x43,0x00,0x41,0x00,0x41,0x00,0x43,0x00,0x45,0x00,0x39,0x00,0x00,0x00,0x00,0x00,0x00,0x00,
    0x1A,0x00,0x2C,0x00,0x04,0x00,0x08,0x00,0x00,0x00,0x3D,0x00,0x43,0x00,0x41,0x00,0x41,0x00,0x43,0x00,0x45,0x00,0x39,0x00,0x00,0x00,0x00,0x00,0x00,0x00,
    0x1A,0x00,0x2C,0x00,0x08,0x00,0x04,0x00,0x00,0x00,0x3D,0x00,0x43,0x00,0x41,0x00,0x41,0x00,0x43,0x00,0x45,0x00,0x39,0x00,0x00,0x00,0x00,0x00,0x00,0x00,
    0x00,0x00,0x00,0x00,0xC4,0x00,0x4A,0x00,0x91,0x00,0x11,0x00,0x11,0x00,0x11,0x00,0x1F,0x00,0x11,0x00,0x11,0x00,0x11,0x00,0x00,0x00,0x00,0x00,0x00,0x00,
    0x00,0x00,0x00,0x00,0xC4,0x00,0x8A,0x00,0x51,0x00,0x11,0x00,0x11,0x00,0x11,0x00,0x1F,0x00,0x11,0x00,0x11,0x00,0x11,0x00,0x00,0x00,0x00,0x00,0x00,0x00,
    0x00,0x00,0x00,0x00,0xE2,0x00,0x55,0x00,0x88,0x80,0x08,0x80,0x08,0x80,0x08,0x80,0x0F,0x80,0x08,0x80,0x08,0x80,0x08,0x80,0x00,0x00,0x00,0x00,0x00,0x00,
    0x00,0x00,0x00,0x00,0xE2,0x00,0x95,0x00,0x48,0x80,0x08,0x80,0x08,0x80,0x08,0x80,0x0F,0x80,0x08,0x80,0x08,0x80,0x08,0x80,0x00,0x00,0x00,0x00,0x00,0x00,
    0x00,0x00,0x00,0x00,0xD2,0x00,0x65,0x00,0x88,0x80,0x08,0x80,0x08,0x80,0x08,0x80,0x0F,0x80,0x08,0x80,0x08,0x80,0x08,0x80,0x00,0x00,0x00,0x00,0x00,0x00,
    0x00,0x00,0x00,0x00,0xD2,0x00,0xA5,0x00,0x48,0x80,0x08,0x80,0x08,0x80,0x08,0x80,0x0F,0x80,0x08,0x80,0x08,0x80,0x08,0x80,0x00,0x00,0x00,0x00,0x00,0x00,
    0x00,0x00,0x00,0x00,0xC4,0x00,0x0A,0x00,0xD1,0x00,0x51,0x00,0x91,0x00,0x11,0x00,0x1F,0x00,0x11,0x00,0x11,0x00,0x11,0x00,0x00,0x00,0x00,0x00,0x00,0x00,
    0x00,0x00,0x00,0x00,0xC4,0x00,0x0A,0x00,0xD1,0x00,0x91,0x00,0x51,0x00,0x11,0x00,0x1F,0x00,0x11,0x00,0x11,0x00,0x11,0x00,0x00,0x00,0x00,0x00,0x00,0x00,
    0x00,0x00,0x0C,0x00,0x04,0x00,0x08,0x00,0x00,0x00,0x3E,0x00,0x41,0x00,0x40,0x00,0x3C,0x00,0x40,0x00,0x41,0x00,0x3E,0x00,0x00,0x00,0x00,0x00,0x00,0x00,
    0x00,0x00,0x0C,0x00,0x08,0x00,0x04,0x00,0x00,0x00,0x3E,0x00,0x41,0x00,0x40,0x00,0x3C,0x00,0x40,0x00,0x41,0x00,0x3E,0x00,0x00,0x00,0x00,0x00,0x00,0x00,
    0x00,0x00,0x34,0x00,0x12,0x00,0x20,0x00,0x00,0x00,0x3E,0x00,0x41,0x00,0x40,0x00,0x3C,0x00,0x40,0x00,0x41,0x00,0x3E,0x00,0x00,0x00,0x00,0x00,0x00,0x00,
    0x00,0x00,0x34,0x00,0x22,0x00,0x10,0x00,0x00,0x00,0x3E,0x00,0x41,0x00,0x40,0x00,0x3C,0x00,0x40,0x00,0x41,0x00,0x3E,0x00,0x00,0x00,0x00,0x00,0x00,0x00,
    0x00,0x00,0x32,0x00,0x14,0x00,0x20,0x00,0x00,0x00,0x3E,0x00,0x41,0x00,0x40,0x00,0x3C,0x00,0x40,0x00,0x41,0x00,0x3E,0x00,0x00,0x00,0x00,0x00,0x00,0x00,
    0x00,0x00,0x32,0x00,0x24,0x00,0x10,0x00,0x00,0x00,0x3E,0x00,0x41,0x00,0x40,0x00,0x3C,0x00,0x40,0x00,0x41,0x00,0x3E,0x00,0x00,0x00,0x00,0x00,0x00,0x00,
    0x00,0x00,0x00,0x00,0xDF,0x00,0x50,0x00,0x90,0x00,0x10,0x00,0x1C,0x00,0x10,0x00,0x10,0x00,0x10,0x00,0x10,0x00,0x1F,0x00,0x00,0x00,0x00,0x00,0x00,0x00,
    0x00,0x00,0x00,0x00,0xDF,0x00,0x90,0x00,0x50,0x00,0x10,0x00,0x1C,0x00,0x10,0x00,0x10,0x00,0x10,0x00,0x10,0x00,0x1F,0x00,0x00,0x00,0x00,0x00,0x00,0x00,
    0x00,0x00,0x00,0x00,0xEF,0x80,0x58,0x00,0x88,0x00,0x08,0x00,0x0E,0x00,0x08,0x00,0x08,0x00,0x08,0x00,0x08,0x00,0x0F,0x80,0x00,0x00,0x00,0x00,0x00,0x00,
    0x00,0x00,0x00,0x00,0xEF,0x80,0x98,0x00,0x48,0x00,0x08,0x00,0x0E,0x00,0x08,0x00,0x08,0x00,0x08,0x00,0x08,0x00,0x0F,0x80,0x00,0x00,0x00,0x00,0x00,0x00,
    0x00,0x00,0x00,0x00,0xDF,0x80,0x68,0x00,0x88,0x00,0x08,0x00,0x0E,0x00,0x08,0x00,0x08,0x00,0x08,0x00,0x08,0x00,0x0F,0x80,0x00,0x00,0x00,0x00,0x00,0x00,
    0x00,0x00,0x00,0x00,0xDF,0x80,0xA8,0x00,0x48,0x00,0x08,0x00,0x0E,0x00,0x08,0x00,0x08,0x00,0x08,0x00,0x08,0x00,0x0F,0x80,0x00,0x00,0x00,0x00,0x00,0x00,
    0x00,0x00,0x0C,0x00,0x04,0x00,0x08,0x00,0x00,0x00,0x5E,0x00,0x61,0x00,0x41,0x00,0x41,0x00,0x41,0x00,0x41,0x00,0x41,0x00,0x01,0x00,0x01,0x00,0x01,0x00,
    0x00,0x00,0x0C,0x00,0x08,0x00,0x04,0x00,0x00,0x00,0x5E,0x00,0x61,0x00,0x41,0x00,0x41,0x00,0x41,0x00,0x41,0x00,0x41,0x00,0x01,0x00,0x01,0x00,0x01,0x00,
    0x00,0x00,0x34,0x00,0x12,0x00,0x20,0x00,0x00,0x00,0x5E,0x00,0x61,0x00,0x41,0x00,0x41,0x00,0x41,0x00,0x41,0x00,0x41,0x00,0x01,0x00,0x01,0x00,0x01,0x00,
    0x00,0x00,0x34,0x00,0x22,0x00,0x10,0x00,0x00,0x00,0x5E,0x00,0x61,0x00,0x41,0x00,0x41,0x00,0x41,0x00,0x41,0x00,0x41,0x00,0x01,0x00,0x01,0x00,0x01,0x00,
    0x00,0x00,0x32,0x00,0x14,0x00,0x20,0x00,0x00,0x00,0x5E,0x00,0x61,0x00,0x41,0x00,0x41,0x00,0x41,0x00,0x41,0x00,0x41,0x00,0x01,0x00,0x01,0x00,0x01,0x00,
    0x00,0x00,0x32,0x00,0x24,0x00,0x10,0x00,0x00,0x00,0x5E,0x00,0x61,0x00,0x41,0x00,0x41,0x00,0x41,0x00,0x41,0x00,0x41,0x00,0x01,0x00,0x01,0x00,0x01,0x00,
    0x1A,0x00,0x2C,0x00,0x04,0x00,0x08,0x00,0x00,0x00,0x5E,0x00,0x61,0x00,0x41,0x00,0x41,0x00,0x41,0x00,0x41,0x00,0x41,0x00,0x01,0x00,0x01,0x00,0x01,0x00,
    0x1A,0x00,0x2C,0x00,0x08,0x00,0x04,0x00,0x00,0x00,0x5E,0x00,0x61,0x00,0x41,0x00,0x41,0x00,0x41,0x00,0x41,0x00,0x41,0x00,0x01,0x00,0x01,0x00,0x01,0x00,
    0x00,0x00,0x00,0x00,0xD1,0x00,0x51,0x00,0x91,0x00,0x11,0x00,0x1F,0x00,0x11,0x00,0x11,0x00,0x11,0x00,0x11,0x00,0x11,0x00,0x00,0x00,0x00,0x00,0x00,0x00,
    0x00,0x00,0x00,0x00,0xD1,0x00,0x91,0x00,0x51,0x00,0x11,0x00,0x1F,0x00,0x11,0x00,0x11,0x00,0x11,0x00,0x11,0x00,0x11,0x00,0x00,0x00,0x00,0x00,0x00,0x00,
    0x00,0x00,0x00,0x00,0xE8,0x80,0x58,0x80,0x88,0x80,0x08,0x80,0x0F,0x80,0x08,0x80,0x08,0x80,0x08,0x80,0x08,0x80,0x08,0x80,0x00,0x00,0x00,0x00,0x00,0x00,
    0x00,0x00,0x00,0x00,0xE8,0x80,0x98,0x80,0x48,0x80,0x08,0x80,0x0F,0x80,0x08,0x80,0x08,0x80,0x08,0x80,0x08,0x80,0x08,0x80,0x00,0x00,0x00,0x00,0x00,0x00,
    0x00,0x00,0x00,0x00,0xD8,0x80,0x68,0x80,0x88,0x80,0x08,0x80,0x0F,0x80,0x08,0x80,0x08,0x80,0x08,0x80,0x08,0x80,0x08,0x80,0x00,0x00,0x00,0x00,0x00,0x00,
    0x00,0x00,0x00,0x00,0xD8,0x80,0xA8,0x80,0x48,0x80,0x08,0x80,0x0F,0x80,0x08,0x80,0x08,0x80,0x08,0x80,0x08,0x80,0x08,0x80,0x00,0x00,0x00,0x00,0x00,0x00,
    0x00,0x00,0x00,0x00,0xD1,0x00,0x11,0x00,0xD1,0x00,0x51,0x00,0x9F,0x00,0x11,0x00,0x11,0x00,0x11,0x00,0x11,0x00,0x11,0x00,0x00,0x00,0x00,0x00,0x00,0x00,
    0x00,0x00,0x00,0x00,0xD1,0x00,0x11,0x00,0xD1,0x00,0x91,0x00,0x5F,0x00,0x11,0x00,0x11,0x00,0x11,0x00,0x11,0x00,0x11,0x00,0x00,0x00,0x00,0x00,0x00,0x00,
    0x00,0x00,0x18,0x00,0x08,0x00,0x10,0x00,0x00,0x00,0x10,0x00,0x10,0x00,0x10,0x00,0x10,0x00,0x10,0x00,0x12,0x00,0x0C,0x00,0x00,0x00,0x00,0x00,0x00,0x00,
    0x00,0x00,0x18,0x00,0x10,0x00,0x08,0x00,0x00,0x00,0x10,0x00,0x10,0x00,0x10,0x00,0x10,0x00,0x10,0x00,0x12,0x00,0x0C,0x00,0x00,0x00,0x00,0x00,0x00,0x00,
    0x00,0x00,0x34,0x00,0x12,0x00,0x20,0x00,0x00,0x00,0x10,0x00,0x10,0x00,0x10,0x00,0x10,0x00,0x10,0x00,0x12,0x00,0x0C,0x00,0x00,0x00,0x00,0x00,0x00,0x00,
    0x00,0x00,0x34,0x00,0x22,0x00,0x10,0x00,0x00,0x00,0x10,0x00,0x10,0x00,0x10,0x00,0x10,0x00,0x10,0x00,0x12,0x00,0x0C,0x00,0x00,0x00,0x00,0x00,0x00,0x00,
    0x00,0x00,0x32,0x00,0x14,0x00,0x20,0x00,0x00,0x00,0x10,0x00,0x10,0x00,0x10,0x00,0x10,0x00,0x10,0x00,0x12,0x00,0x0C,0x00,0x00,0x00,0x00,0x00,0x00,0x00,
    0x00,0x00,0x32,0x00,0x24,0x00,0x10,0x00,0x00,0x00,0x10,0x00,0x10,0x00,0x10,0x00,0x10,0x00,0x10,0x00,0x12,0x00,0x0C,0x00,0x00,0x00,0x00,0x00,0x00,0x00,
    0x34,0x00,0x58,0x00,0x08,0x00,0x10,0x00,0x00,0x00,0x10,0x00,0x10,0x00,0x10,0x00,0x10,0x00,0x10,0x00,0x12,0x00,0x0C,0x00,0x00,0x00,0x00,0x00,0x00,0x00,
    0x34,0x00,0x58,0x00,0x10,0x00,0x08,0x00,0x00,0x00,0x10,0x00,0x10,0x00,0x10,0x00,0x10,0x00,0x10,0x00,0x12,0x00,0x0C,0x00,0x00,0x00,0x00,0x00,0x00,0x00,
    0x00,0x00,0x00,0x00,0xDF,0x00,0x44,0x00,0x84,0x00,0x04,0x00,0x04,0x00,0x04,0x00,0x04,0x00,0x04,0x00,0x04,0x00,0x1F,0x00,0x00,0x00,0x00,0x00,0x00,0x00,
    0x00,0x00,0x00,0x00,0xDF,0x00,0x84,0x00,0x44,0x00,0x04,0x00,0x04,0x00,0x04,0x00,0x04,0x00,0x04,0x00,0x04,0x00,0x1F,0x00,0x00,0x00,0x00,0x00,0x00,0x00,
    0x00,0x00,0x00,0x00,0xEF,0x80,0x52,0x00,0x82,0x00,0x02,0x00,0x02,0x00,0x02,0x00,0x02,0x00,0x02,0x00,0x02,0x00,0x0F,0x80,0x00,0x00,0x00,0x00,0x00,0x00,
    0x00,0x00,0x00,0x00,0xEF,0x80,0x92,0x00,0x42,0x00,0x02,0x00,0x02,0x00,0x02,0x00,0x02,0x00,0x02,0x00,0x02,0x00,0x0F,0x80,0x00,0x00,0x00,0x00,0x00,0x00,
    0x00,0x00,0x00,0x00,0xDF,0x80,0x62,0x00,0x82,0x00,0x02,0x00,0x02,0x00,0x02,0x00,0x02,0x00,0x02,0x00,0x02,0x00,0x0F,0x80,0x00,0x00,0x00,0x00,0x00,0x00,
    0x00,0x00,0x00,0x00,0xDF,0x80,0xA2,0x00,0x42,0x00,0x02,0x00,0x02,0x00,0x02,0x00,0x02,0x00,0x02,0x00,0x02,0x00,0x0F,0x80,0x00,0x00,0x00,0x00,0x00,0x00,
    0x00,0x00,0x00,0x00,0xDF,0x00,0x04,0x00,0xC4,0x00,0x44,0x00,0x84,0x00,0x04,0x00,0x04,0x00,0x04,0x00,0x04,0x00,0x1F,0x00,0x00,0x00,0x00,0x00,0x00,0x00,
    0x00,0x00,0x00,0x00,0xDF,0x00,0x04,0x00,0xC4,0x00,0x84,0x00,0x44,0x00,0x04,0x00,0x04,0x00,0x04,0x00,0x04,0x00,0x1F,0x00,0x00,0x00,0x00,0x00,0x00,0x00,
    0x00,0x00,0x0C,0x00,0x04,0x00,0x08,0x00,0x00,0x00,0x3E,0x00,0x41,0x00,0x41,0x00,0x41,0x00,0x41,0x00,0x41,0x00,0x3E,0x00,0x00,0x00,0x00,0x00,0x00,0x00,
    0x00,0x00,0x0C,0x00,0x08,0x00,0x04,0x00,0x00,0x00,0x3E,0x00,0x41,0x00,0x41,0x00,0x41,0x00,0x41,0x00,0x41,0x00,0x3E,0x00,0x00,0x00,0x00,0x00,0x00,0x00,
    0x00,0x00,0x34,0x00,0x12,0x00,0x20,0x00,0x00,0x00,0x3E,0x00,0x41,0x00,0x41,0x00,0x41,0x00,0x41,0x00,0x41,0x00,0x3E,0x00,0x00,0x00,0x00,0x00,0x00,0x00,
    0x00,0x00,0x34,0x00,0x22,0x00,0x10,0x00,0x00,0x00,0x3E,0x00,0x41,0x00,0x41,0x00,0x41,0x00,0x41,0x00,0x41,0x00,0x3E,0x00,0x00,0x00,0x00,0x00,0x00,0x00,
    0x00,0x00,0x32,0x00,0x14,0x00,0x20,0x00,0x00,0x00,0x3E,0x00,0x41,0x00,0x41,0x00,0x41,0x00,0x41,0x00,0x41,0x00,0x3E,0x00,0x00,0x00,0x00,0x00,0x00,0x00,
    0x00,0x00,0x32,0x00,0x24,0x00,0x10,0x00,0x00,0x00,0x3E,0x00,0x41,0x00,0x41,0x00,0x41,0x00,0x41,0x00,0x41,0x00,0x3E,0x00,0x00,0x00,0x00,0x00,0x00,0x00,
    0x00,0x00,0x00,0x00,0xCE,0x00,0x51,0x00,0x91,0x00,0x11,0x00,0x11,0x00,0x11,0x00,0x11,0x00,0x11,0x00,0x11,0x00,0x0E,0x00,0x00,0x00,0x00,0x00,0x00,0x00,
    0x00,0x00,0x00,0x00,0xCE,0x00,0x91,0x00,0x51,0x00,0x11,0x00,0x11,0x00,0x11,0x00,0x11,0x00,0x11,0x00,0x11,0x00,0x0E,0x00,0x00,0x00,0x00,0x00,0x00,0x00,
    0x00,0x00,0x00,0x00,0xE7,0x00,0x58,0x80,0x88,0x80,0x08,0x80,0x08,0x80,0x08,0x80,0x08,0x80,0x08,0x80,0x08,0x80,0x07,0x00,0x00,0x00,0x00,0x00,0x00,0x00,
    0x00,0x00,0x00,0x00,0xE7,0x00,0x98,0x80,0x48,0x80,0x08,0x80,0x08,0x80,0x08,0x80,0x08,0x80,0x08,0x80,0x08,0x80,0x07,0x00,0x00,0x00,0x00,0x00,0x00,0x00,
    0x00,0x00,0x00,0x00,0xD7,0x00,0x68,0x80,0x88,0x80,0x08,0x80,0x08,0x80,0x08,0x80,0x08,0x80,0x08,0x80,0x08,0x80,0x07,0x00,0x00,0x00,0x00,0x00,0x00,0x00,
    0x00,0x00,0x00,0x00,0xD7,0x00,0xA8,0x80,0x48,0x80,0x08,0x80,0x08,0x80,0x08,0x80,0x08,0x80,0x08,0x80,0x08,0x80,0x07,0x00,0x00,0x00,0x00,0x00,0x00,0x00,
    0x00,0x00,0x0C,0x00,0x04,0x00,0x08,0x00,0x00,0x00,0x41,0x00,0x41,0x00,0x41,0x00,0x41,0x00,0x41,0x00,0x41,0x00,0x3E,0x00,0x00,0x00,0x00,0x00,0x00,0x00,
    0x00,0x00,0x0C,0x00,0x08,0x00,0x04,0x00,0x00,0x00,0x41,0x00,0x41,0x00,0x41,0x00,0x41,0x00,0x41,0x00,0x41,0x00,0x3E,0x00,0x00,0x00,0x00,0x00,0x00,0x00,
    0x00,0x00,0x34,0x00,0x12,0x00,0x20,0x00,0x00,0x00,0x41,0x00,0x41,0x00,0x41,0x00,0x41,0x00,0x41,0x00,0x41,0x00,0x3E,0x00,0x00,0x00,0x00,0x00,0x00,0x00,
    0x00,0x00,0x34,0x00,0x22,0x00,0x10,0x00,0x00,0x00,0x41,0x00,0x41,0x00,0x41,0x00,0x41,0x00,0x41,0x00,0x41,0x00,0x3E,0x00,0x00,0x00,0x00,0x00,0x00,0x00,
    0x00,0x00,0x32,0x00,0x14,0x00,0x20,0x00,0x00,0x00,0x41,0x00,0x41,0x00,0x41,0x00,0x41,0x00,0x41,0x00,0x41,0x00,0x3E,0x00,0x00,0x00,0x00,0x00,0x00,0x00,
    0x00,0x00,0x32,0x00,0x24,0x00,0x10,0x00,0x00,0x00,0x41,0x00,0x41,0x00,0x41,0x00,0x41,0x00,0x41,0x00,0x41,0x00,0x3E,0x00,0x00,0x00,0x00,0x00,0x00,0x00,
    0x1A,0x00,0x2C,0x00,0x04,0x00,0x08,0x00,0x00,0x00,0x41,0x00,0x41,0x00,0x41,0x00,0x41,0x00,0x41,0x00,0x41,0x00,0x3E,0x00,0x00,0x00,0x00,0x00,0x00,0x00,
    0x1A,0x00,0x2C,0x00,0x08,0x00,0x04,0x00,0x00,0x00,0x41,0x00,0x41,0x00,0x41,0x00,0x41,0x00,0x41,0x00,0x41,0x00,0x3E,0x00,0x00,0x00,0x00,0x00,0x00,0x00,
    0x00,0x00,0x00,0x00,0xD1,0x00,0x91,0x00,0x4A,0x00,0x0A,0x00,0x04,0x00,0x04,0x00,0x04,0x00,0x04,0x00,0x04,0x00,0x04,0x00,0x00,0x00,0x00,0x00,0x00,0x00,
    0x00,0x00,0x00,0x00,0xE8,0x80,0x98,0x80,0x45,0x00,0x05,0x00,0x02,0x00,0x02,0x00,0x02,0x00,0x02,0x00,0x02,0x00,0x02,0x00,0x00,0x00,0x00,0x00,0x00,0x00,
    0x00,0x00,0x00,0x00,0xD8,0x80,0xA8,0x80,0x45,0x00,0x05,0x00,0x02,0x00,0x02,0x00,0x02,0x00,0x02,0x00,0x02,0x00,0x02,0x00,0x00,0x00,0x00,0x00,0x00,0x00,
    0x00,0x00,0x00,0x00,0xD1,0x00,0x11,0x00,0xCA,0x00,0x8A,0x00,0x44,0x00,0x04,0x00,0x04,0x00,0x04,0x00,0x04,0x00,0x04,0x00,0x00,0x00,0x00,0x00,0x00,0x00,
    0x00,0x00,0x0C,0x00,0x04,0x00,0x08,0x00,0x00,0x00,0x41,0x00,0x49,0x00,0x49,0x00,0x49,0x00,0x49,0x00,0x49,0x00,0x36,0x00,0x00,0x00,0x00,0x00,0x00,0x00,
    0x00,0x00,0x0C,0x00,0x08,0x00,0x04,0x00,0x00,0x00,0x41,0x00,0x49,0x00,0x49,0x00,0x49,0x00,0x49,0x00,0x49,0x00,0x36,0x00,0x00,0x00,0x00,0x00,0x00,0x00,
    0x00,0x00,0x34,0x00,0x12,0x00,0x20,0x00,0x00,0x00,0x41,0x00,0x49,0x00,0x49,0x00,0x49,0x00,0x49,0x00,0x49,0x00,0x36,0x00,0x00,0x00,0x00,0x00,0x00,0x00,
    0x00,0x00,0x34,0x00,0x22,0x00,0x10,0x00,0x00,0x00,0x41,0x00,0x49,0x00,0x49,0x00,0x49,0x00,0x49,0x00,0x49,0x00,0x36,0x00,0x00,0x00,0x00,0x00,0x00,0x00,
    0x00,0x00,0x32,0x00,0x14,0x00,0x20,0x00,0x00,0x00,0x41,0x00,0x49,0x00,0x49,0x00,0x49,0x00,0x49,0x00,0x49,0x00,0x36,0x00,0x00,0x00,0x00,0x00,0x00,0x00,
    0x00,0x00,0x32,0x00,0x24,0x00,0x10,0x00,0x00,0x00,0x41,0x00,0x49,0x00,0x49,0x00,0x49,0x00,0x49,0x00,0x49,0x00,0x36,0x00,0x00,0x00,0x00,0x00,0x00,0x00,
    0x1A,0x00,0x2C,0x00,0x04,0x00,0x08,0x00,0x00,0x00,0x41,0x00,0x49,0x00,0x49,0x00,0x49,0x00,0x49,0x00,0x49,0x00,0x36,0x00,0x00,0x00,0x00,0x00,0x00,0x00,
    0x1A,0x00,0x2C,0x00,0x08,0x00,0x04,0x00,0x00,0x00,0x41,0x00,0x49,0x00,0x49,0x00,0x49,0x00,0x49,0x00,0x49,0x00,0x36,0x00,0x00,0x00,0x00,0x00,0x00,0x00,
    0x00,0x00,0x00,0x00,0xCE,0x00,0x51,0x00,0x91,0x00,0x11,0x00,0x11,0x00,0x11,0x00,0x11,0x00,0x0A,0x00,0x0A,0x00,0x1B,0x00,0x00,0x00,0x00,0x00,0x00,0x00,
    0x00,0x00,0x00,0x00,0xCE,0x00,0x91,0x00,0x51,0x00,0x11,0x00,0x11,0x00,0x11,0x00,0x11,0x00,0x0A,0x00,0x0A,0x00,0x1B,0x00,0x00,0x00,0x00,0x00,0x00,0x00,
    0x00,0x00,0x00,0x00,0xE7,0x00,0x58,0x80,0x88,0x80,0x08,0x80,0x08,0x80,0x08,0x80,0x08,0x80,0x05,0x00,0x05,0x00,0x0D,0x80,0x00,0x00,0x00,0x00,0x00,0x00,
    0x00,0x00,0x00,0x00,0xE7,0x00,0x98,0x80,0x48,0x80,0x08,0x80,0x08,0x80,0x08,0x80,0x08,0x80,0x05,0x00,0x05,0x00,0x0D,0x80,0x00,0x00,0x00,0x00,0x00,0x00,
    0x00,0x00,0x00,0x00,0xD7,0x00,0x68,0x80,0x88,0x80,0x08,0x80,0x08,0x80,0x08,0x80,0x08,0x80,0x05,0x00,0x05,0x00,0x0D,0x80,0x00,0x00,0x00,0x00,0x00,0x00,
    0x00,0x00,0x00,0x00,0xD7,0x00,0xA8,0x80,0x48,0x80,0x08,0x80,0x08,0x80,0x08,0x80,0x08,0x80,0x05,0x00,0x05,0x00,0x0D,0x80,0x00,0x00,0x00,0x00,0x00,0x00,
    0x00,0x00,0x00,0x00,0xCE,0x00,0x11,0x00,0xD1,0x00,0x51,0x00,0x91,0x00,0x11,0x00,0x11,0x00,0x0A,0x00,0x0A,0x00,0x1B,0x00,0x00,0x00,0x00,0x00,0x00,0x00,
    0x00,0x00,0x00,0x00,0xCE,0x00,0x11,0x00,0xD1,0x00,0x91,0x00,0x51,0x00,0x11,0x00,0x11,0x00,0x0A,0x00,0x0A,0x00,0x1B,0x00,0x00,0x00,0x00,0x00,0x00,0x00,
    0x00,0x00,0x20,0x00,0x10,0x00,0x08,0x00,0x00,0x00,0x3D,0x00,0x43,0x00,0x41,0x00,0x41,0x00,0x43,0x00,0x45,0x00,0x39,0x00,0x00,0x00,0x00,0x00,0x00,0x00,
    0x00,0x00,0x02,0x00,0x04,0x00,0x08,0x00,0x00,0x00,0x3D,0x00,0x43,0x00,0x41,0x00,0x41,0x00,0x43,0x00,0x45,0x00,0x39,0x00,0x00,0x00,0x00,0x00,0x00,0x00,
    0x00,0x00,0x20,0x00,0x10,0x00,0x08,0x00,0x00,0x00,0x3E,0x00,0x41,0x00,0x40,0x00,0x3C,0x00,0x40,0x00,0x41,0x00,0x3E,0x00,0x00,0x00,0x00,0x00,0x00,0x00,
    0x00,0x00,0x02,0x00,0x04,0x00,0x08,0x00,0x00,0x00,0x3E,0x00,0x41,0x00,0x40,0x00,0x3C,0x00,0x40,0x00,0x41,0x00,0x3E,0x00,0x00,0x00,0x00,0x00,0x00,0x00,
    0x00,0x00,0x20,0x00,0x10,0x00,0x08,0x00,0x00,0x00,0x5E,0x00,0x61,0x00,0x41,0x00,0x41,0x00,0x41,0x00,0x41,0x00,0x41,0x00,0x01,0x00,0x01,0x00,0x01,0x00,
    0x00,0x00,0x02,0x00,0x04,0x00,0x08,0x00,0x00,0x00,0x5E,0x00,0x61,0x00,0x41,0x00,0x41,0x00,0x41,0x00,0x41,0x00,0x41,0x00,0x01,0x00,0x01,0x00,0x01,0x00,
    0x00,0x00,0x40,0x00,0x20,0x00,0x10,0x00,0x00,0x00,0x10,0x00,0x10,0x00,0x10,0x00,0x10,0x00,0x10,0x00,0x12,0x00,0x0C,0x00,0x00,0x00,0x00,0x00,0x00,0x00,
    0x00,0x00,0x04,0x00,0x08,0x00,0x10,0x00,0x00,0x00,0x10,0x00,0x10,0x00,0x10,0x00,0x10,0x00,0x10,0x00,0x12,0x00,0x0C,0x00,0x00,0x00,0x00,0x00,0x00,0x00,
    0x00,0x00,0x20,0x00,0x10,0x00,0x08,0x00,0x00,0x00,0x3E,0x00,0x41,0x00,0x41,0x00,0x41,0x00,0x41,0x00,0x41,0x00,0x3E,0x00,0x00,0x00,0x00,0x00,0x00,0x00,
    0x00,0x00,0x02,0x00,0x04,0x00,0x08,0x00,0x00,0x00,0x3E,0x00,0x41,0x00,0x41,0x00,0x41,0x00,0x41,0x00,0x41,0x00,0x3E,0x00,0x00,0x00,0x00,0x00,0x00,0x00,
    0x00,0x00,0x20,0x00,0x10,0x00,0x08,0x00,0x00,0x00,0x41,0x00,0x41,0x00,0x41,0x00,0x41,0x00,0x41,0x00,0x41,0x00,0x3E,0x00,0x00,0x00,0x00,0x00,0x00,0x00,
    0x00,0x00,0x02,0x00,0x04,0x00,0x08,0x00,0x00,0x00,0x41,0x00,0x41,0x00,0x41,0x00,0x41,0x00,0x41,0x00,0x41,0x00,0x3E,0x00,0x00,0x00,0x00,0x00,0x00,0x00,
    0x00,0x00,0x20,0x00,0x10,0x00,0x08,0x00,0x00,0x00,0x41,0x00,0x49,0x00,0x49,0x00,0x49,0x00,0x49,0x00,0x49,0x00,0x36,0x00,0x00,0x00,0x00,0x00,0x00,0x00,
    0x00,0x00,0x02,0x00,0x04,0x00,0x08,0x00,0x00,0x00,0x41,0x00,0x49,0x00,0x49,0x00,0x49,0x00,0x49,0x00,0x49,0x00,0x36,0x00,0x00,0x00,0x00,0x00,0x00,0x00,
    0x00,0x00,0x0C,0x00,0x04,0x00,0x08,0x00,0x00,0x00,0x3D,0x00,0x43,0x00,0x41,0x00,0x41,0x00,0x43,0x00,0x45,0x00,0x39,0x00,0x00,0x00,0x08,0x00,0x0C,0x00,
    0x00,0x00,0x0C,0x00,0x08,0x00,0x04,0x00,0x00,0x00,0x3D,0x00,0x43,0x00,0x41,0x00,0x41,0x00,0x43,0x00,0x45,0x00,0x39,0x00,0x00,0x00,0x08,0x00,0x0C,0x00,
    0x00,0x00,0x34,0x00,0x12,0x00,0x20,0x00,0x00,0x00,0x3D,0x00,0x43,0x00,0x41,0x00,0x41,0x00,0x43,0x00,0x45,0x00,0x39,0x00,0x00,0x00,0x08,0x00,0x0C,0x00,
    0x00,0x00,0x34,0x00,0x22,0x00,0x10,0x00,0x00,0x00,0x3D,0x00,0x43,0x00,0x41,0x00,0x41,0x00,0x43,0x00,0x45,0x00,0x39,0x00,0x00,0x00,0x08,0x00,0x0C,0x00,
    0x00,0x00,0x32,0x00,0x14,0x00,0x20,0x00,0x00,0x00,0x3D,0x00,0x43,0x00,0x41,0x00,0x41,0x00,0x43,0x00,0x45,0x00,0x39,0x00,0x00,0x00,0x08,0x00,0x0C,0x00,
    0x00,0x00,0x32,0x00,0x24,0x00,0x10,0x00,0x00,0x00,0x3D,0x00,0x43,0x00,0x41,0x00,0x41,0x00,0x43,0x00,0x45,0x00,0x39,0x00,0x00,0x00,0x08,0x00,0x0C,0x00,
    0x1A,0x00,0x2C,0x00,0x04,0x00,0x08,0x00,0x00,0x00,0x3D,0x00,0x43,0x00,0x41,0x00,0x41,0x00,0x43,0x00,0x45,0x00,0x39,0x00,0x00,0x00,0x08,0x00,0x0C,0x00,
    0x1A,0x00,0x2C,0x00,0x08,0x00,0x04,0x00,0x00,0x00,0x3D,0x00,0x43,0x00,0x41,0x00,0x41,0x00,0x43,0x00,0x45,0x00,0x39,0x00,0x00,0x00,0x08,0x00,0x0C,0x00,
    0x00,0x00,0x00,0x00,0xC4,0x00,0x4A,0x00,0x91,0x00,0x11,0x00,0x11,0x00,0x11,0x00,0x1F,0x00,0x11,0x00,0x11,0x00,0x11,0x00,0x00,0x00,0x04,0x00,0x06,0x00,
    0x00,0x00,0x00,0x00,0xC4,0x00,0x8A,0x00,0x51,0x00,0x11,0x00,0x11,0x00,0x11,0x00,0x1F,0x00,0x11,0x00,0x11,0x00,0x11,0x00,0x00,0x00,0x04,0x00,0x06,0x00,
    0x00,0x00,0x00,0x00,0xE2,0x00,0x55,0x00,0x88,0x80,0x08,0x80,0x08,0x80,0x08,0x80,0x0F,0x80,0x08,0x80,0x08,0x80,0x08,0x80,0x00,0x00,0x02,0x00,0x03,0x00,
    0x00,0x00,0x00,0x00,0xE2,0x00,0x95,0x00,0x48,0x80,0x08,0x80,0x08,0x80,0x08,0x80,0x0F,0x80,0x08,0x80,0x08,0x80,0x08,0x80,0x00,0x00,0x02,0x00,0x03,0x00,
    0x00,0x00,0x00,0x00,0xD2,0x00,0x65,0x00,0x88,0x80,0x08,0x80,0x08,0x80,0x08,0x80,0x0F,0x80,0x08,0x80,0x08,0x80,0x08,0x80,0x00,0x00,0x02,0x00,0x03,0x00,
    0x00,0x00,0x00,0x00,0xD2,0x00,0xA5,0x00,0x48,0x80,0x08,0x80,0x08,0x80,0x08,0x80,0x0F,0x80,0x08,0x80,0x08,0x80,0x08,0x80,0x00,0x00,0x02,0x00,0x03,0x00,
    0x00,0x00,0x00,0x00,0xC4,0x00,0x0A,0x00,0xD1,0x00,0x51,0x00,0x91,0x00,0x11,0x00,0x1F,0x00,0x11,0x00,0x11,0x00,0x11,0x00,0x00,0x00,0x04,0x00,0x06,0x00,
    0x00,0x00,0x00,0x00,0xC4,0x00,0x0A,0x00,0xD1,0x00,0x91,0x00,0x51,0x00,0x11,0x00,0x1F,0x00,0x11,0x00,0x11,0x00,0x11,0x00,0x00,0x00,0x04,0x00,0x06,0x00,
    0x00,0x00,0x0C,0x00,0x04,0x00,0x08,0x00,0x00,0x00,0x5E,0x00,0x61,0x00,0x41,0x00,0x41,0x00,0x41,0x00,0x41,0x00,0x41,0x00,0x01,0x00,0x41,0x00,0x61,0x00,
    0x00,0x00,0x0C,0x00,0x08,0x00,0x04,0x00,0x00,0x00,0x5E,0x00,0x61,0x00,0x41,0x00,0x41,0x00,0x41,0x00,0x41,0x00,0x41,0x00,0x01,0x00,0x41,0x00,0x61,0x00,
    0x00,0x00,0x34,0x00,0x12,0x00,0x20,0x00,0x00,0x00,0x5E,0x00,0x61,0x00,0x41,0x00,0x41,0x00,0x41,0x00,0x41,0x00,0x41,0x00,0x01,0x00,0x41,0x00,0x61,0x00,
    0x00,0x00,0x34,0x00,0x22,0x00,0x10,0x00,0x00,0x00,0x5E,0x00,0x61,0x00,0x41,0x00,0x41,0x00,0x41,0x00,0x41,0x00,0x41,0x00,0x01,0x00,0x41,0x00,0x61,0x00,
    0x00,0x00,0x32,0x00,0x14,0x00,0x20,0x00,0x00,0x00,0x5E,0x00,0x61,0x00,0x41,0x00,0x41,0x00,0x41,0x00,0x41,0x00,0x41,0x00,0x01,0x00,0x41,0x00,0x61,0x00,
    0x00,0x00,0x32,0x00,0x24,0x00,0x10,0x00,0x00,0x00,0x5E,0x00,0x61,0x00,0x41,0x00,0x41,0x00,0x41,0x00,0x41,0x00,0x41,0x00,0x01,0x00,0x41,0x00,0x61,0x00,
    0x1A,0x00,0x2C,0x00,0x04,0x00,0x08,0x00,0x00,0x00,0x5E,0x00,0x61,0x00,0x41,0x00,0x41,0x00,0x41,0x00,0x41,0x00,0x41,0x00,0x01,0x00,0x41,0x00,0x61,0x00,
    0x1A,0x00,0x2C,0x00,0x08,0x00,0x04,0x00,0x00,0x00,0x5E,0x00,0x61,0x00,0x41,0x00,0x41,0x00,0x41,0x00,0x41,0x00,0x41,0x00,0x01,0x00,0x41,0x00,0x61,0x00,
    0x00,0x00,0x00,0x00,0xD1,0x00,0x51,0x00,0x91,0x00,0x11,0x00,0x1F,0x00,0x11,0x00,0x11,0x00,0x11,0x00,0x11,0x00,0x11,0x00,0x00,0x00,0x04,0x00,0x06,0x00,
    0x00,0x00,0x00,0x00,0xD1,0x00,0x91,0x00,0x51,0x00,0x11,0x00,0x1F,0x00,0x11,0x00,0x11,0x00,0x11,0x00,0x11,0x00,0x11,0x00,0x00,0x00,0x04,0x00,0x06,0x00,
    0x00,0x00,0x00,0x00,0xE8,0x80,0x58,0x80,0x88,0x80,0x08,0x80,0x0F,0x80,0x08,0x80,0x08,0x80,0x08,0x80,0x08,0x80,0x08,0x80,0x00,0x00,0x02,0x00,0x03,0x00,
    0x00,0x00,0x00,0x00,0xE8,0x80,0x98,0x80,0x48,0x80,0x08,0x80,0x0F,0x80,0x08,0x80,0x08,0x80,0x08,0x80,0x08,0x80,0x08,0x80,0x00,0x00,0x02,0x00,0x03,0x00,
    0x00,0x00,0x00,0x00,0xD8,0x80,0x68,0x80,0x88,0x80,0x08,0x80,0x0F,0x80,0x08,0x80,0x08,0x80,0x08,0x80,0x08,0x80,0x08,0x80,0x00,0x00,0x02,0x00,0x03,0x00,
    0x00,0x00,0x00,0x00,0xD8,0x80,0xA8,0x80,0x48,0x80,0x08,0x80,0x0F,0x80,0x08,0x80,0x08,0x80,0x08,0x80,0x08,0x80,0x08,0x80,0x00,0x00,0x02,0x00,0x03,0x00,
    0x00,0x00,0x00,0x00,0xD1,0x00,0x11,0x00,0xD1,0x00,0x51,0x00,0x9F,0x00,0x11,0x00,0x11,0x00,0x11,0x00,0x11,0x00,0x11,0x00,0x00,0x00,0x04,0x00,0x06,0x00,
    0x00,0x00,0x00,0x00,0xD1,0x00,0x11,0x00,0xD1,0x00,0x91,0x00,0x5F,0x00,0x11,0x00,0x11,0x00,0x11,0x00,0x11,0x00,0x11,0x00,0x00,0x00,0x04,0x00,0x06,0x00,
    0x00,0x00,0x0C,0x00,0x04,0x00,0x08,0x00,0x00,0x00,0x41,0x00,0x49,0x00,0x49,0x00,0x49,0x00,0x49,0x00,0x49,0x00,0x36,0x00,0x00,0x00,0x08,0x00,0x0C,0x00,
    0x00,0x00,0x0C,0x00,0x08,0x00,0x04,0x00,0x00,0x00,0x41,0x00,0x49,0x00,0x49,0x00,0x49,0x00,0x49,0x00,0x49,0x00,0x36,0x00,0x00,0x00,0x08,0x00,0x0C,0x00,
    0x00,0x00,0x34,0x00,0x12,0x00,0x20,0x00,0x00,0x00,0x41,0x00,0x49,0x00,0x49,0x00,0x49,0x00,0x49,0x00,0x49,0x00,0x36,0x00,0x00,0x00,0x08,0x00,0x0C,0x00,
    0x00,0x00,0x34,0x00,0x22,0x00,0x10,0x00,0x00,0x00,0x41,0x00,0x49,0x00,0x49,0x00,0x49,0x00,0x49,0x00,0x49,0x00,0x36,0x00,0x00,0x00,0x08,0x00,0x0C,0x00,
    0x00,0x00,0x32,0x00,0x14,0x00,0x20,0x00,0x00,0x00,0x41,0x00,0x49,0x00,0x49,0x00,0x49,0x00,0x49,0x00,0x49,0x00,0x36,0x00,0x00,0x00,0x08,0x00,0x0C,0x00,
    0x00,0x00,0x32,0x00,0x24,0x00,0x10,0x00,0x00,0x00,0x41,0x00,0x49,0x00,0x49,0x00,0x49,0x00,0x49,0x00,0x49,0x00,0x36,0x00,0x00,0x00,0x08,0x00,0x0C,0x00,
    0x1A,0x00,0x2C,0x00,0x04,0x00,0x08,0x00,0x00,0x00,0x41,0x00,0x49,0x00,0x49,0x00,0x49,0x00,0x49,0x00,0x49,0x00,0x36,0x00,0x00,0x00,0x08,0x00,0x0C,0x00,
    0x1A,0x00,0x2C,0x00,0x08,0x00,0x04,0x00,0x00,0x00,0x41,0x00,0x49,0x00,0x49,0x00,0x49,0x00,0x49,0x00,0x49,0x00,0x36,0x00,0x00,0x00,0x08,0x00,0x0C,0x00,
    0x00,0x00,0x00,0x00,0xCE,0x00,0x51,0x00,0x91,0x00,0x11,0x00,0x11,0x00,0x11,0x00,0x11,0x00,0x0A,0x00,0x0A,0x00,0x1B,0x00,0x00,0x00,0x04,0x00,0x06,0x00,
    0x00,0x00,0x00,0x00,0xCE,0x00,0x91,0x00,0x51,0x00,0x11,0x00,0x11,0x00,0x11,0x00,0x11,0x00,0x0A,0x00,0x0A,0x00,0x1B,0x00,0x00,0x00,0x04,0x00,0x06,0x00,
    0x00,0x00,0x00,0x00,0xE7,0x00,0x58,0x80,0x88,0x80,0x08,0x80,0x08,0x80,0x08,0x80,0x08,0x80,0x05,0x00,0x05,0x00,0x0D,0x80,0x00,0x00,0x02,0x00,0x03,0x00,
    0x00,0x00,0x00,0x00,0xE7,0x00,0x98,0x80,0x48,0x80,0x08,0x80,0x08,0x80,0x08,0x80,0x08,0x80,0x05,0x00,0x05,0x00,0x0D,0x80,0x00,0x00,0x02,0x00,0x03,0x00,
    0x00,0x00,0x00,0x00,0xD7,0x00,0x68,0x80,0x88,0x80,0x08,0x80,0x08,0x80,0x08,0x80,0x08,0x80,0x05,0x00,0x05,0x00,0x0D,0x80,0x00,0x00,0x02,0x00,0x03,0x00,
    0x00,0x00,0x00,0x00,0xD7,0x00,0xA8,0x80,0x48,0x80,0x08,0x80,0x08,0x80,0x08,0x80,0x08,0x80,0x05,0x00,0x05,0x00,0x0D,0x80,0x00,0x00,0x02,0x00,0x03,0x00,
    0x00,0x00,0x00,0x00,0xCE,0x00,0x11,0x00,0xD1,0x00,0x51,0x00,0x91,0x00,0x11,0x00,0x11,0x00,0x0A,0x00,0x0A,0x00,0x1B,0x00,0x00,0x00,0x04,0x00,0x06,0x00,
    0x00,0x00,0x00,0x00,0xCE,0x00,0x11,0x00,0xD1,0x00,0x91,0x00,0x51,0x00,0x11,0x00,0x11,0x00,0x0A,0x00,0x0A,0x00,0x1B,0x00,0x00,0x00,0x04,0x00,0x06,0x00,
    0x00,0x00,0x00,0x00,0x22,0x00,0x1C,0x00,0x00,0x00,0x3D,0x00,0x43,0x00,0x41,0x00,0x41,0x00,0x43,0x00,0x45,0x00,0x39,0x00,0x00,0x00,0x00,0x00,0x00,0x00,
    0x00,0x00,0x00,0x00,0x00,0x00,0x3E,0x00,0x00,0x00,0x3D,0x00,0x43,0x00,0x41,0x00,0x41,0x00,0x43,0x00,0x45,0x00,0x39,0x00,0x00,0x00,0x00,0x00,0x00,0x00,
    0x00,0x00,0x20,0x00,0x10,0x00,0x08,0x00,0x00,0x00,0x3D,0x00,0x43,0x00,0x41,0x00,0x41,0x00,0x43,0x00,0x45,0x00,0x39,0x00,0x00,0x00,0x08,0x00,0x0C,0x00,
    0x00,0x00,0x00,0x00,0x00,0x00,0x00,0x00,0x00,0x00,0x3D,0x00,0x43,0x00,0x41,0x00,0x41,0x00,0x43,0x00,0x45,0x00,0x39,0x00,0x00,0x00,0x08,0x00,0x0C,0x00,
    0x00,0x00,0x02,0x00,0x04,0x00,0x08,0x00,0x00,0x00,0x3D,0x00,0x43,0x00,0x41,0x00,0x41,0x00,0x43,0x00,0x45,0x00,0x39,0x00,0x00,0x00,0x08,0x00,0x0C,0x00,
    0x00,0x00,0x00,0x00,0x19,0x00,0x26,0x00,0x00,0x00,0x3D,0x00,0x43,0x00,0x41,0x00,0x41,0x00,0x43,0x00,0x45,0x00,0x39,0x00,0x00,0x00,0x00,0x00,0x00,0x00,
    0x00,0x00,0x00,0x00,0x19,0x00,0x26,0x00,0x00,0x00,0x3D,0x00,0x43,0x00,0x41,0x00,0x41,0x00,0x43,0x00,0x45,0x00,0x39,0x00,0x00,0x00,0x08,0x00,0x0C,0x00,
    0x00,0x00,0x22,0x00,0x1C,0x00,0x00,0x00,0x1C,0x00,0x22,0x00,0x41,0x00,0x41,0x00,0x7F,0x00,0x41,0x00,0x41,0x00,0x41,0x00,0x00,0x00,0x00,0x00,0x00,0x00,
    0x00,0x00,0x00,0x00,0x3E,0x00,0x00,0x00,0x1C,0x00,0x22,0x00,0x41,0x00,0x41,0x00,0x7F,0x00,0x41,0x00,0x41,0x00,0x41,0x00,0x00,0x00,0x00,0x00,0x00,0x00,
    0x00,0x00,0x00,0x00,0x84,0x00,0x4A,0x00,0x31,0x00,0x11,0x00,0x11,0x00,0x11,0x00,0x1F,0x00,0x11,0x00,0x11,0x00,0x11,0x00,0x00,0x00,0x00,0x00,0x00,0x00,
    0x00,0x00,0x00,0x00,0x24,0x00,0x4A,0x00,0x91,0x00,0x11,0x00,0x11,0x00,0x11,0x00,0x1F,0x00,0x11,0x00,0x11,0x00,0x11,0x00,0x00,0x00,0x00,0x00,0x00,0x00,
    0x00,0x00,0x00,0x00,0x08,0x00,0x14,0x00,0x22,0x00,0x41,0x00,0x41,0x00,0x41,0x00,0x7F,0x00,0x41,0x00,0x41,0x00,0x41,0x00,0x00,0x00,0x08,0x00,0x0C,0x00,
    0x00,0x00,0x0C,0x00,0x04,0x00,0x08,0x00,0x00,0x00,0x00,0x00,0x00,0x00,0x00,0x00,0x00,0x00,0x00,0x00,0x00,0x00,0x00,0x00,0x00,0x00,0x00,0x00,0x00,0x00,
    0x00,0x00,0x00,0x00,0x00,0x00,0x00,0x00,0x00,0x00,0x00,0x00,0x00,0x00,0x00,0x00,0x10,0x00,0x10,0x00,0x10,0x00,0x0C,0x00,0x00,0x00,0x00,0x00,0x00,0x00,
    0x00,0x00,0x0C,0x00,0x04,0x00,0x08,0x00,0x00,0x00,0x00,0x00,0x00,0x00,0x00,0x00,0x00,0x00,0x00,0x00,0x00,0x00,0x00,0x00,0x00,0x00,0x00,0x00,0x00,0x00,
    0x00,0x00,0x1A,0x00,0x2C,0x00,0x00,0x00,0x00,0x00,0x00,0x00,0x00,0x00,0x00,0x00,0x00,0x00,0x00,0x00,0x00,0x00,0x00,0x00,0x00,0x00,0x00,0x00,0x00,0x00,
    0x00,0x00,0x1A,0x00,0x2C,0x00,0x00,0x00,0x66,0x00,0x00,0x00,0x00,0x00,0x00,0x00,0x00,0x00,0x00,0x00,0x00,0x00,0x00,0x00,0x00,0x00,0x00,0x00,0x00,0x00,
    0x00,0x00,0x20,0x00,0x10,0x00,0x08,0x00,0x00,0x00,0x5E,0x00,0x61,0x00,0x41,0x00,0x41,0x00,0x41,0x00,0x41,0x00,0x41,0x00,0x01,0x00,0x41,0x00,0x61,0x00,
    0x00,0x00,0x00,0x00,0x00,0x00,0x00,0x00,0x00,0x00,0x5E,0x00,0x61,0x00,0x41,0x00,0x41,0x00,0x41,0x00,0x41,0x00,0x41,0x00,0x01,0x00,0x41,0x00,0x61,0x00,
    0x00,0x00,0x02,0x00,0x04,0x00,0x08,0x00,0x00,0x00,0x5E,0x00,0x61,0x00,0x41,0x00,0x41,0x00,0x41,0x00,0x41,0x00,0x41,0x00,0x01,0x00,0x41,0x00,0x61,0x00,
    0x00,0x00,0x00,0x00,0x19,0x00,0x26,0x00,0x00,0x00,0x5E,0x00,0x61,0x00,0x41,0x00,0x41,0x00,0x41,0x00,0x41,0x00,0x41,0x00,0x01,0x00,0x01,0x00,0x01,0x00,
    0x00,0x00,0x00,0x00,0x19,0x00,0x26,0x00,0x00,0x00,0x5E,0x00,0x61,0x00,0x41,0x00,0x41,0x00,0x41,0x00,0x41,0x00,0x41,0x00,0x01,0x00,0x41,0x00,0x61,0x00,
    0x00,0x00,0x00,0x00,0x9F,0x00,0x50,0x00,0x30,0x00,0x10,0x00,0x1C,0x00,0x10,0x00,0x10,0x00,0x10,0x00,0x10,0x00,0x1F,0x00,0x00,0x00,0x00,0x00,0x00,0x00,
    0x00,0x00,0x00,0x00,0x3F,0x00,0x50,0x00,0x90,0x00,0x10,0x00,0x1C,0x00,0x10,0x00,0x10,0x00,0x10,0x00,0x10,0x00,0x1F,0x00,0x00,0x00,0x00,0x00,0x00,0x00,
    0x00,0x00,0x00,0x00,0x91,0x00,0x51,0x00,0x31,0x00,0x11,0x00,0x1F,0x00,0x11,0x00,0x11,0x00,0x11,0x00,0x11,0x00,0x11,0x00,0x00,0x00,0x00,0x00,0x00,0x00,
    0x00,0x00,0x00,0x00,0x31,0x00,0x51,0x00,0x91,0x00,0x11,0x00,0x1F,0x00,0x11,0x00,0x11,0x00,0x11,0x00,0x11,0x00,0x11,0x00,0x00,0x00,0x00,0x00,0x00,0x00,
    0x00,0x00,0x00,0x00,0x41,0x00,0x41,0x00,0x41,0x00,0x41,0x00,0x7F,0x00,0x41,0x00,0x41,0x00,0x41,0x00,0x41,0x00,0x41,0x00,0x00,0x00,0x08,0x00,0x0C,0x00,
    0x00,0x00,0x34,0x00,0x12,0x00,0x20,0x00,0x00,0x00,0x00,0x00,0x00,0x00,0x00,0x00,0x00,0x00,0x00,0x00,0x00,0x00,0x00,0x00,0x00,0x00,0x00,0x00,0x00,0x00,
    0x00,0x00,0x32,0x00,0x14,0x00,0x20,0x00,0x00,0x00,0x00,0x00,0x00,0x00,0x00,0x00,0x00,0x00,0x00,0x00,0x00,0x00,0x00,0x00,0x00,0x00,0x00,0x00,0x00,0x00,
    0x00,0x00,0x1A,0x00,0x2C,0x00,0x04,0x00,0x08,0x00,0x00,0x00,0x00,0x00,0x00,0x00,0x00,0x00,0x00,0x00,0x00,0x00,0x00,0x00,0x00,0x00,0x00,0x00,0x00,0x00,
    0x00,0x00,0x00,0x00,0x44,0x00,0x38,0x00,0x00,0x00,0x10,0x00,0x10,0x00,0x10,0x00,0x10,0x00,0x10,0x00,0x12,0x00,0x0C,0x00,0x00,0x00,0x00,0x00,0x00,0x00,
    0x00,0x00,0x00,0x00,0x00,0x00,0x7C,0x00,0x00,0x00,0x10,0x00,0x10,0x00,0x10,0x00,0x10,0x00,0x10,0x00,0x12,0x00,0x0C,0x00,0x00,0x00,0x00,0x00,0x00,0x00,
    0x00,0x00,0x20,0x00,0x92,0x00,0x8A,0x00,0x00,0x00,0x10,0x00,0x10,0x00,0x10,0x00,0x10,0x00,0x10,0x00,0x12,0x00,0x0C,0x00,0x00,0x00,0x00,0x00,0x00,0x00,
    0x00,0x00,0x04,0x00,0x49,0x00,0x51,0x00,0x00,0x00,0x10,0x00,0x10,0x00,0x10,0x00,0x10,0x00,0x10,0x00,0x12,0x00,0x0C,0x00,0x00,0x00,0x00,0x00,0x00,0x00,
    0x00,0x00,0x00,0x00,0x32,0x00,0x4C,0x00,0x00,0x00,0x10,0x00,0x10,0x00,0x10,0x00,0x10,0x00,0x10,0x00,0x12,0x00,0x0C,0x00,0x00,0x00,0x00,0x00,0x00,0x00,
    0x32,0x00,0x4C,0x00,0x00,0x00,0x66,0x00,0x00,0x00,0x10,0x00,0x10,0x00,0x10,0x00,0x10,0x00,0x10,0x00,0x12,0x00,0x0C,0x00,0x00,0x00,0x00,0x00,0x00,0x00,
    0x00,0x00,0x22,0x00,0x1C,0x00,0x00,0x00,0x3E,0x00,0x08,0x00,0x08,0x00,0x08,0x00,0x08,0x00,0x08,0x00,0x08,0x00,0x3E,0x00,0x00,0x00,0x00,0x00,0x00,0x00,
    0x00,0x00,0x3E,0x00,0x00,0x00,0x3E,0x00,0x08,0x00,0x08,0x00,0x08,0x00,0x08,0x00,0x08,0x00,0x08,0x00,0x08,0x00,0x3E,0x00,0x00,0x00,0x00,0x00,0x00,0x00,
    0x00,0x00,0x00,0x00,0x9F,0x00,0x44,0x00,0x24,0x00,0x04,0x00,0x04,0x00,0x04,0x00,0x04,0x00,0x04,0x00,0x04,0x00,0x1F,0x00,0x00,0x00,0x00,0x00,0x00,0x00,
    0x00,0x00,0x00,0x00,0x3F,0x00,0x44,0x00,0x84,0x00,0x04,0x00,0x04,0x00,0x04,0x00,0x04,0x00,0x04,0x00,0x04,0x00,0x1F,0x00,0x00,0x00,0x00,0x00,0x00,0x00,
    0x00,0x00,0x34,0x00,0x22,0x00,0x10,0x00,0x00,0x00,0x00,0x00,0x00,0x00,0x00,0x00,0x00,0x00,0x00,0x00,0x00,0x00,0x00,0x00,0x00,0x00,0x00,0x00,0x00,0x00,
    0x00,0x00,0x32,0x00,0x24,0x00,0x10,0x00,0x00,0x00,0x00,0x00,0x00,0x00,0x00,0x00,0x00,0x00,0x00,0x00,0x00,0x00,0x00,0x00,0x00,0x00,0x00,0x00,0x00,0x00,
    0x00,0x00,0x1A,0x00,0x2C,0x00,0x08,0x00,0x04,0x00,0x00,0x00,0x00,0x00,0x00,0x00,0x00,0x00,0x00,0x00,0x00,0x00,0x00,0x00,0x00,0x00,0x00,0x00,0x00,0x00,
    0x00,0x00,0x00,0x00,0x22,0x00,0x1C,0x00,0x00,0x00,0x41,0x00,0x41,0x00,0x41,0x00,0x41,0x00,0x41,0x00,0x41,0x00,0x3E,0x00,0x00,0x00,0x00,0x00,0x00,0x00,
    0x00,0x00,0x00,0x00,0x00,0x00,0x3E,0x00,0x00,0x00,0x41,0x00,0x41,0x00,0x41,0x00,0x41,0x00,0x41,0x00,0x41,0x00,0x3E,0x00,0x00,0x00,0x00,0x00,0x00,0x00,
    0x00,0x00,0x10,0x00,0x49,0x00,0x45,0x00,0x00,0x00,0x41,0x00,0x41,0x00,0x41,0x00,0x41,0x00,0x41,0x00,0x41,0x00,0x3E,0x00,0x00,0x00,0x00,0x00,0x00,0x00,
    0x00,0x00,0x04,0x00,0x49,0x00,0x51,0x00,0x00,0x00,0x41,0x00,0x41,0x00,0x41,0x00,0x41,0x00,0x41,0x00,0x41,0x00,0x3E,0x00,0x00,0x00,0x00,0x00,0x00,0x00,
    0x00,0x00,0x0C,0x00,0x04,0x00,0x08,0x00,0x00,0x00,0x3E,0x00,0x41,0x00,0x41,0x00,0x41,0x00,0x41,0x00,0x61,0x00,0x5E,0x00,0x40,0x00,0x40,0x00,0x40,0x00,
    0x00,0x00,0x0C,0x00,0x08,0x00,0x04,0x00,0x00,0x00,0x3E,0x00,0x41,0x00,0x41,0x00,0x41,0x00,0x41,0x00,0x61,0x00,0x5E,0x00,0x40,0x00,0x40,0x00,0x40,0x00,
    0x00,0x00,0x00,0x00,0x19,0x00,0x26,0x00,0x00,0x00,0x41,0x00,0x41,0x00,0x41,0x00,0x41,0x00,0x41,0x00,0x41,0x00,0x3E,0x00,0x00,0x00,0x00,0x00,0x00,0x00,
    0x19,0x00,0x26,0x00,0x00,0x00,0x63,0x00,0x00,0x00,0x41,0x00,0x41,0x00,0x41,0x00,0x41,0x00,0x41,0x00,0x41,0x00,0x3E,0x00,0x00,0x00,0x00,0x00,0x00,0x00,
    0x00,0x00,0x22,0x00,0x1C,0x00,0x00,0x00,0x41,0x00,0x41,0x00,0x22,0x00,0x14,0x00,0x08,0x00,0x08,0x00,0x08,0x00,0x08,0x00,0x00,0x00,0x00,0x00,0x00,0x00,
    0x00,0x00,0x00,0x00,0x3E,0x00,0x00,0x00,0x41,0x00,0x41,0x00,0x22,0x00,0x14,0x00,0x08,0x00,0x08,0x00,0x08,0x00,0x08,0x00,0x00,0x00,0x00,0x00,0x00,0x00,
    0x00,0x00,0x00,0x00,0x91,0x00,0x51,0x00,0x2A,0x00,0x0A,0x00,0x04,0x00,0x04,0x00,0x04,0x00,0x04,0x00,0x04,0x00,0x04,0x00,0x00,0x00,0x00,0x00,0x00,0x00,
    0x00,0x00,0x00,0x00,0x31,0x00,0x51,0x00,0x8A,0x00,0x0A,0x00,0x04,0x00,0x04,0x00,0x04,0x00,0x04,0x00,0x04,0x00,0x04,0x00,0x00,0x00,0x00,0x00,0x00,0x00,
    0x00,0x00,0x00,0x00,0xDE,0x00,0x91,0x00,0x51,0x00,0x11,0x00,0x1E,0x00,0x10,0x00,0x10,0x00,0x10,0x00,0x10,0x00,0x10,0x00,0x00,0x00,0x00,0x00,0x00,0x00,
    0x00,0x00,0x10,0x00,0x49,0x00,0x45,0x00,0x00,0x00,0x00,0x00,0x00,0x00,0x00,0x00,0x00,0x00,0x00,0x00,0x00,0x00,0x00,0x00,0x00,0x00,0x00,0x00,0x00,0x00,
    0x00,0x00,0x04,0x00,0x49,0x00,0x51,0x00,0x00,0x00,0x00,0x00,0x00,0x00,0x00,0x00,0x00,0x00,0x00,0x00,0x00,0x00,0x00,0x00,0x00,0x00,0x00,0x00,0x00,0x00,
    0x00,0x00,0x10,0x00,0x08,0x00,0x04,0x00,0x00,0x00,0x00,0x00,0x00,0x00,0x00,0x00,0x00,0x00,0x00,0x00,0x00,0x00,0x00,0x00,0x00,0x00,0x00,0x00,0x00,0x00,
    0x00,0x00,0x20,0x00,0x10,0x00,0x08,0x00,0x00,0x00,0x41,0x00,0x49,0x00,0x49,0x00,0x49,0x00,0x49,0x00,0x49,0x00,0x36,0x00,0x00,0x00,0x08,0x00,0x0C,0x00,
    0x00,0x00,0x00,0x00,0x00,0x00,0x00,0x00,0x00,0x00,0x41,0x00,0x49,0x00,0x49,0x00,0x49,0x00,0x49,0x00,0x49,0x00,0x36,0x00,0x00,0x00,0x08,0x00,0x0C,0x00,
    0x00,0x00,0x02,0x00,0x04,0x00,0x08,0x00,0x00,0x00,0x41,0x00,0x49,0x00,0x49,0x00,0x49,0x00,0x49,0x00,0x49,0x00,0x36,0x00,0x00,0x00,0x08,0x00,0x0C,0x00,
    0x00,0x00,0x00,0x00,0x19,0x00,0x26,0x00,0x00,0x00,0x41,0x00,0x49,0x00,0x49,0x00,0x49,0x00,0x49,0x00,0x49,0x00,0x36,0x00,0x00,0x00,0x00,0x00,0x00,0x00,
    0x00,0x00,0x00,0x00,0x19,0x00,0x26,0x00,0x00,0x00,0x41,0x00,0x49,0x00,0x49,0x00,0x49,0x00,0x49,0x00,0x49,0x00,0x36,0x00,0x00,0x00,0x08,0x00,0x0C,0x00,
    0x00,0x00,0x00,0x00,0x8E,0x00,0x51,0x00,0x31,0x00,0x11,0x00,0x11,0x00,0x11,0x00,0x11,0x00,0x11,0x00,0x11,0x00,0x0E,0x00,0x00,0x00,0x00,0x00,0x00,0x00,
    0x00,0x00,0x00,0x00,0x2E,0x00,0x51,0x00,0x91,0x00,0x11,0x00,0x11,0x00,0x11,0x00,0x11,0x00,0x11,0x00,0x11,0x00,0x0E,0x00,0x00,0x00,0x00,0x00,0x00,0x00,
    0x00,0x00,0x00,0x00,0x8E,0x00,0x51,0x00,0x31,0x00,0x11,0x00,0x11,0x00,0x11,0x00,0x11,0x00,0x0A,0x00,0x0A,0x00,0x1B,0x00,0x00,0x00,0x00,0x00,0x00,0x00,
    0x00,0x00,0x00,0x00,0x2E,0x00,0x51,0x00,0x91,0x00,0x11,0x00,0x11,0x00,0x11,0x00,0x11,0x00,0x0A,0x00,0x0A,0x00,0x1B,0x00,0x00,0x00,0x00,0x00,0x00,0x00,
    0x00,0x00,0x00,0x00,0x3E,0x00,0x41,0x00,0x41,0x00,0x41,0x00,0x41,0x00,0x41,0x00,0x41,0x00,0x36,0x00,0x14,0x00,0x77,0x00,0x00,0x00,0x08,0x00,0x0C,0x00,
    0x00,0x00,0x04,0x00,0x08,0x00,0x10,0x00,0x00,0x00,0x00,0x00,0x00,0x00,0x00,0x00,0x00,0x00,0x00,0x00,0x00,0x00,0x00,0x00,0x00,0x00,0x00,0x00,0x00,0x00,
    0x00,0x00,0x0C,0x00,0x08,0x00,0x04,0x00,0x00,0x00,0x00,0x00,0x00,0x00,0x00,0x00,0x00,0x00,0x00,0x00,0x00,0x00,0x00,0x00,0x00,0x00,0x00,0x00,0x00,0x00,
    0x00,0x00,0x00,0x00,0x00,0x00,0x00,0x00,0x00,0x00,0x00,0x00,0x00,0x00,0x3E,0x00,0x00,0x00,0x00,0x00,0x00,0x00,0x00,0x00,0x00,0x00,0x00,0x00,0x00,0x00,
    0x00,0x00,0x00,0x00,0x00,0x00,0x00,0x00,0x00,0x00,0x00,0x00,0x00,0x00,0x3E,0x00,0x00,0x00,0x00,0x00,0x00,0x00,0x00,0x00,0x00,0x00,0x00,0x00,0x00,0x00,
    0x00,0x00,0x00,0x00,0x00,0x00,0x00,0x00,0x00,0x00,0x00,0x00,0x00,0x00,0x7F,0x00,0x00,0x00,0x00,0x00,0x00,0x00,0x00,0x00,0x00,0x00,0x00,0x00,0x00,0x00,
    0x00,0x00,0x00,0x00,0x00,0x00,0x00,0x00,0x00,0x00,0x00,0x00,0x00,0x00,0x7F,0x00,0x00,0x00,0x00,0x00,0x00,0x00,0x00,0x00,0x00,0x00,0x00,0x00,0x00,0x00,
    0x00,0x00,0x00,0x00,0x00,0x00,0x00,0x00,0x00,0x00,0x00,0x00,0x00,0x00,0xFF,0x80,0x00,0x00,0x00,0x00,0x00,0x00,0x00,0x00,0x00,0x00,0x00,0x00,0x00,0x00,
    0x00,0x00,0x00,0x00,0x00,0x00,0x00,0x00,0x00,0x00,0x00,0x00,0x00,0x00,0xFF,0x80,0x00,0x00,0x00,0x00,0x00,0x00,0x00,0x00,0x00,0x00,0x00,0x00,0x00,0x00,
    0x00,0x00,0x00,0x00,0x14,0x00,0x14,0x00,0x14,0x00,0x14,0x00,0x14,0x00,0x14,0x00,0x14,0x00,0x14,0x00,0x14,0x00,0x14,0x00,0x00,0x00,0x00,0x00,0x00,0x00,
    0x00,0x00,0x00,0x00,0x00,0x00,0x00,0x00,0x00,0x00,0x00,0x00,0x00,0x00,0x00,0x00,0x00,0x00,0x00,0x00,0x00,0x00,0x00,0x00,0x7F,0x00,0x00,0x00,0x7F,0x00,
    0x00,0x00,0x00,0x00,0x08,0x00,0x10,0x00,0x18,0x00,0x18,0x00,0x00,0x00,0x00,0x00,0x00,0x00,0x00,0x00,0x00,0x00,0x00,0x00,0x00,0x00,0x00,0x00,0x00,0x00,
    0x00,0x00,0x00,0x00,0x18,0x00,0x18,0x00,0x08,0x00,0x10,0x00,0x00,0x00,0x00,0x00,0x00,0x00,0x00,0x00,0x00,0x00,0x00,0x00,0x00,0x00,0x00,0x00,0x00,0x00,
    0x00,0x00,0x00,0x00,0x00,0x00,0x00,0x00,0x00,0x00,0x00,0x00,0x00,0x00,0x00,0x00,0x00,0x00,0x00,0x00,0x18,0x00,0x18,0x00,0x08,0x00,0x10,0x00,0x00,0x00,
    0x00,0x00,0x00,0x00,0x18,0x00,0x18,0x00,0x10,0x00,0x08,0x00,0x00,0x00,0x00,0x00,0x00,0x00,0x00,0x00,0x00,0x00,0x00,0x00,0x00,0x00,0x00,0x00,0x00,0x00,
    0x00,0x00,0x00,0x00,0x12,0x00,0x24,0x00,0x36,0x00,0x36,0x00,0x00,0x00,0x00,0x00,0x00,0x00,0x00,0x00,0x00,0x00,0x00,0x00,0x00,0x00,0x00,0x00,0x00,0x00,
    0x00,0x00,0x00,0x00,0x36,0x00,0x36,0x00,0x12,0x00,0x24,0x00,0x00,0x00,0x00,0x00,0x00,0x00,0x00,0x00,0x00,0x00,0x00,0x00,0x00,0x00,0x00,0x00,0x00,0x00,
    0x00,0x00,0x00,0x00,0x00,0x00,0x00,0x00,0x00,0x00,0x00,0x00,0x00,0x00,0x00,0x00,0x00,0x00,0x00,0x00,0x36,0x00,0x36,0x00,0x12,0x00,0x24,0x00,0x00,0x00,
    0x00,0x00,0x00,0x00,0x36,0x00,0x36,0x00,0x24,0x00,0x12,0x00,0x00,0x00,0x00,0x00,0x00,0x00,0x00,0x00,0x00,0x00,0x00,0x00,0x00,0x00,0x00,0x00,0x00,0x00,
    0x00,0x00,0x08,0x00,0x1C,0x00,0x08,0x00,0x2A,0x00,0x7F,0x00,0x2A,0x00,0x08,0x00,0x1C,0x00,0x08,0x00,0x08,0x00,0x08,0x00,0x08,0x00,0x08,0x00,0x00,0x00,
    0x00,0x00,0x08,0x00,0x1C,0x00,0x08,0x00,0x2A,0x00,0x7F,0x00,0x2A,0x00,0x08,0x00,0x2A,0x00,0x7F,0x00,0x2A,0x00,0x08,0x00,0x1C,0x00,0x08,0x00,0x00,0x00,
    0x00,0x00,0x00,0x00,0x00,0x00,0x00,0x00,0x00,0x00,0x1C,0x00,0x3E,0x00,0x3E,0x00,0x3E,0x00,0x1C,0x00,0x00,0x00,0x00,0x00,0x00,0x00,0x00,0x00,0x00,0x00,
    0x00,0x00,0x00,0x00,0x00,0x00,0x00,0x00,0x10,0x00,0x18,0x00,0x1C,0x00,0x1E,0x00,0x1C,0x00,0x18,0x00,0x10,0x00,0x00,0x00,0x00,0x00,0x00,0x00,0x00,0x00,
    0x00,0x00,0x00,0x00,0x00,0x00,0x00,0x00,0x00,0x00,0x00,0x00,0x00,0x00,0x00,0x00,0x00,0x00,0x00,0x00,0x00,0x00,0x08,0x00,0x00,0x00,0x00,0x00,0x00,0x00,
    0x00,0x00,0x00,0x00,0x00,0x00,0x00,0x00,0x00,0x00,0x00,0x00,0x00,0x00,0x00,0x00,0x00,0x00,0x00,0x00,0x00,0x00,0x22,0x00,0x00,0x00,0x00,0x00,0x00,0x00,
    0x00,0x00,0x00,0x00,0x00,0x00,0x00,0x00,0x00,0x00,0x00,0x00,0x00,0x00,0x00,0x00,0x00,0x00,0x00,0x00,0x00,0x00,0x49,0x00,0x00,0x00,0x00,0x00,0x00,0x00,
    0x00,0x00,0x00,0x00,0x00,0x00,0x00,0x00,0x00,0x00,0x00,0x00,0x1C,0x00,0x1C,0x00,0x00,0x00,0x00,0x00,0x00,0x00,0x00,0x00,0x00,0x00,0x00,0x00,0x00,0x00,
    0x00,0x00,0x00,0x00,0x21,0x00,0x52,0x00,0x52,0x00,0x24,0x00,0x08,0x00,0x08,0x00,0x15,0x00,0x2A,0x80,0x2A,0x80,0x45,0x00,0x00,0x00,0x00,0x00,0x00,0x00,
    0x00,0x00,0x00,0x00,0x08,0x00,0x08,0x00,0x10,0x00,0x00,0x00,0x00,0x00,0x00,0x00,0x00,0x00,0x00,0x00,0x00,0x00,0x00,0x00,0x00,0x00,0x00,0x00,0x00,0x00,
    0x00,0x00,0x00,0x00,0x12,0x00,0x12,0x00,0x24,0x00,0x00,0x00,0x00,0x00,0x00,0x00,0x00,0x00,0x00,0x00,0x00,0x00,0x00,0x00,0x00,0x00,0x00,0x00,0x00,0x00,
    0x00,0x00,0x00,0x00,0x49,0x00,0x49,0x00,0x92,0x00,0x00,0x00,0x00,0x00,0x00,0x00,0x00,0x00,0x00,0x00,0x00,0x00,0x00,0x00,0x00,0x00,0x00,0x00,0x00,0x00,
    0x00,0x00,0x00,0x00,0x10,0x00,0x10,0x00,0x08,0x00,0x00,0x00,0x00,0x00,0x00,0x00,0x00,0x00,0x00,0x00,0x00,0x00,0x00,0x00,0x00,0x00,0x00,0x00,0x00,0x00,
    0x00,0x00,0x00,0x00,0x24,0x00,0x24,0x00,0x12,0x00,0x00,0x00,0x00,0x00,0x00,0x00,0x00,0x00,0x00,0x00,0x00,0x00,0x00,0x00,0x00,0x00,0x00,0x00,0x00,0x00,
    0x00,0x00,0x00,0x00,0x92,0x00,0x92,0x00,0x49,0x00,0x00,0x00,0x00,0x00,0x00,0x00,0x00,0x00,0x00,0x00,0x00,0x00,0x00,0x00,0x00,0x00,0x00,0x00,0x00,0x00,
    0x00,0x00,0x00,0x00,0x00,0x00,0x02,0x00,0x04,0x00,0x08,0x00,0x10,0x00,0x10,0x00,0x08,0x00,0x04,0x00,0x02,0x00,0x00,0x00,0x00,0x00,0x00,0x00,0x00,0x00,
    0x00,0x00,0x00,0x00,0x00,0x00,0x20,0x00,0x10,0x00,0x08,0x00,0x04,0x00,0x04,0x00,0x08,0x00,0x10,0x00,0x20,0x00,0x00,0x00,0x00,0x00,0x00,0x00,0x00,0x00,
    0x00,0x00,0x24,0x00,0x24,0x00,0x24,0x00,0x24,0x00,0x24,0x00,0x24,0x00,0x24,0x00,0x00,0x00,0x00,0x00,0x24,0x00,0x24,0x00,0x00,0x00,0x00,0x00,0x00,0x00,
    0x00,0x00,0xFF,0x80,0x00,0x00,0x00,0x00,0x00,0x00,0x00,0x00,0x00,0x00,0x00,0x00,0x00,0x00,0x00,0x00,0x00,0x00,0x00,0x00,0x00,0x00,0x00,0x00,0x00,0x00,
    0x00,0x00,0x00,0x00,0x02,0x00,0x02,0x00,0x04,0x00,0x04,0x00,0x08,0x00,0x08,0x00,0x10,0x00,0x10,0x00,0x20,0x00,0x20,0x00,0x00,0x00,0x00,0x00,0x00,0x00,
    0x00,0x00,0x00,0x00,0x30,0x00,0x48,0x00,0x48,0x00,0x48,0x00,0x48,0x00,0x30,0x00,0x00,0x00,0x00,0x00,0x00,0x00,0x00,0x00,0x00,0x00,0x00,0x00,0x00,0x00,
    0x00,0x00,0x00,0x00,0x20,0x00,0x00,0x00,0x60,0x00,0x20,0x00,0x20,0x00,0x70,0x00,0x00,0x00,0x00,0x00,0x00,0x00,0x00,0x00,0x00,0x00,0x00,0x00,0x00,0x00,
    0x00,0x00,0x00,0x00,0x10,0x00,0x30,0x00,0x50,0x00,0x78,0x00,0x10,0x00,0x10,0x00,0x00,0x00,0x00,0x00,0x00,0x00,0x00,0x00,0x00,0x00,0x00,0x00,0x00,0x00,
    0x00,0x00,0x00,0x00,0x78,0x00,0x40,0x00,0x70,0x00,0x08,0x00,0x08,0x00,0x70,0x00,0x00,0x00,0x00,0x00,0x00,0x00,0x00,0x00,0x00,0x00,0x00,0x00,0x00,0x00,
    0x00,0x00,0x00,0x00,0x30,0x00,0x40,0x00,0x70,0x00,0x48,0x00,0x48,0x00,0x30,0x00,0x00,0x00,0x00,0x00,0x00,0x00,0x00,0x00,0x00,0x00,0x00,0x00,0x00,0x00,
    0x00,0x00,0x00,0x00,0x78,0x00,0x08,0x00,0x10,0x00,0x10,0x00,0x20,0x00,0x20,0x00,0x00,0x00,0x00,0x00,0x00,0x00,0x00,0x00,0x00,0x00,0x00,0x00,0x00,0x00,
    0x00,0x00,0x00,0x00,0x30,0x00,0x48,0x00,0x30,0x00,0x48,0x00,0x48,0x00,0x30,0x00,0x00,0x00,0x00,0x00,0x00,0x00,0x00,0x00,0x00,0x00,0x00,0x00,0x00,0x00,
    0x00,0x00,0x00,0x00,0x30,0x00,0x48,0x00,0x48,0x00,0x38,0x00,0x08,0x00,0x30,0x00,0x00,0x00,0x00,0x00,0x00,0x00,0x00,0x00,0x00,0x00,0x00,0x00,0x00,0x00,
    0x00,0x00,0x00,0x00,0x10,0x00,0x10,0x00,0x7C,0x00,0x10,0x00,0x10,0x00,0x00,0x00,0x00,0x00,0x00,0x00,0x00,0x00,0x00,0x00,0x00,0x00,0x00,0x00,0x00,0x00,
    0x00,0x00,0x00,0x00,0x00,0x00,0x00,0x00,0x7C,0x00,0x00,0x00,0x00,0x00,0x00,0x00,0x00,0x00,0x00,0x00,0x00,0x00,0x00,0x00,0x00,0x00,0x00,0x00,0x00,0x00,
    0x00,0x00,0x00,0x00,0x00,0x00,0x7C,0x00,0x00,0x00,0x7C,0x00,0x00,0x00,0x00,0x00,0x00,0x00,0x00,0x00,0x00,0x00,0x00,0x00,0x00,0x00,0x00,0x00,0x00,0x00,
    0x00,0x00,0x00,0x00,0x10,0x00,0x20,0x00,0x20,0x00,0x20,0x00,0x20,0x00,0x10,0x00,0x00,0x00,0x00,0x00,0x00,0x00,0x00,0x00,0x00,0x00,0x00,0x00,0x00,0x00,
    0x00,0x00,0x00,0x00,0x20,0x00,0x10,0x00,0x10,0x00,0x10,0x00,0x10,0x00,0x20,0x00,0x00,0x00,0x00,0x00,0x00,0x00,0x00,0x00,0x00,0x00,0x00,0x00,0x00,0x00,
    0x00,0x00,0x00,0x00,0x00,0x00,0x00,0x00,0x70,0x00,0x48,0x00,0x48,0x00,0x48,0x00,0x00,0x00,0x00,0x00,0x00,0x00,0x00,0x00,0x00,0x00,0x00,0x00,0x00,0x00,
    0x00,0x00,0x00,0x00,0x00,0x00,0x00,0x00,0x00,0x00,0x00,0x00,0x00,0x00,0x00,0x00,0x30,0x00,0x48,0x00,0x48,0x00,0x48,0x00,0x48,0x00,0x30,0x00,0x00,0x00,
    0x00,0x00,0x00,0x00,0x00,0x00,0x00,0x00,0x00,0x00,0x00,0x00,0x00,0x00,0x00,0x00,0x20,0x00,0x60,0x00,0x20,0x00,0x20,0x00,0x20,0x00,0x70,0x00,0x00,0x00,
    0x00,0x00,0x00,0x00,0x00,0x00,0x00,0x00,0x00,0x00,0x00,0x00,0x00,0x00,0x00,0x00,0x30,0x00,0x48,0x00,0x08,0x00,0x30,0x00,0x40,0x00,0x78,0x00,0x00,0x00,
    0x00,0x00,0x00,0x00,0x00,0x00,0x00,0x00,0x00,0x00,0x00,0x00,0x00,0x00,0x00,0x00,0x30,0x00,0x48,0x00,0x10,0x00,0x08,0x00,0x48,0x00,0x30,0x00,0x00,0x00,
    0x00,0x00,0x00,0x00,0x00,0x00,0x00,0x00,0x00,0x00,0x00,0x00,0x00,0x00,0x00,0x00,0x10,0x00,0x30,0x00,0x50,0x00,0x78,0x00,0x10,0x00,0x10,0x00,0x00,0x00,
    0x00,0x00,0x00,0x00,0x00,0x00,0x00,0x00,0x00,0x00,0x00,0x00,0x00,0x00,0x00,0x00,0x78,0x00,0x40,0x00,0x70,0x00,0x08,0x00,0x08,0x00,0x70,0x00,0x00,0x00,
    0x00,0x00,0x00,0x00,0x00,0x00,0x00,0x00,0x00,0x00,0x00,0x00,0x00,0x00,0x00,0x00,0x30,0x00,0x40,0x00,0x70,0x00,0x48,0x00,0x48,0x00,0x30,0x00,0x00,0x00,
    0x00,0x00,0x00,0x00,0x00,0x00,0x00,0x00,0x00,0x00,0x00,0x00,0x00,0x00,0x00,0x00,0x78,0x00,0x08,0x00,0x10,0x00,0x10,0x00,0x20,0x00,0x20,0x00,0x00,0x00,
    0x00,0x00,0x00,0x00,0x00,0x00,0x00,0x00,0x00,0x00,0x00,0x00,0x00,0x00,0x00,0x00,0x30,0x00,0x48,0x00,0x30,0x00,0x48,0x00,0x48,0x00,0x30,0x00,0x00,0x00,
    0x00,0x00,0x00,0x00,0x00,0x00,0x00,0x00,0x00,0x00,0x00,0x00,0x00,0x00,0x00,0x00,0x30,0x00,0x48,0x00,0x48,0x00,0x38,0x00,0x08,0x00,0x30,0x00,0x00,0x00,
    0x00,0x00,0x00,0x00,0x00,0x00,0x00,0x00,0x00,0x00,0x00,0x00,0x00,0x00,0x00,0x00,0x00,0x00,0x10,0x00,0x10,0x00,0x7C,0x00,0x10,0x00,0x10,0x00,0x00,0x00,
    0x00,0x00,0x00,0x00,0x00,0x00,0x00,0x00,0x00,0x00,0x00,0x00,0x00,0x00,0x00,0x00,0x00,0x00,0x00,0x00,0x00,0x00,0x7C,0x00,0x00,0x00,0x00,0x00,0x00,0x00,
    0x00,0x00,0x00,0x00,0x00,0x00,0x00,0x00,0x00,0x00,0x00,0x00,0x00,0x00,0x00,0x00,0x00,0x00,0x00,0x00,0x7C,0x00,0x00,0x00,0x7C,0x00,0x00,0x00,0x00,0x00,
    0x00,0x00,0x00,0x00,0x00,0x00,0x00,0x00,0x00,0x00,0x00,0x00,0x00,0x00,0x00,0x00,0x10,0x00,0x20,0x00,0x20,0x00,0x20,0x00,0x20,0x00,0x10,0x00,0x00,0x00,
    0x00,0x00,0x00,0x00,0x00,0x00,0x00,0x00,0x00,0x00,0x00,0x00,0x00,0x00,0x00,0x00,0x20,0x00,0x10,0x00,0x10,0x00,0x10,0x00,0x10,0x00,0x20,0x00,0x00,0x00,
    0x00,0x00,0x00,0x00,0x7F,0x00,0x20,0x00,0x20,0x00,0x20,0x00,0x7B,0x00,0x2C,0x00,0x28,0x00,0x28,0x00,0x28,0x00,0x78,0x00,0x00,0x00,0x00,0x00,0x00,0x00,
    0x00,0x00,0x00,0x00,0x0E,0x00,0x11,0x00,0x10,0x00,0x7C,0x00,0x10,0x00,0x7C,0x00,0x10,0x00,0x30,0x00,0x51,0x00,0x2E,0x00,0x00,0x00,0x00,0x00,0x00,0x00,
    0x00,0x00,0x00,0x00,0x7E,0x00,0x41,0x00,0xFF,0x80,0x41,0x00,0x7E,0x00,0x40,0x00,0x40,0x00,0x40,0x00,0x40,0x00,0x40,0x00,0x00,0x00,0x00,0x00,0x00,0x00,
    0x00,0x00,0x00,0x00,0x01,0x00,0x3F,0x00,0x01,0x00,0x3D,0x00,0x43,0x00,0x41,0x00,0x43,0x00,0x3C,0x00,0x00,0x00,0x3E,0x00,0x00,0x00,0x00,0x00,0x00,0x00,
    0x00,0x00,0x00,0x00,0x00,0x00,0x0E,0x00,0x11,0x00,0x20,0x00,0x7C,0x00,0x20,0x00,0x7C,0x00,0x20,0x00,0x11,0x00,0x0E,0x00,0x00,0x00,0x00,0x00,0x00,0x00,
    0x00,0x00,0x00,0x00,0x10,0x00,0x3C,0x00,0x52,0x00,0x11,0x00,0x11,0x00,0x11,0x00,0x11,0x00,0x31,0x00,0x59,0x00,0x26,0x00,0x00,0x00,0x00,0x00,0x00,0x00,
    0x20,0x00,0x7F,0x00,0x00,0x00,0x00,0x00,0x00,0x00,0x00,0x00,0x00,0x00,0x00,0x00,0x00,0x00,0x00,0x00,0x00,0x00,0x00,0x00,0x00,0x00,0x00,0x00,0x00,0x00,
    0x02,0x00,0x7F,0x00,0x00,0x00,0x00,0x00,0x00,0x00,0x00,0x00,0x00,0x00,0x00,0x00,0x00,0x00,0x00,0x00,0x00,0x00,0x00,0x00,0x00,0x00,0x00,0x00,0x00,0x00,
    0x00,0x00,0x08,0x00,0x08,0x00,0x08,0x00,0x08,0x00,0x08,0x00,0x08,0x00,0x08,0x00,0x08,0x00,0x08,0x00,0x08,0x00,0x08,0x00,0x08,0x00,0x00,0x00,0x00,0x00,
    0x00,0x00,0x00,0x00,0x00,0x00,0x00,0x00,0x08,0x00,0x08,0x00,0x08,0x00,0x08,0x00,0x08,0x00,0x08,0x00,0x08,0x00,0x08,0x00,0x08,0x00,0x00,0x00,0x00,0x00,
    0x5E,0x00,0x61,0x00,0x70,0x00,0x00,0x00,0x00,0x00,0x00,0x00,0x00,0x00,0x00,0x00,0x00,0x00,0x00,0x00,0x00,0x00,0x00,0x00,0x00,0x00,0x00,0x00,0x00,0x00,
    0x3D,0x00,0x43,0x00,0x07,0x00,0x00,0x00,0x00,0x00,0x00,0x00,0x00,0x00,0x00,0x00,0x00,0x00,0x00,0x00,0x00,0x00,0x00,0x00,0x00,0x00,0x00,0x00,0x00,0x00,
    0x20,0x00,0x7F,0x00,0x20,0x00,0x00,0x00,0x00,0x00,0x00,0x00,0x00,0x00,0x00,0x00,0x00,0x00,0x00,0x00,0x00,0x00,0x00,0x00,0x00,0x00,0x00,0x00,0x00,0x00,
    0x02,0x00,0x7F,0x00,0x02,0x00,0x00,0x00,0x00,0x00,0x00,0x00,0x00,0x00,0x00,0x00,0x00,0x00,0x00,0x00,0x00,0x00,0x00,0x00,0x00,0x00,0x00,0x00,0x00,0x00,
    0x00,0x00,0x00,0x00,0x3E,0x00,0x51,0x00,0x50,0x00,0x50,0x00,0x50,0x00,0x50,0x00,0x50,0x00,0x50,0x00,0x51,0x00,0x3E,0x00,0x00,0x00,0x00,0x00,0x00,0x00,
    0x00,0x00,0x00,0x00,0x31,0x00,0x42,0x00,0x42,0x00,0x44,0x00,0x38,0x00,0x0A,0x00,0x15,0x00,0x25,0x00,0x25,0x00,0x42,0x00,0x00,0x00,0x00,0x00,0x00,0x00,
    0x00,0x00,0x00,0x00,0x08,0x00,0x14,0x00,0x14,0x00,0x14,0x00,0x14,0x00,0x14,0x00,0x18,0x00,0x18,0x00,0x10,0x00,0x2C,0x00,0x00,0x00,0x00,0x00,0x00,0x00,
    0x00,0x00,0x00,0x00,0x71,0x00,0x51,0x00,0x59,0x00,0x59,0x00,0x55,0x00,0x55,0x00,0x55,0x00,0x53,0x00,0x53,0x00,0x51,0x00,0x00,0x00,0x00,0x00,0x00,0x00,
    0x00,0x00,0x00,0x00,0x48,0x00,0x48,0x00,0x68,0x00,0x68,0x00,0x69,0x00,0x5A,0x80,0x5A,0x80,0x59,0x00,0x48,0x00,0x4B,0x80,0x00,0x00,0x00,0x00,0x00,0x00,
    0x00,0x00,0x00,0x00,0x3E,0x00,0x51,0x00,0x51,0x00,0x51,0x00,0x51,0x00,0x51,0x00,0x51,0x00,0x55,0x00,0x53,0x00,0x3E,0x00,0x01,0x00,0x00,0x00,0x00,0x00,
    0x00,0x00,0x00,0x00,0x7E,0x00,0x51,0x00,0x51,0x00,0x51,0x00,0x51,0x00,0x5E,0x00,0x58,0x00,0x54,0x00,0x52,0x00,0x51,0x00,0x00,0x00,0x00,0x00,0x00,0x00,
    0x00,0x00,0xE8,0x80,0x4D,0x80,0x4A,0x80,0x48,0x80,0x48,0x80,0x00,0x00,0x00,0x00,0x00,0x00,0x00,0x00,0x00,0x00,0x00,0x00,0x00,0x00,0x00,0x00,0x00,0x00,
    0x00,0x00,0x00,0x00,0x7F,0x00,0x05,0x00,0x05,0x00,0x0A,0x00,0x14,0x00,0x14,0x00,0x28,0x00,0x50,0x00,0x50,0x00,0x7F,0x00,0x00,0x00,0x00,0x00,0x00,0x00,
    0x00,0x00,0x00,0x00,0x00,0x00,0x1C,0x00,0x22,0x00,0x41,0x00,0x41,0x00,0x41,0x00,0x22,0x00,0x14,0x00,0x14,0x00,0x77,0x00,0x00,0x00,0x00,0x00,0x00,0x00,
    0x00,0x00,0x00,0x00,0x00,0x00,0x77,0x00,0x14,0x00,0x14,0x00,0x22,0x00,0x41,0x00,0x41,0x00,0x41,0x00,0x22,0x00,0x1C,0x00,0x00,0x00,0x00,0x00,0x00,0x00,
    0x00,0x00,0x00,0x00,0x00,0x00,0x00,0x00,0x00,0x00,0x3E,0x00,0x63,0x00,0x63,0x00,0x7F,0x00,0x60,0x00,0x63,0x00,0x3E,0x00,0x00,0x00,0x00,0x00,0x00,0x00,
    0x00,0x00,0x00,0x00,0x20,0x00,0x60,0x00,0x20,0x00,0x20,0x00,0x22,0x00,0x75,0x00,0x02,0x00,0x05,0x00,0x05,0x00,0x02,0x00,0x00,0x00,0x00,0x00,0x00,0x00,
    0x00,0x00,0x00,0x00,0x60,0x00,0x10,0x00,0x60,0x00,0x10,0x00,0x12,0x00,0x65,0x00,0x02,0x00,0x05,0x00,0x05,0x00,0x02,0x00,0x00,0x00,0x00,0x00,0x00,0x00,
    0x00,0x00,0x00,0x00,0x70,0x00,0x40,0x00,0x70,0x00,0x10,0x00,0x12,0x00,0x65,0x00,0x02,0x00,0x05,0x00,0x05,0x00,0x02,0x00,0x00,0x00,0x00,0x00,0x00,0x00,
    0x00,0x00,0x00,0x00,0x70,0x00,0x10,0x00,0x10,0x00,0x20,0x00,0x22,0x00,0x25,0x00,0x02,0x00,0x05,0x00,0x05,0x00,0x02,0x00,0x00,0x00,0x00,0x00,0x00,0x00,
    0x00,0x00,0x00,0x00,0x00,0x00,0x00,0x00,0x08,0x00,0x10,0x00,0x20,0x00,0x7F,0x00,0x20,0x00,0x10,0x00,0x08,0x00,0x00,0x00,0x00,0x00,0x00,0x00,0x00,0x00,
    0x00,0x00,0x00,0x00,0x08,0x00,0x1C,0x00,0x2A,0x00,0x49,0x00,0x08,0x00,0x08,0x00,0x08,0x00,0x08,0x00,0x08,0x00,0x08,0x00,0x00,0x00,0x00,0x00,0x00,0x00,
    0x00,0x00,0x00,0x00,0x00,0x00,0x00,0x00,0x08,0x00,0x04,0x00,0x02,0x00,0x7F,0x00,0x02,0x00,0x04,0x00,0x08,0x00,0x00,0x00,0x00,0x00,0x00,0x00,0x00,0x00,
    0x00,0x00,0x00,0x00,0x08,0x00,0x08,0x00,0x08,0x00,0x08,0x00,0x08,0x00,0x08,0x00,0x49,0x00,0x2A,0x00,0x1C,0x00,0x08,0x00,0x00,0x00,0x00,0x00,0x00,0x00,
    0x00,0x00,0x00,0x00,0x00,0x00,0x00,0x00,0x00,0x00,0x14,0x00,0x22,0x00,0x7F,0x00,0x22,0x00,0x14,0x00,0x00,0x00,0x00,0x00,0x00,0x00,0x00,0x00,0x00,0x00,
    0x00,0x00,0x00,0x00,0x08,0x00,0x1C,0x00,0x2A,0x00,0x49,0x00,0x08,0x00,0x08,0x00,0x49,0x00,0x2A,0x00,0x1C,0x00,0x08,0x00,0x00,0x00,0x00,0x00,0x00,0x00,
    0x00,0x00,0x00,0x00,0x00,0x00,0x00,0x00,0x78,0x00,0x60,0x00,0x50,0x00,0x48,0x00,0x04,0x00,0x02,0x00,0x01,0x00,0x00,0x00,0x00,0x00,0x00,0x00,0x00,0x00,
    0x00,0x00,0x00,0x00,0x00,0x00,0x00,0x00,0x0F,0x00,0x03,0x00,0x05,0x00,0x09,0x00,0x10,0x00,0x20,0x00,0x40,0x00,0x00,0x00,0x00,0x00,0x00,0x00,0x00,0x00,
    0x00,0x00,0x00,0x00,0x00,0x00,0x00,0x00,0x40,0x00,0x20,0x00,0x10,0x00,0x09,0x00,0x05,0x00,0x03,0x00,0x0F,0x00,0x00,0x00,0x00,0x00,0x00,0x00,0x00,0x00,
    0x00,0x00,0x00,0x00,0x00,0x00,0x00,0x00,0x01,0x00,0x02,0x00,0x04,0x00,0x48,0x00,0x50,0x00,0x60,0x00,0x78,0x00,0x00,0x00,0x00,0x00,0x00,0x00,0x00,0x00,
    0x00,0x00,0x00,0x00,0x00,0x00,0x00,0x00,0x08,0x00,0x11,0x00,0x21,0x00,0x7F,0x00,0x21,0x00,0x11,0x00,0x08,0x00,0x00,0x00,0x00,0x00,0x00,0x00,0x00,0x00,
    0x00,0x00,0x00,0x00,0x08,0x00,0x1C,0x00,0x2A,0x00,0x49,0x00,0x08,0x00,0x08,0x00,0x08,0x00,0x08,0x00,0x08,0x00,0x3E,0x00,0x00,0x00,0x00,0x00,0x00,0x00,
    0x00,0x00,0x00,0x00,0x00,0x00,0x00,0x00,0x08,0x00,0x44,0x00,0x42,0x00,0x7F,0x00,0x42,0x00,0x44,0x00,0x08,0x00,0x00,0x00,0x00,0x00,0x00,0x00,0x00,0x00,
    0x00,0x00,0x00,0x00,0x3E,0x00,0x08,0x00,0x08,0x00,0x08,0x00,0x08,0x00,0x08,0x00,0x49,0x00,0x2A,0x00,0x1C,0x00,0x08,0x00,0x00,0x00,0x00,0x00,0x00,0x00,
    0x00,0x00,0x00,0x00,0x08,0x00,0x1C,0x00,0x2A,0x00,0x49,0x00,0x08,0x00,0x49,0x00,0x2A,0x00,0x1C,0x00,0x08,0x00,0x7F,0x00,0x00,0x00,0x00,0x00,0x00,0x00,
    0x00,0x00,0x00,0x00,0x00,0x00,0x04,0x00,0x02,0x00,0x7F,0x00,0x02,0x00,0x14,0x00,0x20,0x00,0x7F,0x00,0x20,0x00,0x10,0x00,0x00,0x00,0x00,0x00,0x00,0x00,
    0x00,0x00,0x00,0x00,0x00,0x00,0x10,0x00,0x20,0x00,0x7F,0x00,0x20,0x00,0x14,0x00,0x02,0x00,0x7F,0x00,0x02,0x00,0x04,0x00,0x00,0x00,0x00,0x00,0x00,0x00,
    0x00,0x00,0x00,0x00,0x00,0x00,0x00,0x00,0x10,0x00,0x20,0x00,0x7F,0x00,0x00,0x00,0x7F,0x00,0x02,0x00,0x04,0x00,0x00,0x00,0x00,0x00,0x00,0x00,0x00,0x00,
    0x00,0x00,0x00,0x00,0x00,0x00,0x00,0x00,0x04,0x00,0x02,0x00,0x7F,0x00,0x00,0x00,0x7F,0x00,0x20,0x00,0x10,0x00,0x00,0x00,0x00,0x00,0x00,0x00,0x00,0x00,
    0x00,0x00,0x00,0x00,0x00,0x00,0x00,0x00,0x10,0x00,0x20,0x00,0x7F,0x80,0x80,0x00,0x7F,0x80,0x20,0x00,0x10,0x00,0x00,0x00,0x00,0x00,0x00,0x00,0x00,0x00,
    0x00,0x00,0x00,0x00,0x08,0x00,0x14,0x00,0x36,0x00,0x55,0x00,0x14,0x00,0x14,0x00,0x14,0x00,0x14,0x00,0x14,0x00,0x14,0x00,0x00,0x00,0x00,0x00,0x00,0x00,
    0x00,0x00,0x00,0x00,0x00,0x00,0x00,0x00,0x04,0x00,0x02,0x00,0xFF,0x00,0x00,0x80,0xFF,0x00,0x02,0x00,0x04,0x00,0x00,0x00,0x00,0x00,0x00,0x00,0x00,0x00,
    0x00,0x00,0x00,0x00,0x14,0x00,0x14,0x00,0x14,0x00,0x14,0x00,0x14,0x00,0x14,0x00,0x55,0x00,0x36,0x00,0x14,0x00,0x08,0x00,0x00,0x00,0x00,0x00,0x00,0x00,
    0x00,0x00,0x00,0x00,0x00,0x00,0x00,0x00,0x14,0x00,0x22,0x00,0x7F,0x00,0x80,0x80,0x7F,0x00,0x22,0x00,0x14,0x00,0x00,0x00,0x00,0x00,0x00,0x00,0x00,0x00,
    0x00,0x00,0x00,0x00,0x08,0x00,0x14,0x00,0x36,0x00,0x55,0x00,0x14,0x00,0x14,0x00,0x55,0x00,0x36,0x00,0x14,0x00,0x08,0x00,0x00,0x00,0x00,0x00,0x00,0x00,
    0x00,0x00,0x00,0x00,0x41,0x00,0x41,0x00,0x7F,0x00,0x22,0x00,0x22,0x00,0x22,0x00,0x14,0x00,0x14,0x00,0x14,0x00,0x08,0x00,0x00,0x00,0x00,0x00,0x00,0x00,
    0x00,0x00,0x00,0x00,0x08,0x00,0x14,0x00,0x10,0x00,0x10,0x00,0x10,0x00,0x10,0x00,0x10,0x00,0x14,0x00,0x14,0x00,0x08,0x00,0x00,0x00,0x00,0x00,0x00,0x00,
    0x00,0x00,0x00,0x00,0x00,0x00,0x1C,0x00,0x22,0x00,0x02,0x00,0x1A,0x00,0x26,0x00,0x42,0x00,0x42,0x00,0x44,0x00,0x38,0x00,0x00,0x00,0x00,0x00,0x00,0x00,
    0x00,0x00,0x00,0x00,0x7F,0x00,0x01,0x00,0x01,0x00,0x01,0x00,0x1F,0x00,0x01,0x00,0x01,0x00,0x01,0x00,0x01,0x00,0x7F,0x00,0x00,0x00,0x00,0x00,0x00,0x00,
    0x02,0x00,0x02,0x00,0x7F,0x00,0x05,0x00,0x05,0x00,0x05,0x00,0x1F,0x00,0x09,0x00,0x09,0x00,0x09,0x00,0x09,0x00,0x7F,0x00,0x10,0x00,0x10,0x00,0x00,0x00,
    0x00,0x00,0x01,0x00,0x1D,0x00,0x22,0x00,0x45,0x00,0x45,0x00,0x49,0x00,0x49,0x00,0x51,0x00,0x51,0x00,0x22,0x00,0x5C,0x00,0x40,0x00,0x00,0x00,0x00,0x00,
    0x00,0x00,0x00,0x00,0x08,0x00,0x08,0x00,0x14,0x00,0x14,0x00,0x22,0x00,0x22,0x00,0x22,0x00,0x41,0x00,0x41,0x00,0x7F,0x00,0x00,0x00,0x00,0x00,0x00,0x00,
    0x00,0x00,0x00,0x00,0x7F,0x00,0x41,0x00,0x41,0x00,0x22,0x00,0x22,0x00,0x22,0x00,0x14,0x00,0x14,0x00,0x08,0x00,0x08,0x00,0x00,0x00,0x00,0x00,0x00,0x00,
    0x00,0x00,0x00,0x00,0x00,0x00,0x00,0x00,0x1F,0x00,0x20,0x00,0x40,0x00,0x7F,0x00,0x40,0x00,0x20,0x00,0x1F,0x00,0x00,0x00,0x00,0x00,0x00,0x00,0x00,0x00,
    0x00,0x00,0x00,0x00,0x02,0x00,0x02,0x00,0x1F,0x00,0x24,0x00,0x44,0x00,0x7F,0x00,0x48,0x00,0x28,0x00,0x1F,0x00,0x10,0x00,0x10,0x00,0x00,0x00,0x00,0x00,
    0x00,0x00,0x00,0x00,0x00,0x00,0x00,0x00,0x7C,0x00,0x02,0x00,0x01,0x00,0x7F,0x00,0x01,0x00,0x02,0x00,0x7C,0x00,0x00,0x00,0x00,0x00,0x00,0x00,0x00,0x00,
    0x00,0x00,0x00,0x00,0x04,0x00,0x04,0x00,0x7C,0x00,0x0A,0x00,0x09,0x00,0x7F,0x00,0x11,0x00,0x12,0x00,0x7C,0x00,0x20,0x00,0x20,0x00,0x00,0x00,0x00,0x00,
    0x00,0x00,0x7F,0x00,0x22,0x00,0x22,0x00,0x22,0x00,0x22,0x00,0x22,0x00,0x22,0x00,0x22,0x00,0x22,0x00,0x22,0x00,0x22,0x00,0x77,0x00,0x00,0x00,0x00,0x00,
    0x00,0x00,0x7F,0x00,0x40,0x00,0x20,0x00,0x10,0x00,0x10,0x00,0x08,0x00,0x08,0x00,0x10,0x00,0x10,0x00,0x20,0x00,0x40,0x00,0x7F,0x00,0x00,0x00,0x00,0x00,
    0x00,0x00,0x00,0x00,0x00,0x00,0x00,0x00,0x00,0x00,0x00,0x00,0x00,0x00,0x7F,0x00,0x00,0x00,0x00,0x00,0x00,0x00,0x00,0x00,0x00,0x00,0x00,0x00,0x00,0x00,
    0x00,0x00,0x00,0x00,0x00,0x00,0x7F,0x00,0x00,0x00,0x08,0x00,0x08,0x00,0x08,0x00,0x7F,0x00,0x08,0x00,0x08,0x00,0x08,0x00,0x00,0x00,0x00,0x00,0x00,0x00,
    0x00,0x00,0x00,0x00,0x02,0x00,0x02,0x00,0x04,0x00,0x04,0x00,0x08,0x00,0x08,0x00,0x10,0x00,0x10,0x00,0x20,0x00,0x20,0x00,0x00,0x00,0x00,0x00,0x00,0x00,
    0x00,0x00,0x00,0x00,0x00,0x00,0x00,0x00,0x00,0x00,0x1C,0x00,0x22,0x00,0x22,0x00,0x22,0x00,0x1C,0x00,0x00,0x00,0x00,0x00,0x00,0x00,0x00,0x00,0x00,0x00,
    0x00,0x00,0x00,0x00,0x00,0x00,0x00,0x00,0x00,0x00,0x1C,0x00,0x3E,0x00,0x3E,0x00,0x3E,0x00,0x1C,0x00,0x00,0x00,0x00,0x00,0x00,0x00,0x00,0x00,0x00,0x00,
    0x00,0x00,0x00,0x00,0x01,0x00,0x01,0x00,0x02,0x00,0x02,0x00,0x04,0x00,0x04,0x00,0x48,0x00,0x28,0x00,0x10,0x00,0x00,0x00,0x00,0x00,0x00,0x00,0x00,0x00,
    0x00,0x00,0x00,0x00,0x00,0x00,0x00,0x00,0x00,0x00,0x3B,0x00,0x44,0x00,0x44,0x00,0x44,0x00,0x3B,0x00,0x00,0x00,0x00,0x00,0x00,0x00,0x00,0x00,0x00,0x00,
    0x00,0x00,0x00,0x00,0x00,0x00,0x00,0x00,0x00,0x00,0x63,0x00,0x94,0x80,0x88,0x80,0x94,0x80,0x63,0x00,0x00,0x00,0x00,0x00,0x00,0x00,0x00,0x00,0x00,0x00,
    0x00,0x00,0x00,0x00,0x00,0x00,0x00,0x00,0x00,0x00,0x40,0x00,0x40,0x00,0x40,0x00,0x40,0x00,0x40,0x00,0x40,0x00,0x7F,0x00,0x00,0x00,0x00,0x00,0x00,0x00,
    0x00,0x00,0x00,0x00,0x00,0x00,0x00,0x00,0x00,0x00,0x01,0x00,0x02,0x00,0x24,0x00,0x18,0x00,0x18,0x00,0x24,0x00,0x7F,0x00,0x04,0x00,0x04,0x00,0x00,0x00,
    0x00,0x00,0x00,0x00,0x08,0x00,0x08,0x00,0x0A,0x00,0x0C,0x00,0x08,0x00,0x18,0x00,0x28,0x00,0x08,0x00,0x08,0x00,0x08,0x00,0x00,0x00,0x00,0x00,0x00,0x00,
    0x00,0x00,0x00,0x00,0x14,0x00,0x14,0x00,0x14,0x00,0x14,0x00,0x14,0x00,0x14,0x00,0x14,0x00,0x14,0x00,0x14,0x00,0x14,0x00,0x00,0x00,0x00,0x00,0x00,0x00,
    0x00,0x00,0x00,0x00,0x14,0x00,0x14,0x00,0x14,0x00,0x17,0x00,0x1C,0x00,0x74,0x00,0x14,0x00,0x14,0x00,0x14,0x00,0x14,0x00,0x00,0x00,0x00,0x00,0x00,0x00,
    0x00,0x00,0x00,0x00,0x00,0x00,0x00,0x00,0x08,0x00,0x08,0x00,0x14,0x00,0x14,0x00,0x22,0x00,0x22,0x00,0x41,0x00,0x41,0x00,0x00,0x00,0x00,0x00,0x00,0x00,
    0x00,0x00,0x00,0x00,0x00,0x00,0x00,0x00,0x41,0x00,0x41,0x00,0x22,0x00,0x22,0x00,0x14,0x00,0x14,0x00,0x08,0x00,0x08,0x00,0x00,0x00,0x00,0x00,0x00,0x00,
    0x00,0x00,0x00,0x00,0x00,0x00,0x00,0x00,0x1C,0x00,0x22,0x00,0x41,0x00,0x41,0x00,0x41,0x00,0x41,0x00,0x41,0x00,0x41,0x00,0x00,0x00,0x00,0x00,0x00,0x00,
    0x00,0x00,0x00,0x00,0x00,0x00,0x00,0x00,0x41,0x00,0x41,0x00,0x41,0x00,0x41,0x00,0x41,0x00,0x41,0x00,0x22,0x00,0x1C,0x00,0x00,0x00,0x00,0x00,0x00,0x00,
    0x00,0x00,0x04,0x00,0x0A,0x00,0x08,0x00,0x08,0x00,0x08,0x00,0x08,0x00,0x08,0x00,0x08,0x00,0x08,0x00,0x08,0x00,0x08,0x00,0x28,0x00,0x10,0x00,0x00,0x00,
    0x00,0x00,0x04,0x00,0x0A,0x00,0x08,0x00,0x08,0x00,0x1C,0x00,0x2A,0x00,0x2A,0x00,0x1C,0x00,0x08,0x00,0x08,0x00,0x08,0x00,0x28,0x00,0x10,0x00,0x00,0x00,
    0x00,0x00,0x00,0x00,0x00,0x00,0x00,0x00,0x00,0x00,0x00,0x00,0x30,0x00,0x49,0x00,0x06,0x00,0x00,0x00,0x00,0x00,0x00,0x00,0x00,0x00,0x00,0x00,0x00,0x00,
    0x00,0x00,0x00,0x00,0x00,0x00,0x00,0x00,0x00,0x00,0x30,0x00,0x49,0x00,0x06,0x00,0x00,0x00,0x7F,0x00,0x00,0x00,0x00,0x00,0x00,0x00,0x00,0x00,0x00,0x00,
    0x00,0x00,0x00,0x00,0x00,0x00,0x00,0x00,0x30,0x00,0x49,0x00,0x06,0x00,0x00,0x00,0x7F,0x00,0x00,0x00,0x7F,0x00,0x00,0x00,0x00,0x00,0x00,0x00,0x00,0x00,
    0x00,0x00,0x00,0x00,0x00,0x00,0x00,0x00,0x00,0x00,0x30,0x00,0x49,0x00,0x06,0x00,0x30,0x00,0x49,0x00,0x06,0x00,0x00,0x00,0x00,0x00,0x00,0x00,0x00,0x00,
    0x00,0x00,0x00,0x00,0x00,0x00,0x04,0x00,0x04,0x00,0x34,0x00,0x49,0x00,0x0E,0x00,0x38,0x00,0x49,0x00,0x16,0x00,0x10,0x00,0x10,0x00,0x00,0x00,0x00,0x00,
    0x00,0x00,0x00,0x00,0x08,0x00,0x14,0x00,0x22,0x00,0x00,0x00,0x7F,0x00,0x00,0x00,0x7F,0x00,0x00,0x00,0x00,0x00,0x00,0x00,0x00,0x00,0x00,0x00,0x00,0x00,
    0x00,0x00,0x1C,0x00,0x22,0x00,0x04,0x00,0x08,0x00,0x00,0x00,0x08,0x00,0x00,0x00,0x7F,0x00,0x00,0x00,0x7F,0x00,0x00,0x00,0x00,0x00,0x00,0x00,0x00,0x00,
    0x00,0x00,0x00,0x00,0x00,0x00,0x00,0x00,0x04,0x00,0x04,0x00,0x7F,0x00,0x08,0x00,0x7F,0x00,0x10,0x00,0x10,0x00,0x00,0x00,0x00,0x00,0x00,0x00,0x00,0x00,
    0x00,0x00,0x00,0x00,0x00,0x00,0x00,0x00,0x00,0x00,0x7F,0x00,0x00,0x00,0x7F,0x00,0x00,0x00,0x7F,0x00,0x00,0x00,0x00,0x00,0x00,0x00,0x00,0x00,0x00,0x00,
    0x00,0x00,0x00,0x00,0x00,0x00,0x02,0x00,0x02,0x00,0x7F,0x00,0x04,0x00,0x7F,0x00,0x10,0x00,0x7F,0x00,0x20,0x00,0x20,0x00,0x00,0x00,0x00,0x00,0x00,0x00,
    0x00,0x00,0x00,0x00,0x00,0x00,0x00,0x00,0x03,0x00,0x1C,0x00,0x60,0x00,0x1C,0x00,0x03,0x00,0x00,0x00,0x7F,0x00,0x00,0x00,0x00,0x00,0x00,0x00,0x00,0x00,
    0x00,0x00,0x00,0x00,0x00,0x00,0x00,0x00,0x60,0x00,0x1C,0x00,0x03,0x00,0x1C,0x00,0x60,0x00,0x00,0x00,0x7F,0x00,0x00,0x00,0x00,0x00,0x00,0x00,0x00,0x00,
    0x00,0x00,0x00,0x00,0x00,0x00,0x00,0x00,0x09,0x00,0x12,0x00,0x24,0x00,0x48,0x00,0x24,0x00,0x12,0x00,0x09,0x00,0x00,0x00,0x00,0x00,0x00,0x00,0x00,0x00,
    0x00,0x00,0x00,0x00,0x00,0x00,0x00,0x00,0x48,0x00,0x24,0x00,0x12,0x00,0x09,0x00,0x12,0x00,0x24,0x00,0x48,0x00,0x00,0x00,0x00,0x00,0x00,0x00,0x00,0x00,
    0x00,0x00,0x00,0x00,0x00,0x00,0x00,0x00,0x3F,0x00,0x40,0x00,0x40,0x00,0x40,0x00,0x40,0x00,0x40,0x00,0x3F,0x00,0x00,0x00,0x00,0x00,0x00,0x00,0x00,0x00,
    0x00,0x00,0x00,0x00,0x00,0x00,0x00,0x00,0x7E,0x00,0x01,0x00,0x01,0x00,0x01,0x00,0x01,0x00,0x01,0x00,0x7E,0x00,0x00,0x00,0x00,0x00,0x00,0x00,0x00,0x00,
    0x00,0x00,0x00,0x00,0x02,0x00,0x02,0x00,0x3F,0x00,0x44,0x00,0x44,0x00,0x48,0x00,0x48,0x00,0x48,0x00,0x3F,0x00,0x10,0x00,0x10,0x00,0x00,0x00,0x00,0x00,
    0x00,0x00,0x00,0x00,0x02,0x00,0x02,0x00,0x7E,0x00,0x05,0x00,0x05,0x00,0x09,0x00,0x09,0x00,0x09,0x00,0x7E,0x00,0x10,0x00,0x10,0x00,0x00,0x00,0x00,0x00,
    0x00,0x00,0x00,0x00,0x00,0x00,0x00,0x00,0x3F,0x00,0x40,0x00,0x40,0x00,0x40,0x00,0x40,0x00,0x3F,0x00,0x00,0x00,0x7F,0x00,0x00,0x00,0x00,0x00,0x00,0x00,
    0x00,0x00,0x00,0x00,0x00,0x00,0x00,0x00,0x7E,0x00,0x01,0x00,0x01,0x00,0x01,0x00,0x01,0x00,0x7E,0x00,0x00,0x00,0x7F,0x00,0x00,0x00,0x00,0x00,0x00,0x00,
    0x00,0x00,0x00,0x00,0x04,0x00,0x04,0x00,0x3F,0x00,0x48,0x00,0x48,0x00,0x48,0x00,0x48,0x00,0x3F,0x00,0x10,0x00,0x7F,0x00,0x10,0x00,0x10,0x00,0x00,0x00,
    0x00,0x00,0x00,0x00,0x04,0x00,0x04,0x00,0x7E,0x00,0x09,0x00,0x09,0x00,0x09,0x00,0x09,0x00,0x7E,0x00,0x10,0x00,0x7F,0x00,0x10,0x00,0x10,0x00,0x00,0x00,
    0x00,0x00,0x00,0x00,0x00,0x00,0x00,0x00,0x3F,0x00,0x40,0x00,0x40,0x00,0x40,0x00,0x40,0x00,0x3F,0x00,0x08,0x00,0x7F,0x00,0x10,0x00,0x00,0x00,0x00,0x00,
    0x00,0x00,0x00,0x00,0x00,0x00,0x00,0x00,0x7E,0x00,0x01,0x00,0x01,0x00,0x01,0x00,0x01,0x00,0x7E,0x00,0x08,0x00,0x7F,0x00,0x10,0x00,0x00,0x00,0x00,0x00,
    0x00,0x00,0x00,0x00,0x00,0x00,0x00,0x00,0x1C,0x00,0x2A,0x00,0x49,0x00,0x7F,0x00,0x49,0x00,0x2A,0x00,0x1C,0x00,0x00,0x00,0x00,0x00,0x00,0x00,0x00,0x00,
    0x00,0x00,0x00,0x00,0x00,0x00,0x00,0x00,0x1C,0x00,0x22,0x00,0x55,0x00,0x49,0x00,0x55,0x00,0x22,0x00,0x1C,0x00,0x00,0x00,0x00,0x00,0x00,0x00,0x00,0x00,
    0x00,0x00,0x00,0x00,0x7F,0x00,0x08,0x00,0x08,0x00,0x08,0x00,0x08,0x00,0x08,0x00,0x08,0x00,0x08,0x00,0x08,0x00,0x08,0x00,0x00,0x00,0x00,0x00,0x00,0x00,
    0x00,0x00,0x00,0x00,0x08,0x00,0x08,0x00,0x08,0x00,0x08,0x00,0x08,0x00,0x08,0x00,0x08,0x00,0x08,0x00,0x08,0x00,0x7F,0x00,0x00,0x00,0x00,0x00,0x00,0x00,
    0x00,0x00,0x00,0x00,0x00,0x00,0x10,0x00,0x10,0x00,0x10,0x00,0x10,0x00,0x1E,0x00,0x10,0x00,0x10,0x00,0x10,0x00,0x10,0x00,0x00,0x00,0x00,0x00,0x00,0x00,
    0x00,0x00,0x00,0x00,0x00,0x00,0x10,0x00,0x10,0x00,0x10,0x00,0x1E,0x00,0x10,0x00,0x1E,0x00,0x10,0x00,0x10,0x00,0x10,0x00,0x00,0x00,0x00,0x00,0x00,0x00,
    0x00,0x00,0x08,0x00,0x08,0x00,0x08,0x00,0x14,0x00,0x14,0x00,0x14,0x00,0x22,0x00,0x22,0x00,0x22,0x00,0x41,0x00,0x41,0x00,0x41,0x00,0x00,0x00,0x00,0x00,
    0x00,0x00,0x41,0x00,0x41,0x00,0x41,0x00,0x22,0x00,0x22,0x00,0x22,0x00,0x14,0x00,0x14,0x00,0x14,0x00,0x08,0x00,0x08,0x00,0x08,0x00,0x00,0x00,0x00,0x00,
    0x00,0x00,0x1C,0x00,0x22,0x00,0x41,0x00,0x41,0x00,0x41,0x00,0x41,0x00,0x41,0x00,0x41,0x00,0x41,0x00,0x41,0x00,0x41,0x00,0x41,0x00,0x00,0x00,0x00,0x00,
    0x00,0x00,0x41,0x00,0x41,0x00,0x41,0x00,0x41,0x00,0x41,0x00,0x41,0x00,0x41,0x00,0x41,0x00,0x41,0x00,0x41,0x00,0x22,0x00,0x1C,0x00,0x00,0x00,0x00,0x00,
    0x00,0x00,0x00,0x00,0x00,0x00,0x00,0x00,0x00,0x00,0x00,0x00,0x08,0x00,0x1C,0x00,0x08,0x00,0x00,0x00,0x00,0x00,0x00,0x00,0x00,0x00,0x00,0x00,0x00,0x00,
    0x00,0x00,0x08,0x00,0x00,0x00,0x00,0x00,0x00,0x00,0x00,0x00,0x08,0x00,0x00,0x00,0x00,0x00,0x00,0x00,0x00,0x00,0x08,0x00,0x00,0x00,0x00,0x00,0x00,0x00,
    0x00,0x00,0x00,0x00,0x00,0x00,0x00,0x00,0x00,0x00,0x00,0x00,0x00,0x00,0x49,0x00,0x00,0x00,0x00,0x00,0x00,0x00,0x00,0x00,0x00,0x00,0x00,0x00,0x00,0x00,
    0x00,0x00,0x01,0x00,0x00,0x00,0x00,0x00,0x00,0x00,0x00,0x00,0x08,0x00,0x00,0x00,0x00,0x00,0x00,0x00,0x00,0x00,0x40,0x00,0x00,0x00,0x00,0x00,0x00,0x00,
    0x00,0x00,0x40,0x00,0x00,0x00,0x00,0x00,0x00,0x00,0x00,0x00,0x08,0x00,0x00,0x00,0x00,0x00,0x00,0x00,0x00,0x00,0x01,0x00,0x00,0x00,0x00,0x00,0x00,0x00,
    0x00,0x00,0x00,0x00,0x00,0x00,0x00,0x00,0x00,0x00,0x1D,0x00,0x22,0x00,0x45,0x00,0x49,0x00,0x51,0x00,0x22,0x00,0x5C,0x00,0x00,0x00,0x00,0x00,0x00,0x00,
    0x00,0x00,0x00,0x00,0x00,0x00,0x00,0x00,0x08,0x00,0x14,0x00,0x22,0x00,0x41,0x00,0x41,0x00,0x41,0x00,0x41,0x00,0x7F,0x00,0x00,0x00,0x00,0x00,0x00,0x00,
    0x00,0x00,0x1E,0x00,0x10,0x00,0x10,0x00,0x10,0x00,0x10,0x00,0x10,0x00,0x10,0x00,0x10,0x00,0x10,0x00,0x10,0x00,0x10,0x00,0x10,0x00,0x00,0x00,0x00,0x00,
    0x00,0x00,0x3C,0x00,0x04,0x00,0x04,0x00,0x04,0x00,0x04,0x00,0x04,0x00,0x04,0x00,0x04,0x00,0x04,0x00,0x04,0x00,0x04,0x00,0x04,0x00,0x00,0x00,0x00,0x00,
    0x00,0x00,0x10,0x00,0x10,0x00,0x10,0x00,0x10,0x00,0x10,0x00,0x10,0x00,0x10,0x00,0x10,0x00,0x10,0x00,0x10,0x00,0x10,0x00,0x1E,0x00,0x00,0x00,0x00,0x00,
    0x00,0x00,0x04,0x00,0x04,0x00,0x04,0x00,0x04,0x00,0x04,0x00,0x04,0x00,0x04,0x00,0x04,0x00,0x04,0x00,0x04,0x00,0x04,0x00,0x3C,0x00,0x00,0x00,0x00,0x00,
    0x00,0x00,0x00,0x00,0x00,0x00,0x00,0x00,0x00,0x00,0x00,0x00,0x7F,0x00,0x40,0x00,0x40,0x00,0x00,0x00,0x00,0x00,0x00,0x00,0x00,0x00,0x00,0x00,0x00,0x00,
    0x00,0x00,0x06,0x00,0x09,0x00,0x08,0x00,0x08,0x00,0x08,0x00,0x08,0x00,0x08,0x00,0x08,0x00,0x08,0x00,0x08,0x00,0x08,0x00,0x08,0x00,0x08,0x00,0x08,0x00,
    0x08,0x00,0x08,0x00,0x08,0x00,0x08,0x00,0x08,0x00,0x08,0x00,0x08,0x00,0x08,0x00,0x08,0x00,0x08,0x00,0x08,0x00,0x08,0x00,0x48,0x00,0x30,0x00,0x00,0x00,
    0xFF,0x80,0x00,0x00,0x00,0x00,0x00,0x00,0x00,0x00,0x00,0x00,0x00,0x00,0x00,0x00,0x00,0x00,0x00,0x00,0x00,0x00,0x00,0x00,0x00,0x00,0x00,0x00,0x00,0x00,
    0x00,0x00,0x00,0x00,0x00,0x00,0xFF,0x80,0x00,0x00,0x00,0x00,0x00,0x00,0x00,0x00,0x00,0x00,0x00,0x00,0x00,0x00,0x00,0x00,0x00,0x00,0x00,0x00,0x00,0x00,
    0x00,0x00,0x00,0x00,0x00,0x00,0x00,0x00,0x00,0x00,0x00,0x00,0x00,0x00,0x00,0x00,0x00,0x00,0x00,0x00,0x00,0x00,0xFF,0x80,0x00,0x00,0x00,0x00,0x00,0x00,
    0x00,0x00,0x00,0x00,0x00,0x00,0x00,0x00,0x00,0x00,0x00,0x00,0x00,0x00,0x00,0x00,0x00,0x00,0x00,0x00,0x00,0x00,0x00,0x00,0x00,0x00,0x00,0x00,0xFF,0x80,
    0x00,0x00,0x48,0x00,0x48,0x00,0x78,0x00,0x48,0x00,0x48,0x00,0x00,0x00,0x1F,0x00,0x04,0x00,0x04,0x00,0x04,0x00,0x04,0x00,0x00,0x00,0x00,0x00,0x00,0x00,
    0x00,0x00,0x40,0x00,0x40,0x00,0x40,0x00,0x40,0x00,0x78,0x00,0x00,0x00,0x0F,0x00,0x08,0x00,0x0E,0x00,0x08,0x00,0x08,0x00,0x00,0x00,0x00,0x00,0x00,0x00,
    0x00,0x00,0x44,0x00,0x44,0x00,0x28,0x00,0x28,0x00,0x10,0x00,0x00,0x00,0x1F,0x00,0x04,0x00,0x04,0x00,0x04,0x00,0x04,0x00,0x00,0x00,0x00,0x00,0x00,0x00,
    0x00,0x00,0x00,0x00,0x78,0x00,0x40,0x00,0x70,0x00,0x40,0x00,0x4F,0x00,0x48,0x00,0x0E,0x00,0x08,0x00,0x08,0x00,0x08,0x00,0x00,0x00,0x00,0x00,0x00,0x00,
    0x00,0x00,0x38,0x00,0x40,0x00,0x40,0x00,0x40,0x00,0x38,0x00,0x00,0x00,0x0E,0x00,0x09,0x00,0x0E,0x00,0x09,0x00,0x09,0x00,0x00,0x00,0x00,0x00,0x00,0x00,
    0x00,0x00,0x44,0x00,0x64,0x00,0x54,0x00,0x4C,0x00,0x44,0x00,0x00,0x00,0x08,0x00,0x08,0x00,0x08,0x00,0x08,0x00,0x0F,0x00,0x00,0x00,0x00,0x00,0x00,0x00,
    0x00,0x00,0x00,0x00,0x00,0x00,0x00,0x00,0x00,0x00,0x00,0x00,0x00,0x00,0xFF,0x80,0x00,0x00,0x00,0x00,0x00,0x00,0x00,0x00,0x00,0x00,0x00,0x00,0x00,0x00,
    0x00,0x00,0x00,0x00,0x00,0x00,0x00,0x00,0x00,0x00,0x00,0x00,0xFF,0x80,0xFF,0x80,0x00,0x00,0x00,0x00,0x00,0x00,0x00,0x00,0x00,0x00,0x00,0x00,0x00,0x00,
    0x08,0x00,0x08,0x00,0x08,0x00,0x08,0x00,0x08,0x00,0x08,0x00,0x08,0x00,0x08,0x00,0x08,0x00,0x08,0x00,0x08,0x00,0x08,0x00,0x08,0x00,0x08,0x00,0x08,0x00,
    0x0C,0x00,0x0C,0x00,0x0C,0x00,0x0C,0x00,0x0C,0x00,0x0C,0x00,0x0C,0x00,0x0C,0x00,0x0C,0x00,0x0C,0x00,0x0C,0x00,0x0C,0x00,0x0C,0x00,0x0C,0x00,0x0C,0x00,
    0x00,0x00,0x00,0x00,0x00,0x00,0x00,0x00,0x00,0x00,0x00,0x00,0x00,0x00,0xDB,0x00,0x00,0x00,0x00,0x00,0x00,0x00,0x00,0x00,0x00,0x00,0x00,0x00,0x00,0x00,
    0x00,0x00,0x00,0x00,0x00,0x00,0x00,0x00,0x00,0x00,0x00,0x00,0xDB,0x00,0xDB,0x00,0x00,0x00,0x00,0x00,0x00,0x00,0x00,0x00,0x00,0x00,0x00,0x00,0x00,0x00,
    0x08,0x00,0x08,0x00,0x08,0x00,0x00,0x00,0x00,0x00,0x08,0x00,0x08,0x00,0x08,0x00,0x08,0x00,0x00,0x00,0x00,0x00,0x08,0x00,0x08,0x00,0x08,0x00,0x00,0x00,
    0x0C,0x00,0x0C,0x00,0x0C,0x00,0x00,0x00,0x00,0x00,0x0C,0x00,0x0C,0x00,0x0C,0x00,0x0C,0x00,0x00,0x00,0x00,0x00,0x0C,0x00,0x0C,0x00,0x0C,0x00,0x00,0x00,
    0x00,0x00,0x00,0x00,0x00,0x00,0x00,0x00,0x00,0x00,0x00,0x00,0x00,0x00,0x55,0x00,0x00,0x00,0x00,0x00,0x00,0x00,0x00,0x00,0x00,0x00,0x00,0x00,0x00,0x00,
    0x00,0x00,0x00,0x00,0x00,0x00,0x00,0x00,0x00,0x00,0x00,0x00,0x55,0x00,0x55,0x00,0x00,0x00,0x00,0x00,0x00,0x00,0x00,0x00,0x00,0x00,0x00,0x00,0x00,0x00,
    0x08,0x00,0x08,0x00,0x08,0x00,0x00,0x00,0x08,0x00,0x08,0x00,0x08,0x00,0x00,0x00,0x08,0x00,0x08,0x00,0x08,0x00,0x00,0x00,0x08,0x00,0x08,0x00,0x08,0x00,
    0x0C,0x00,0x0C,0x00,0x0C,0x00,0x00,0x00,0x0C,0x00,0x0C,0x00,0x0C,0x00,0x00,0x00,0x0C,0x00,0x0C,0x00,0x0C,0x00,0x00,0x00,0x0C,0x00,0x0C,0x00,0x0C,0x00,
    0x00,0x00,0x00,0x00,0x00,0x00,0x00,0x00,0x00,0x00,0x00,0x00,0x00,0x00,0x0F,0x80,0x08,0x00,0x08,0x00,0x08,0x00,0x08,0x00,0x08,0x00,0x08,0x00,0x08,0x00,
    0x00,0x00,0x00,0x00,0x00,0x00,0x00,0x00,0x00,0x00,0x00,0x00,0x0F,0x80,0x0F,0x80,0x08,0x00,0x08,0x00,0x08,0x00,0x08,0x00,0x08,0x00,0x08,0x00,0x08,0x00,
    0x00,0x00,0x00,0x00,0x00,0x00,0x00,0x00,0x00,0x00,0x00,0x00,0x00,0x00,0x0F,0x80,0x0C,0x00,0x0C,0x00,0x0C,0x00,0x0C,0x00,0x0C,0x00,0x0C,0x00,0x0C,0x00,
    0x00,0x00,0x00,0x00,0x00,0x00,0x00,0x00,0x00,0x00,0x00,0x00,0x0F,0x80,0x0F,0x80,0x0C,0x00,0x0C,0x00,0x0C,0x00,0x0C,0x00,0x0C,0x00,0x0C,0x00,0x0C,0x00,
    0x00,0x00,0x00,0x00,0x00,0x00,0x00,0x00,0x00,0x00,0x00,0x00,0x00,0x00,0xF8,0x00,0x08,0x00,0x08,0x00,0x08,0x00,0x08,0x00,0x08,0x00,0x08,0x00,0x08,0x00,
    0x00,0x00,0x00,0x00,0x00,0x00,0x00,0x00,0x00,0x00,0x00,0x00,0xF8,0x00,0xF8,0x00,0x08,0x00,0x08,0x00,0x08,0x00,0x08,0x00,0x08,0x00,0x08,0x00,0x08,0x00,
    0x00,0x00,0x00,0x00,0x00,0x00,0x00,0x00,0x00,0x00,0x00,0x00,0x00,0x00,0xFC,0x00,0x0C,0x00,0x0C,0x00,0x0C,0x00,0x0C,0x00,0x0C,0x00,0x0C,0x00,0x0C,0x00,
    0x00,0x00,0x00,0x00,0x00,0x00,0x00,0x00,0x00,0x00,0x00,0x00,0xFC,0x00,0xFC,0x00,0x0C,0x00,0x0C,0x00,0x0C,0x00,0x0C,0x00,0x0C,0x00,0x0C,0x00,0x0C,0x00,
    0x08,0x00,0x08,0x00,0x08,0x00,0x08,0x00,0x08,0x00,0x08,0x00,0x08,0x00,0x0F,0x80,0x00,0x00,0x00,0x00,0x00,0x00,0x00,0x00,0x00,0x00,0x00,0x00,0x00,0x00,
    0x08,0x00,0x08,0x00,0x08,0x00,0x08,0x00,0x08,0x00,0x08,0x00,0x0F,0x80,0x0F,0x80,0x00,0x00,0x00,0x00,0x00,0x00,0x00,0x00,0x00,0x00,0x00,0x00,0x00,0x00,
    0x0C,0x00,0x0C,0x00,0x0C,0x00,0x0C,0x00,0x0C,0x00,0x0C,0x00,0x0C,0x00,0x0F,0x80,0x00,0x00,0x00,0x00,0x00,0x00,0x00,0x00,0x00,0x00,0x00,0x00,0x00,0x00,
    0x0C,0x00,0x0C,0x00,0x0C,0x00,0x0C,0x00,0x0C,0x00,0x0C,0x00,0x0F,0x80,0x0F,0x80,0x00,0x00,0x00,0x00,0x00,0x00,0x00,0x00,0x00,0x00,0x00,0x00,0x00,0x00,
    0x08,0x00,0x08,0x00,0x08,0x00,0x08,0x00,0x08,0x00,0x08,0x00,0x08,0x00,0xF8,0x00,0x00,0x00,0x00,0x00,0x00,0x00,0x00,0x00,0x00,0x00,0x00,0x00,0x00,0x00,
    0x08,0x00,0x08,0x00,0x08,0x00,0x08,0x00,0x08,0x00,0x08,0x00,0xF8,0x00,0xF8,0x00,0x00,0x00,0x00,0x00,0x00,0x00,0x00,0x00,0x00,0x00,0x00,0x00,0x00,0x00,
    0x0C,0x00,0x0C,0x00,0x0C,0x00,0x0C,0x00,0x0C,0x00,0x0C,0x00,0x0C,0x00,0xFC,0x00,0x00,0x00,0x00,0x00,0x00,0x00,0x00,0x00,0x00,0x00,0x00,0x00,0x00,0x00,
    0x0C,0x00,0x0C,0x00,0x0C,0x00,0x0C,0x00,0x0C,0x00,0x0C,0x00,0xFC,0x00,0xFC,0x00,0x00,0x00,0x00,0x00,0x00,0x00,0x00,0x00,0x00,0x00,0x00,0x00,0x00,0x00,
    0x08,0x00,0x08,0x00,0x08,0x00,0x08,0x00,0x08,0x00,0x08,0x00,0x08,0x00,0x0F,0x80,0x08,0x00,0x08,0x00,0x08,0x00,0x08,0x00,0x08,0x00,0x08,0x00,0x08,0x00,
    0x08,0x00,0x08,0x00,0x08,0x00,0x08,0x00,0x08,0x00,0x08,0x00,0x0F,0x80,0x0F,0x80,0x08,0x00,0x08,0x00,0x08,0x00,0x08,0x00,0x08,0x00,0x08,0x00,0x08,0x00,
    0x0C,0x00,0x0C,0x00,0x0C,0x00,0x0C,0x00,0x0C,0x00,0x0C,0x00,0x0C,0x00,0x0F,0x80,0x08,0x00,0x08,0x00,0x08,0x00,0x08,0x00,0x08,0x00,0x08,0x00,0x08,0x00,
    0x08,0x00,0x08,0x00,0x08,0x00,0x08,0x00,0x08,0x00,0x08,0x00,0x08,0x00,0x0F,0x80,0x0C,0x00,0x0C,0x00,0x0C,0x00,0x0C,0x00,0x0C,0x00,0x0C,0x00,0x0C,0x00,
    0x0C,0x00,0x0C,0x00,0x0C,0x00,0x0C,0x00,0x0C,0x00,0x0C,0x00,0x0C,0x00,0x0F,0x80,0x0C,0x00,0x0C,0x00,0x0C,0x00,0x0C,0x00,0x0C,0x00,0x0C,0x00,0x0C,0x00,
    0x0C,0x00,0x0C,0x00,0x0C,0x00,0x0C,0x00,0x0C,0x00,0x0C,0x00,0x0F,0x80,0x0F,0x80,0x08,0x00,0x08,0x00,0x08,0x00,0x08,0x00,0x08,0x00,0x08,0x00,0x08,0x00,
    0x08,0x00,0x08,0x00,0x08,0x00,0x08,0x00,0x08,0x00,0x08,0x00,0x0F,0x80,0x0F,0x80,0x0C,0x00,0x0C,0x00,0x0C,0x00,0x0C,0x00,0x0C,0x00,0x0C,0x00,0x0C,0x00,
    0x0C,0x00,0x0C,0x00,0x0C,0x00,0x0C,0x00,0x0C,0x00,0x0C,0x00,0x0F,0x80,0x0F,0x80,0x0C,0x00,0x0C,0x00,0x0C,0x00,0x0C,0x00,0x0C,0x00,0x0C,0x00,0x0C,0x00,
    0x08,0x00,0x08,0x00,0x08,0x00,0x08,0x00,0x08,0x00,0x08,0x00,0x08,0x00,0xF8,0x00,0x08,0x00,0x08,0x00,0x08,0x00,0x08,0x00,0x08,0x00,0x08,0x00,0x08,0x00,
    0x08,0x00,0x08,0x00,0x08,0x00,0x08,0x00,0x08,0x00,0x08,0x00,0xF8,0x00,0xF8,0x00,0x08,0x00,0x08,0x00,0x08,0x00,0x08,0x00,0x08,0x00,0x08,0x00,0x08,0x00,
    0x0C,0x00,0x0C,0x00,0x0C,0x00,0x0C,0x00,0x0C,0x00,0x0C,0x00,0x0C,0x00,0xFC,0x00,0x08,0x00,0x08,0x00,0x08,0x00,0x08,0x00,0x08,0x00,0x08,0x00,0x08,0x00,
    0x08,0x00,0x08,0x00,0x08,0x00,0x08,0x00,0x08,0x00,0x08,0x00,0x08,0x00,0xFC,0x00,0x0C,0x00,0x0C,0x00,0x0C,0x00,0x0C,0x00,0x0C,0x00,0x0C,0x00,0x0C,0x00,
    0x0C,0x00,0x0C,0x00,0x0C,0x00,0x0C,0x00,0x0C,0x00,0x0C,0x00,0x0C,0x00,0xFC,0x00,0x0C,0x00,0x0C,0x00,0x0C,0x00,0x0C,0x00,0x0C,0x00,0x0C,0x00,0x0C,0x00,
    0x0C,0x00,0x0C,0x00,0x0C,0x00,0x0C,0x00,0x0C,0x00,0x0C,0x00,0xFC,0x00,0xFC,0x00,0x04,0x00,0x04,0x00,0x04,0x00,0x04,0x00,0x04,0x00,0x04,0x00,0x04,0x00,
    0x04,0x00,0x04,0x00,0x04,0x00,0x04,0x00,0x04,0x00,0x04,0x00,0xFC,0x00,0xFC,0x00,0x0C,0x00,0x0C,0x00,0x0C,0x00,0x0C,0x00,0x0C,0x00,0x0C,0x00,0x0C,0x00,
    0x0C,0x00,0x0C,0x00,0x0C,0x00,0x0C,0x00,0x0C,0x00,0x0C,0x00,0xFC,0x00,0xFC,0x00,0x0C,0x00,0x0C,0x00,0x0C,0x00,0x0C,0x00,0x0C,0x00,0x0C,0x00,0x0C,0x00,
    0x00,0x00,0x00,0x00,0x00,0x00,0x00,0x00,0x00,0x00,0x00,0x00,0x00,0x00,0xFF,0x80,0x08,0x00,0x08,0x00,0x08,0x00,0x08,0x00,0x08,0x00,0x08,0x00,0x08,0x00,
    0x00,0x00,0x00,0x00,0x00,0x00,0x00,0x00,0x00,0x00,0x00,0x00,0xF8,0x00,0xFF,0x80,0x08,0x00,0x08,0x00,0x08,0x00,0x08,0x00,0x08,0x00,0x08,0x00,0x08,0x00,
    0x00,0x00,0x00,0x00,0x00,0x00,0x00,0x00,0x00,0x00,0x00,0x00,0x0F,0x80,0xFF,0x80,0x08,0x00,0x08,0x00,0x08,0x00,0x08,0x00,0x08,0x00,0x08,0x00,0x08,0x00,
    0x00,0x00,0x00,0x00,0x00,0x00,0x00,0x00,0x00,0x00,0x00,0x00,0xFF,0x80,0xFF,0x80,0x08,0x00,0x08,0x00,0x08,0x00,0x08,0x00,0x08,0x00,0x08,0x00,0x08,0x00,
    0x00,0x00,0x00,0x00,0x00,0x00,0x00,0x00,0x00,0x00,0x00,0x00,0x00,0x00,0xFF,0x80,0x0C,0x00,0x0C,0x00,0x0C,0x00,0x0C,0x00,0x0C,0x00,0x0C,0x00,0x0C,0x00,
    0x00,0x00,0x00,0x00,0x00,0x00,0x00,0x00,0x00,0x00,0x00,0x00,0xFC,0x00,0xFF,0x80,0x0C,0x00,0x0C,0x00,0x0C,0x00,0x0C,0x00,0x0C,0x00,0x0C,0x00,0x0C,0x00,
    0x00,0x00,0x00,0x00,0x00,0x00,0x00,0x00,0x00,0x00,0x00,0x00,0x0F,0x80,0xFF,0x80,0x0C,0x00,0x0C,0x00,0x0C,0x00,0x0C,0x00,0x0C,0x00,0x0C,0x00,0x0C,0x00,
    0x00,0x00,0x00,0x00,0x00,0x00,0x00,0x00,0x00,0x00,0x00,0x00,0xFF,0x80,0xFF,0x80,0x0C,0x00,0x0C,0x00,0x0C,0x00,0x0C,0x00,0x0C,0x00,0x0C,0x00,0x0C,0x00,
    0x08,0x00,0x08,0x00,0x08,0x00,0x08,0x00,0x08,0x00,0x08,0x00,0x08,0x00,0xFF,0x80,0x00,0x00,0x00,0x00,0x00,0x00,0x00,0x00,0x00,0x00,0x00,0x00,0x00,0x00,
    0x08,0x00,0x08,0x00,0x08,0x00,0x08,0x00,0x08,0x00,0x08,0x00,0xF8,0x00,0xFF,0x80,0x00,0x00,0x00,0x00,0x00,0x00,0x00,0x00,0x00,0x00,0x00,0x00,0x00,0x00,
    0x08,0x00,0x08,0x00,0x08,0x00,0x08,0x00,0x08,0x00,0x08,0x00,0x0F,0x80,0xFF,0x80,0x00,0x00,0x00,0x00,0x00,0x00,0x00,0x00,0x00,0x00,0x00,0x00,0x00,0x00,
    0x08,0x00,0x08,0x00,0x08,0x00,0x08,0x00,0x08,0x00,0x08,0x00,0xFF,0x80,0xFF,0x80,0x00,0x00,0x00,0x00,0x00,0x00,0x00,0x00,0x00,0x00,0x00,0x00,0x00,0x00,
    0x0C,0x00,0x0C,0x00,0x0C,0x00,0x0C,0x00,0x0C,0x00,0x0C,0x00,0x0C,0x00,0xFF,0x80,0x00,0x00,0x00,0x00,0x00,0x00,0x00,0x00,0x00,0x00,0x00,0x00,0x00,0x00,
    0x0C,0x00,0x0C,0x00,0x0C,0x00,0x0C,0x00,0x0C,0x00,0x0C,0x00,0xFC,0x00,0xFF,0x80,0x00,0x00,0x00,0x00,0x00,0x00,0x00,0x00,0x00,0x00,0x00,0x00,0x00,0x00,
    0x0C,0x00,0x0C,0x00,0x0C,0x00,0x0C,0x00,0x0C,0x00,0x0C,0x00,0x0F,0x80,0xFF,0x80,0x00,0x00,0x00,0x00,0x00,0x00,0x00,0x00,0x00,0x00,0x00,0x00,0x00,0x00,
    0x0C,0x00,0x0C,0x00,0x0C,0x00,0x0C,0x00,0x0C,0x00,0x0C,0x00,0xFF,0x80,0xFF,0x80,0x00,0x00,0x00,0x00,0x00,0x00,0x00,0x00,0x00,0x00,0x00,0x00,0x00,0x00,
    0x08,0x00,0x08,0x00,0x08,0x00,0x08,0x00,0x08,0x00,0x08,0x00,0x08,0x00,0xFF,0x80,0x08,0x00,0x08,0x00,0x08,0x00,0x08,0x00,0x08,0x00,0x08,0x00,0x08,0x00,
    0x08,0x00,0x08,0x00,0x08,0x00,0x08,0x00,0x08,0x00,0x08,0x00,0xF8,0x00,0xFF,0x80,0x08,0x00,0x08,0x00,0x08,0x00,0x08,0x00,0x08,0x00,0x08,0x00,0x08,0x00,
    0x08,0x00,0x08,0x00,0x08,0x00,0x08,0x00,0x08,0x00,0x08,0x00,0x0F,0x80,0xFF,0x80,0x08,0x00,0x08,0x00,0x08,0x00,0x08,0x00,0x08,0x00,0x08,0x00,0x08,0x00,
    0x08,0x00,0x08,0x00,0x08,0x00,0x08,0x00,0x08,0x00,0x08,0x00,0xFF,0x80,0xFF,0x80,0x08,0x00,0x08,0x00,0x08,0x00,0x08,0x00,0x08,0x00,0x08,0x00,0x08,0x00,
    0x0C,0x00,0x0C,0x00,0x0C,0x00,0x0C,0x00,0x0C,0x00,0x0C,0x00,0x0C,0x00,0xFF,0x80,0x08,0x00,0x08,0x00,0x08,0x00,0x08,0x00,0x08,0x00,0x08,0x00,0x08,0x00,
    0x08,0x00,0x08,0x00,0x08,0x00,0x08,0x00,0x08,0x00,0x08,0x00,0x08,0x00,0xFF,0x80,0x0C,0x00,0x0C,0x00,0x0C,0x00,0x0C,0x00,0x0C,0x00,0x0C,0x00,0x0C,0x00,
    0x0C,0x00,0x0C,0x00,0x0C,0x00,0x0C,0x00,0x0C,0x00,0x0C,0x00,0x0C,0x00,0xFF,0x80,0x0C,0x00,0x0C,0x00,0x0C,0x00,0x0C,0x00,0x0C,0x00,0x0C,0x00,0x0C,0x00,
    0x0C,0x00,0x0C,0x00,0x0C,0x00,0x0C,0x00,0x0C,0x00,0x0C,0x00,0xFC,0x00,0xFF,0x80,0x08,0x00,0x08,0x00,0x08,0x00,0x08,0x00,0x08,0x00,0x08,0x00,0x08,0x00,
    0x0C,0x00,0x0C,0x00,0x0C,0x00,0x0C,0x00,0x0C,0x00,0x0C,0x00,0x0F,0x80,0xFF,0x80,0x08,0x00,0x08,0x00,0x08,0x00,0x08,0x00,0x08,0x00,0x08,0x00,0x08,0x00,
    0x08,0x00,0x08,0x00,0x08,0x00,0x08,0x00,0x08,0x00,0x08,0x00,0xFC,0x00,0xFF,0x80,0x0C,0x00,0x0C,0x00,0x0C,0x00,0x0C,0x00,0x0C,0x00,0x0C,0x00,0x0C,0x00,
    0x08,0x00,0x08,0x00,0x08,0x00,0x08,0x00,0x08,0x00,0x08,0x00,0x0F,0x80,0xFF,0x80,0x0C,0x00,0x0C,0x00,0x0C,0x00,0x0C,0x00,0x0C,0x00,0x0C,0x00,0x0C,0x00,
    0x0C,0x00,0x0C,0x00,0x0C,0x00,0x0C,0x00,0x0C,0x00,0x0C,0x00,0xFF,0x80,0xFF,0x80,0x08,0x00,0x08,0x00,0x08,0x00,0x08,0x00,0x08,0x00,0x08,0x00,0x08,0x00,
    0x08,0x00,0x08,0x00,0x08,0x00,0x08,0x00,0x08,0x00,0x08,0x00,0xFF,0x80,0xFF,0x80,0x0C,0x00,0x0C,0x00,0x0C,0x00,0x0C,0x00,0x0C,0x00,0x0C,0x00,0x0C,0x00,
    0x0C,0x00,0x0C,0x00,0x0C,0x00,0x0C,0x00,0x0C,0x00,0x0C,0x00,0xFC,0x00,0xFF,0x80,0x0C,0x00,0x0C,0x00,0x0C,0x00,0x0C,0x00,0x0C,0x00,0x0C,0x00,0x0C,0x00,
    0x0C,0x00,0x0C,0x00,0x0C,0x00,0x0C,0x00,0x0C,0x00,0x0C,0x00,0x0F,0x80,0xFF,0x80,0x0C,0x00,0x0C,0x00,0x0C,0x00,0x0C,0x00,0x0C,0x00,0x0C,0x00,0x0C,0x00,
    0x0C,0x00,0x0C,0x00,0x0C,0x00,0x0C,0x00,0x0C,0x00,0x0C,0x00,0xFF,0x80,0xFF,0x80,0x0C,0x00,0x0C,0x00,0x0C,0x00,0x0C,0x00,0x0C,0x00,0x0C,0x00,0x0C,0x00,
    0x00,0x00,0x00,0x00,0x00,0x00,0x00,0x00,0x00,0x00,0x00,0x00,0x00,0x00,0x77,0x00,0x00,0x00,0x00,0x00,0x00,0x00,0x00,0x00,0x00,0x00,0x00,0x00,0x00,0x00,
    0x00,0x00,0x00,0x00,0x00,0x00,0x00,0x00,0x00,0x00,0x00,0x00,0x77,0x00,0x77,0x00,0x00,0x00,0x00,0x00,0x00,0x00,0x00,0x00,0x00,0x00,0x00,0x00,0x00,0x00,
    0x00,0x00,0x08,0x00,0x08,0x00,0x08,0x00,0x08,0x00,0x08,0x00,0x00,0x00,0x00,0x00,0x08,0x00,0x08,0x00,0x08,0x00,0x08,0x00,0x08,0x00,0x00,0x00,0x00,0x00,
    0x00,0x00,0x0C,0x00,0x0C,0x00,0x0C,0x00,0x0C,0x00,0x0C,0x00,0x00,0x00,0x00,0x00,0x0C,0x00,0x0C,0x00,0x0C,0x00,0x0C,0x00,0x0C,0x00,0x00,0x00,0x00,0x00,
    0x00,0x00,0x00,0x00,0x00,0x00,0x00,0x00,0x00,0x00,0x00,0x00,0xFF,0x80,0x00,0x00,0xFF,0x80,0x00,0x00,0x00,0x00,0x00,0x00,0x00,0x00,0x00,0x00,0x00,0x00,
    0x14,0x00,0x14,0x00,0x14,0x00,0x14,0x00,0x14,0x00,0x14,0x00,0x14,0x00,0x14,0x00,0x14,0x00,0x14,0x00,0x14,0x00,0x14,0x00,0x14,0x00,0x14,0x00,0x14,0x00,
    0x00,0x00,0x00,0x00,0x00,0x00,0x00,0x00,0x00,0x00,0x00,0x00,0x0F,0x80,0x08,0x00,0x0F,0x80,0x08,0x00,0x08,0x00,0x08,0x00,0x08,0x00,0x08,0x00,0x08,0x00,
    0x00,0x00,0x00,0x00,0x00,0x00,0x00,0x00,0x00,0x00,0x00,0x00,0x00,0x00,0x1F,0x80,0x14,0x00,0x14,0x00,0x14,0x00,0x14,0x00,0x14,0x00,0x14,0x00,0x14,0x00,
    0x00,0x00,0x00,0x00,0x00,0x00,0x00,0x00,0x00,0x00,0x00,0x00,0x1F,0x80,0x10,0x00,0x17,0x80,0x14,0x00,0x14,0x00,0x14,0x00,0x14,0x00,0x14,0x00,0x14,0x00,
    0x00,0x00,0x00,0x00,0x00,0x00,0x00,0x00,0x00,0x00,0x00,0x00,0xF8,0x00,0x08,0x00,0xF8,0x00,0x08,0x00,0x08,0x00,0x08,0x00,0x08,0x00,0x08,0x00,0x08,0x00,
    0x00,0x00,0x00,0x00,0x00,0x00,0x00,0x00,0x00,0x00,0x00,0x00,0x00,0x00,0xFC,0x00,0x14,0x00,0x14,0x00,0x14,0x00,0x14,0x00,0x14,0x00,0x14,0x00,0x14,0x00,
    0x00,0x00,0x00,0x00,0x00,0x00,0x00,0x00,0x00,0x00,0x00,0x00,0xFC,0x00,0x04,0x00,0xF4,0x00,0x14,0x00,0x14,0x00,0x14,0x00,0x14,0x00,0x14,0x00,0x14,0x00,
    0x08,0x00,0x08,0x00,0x08,0x00,0x08,0x00,0x08,0x00,0x08,0x00,0x0F,0x80,0x08,0x00,0x0F,0x80,0x00,0x00,0x00,0x00,0x00,0x00,0x00,0x00,0x00,0x00,0x00,0x00,
    0x14,0x00,0x14,0x00,0x14,0x00,0x14,0x00,0x14,0x00,0x14,0x00,0x14,0x00,0x1F,0x80,0x00,0x00,0x00,0x00,0x00,0x00,0x00,0x00,0x00,0x00,0x00,0x00,0x00,0x00,
    0x14,0x00,0x14,0x00,0x14,0x00,0x14,0x00,0x14,0x00,0x14,0x00,0x17,0x80,0x10,0x00,0x1F,0x80,0x00,0x00,0x00,0x00,0x00,0x00,0x00,0x00,0x00,0x00,0x00,0x00,
    0x08,0x00,0x08,0x00,0x08,0x00,0x08,0x00,0x08,0x00,0x08,0x00,0xF8,0x00,0x08,0x00,0xF8,0x00,0x00,0x00,0x00,0x00,0x00,0x00,0x00,0x00,0x00,0x00,0x00,0x00,
    0x14,0x00,0x14,0x00,0x14,0x00,0x14,0x00,0x14,0x00,0x14,0x00,0x14,0x00,0xFC,0x00,0x00,0x00,0x00,0x00,0x00,0x00,0x00,0x00,0x00,0x00,0x00,0x00,0x00,0x00,
    0x14,0x00,0x14,0x00,0x14,0x00,0x14,0x00,0x14,0x00,0x14,0x00,0xF4,0x00,0x04,0x00,0xFC,0x00,0x00,0x00,0x00,0x00,0x00,0x00,0x00,0x00,0x00,0x00,0x00,0x00,
    0x08,0x00,0x08,0x00,0x08,0x00,0x08,0x00,0x08,0x00,0x08,0x00,0x0F,0x80,0x08,0x00,0x0F,0x80,0x08,0x00,0x08,0x00,0x08,0x00,0x08,0x00,0x08,0x00,0x08,0x00,
    0x14,0x00,0x14,0x00,0x14,0x00,0x14,0x00,0x14,0x00,0x14,0x00,0x14,0x00,0x17,0x80,0x14,0x00,0x14,0x00,0x14,0x00,0x14,0x00,0x14,0x00,0x14,0x00,0x14,0x00,
    0x14,0x00,0x14,0x00,0x14,0x00,0x14,0x00,0x14,0x00,0x14,0x00,0x17,0x80,0x10,0x00,0x17,0x80,0x14,0x00,0x14,0x00,0x14,0x00,0x14,0x00,0x14,0x00,0x14,0x00,
    0x08,0x00,0x08,0x00,0x08,0x00,0x08,0x00,0x08,0x00,0x08,0x00,0xF8,0x00,0x08,0x00,0xF8,0x00,0x08,0x00,0x08,0x00,0x08,0x00,0x08,0x00,0x08,0x00,0x08,0x00,
    0x14,0x00,0x14,0x00,0x14,0x00,0x14,0x00,0x14,0x00,0x14,0x00,0x14,0x00,0xF4,0x00,0x14,0x00,0x14,0x00,0x14,0x00,0x14,0x00,0x14,0x00,0x14,0x00,0x14,0x00,
    0x14,0x00,0x14,0x00,0x14,0x00,0x14,0x00,0x14,0x00,0x14,0x00,0xF4,0x00,0x04,0x00,0xF4,0x00,0x14,0x00,0x14,0x00,0x14,0x00,0x14,0x00,0x14,0x00,0x14,0x00,
    0x00,0x00,0x00,0x00,0x00,0x00,0x00,0x00,0x00,0x00,0x00,0x00,0xFF,0x80,0x00,0x00,0xFF,0x80,0x08,0x00,0x08,0x00,0x08,0x00,0x08,0x00,0x08,0x00,0x08,0x00,
    0x00,0x00,0x00,0x00,0x00,0x00,0x00,0x00,0x00,0x00,0x00,0x00,0x00,0x00,0xFF,0x80,0x14,0x00,0x14,0x00,0x14,0x00,0x14,0x00,0x14,0x00,0x14,0x00,0x14,0x00,
    0x00,0x00,0x00,0x00,0x00,0x00,0x00,0x00,0x00,0x00,0x00,0x00,0xFF,0x80,0x00,0x00,0xF7,0x80,0x14,0x00,0x14,0x00,0x14,0x00,0x14,0x00,0x14,0x00,0x14,0x00,
    0x08,0x00,0x08,0x00,0x08,0x00,0x08,0x00,0x08,0x00,0x08,0x00,0xFF,0x80,0x00,0x00,0xFF,0x80,0x00,0x00,0x00,0x00,0x00,0x00,0x00,0x00,0x00,0x00,0x00,0x00,
    0x14,0x00,0x14,0x00,0x14,0x00,0x14,0x00,0x14,0x00,0x14,0x00,0x14,0x00,0xFF,0x80,0x00,0x00,0x00,0x00,0x00,0x00,0x00,0x00,0x00,0x00,0x00,0x00,0x00,0x00,
    0x14,0x00,0x14,0x00,0x14,0x00,0x14,0x00,0x14,0x00,0x14,0x00,0xF7,0x80,0x00,0x00,0xFF,0x80,0x00,0x00,0x00,0x00,0x00,0x00,0x00,0x00,0x00,0x00,0x00,0x00,
    0x08,0x00,0x08,0x00,0x08,0x00,0x08,0x00,0x08,0x00,0x08,0x00,0xFF,0x80,0x08,0x00,0xFF,0x80,0x08,0x00,0x08,0x00,0x08,0x00,0x08,0x00,0x08,0x00,0x08,0x00,
    0x14,0x00,0x14,0x00,0x14,0x00,0x14,0x00,0x14,0x00,0x14,0x00,0x14,0x00,0xFF,0x80,0x14,0x00,0x14,0x00,0x14,0x00,0x14,0x00,0x14,0x00,0x14,0x00,0x14,0x00,
    0x14,0x00,0x14,0x00,0x14,0x00,0x14,0x00,0x14,0x00,0x14,0x00,0xF7,0x80,0x00,0x00,0xF7,0x80,0x14,0x00,0x14,0x00,0x14,0x00,0x14,0x00,0x14,0x00,0x14,0x00,
    0x00,0x00,0x00,0x00,0x00,0x00,0x00,0x00,0x00,0x00,0x00,0x00,0x00,0x00,0x03,0x80,0x04,0x00,0x08,0x00,0x08,0x00,0x08,0x00,0x08,0x00,0x08,0x00,0x08,0x00,
    0x00,0x00,0x00,0x00,0x00,0x00,0x00,0x00,0x00,0x00,0x00,0x00,0x00,0x00,0xE0,0x00,0x10,0x00,0x08,0x00,0x08,0x00,0x08,0x00,0x08,0x00,0x08,0x00,0x08,0x00,
    0x08,0x00,0x08,0x00,0x08,0x00,0x08,0x00,0x08,0x00,0x08,0x00,0x10,0x00,0xE0,0x00,0x00,0x00,0x00,0x00,0x00,0x00,0x00,0x00,0x00,0x00,0x00,0x00,0x00,0x00,
    0x08,0x00,0x08,0x00,0x08,0x00,0x08,0x00,0x08,0x00,0x08,0x00,0x04,0x00,0x03,0x80,0x00,0x00,0x00,0x00,0x00,0x00,0x00,0x00,0x00,0x00,0x00,0x00,0x00,0x00,
    0x00,0x80,0x00,0x80,0x01,0x00,0x02,0x00,0x02,0x00,0x04,0x00,0x04,0x00,0x08,0x00,0x10,0x00,0x10,0x00,0x20,0x00,0x20,0x00,0x40,0x00,0x80,0x00,0x80,0x00,
    0x80,0x00,0x80,0x00,0x40,0x00,0x20,0x00,0x20,0x00,0x10,0x00,0x10,0x00,0x08,0x00,0x04,0x00,0x04,0x00,0x02,0x00,0x02,0x00,0x01,0x00,0x00,0x80,0x00,0x80,
    0x80,0x80,0x80,0x80,0x41,0x00,0x22,0x00,0x22,0x00,0x14,0x00,0x14,0x00,0x08,0x00,0x14,0x00,0x14,0x00,0x22,0x00,0x22,0x00,0x41,0x00,0x80,0x80,0x80,0x80,
    0x00,0x00,0x00,0x00,0x00,0x00,0x00,0x00,0x00,0x00,0x00,0x00,0x00,0x00,0xF8,0x00,0x00,0x00,0x00,0x00,0x00,0x00,0x00,0x00,0x00,0x00,0x00,0x00,0x00,0x00,
    0x08,0x00,0x08,0x00,0x08,0x00,0x08,0x00,0x08,0x00,0x08,0x00,0x08,0x00,0x08,0x00,0x00,0x00,0x00,0x00,0x00,0x00,0x00,0x00,0x00,0x00,0x00,0x00,0x00,0x00,
    0x00,0x00,0x00,0x00,0x00,0x00,0x00,0x00,0x00,0x00,0x00,0x00,0x00,0x00,0x0F,0x80,0x00,0x00,0x00,0x00,0x00,0x00,0x00,0x00,0x00,0x00,0x00,0x00,0x00,0x00,
    0x00,0x00,0x00,0x00,0x00,0x00,0x00,0x00,0x00,0x00,0x00,0x00,0x00,0x00,0x08,0x00,0x08,0x00,0x08,0x00,0x08,0x00,0x08,0x00,0x08,0x00,0x08,0x00,0x08,0x00,
    0x00,0x00,0x00,0x00,0x00,0x00,0x00,0x00,0x00,0x00,0x00,0x00,0xFC,0x00,0xFC,0x00,0x00,0x00,0x00,0x00,0x00,0x00,0x00,0x00,0x00,0x00,0x00,0x00,0x00,0x00,
    0x0C,0x00,0x0C,0x00,0x0C,0x00,0x0C,0x00,0x0C,0x00,0x0C,0x00,0x0C,0x00,0x0C,0x00,0x00,0x00,0x00,0x00,0x00,0x00,0x00,0x00,0x00,0x00,0x00,0x00,0x00,0x00,
    0x00,0x00,0x00,0x00,0x00,0x00,0x00,0x00,0x00,0x00,0x00,0x00,0x0F,0x80,0x0F,0x80,0x00,0x00,0x00,0x00,0x00,0x00,0x00,0x00,0x00,0x00,0x00,0x00,0x00,0x00,
    0x00,0x00,0x00,0x00,0x00,0x00,0x00,0x00,0x00,0x00,0x00,0x00,0x0C,0x00,0x0C,0x00,0x0C,0x00,0x0C,0x00,0x0C,0x00,0x0C,0x00,0x0C,0x00,0x0C,0x00,0x0C,0x00,
    0x00,0x00,0x00,0x00,0x00,0x00,0x00,0x00,0x00,0x00,0x00,0x00,0x0F,0x80,0xFF,0x80,0x00,0x00,0x00,0x00,0x00,0x00,0x00,0x00,0x00,0x00,0x00,0x00,0x00,0x00,
    0x08,0x00,0x08,0x00,0x08,0x00,0x08,0x00,0x08,0x00,0x08,0x00,0x0C,0x00,0x0C,0x00,0x0C,0x00,0x0C,0x00,0x0C,0x00,0x0C,0x00,0x0C,0x00,0x0C,0x00,0x0C,0x00,
    0x00,0x00,0x00,0x00,0x00,0x00,0x00,0x00,0x00,0x00,0x00,0x00,0xF8,0x00,0xFF,0x80,0x00,0x00,0x00,0x00,0x00,0x00,0x00,0x00,0x00,0x00,0x00,0x00,0x00,0x00,
    0x0C,0x00,0x0C,0x00,0x0C,0x00,0x0C,0x00,0x0C,0x00,0x0C,0x00,0x0C,0x00,0x0C,0x00,0x08,0x00,0x08,0x00,0x08,0x00,0x08,0x00,0x08,0x00,0x08,0x00,0x08,0x00,
    0xFF,0x80,0xFF,0x80,0xFF,0x80,0xFF,0x80,0xFF,0x80,0xFF,0x80,0xFF,0x80,0x00,0x00,0x00,0x00,0x00,0x00,0x00,0x00,0x00,0x00,0x00,0x00,0x00,0x00,0x00,0x00,
    0x00,0x00,0x00,0x00,0x00,0x00,0x00,0x00,0x00,0x00,0x00,0x00,0x00,0x00,0x00,0x00,0x00,0x00,0x00,0x00,0x00,0x00,0x00,0x00,0x00,0x00,0xFF,0x80,0xFF,0x80,
    0x00,0x00,0x00,0x00,0x00,0x00,0x00,0x00,0x00,0x00,0x00,0x00,0x00,0x00,0x00,0x00,0x00,0x00,0x00,0x00,0x00,0x00,0xFF,0x80,0xFF,0x80,0xFF,0x80,0xFF,0x80,
    0x00,0x00,0x00,0x00,0x00,0x00,0x00,0x00,0x00,0x00,0x00,0x00,0x00,0x00,0x00,0x00,0x00,0x00,0xFF,0x80,0xFF,0x80,0xFF,0x80,0xFF,0x80,0xFF,0x80,0xFF,0x80,
    0x00,0x00,0x00,0x00,0x00,0x00,0x00,0x00,0x00,0x00,0x00,0x00,0x00,0x00,0xFF,0x80,0xFF,0x80,0xFF,0x80,0xFF,0x80,0xFF,0x80,0xFF,0x80,0xFF,0x80,0xFF,0x80,
    0x00,0x00,0x00,0x00,0x00,0x00,0x00,0x00,0x00,0x00,0x00,0x00,0xFF,0x80,0xFF,0x80,0xFF,0x80,0xFF,0x80,0xFF,0x80,0xFF,0x80,0xFF,0x80,0xFF,0x80,0xFF,0x80,
    0x00,0x00,0x00,0x00,0x00,0x00,0x00,0x00,0xFF,0x80,0xFF,0x80,0xFF,0x80,0xFF,0x80,0xFF,0x80,0xFF,0x80,0xFF,0x80,0xFF,0x80,0xFF,0x80,0xFF,0x80,0xFF,0x80,
    0x00,0x00,0x00,0x00,0xFF,0x80,0xFF,0x80,0xFF,0x80,0xFF,0x80,0xFF,0x80,0xFF,0x80,0xFF,0x80,0xFF,0x80,0xFF,0x80,0xFF,0x80,0xFF,0x80,0xFF,0x80,0xFF,0x80,
    0xFF,0x80,0xFF,0x80,0xFF,0x80,0xFF,0x80,0xFF,0x80,0xFF,0x80,0xFF,0x80,0xFF,0x80,0xFF,0x80,0xFF,0x80,0xFF,0x80,0xFF,0x80,0xFF,0x80,0xFF,0x80,0xFF,0x80,
    0xFF,0x00,0xFF,0x00,0xFF,0x00,0xFF,0x00,0xFF,0x00,0xFF,0x00,0xFF,0x00,0xFF,0x00,0xFF,0x00,0xFF,0x00,0xFF,0x00,0xFF,0x00,0xFF,0x00,0xFF,0x00,0xFF,0x00,
    0xFE,0x00,0xFE,0x00,0xFE,0x00,0xFE,0x00,0xFE,0x00,0xFE,0x00,0xFE,0x00,0xFE,0x00,0xFE,0x00,0xFE,0x00,0xFE,0x00,0xFE,0x00,0xFE,0x00,0xFE,0x00,0xFE,0x00,
    0xFC,0x00,0xFC,0x00,0xFC,0x00,0xFC,0x00,0xFC,0x00,0xFC,0x00,0xFC,0x00,0xFC,0x00,0xFC,0x00,0xFC,0x00,0xFC,0x00,0xFC,0x00,0xFC,0x00,0xFC,0x00,0xFC,0x00,
    0xF8,0x00,0xF8,0x00,0xF8,0x00,0xF8,0x00,0xF8,0x00,0xF8,0x00,0xF8,0x00,0xF8,0x00,0xF8,0x00,0xF8,0x00,0xF8,0x00,0xF8,0x00,0xF8,0x00,0xF8,0x00,0xF8,0x00,
    0xE0,0x00,0xE0,0x00,0xE0,0x00,0xE0,0x00,0xE0,0x00,0xE0,0x00,0xE0,0x00,0xE0,0x00,0xE0,0x00,0xE0,0x00,0xE0,0x00,0xE0,0x00,0xE0,0x00,0xE0,0x00,0xE0,0x00,
    0xC0,0x00,0xC0,0x00,0xC0,0x00,0xC0,0x00,0xC0,0x00,0xC0,0x00,0xC0,0x00,0xC0,0x00,0xC0,0x00,0xC0,0x00,0xC0,0x00,0xC0,0x00,0xC0,0x00,0xC0,0x00,0xC0,0x00,
    0x80,0x00,0x80,0x00,0x80,0x00,0x80,0x00,0x80,0x00,0x80,0x00,0x80,0x00,0x80,0x00,0x80,0x00,0x80,0x00,0x80,0x00,0x80,0x00,0x80,0x00,0x80,0x00,0x80,0x00,
    0x07,0x80,0x07,0x80,0x07,0x80,0x07,0x80,0x07,0x80,0x07,0x80,0x07,0x80,0x07,0x80,0x07,0x80,0x07,0x80,0x07,0x80,0x07,0x80,0x07,0x80,0x07,0x80,0x07,0x80,
    0xAA,0x80,0x00,0x00,0x55,0x00,0x00,0x00,0xAA,0x80,0x00,0x00,0x55,0x00,0x00,0x00,0xAA,0x80,0x00,0x00,0x55,0x00,0x00,0x00,0xAA,0x80,0x00,0x00,0x55,0x00,
    0xAA,0x80,0x55,0x00,0xAA,0x80,0x55,0x00,0xAA,0x80,0x55,0x00,0xAA,0x80,0x55,0x00,0xAA,0x80,0x55,0x00,0xAA,0x80,0x55,0x00,0xAA,0x80,0x55,0x00,0xAA,0x80,
    0xFF,0x80,0x55,0x00,0xFF,0x80,0xAA,0x80,0xFF,0x80,0x55,0x00,0xFF,0x80,0xAA,0x80,0xFF,0x80,0x55,0x00,0xFF,0x80,0xAA,0x80,0xFF,0x80,0x55,0x00,0xFF,0x80,
    0xFF,0x80,0xFF,0x80,0x00,0x00,0x00,0x00,0x00,0x00,0x00,0x00,0x00,0x00,0x00,0x00,0x00,0x00,0x00,0x00,0x00,0x00,0x00,0x00,0x00,0x00,0x00,0x00,0x00,0x00,
    0x00,0x80,0x00,0x80,0x00,0x80,0x00,0x80,0x00,0x80,0x00,0x80,0x00,0x80,0x00,0x80,0x00,0x80,0x00,0x80,0x00,0x80,0x00,0x80,0x00,0x80,0x00,0x80,0x00,0x80,
    0x00,0x00,0x00,0x00,0x00,0x00,0x00,0x00,0x00,0x00,0x00,0x00,0x00,0x00,0xF8,0x00,0xF8,0x00,0xF8,0x00,0xF8,0x00,0xF8,0x00,0xF8,0x00,0xF8,0x00,0xF8,0x00,
    0x00,0x00,0x00,0x00,0x00,0x00,0x00,0x00,0x00,0x00,0x00,0x00,0x00,0x00,0x07,0x80,0x07,0x80,0x07,0x80,0x07,0x80,0x07,0x80,0x07,0x80,0x07,0x80,0x07,0x80,
    0xF8,0x00,0xF8,0x00,0xF8,0x00,0xF8,0x00,0xF8,0x00,0xF8,0x00,0xF8,0x00,0x00,0x00,0x00,0x00,0x00,0x00,0x00,0x00,0x00,0x00,0x00,0x00,0x00,0x00,0x00,0x00,
    0xF8,0x00,0xF8,0x00,0xF8,0x00,0xF8,0x00,0xF8,0x00,0xF8,0x00,0xF8,0x00,0xFF,0x80,0xFF,0x80,0xFF,0x80,0xFF,0x80,0xFF,0x80,0xFF,0x80,0xFF,0x80,0xFF,0x80,
    0xF8,0x00,0xF8,0x00,0xF8,0x00,0xF8,0x00,0xF8,0x00,0xF8,0x00,0xF8,0x00,0x07,0x80,0x07,0x80,0x07,0x80,0x07,0x80,0x07,0x80,0x07,0x80,0x07,0x80,0x07,0x80,
    0xFF,0x80,0xFF,0x80,0xFF,0x80,0xFF,0x80,0xFF,0x80,0xFF,0x80,0xFF,0x80,0xF8,0x00,0xF8,0x00,0xF8,0x00,0xF8,0x00,0xF8,0x00,0xF8,0x00,0xF8,0x00,0xF8,0x00,
    0xFF,0x80,0xFF,0x80,0xFF,0x80,0xFF,0x80,0xFF,0x80,0xFF,0x80,0xFF,0x80,0x07,0x80,0x07,0x80,0x07,0x80,0x07,0x80,0x07,0x80,0x07,0x80,0x07,0x80,0x07,0x80,
    0x07,0x80,0x07,0x80,0x07,0x80,0x07,0x80,0x07,0x80,0x07,0x80,0x07,0x80,0x00,0x00,0x00,0x00,0x00,0x00,0x00,0x00,0x00,0x00,0x00,0x00,0x00,0x00,0x00,0x00,
    0x07,0x80,0x07,0x80,0x07,0x80,0x07,0x80,0x07,0x80,0x07,0x80,0x07,0x80,0xF8,0x00,0xF8,0x00,0xF8,0x00,0xF8,0x00,0xF8,0x00,0xF8,0x00,0xF8,0x00,0xF8,0x00,
    0x07,0x80,0x07,0x80,0x07,0x80,0x07,0x80,0x07,0x80,0x07,0x80,0x07,0x80,0xFF,0x80,0xFF,0x80,0xFF,0x80,0xFF,0x80,0xFF,0x80,0xFF,0x80,0xFF,0x80,0xFF,0x80,
    0x00,0x00,0x00,0x00,0x00,0x00,0x00,0x00,0x7F,0x00,0x7F,0x00,0x7F,0x00,0x7F,0x00,0x7F,0x00,0x7F,0x00,0x7F,0x00,0x00,0x00,0x00,0x00,0x00,0x00,0x00,0x00,
    0x00,0x00,0x00,0x00,0x00,0x00,0x00,0x00,0x7F,0x00,0x41,0x00,0x41,0x00,0x41,0x00,0x41,0x00,0x41,0x00,0x7F,0x00,0x00,0x00,0x00,0x00,0x00,0x00,0x00,0x00,
    0x00,0x00,0x00,0x00,0x00,0x00,0x00,0x00,0x00,0x00,0x00,0x00,0x1C,0x00,0x1C,0x00,0x1C,0x00,0x00,0x00,0x00,0x00,0x00,0x00,0x00,0x00,0x00,0x00,0x00,0x00,
    0x00,0x00,0x00,0x00,0x00,0x00,0x00,0x00,0x00,0x00,0x00,0x00,0x1C,0x00,0x14,0x00,0x1C,0x00,0x00,0x00,0x00,0x00,0x00,0x00,0x00,0x00,0x00,0x00,0x00,0x00,
    0x00,0x00,0x00,0x00,0x00,0x00,0x00,0x00,0x00,0x00,0xFF,0x80,0xFF,0x80,0xFF,0x80,0xFF,0x80,0xFF,0x80,0x00,0x00,0x00,0x00,0x00,0x00,0x00,0x00,0x00,0x00,
    0x00,0x00,0x00,0x00,0x00,0x00,0x3E,0x00,0x3E,0x00,0x3E,0x00,0x3E,0x00,0x3E,0x00,0x3E,0x00,0x3E,0x00,0x3E,0x00,0x3E,0x00,0x00,0x00,0x00,0x00,0x00,0x00,
    0x00,0x00,0x00,0x00,0x08,0x00,0x08,0x00,0x1C,0x00,0x1C,0x00,0x3E,0x00,0x3E,0x00,0x7F,0x00,0x7F,0x00,0xFF,0x80,0xFF,0x80,0x00,0x00,0x00,0x00,0x00,0x00,
    0x00,0x00,0x00,0x00,0x08,0x00,0x08,0x00,0x14,0x00,0x14,0x00,0x22,0x00,0x22,0x00,0x41,0x00,0x41,0x00,0x80,0x80,0xFF,0x80,0x00,0x00,0x00,0x00,0x00,0x00,
    0x00,0x00,0x00,0x00,0x00,0x00,0x00,0x00,0x00,0x00,0xE0,0x00,0xFC,0x00,0xFF,0x80,0xFC,0x00,0xE0,0x00,0x00,0x00,0x00,0x00,0x00,0x00,0x00,0x00,0x00,0x00,
    0x00,0x00,0x00,0x00,0x00,0x00,0x00,0x00,0x00,0x00,0xE0,0x00,0x9C,0x00,0x83,0x80,0x9C,0x00,0xE0,0x00,0x00,0x00,0x00,0x00,0x00,0x00,0x00,0x00,0x00,0x00,
    0x00,0x00,0x00,0x00,0xFF,0x80,0xFF,0x80,0x7F,0x00,0x7F,0x00,0x3E,0x00,0x3E,0x00,0x1C,0x00,0x1C,0x00,0x08,0x00,0x08,0x00,0x00,0x00,0x00,0x00,0x00,0x00,
    0x00,0x00,0x00,0x00,0xFF,0x80,0x80,0x80,0x41,0x00,0x41,0x00,0x22,0x00,0x22,0x00,0x14,0x00,0x14,0x00,0x08,0x00,0x08,0x00,0x00,0x00,0x00,0x00,0x00,0x00,
    0x00,0x00,0x00,0x00,0x00,0x00,0x00,0x00,0x00,0x00,0x03,0x80,0x1F,0x80,0xFF,0x80,0x1F,0x80,0x03,0x80,0x00,0x00,0x00,0x00,0x00,0x00,0x00,0x00,0x00,0x00,
    0x00,0x00,0x00,0x00,0x00,0x00,0x00,0x00,0x00,0x00,0x03,0x80,0x1C,0x80,0xE0,0x80,0x1C,0x80,0x03,0x80,0x00,0x00,0x00,0x00,0x00,0x00,0x00,0x00,0x00,0x00,
    0x00,0x00,0x00,0x00,0x00,0x00,0x08,0x00,0x1C,0x00,0x3E,0x00,0x7F,0x00,0xFF,0x80,0x7F,0x00,0x3E,0x00,0x1C,0x00,0x08,0x00,0x00,0x00,0x00,0x00,0x00,0x00,
    0x00,0x00,0x00,0x00,0x00,0x00,0x08,0x00,0x08,0x00,0x14,0x00,0x14,0x00,0x22,0x00,0x14,0x00,0x14,0x00,0x08,0x00,0x08,0x00,0x00,0x00,0x00,0x00,0x00,0x00,
    0x00,0x00,0x00,0x00,0x00,0x00,0x00,0x00,0x1C,0x00,0x22,0x00,0x41,0x00,0x41,0x00,0x41,0x00,0x22,0x00,0x1C,0x00,0x00,0x00,0x00,0x00,0x00,0x00,0x00,0x00,
    0x00,0x00,0x00,0x00,0x00,0x00,0x00,0x00,0x08,0x00,0x22,0x00,0x00,0x00,0x41,0x00,0x00,0x00,0x22,0x00,0x08,0x00,0x00,0x00,0x00,0x00,0x00,0x00,0x00,0x00,
    0x00,0x00,0x00,0x00,0x00,0x00,0x00,0x00,0x1C,0x00,0x3E,0x00,0x7F,0x00,0x7F,0x00,0x7F,0x00,0x3E,0x00,0x1C,0x00,0x00,0x00,0x00,0x00,0x00,0x00,0x00,0x00,
    0xFF,0x80,0xFF,0x80,0xFF,0x80,0xFF,0x80,0xFF,0x80,0xE3,0x80,0xC1,0x80,0xC1,0x80,0xC1,0x80,0xE3,0x80,0xFF,0x80,0xFF,0x80,0xFF,0x80,0xFF,0x80,0xFF,0x80,
    0xFF,0x80,0xFF,0x80,0xFF,0x80,0xFF,0x80,0xE3,0x80,0xDD,0x80,0xBE,0x80,0xBE,0x80,0xBE,0x80,0xDD,0x80,0xE3,0x80,0xFF,0x80,0xFF,0x80,0xFF,0x80,0xFF,0x80,
    0x00,0x00,0x00,0x00,0x00,0x00,0x00,0x00,0x00,0x00,0x1C,0x00,0x22,0x00,0x22,0x00,0x22,0x00,0x1C,0x00,0x00,0x00,0x00,0x00,0x00,0x00,0x00,0x00,0x00,0x00,
    0x00,0x00,0x00,0x00,0x08,0x00,0x41,0x00,0x1C,0x00,0x3E,0x00,0xBE,0x80,0x3E,0x00,0x1C,0x00,0x41,0x00,0x08,0x00,0x00,0x00,0x00,0x00,0x00,0x00,0x00,0x00,
    0x00,0x00,0x00,0x00,0x00,0x00,0x3E,0x00,0x41,0x00,0x94,0x80,0x80,0x80,0x80,0x80,0xA2,0x80,0x9C,0x80,0x41,0x00,0x3E,0x00,0x00,0x00,0x00,0x00,0x00,0x00,
    0x00,0x00,0x00,0x00,0x00,0x00,0x3E,0x00,0x7F,0x00,0xEB,0x80,0xFF,0x80,0xFF,0x80,0xDD,0x80,0xE3,0x80,0x7F,0x00,0x3E,0x00,0x00,0x00,0x00,0x00,0x00,0x00,
    0x00,0x00,0x00,0x00,0x00,0x00,0x08,0x00,0x49,0x00,0x36,0x00,0x22,0x00,0xC1,0x80,0x22,0x00,0x36,0x00,0x49,0x00,0x08,0x00,0x00,0x00,0x00,0x00,0x00,0x00,
    0x00,0x00,0x41,0x00,0x22,0x00,0x1C,0x00,0x22,0x00,0x41,0x00,0x41,0x00,0x41,0x00,0x22,0x00,0x1C,0x00,0x08,0x00,0x08,0x00,0x3E,0x00,0x08,0x00,0x08,0x00,
    0x00,0x00,0x00,0x00,0x00,0x00,0x1C,0x00,0x22,0x00,0x41,0x00,0x41,0x00,0x41,0x00,0x22,0x00,0x1C,0x00,0x08,0x00,0x08,0x00,0x3E,0x00,0x08,0x00,0x08,0x00,
    0x08,0x00,0x08,0x00,0x3E,0x00,0x08,0x00,0x08,0x00,0x1C,0x00,0x22,0x00,0x41,0x00,0x41,0x00,0x41,0x00,0x22,0x00,0x1C,0x00,0x00,0x00,0x00,0x00,0x00,0x00,
    0x00,0x00,0x00,0x00,0x07,0x80,0x01,0x80,0x02,0x80,0x1C,0x80,0x22,0x00,0x41,0x00,0x41,0x00,0x41,0x00,0x22,0x00,0x1C,0x00,0x00,0x00,0x00,0x00,0x00,0x00,
    0x00,0x00,0x08,0x00,0x1C,0x00,0x1C,0x00,0x3E,0x00,0x3E,0x00,0x7F,0x00,0x7F,0x00,0x3E,0x00,0x08,0x00,0x1C,0x00,0x3E,0x00,0x00,0x00,0x00,0x00,0x00,0x00,
    0x00,0x00,0x36,0x00,0x49,0x00,0x49,0x00,0x41,0x00,0x41,0x00,0x22,0x00,0x22,0x00,0x22,0x00,0x14,0x00,0x14,0x00,0x08,0x00,0x00,0x00,0x00,0x00,0x00,0x00,
    0x00,0x00,0x08,0x00,0x14,0x00,0x14,0x00,0x22,0x00,0x22,0x00,0x41,0x00,0x22,0x00,0x22,0x00,0x14,0x00,0x14,0x00,0x08,0x00,0x00,0x00,0x00,0x00,0x00,0x00,
    0x00,0x00,0x08,0x00,0x1C,0x00,0x3E,0x00,0x3E,0x00,0x5D,0x00,0xFF,0x80,0xFF,0x80,0xFF,0x80,0x6B,0x00,0x08,0x00,0x1C,0x00,0x00,0x00,0x00,0x00,0x00,0x00,
    0x00,0x00,0x08,0x00,0x14,0x00,0x14,0x00,0x22,0x00,0x22,0x00,0x41,0x00,0x41,0x00,0x36,0x00,0x14,0x00,0x22,0x00,0x7F,0x00,0x00,0x00,0x00,0x00,0x00,0x00,
    0x00,0x00,0x36,0x00,0x7F,0x00,0x7F,0x00,0x7F,0x00,0x7F,0x00,0x3E,0x00,0x3E,0x00,0x3E,0x00,0x1C,0x00,0x1C,0x00,0x08,0x00,0x00,0x00,0x00,0x00,0x00,0x00,
    0x00,0x00,0x08,0x00,0x1C,0x00,0x1C,0x00,0x3E,0x00,0x3E,0x00,0x7F,0x00,0x3E,0x00,0x3E,0x00,0x1C,0x00,0x1C,0x00,0x08,0x00,0x00,0x00,0x00,0x00,0x00,0x00,
    0x00,0x00,0x00,0x00,0x0C,0x00,0x0A,0x00,0x09,0x00,0x09,0x00,0x08,0x00,0x08,0x00,0x38,0x00,0x78,0x00,0x78,0x00,0x30,0x00,0x00,0x00,0x00,0x00,0x00,0x00,
    0x00,0x00,0x00,0x00,0x07,0x00,0x39,0x00,0x21,0x00,0x21,0x00,0x21,0x00,0x21,0x00,0x27,0x00,0xE7,0x00,0xE2,0x00,0x40,0x00,0x00,0x00,0x00,0x00,0x00,0x00,
    0x00,0x00,0x00,0x00,0x07,0x00,0x39,0x00,0x27,0x00,0x39,0x00,0x21,0x00,0x21,0x00,0x27,0x00,0xE7,0x00,0xE2,0x00,0x40,0x00,0x00,0x00,0x00,0x00,0x00,0x00,
    0x00,0x00,0x00,0x00,0x20,0x00,0x20,0x00,0x20,0x00,0x20,0x00,0x2E,0x00,0x31,0x00,0x21,0x00,0x22,0x00,0x2C,0x00,0x30,0x00,0x00,0x00,0x00,0x00,0x00,0x00,
    0x00,0x00,0x00,0x00,0x00,0x00,0x20,0x00,0x20,0x00,0x23,0x00,0x2D,0x00,0x31,0x00,0x23,0x00,0x2D,0x00,0x31,0x00,0x01,0x00,0x01,0x00,0x00,0x00,0x00,0x00,
    0x00,0x00,0x00,0x00,0x04,0x00,0x14,0x00,0x17,0x00,0x1C,0x00,0x74,0x00,0x14,0x00,0x17,0x00,0x1C,0x00,0x74,0x00,0x14,0x00,0x10,0x00,0x00,0x00,0x00,0x00,
    0x00,0x00,0x00,0x00,0x04,0x00,0x04,0x00,0x08,0x00,0x08,0x00,0x10,0x00,0x10,0x00,0x08,0x00,0x08,0x00,0x04,0x00,0x04,0x00,0x00,0x00,0x00,0x00,0x00,0x00,
    0x00,0x00,0x00,0x00,0x10,0x00,0x10,0x00,0x08,0x00,0x08,0x00,0x04,0x00,0x04,0x00,0x08,0x00,0x08,0x00,0x10,0x00,0x10,0x00,0x00,0x00,0x00,0x00,0x00,0x00,
    0x00,0x00,0x00,0x00,0x00,0x00,0x00,0x00,0x00,0x00,0x00,0x00,0x00,0x00,0x00,0x00,0x00,0x00,0x00,0x00,0x00,0x00,0x00,0x00,0x00,0x00,0x00,0x00,0x00,0x0E,
    0x00,0x03,0x30,0x03,0x30,0x00,0x00,0x00,0x00,0x00,0x00,0x00,0x00,0x00,0x00,0x00,0x00,0x00,0x00,0x00,0x00,0x00,0x00,0x00,0x00,0x00,0x00,0x00,0x00,0x0E,
    0x00,0x00,0x00,0x00,0x00,0x00,0x00,0x03,0x30,0x03,0x30,0x00,0x00,0x00,0x00,0x00,0x00,0x00,0x00,0x00,0x00,0x00,0x00,0x00,0x00,0x00,0x00,0x00,0x00,0x0E,
    0x00,0x03,0x30,0x03,0x30,0x00,0x00,0x03,0x30,0x03,0x30,0x00,0x00,0x00,0x00,0x00,0x00,0x00,0x00,0x00,0x00,0x00,0x00,0x00,0x00,0x00,0x00,0x00,0x00,0x0E,
    0x00,0x00,0x00,0x00,0x00,0x00,0x00,0x00,0x00,0x00,0x00,0x00,0x00,0x03,0x30,0x03,0x30,0x00,0x00,0x00,0x00,0x00,0x00,0x00,0x00,0x00,0x00,0x00,0x00,0x0E,
    0x00,0x03,0x30,0x03,0x30,0x00,0x00,0x00,0x00,0x00,0x00,0x00,0x00,0x03,0x30,0x03,0x30,0x00,0x00,0x00,0x00,0x00,0x00,0x00,0x00,0x00,0x00,0x00,0x00,0x0E,
    0x00,0x00,0x00,0x00,0x00,0x00,0x00,0x03,0x30,0x03,0x30,0x00,0x00,0x03,0x30,0x03,0x30,0x00,0x00,0x00,0x00,0x00,0x00,0x00,0x00,0x00,0x00,0x00,0x00,0x0E,
    0x00,0x03,0x30,0x03,0x30,0x00,0x00,0x03,0x30,0x03,0x30,0x00,0x00,0x03,0x30,0x03,0x30,0x00,0x00,0x00,0x00,0x00,0x00,0x00,0x00,0x00,0x00,0x00,0x00,0x0E,
    0x00,0x00,0x06,0x00,0x06,0x00,0x00,0x00,0x00,0x00,0x00,0x00,0x00,0x00,0x00,0x00,0x00,0x00,0x00,0x00,0x00,0x00,0x00,0x00,0x00,0x00,0x00,0x00,0x00,0x0E,
    0x00,0x03,0x36,0x03,0x36,0x00,0x00,0x00,0x00,0x00,0x00,0x00,0x00,0x00,0x00,0x00,0x00,0x00,0x00,0x00,0x00,0x00,0x00,0x00,0x00,0x00,0x00,0x00,0x00,0x0E,
    0x00,0x00,0x06,0x00,0x06,0x00,0x00,0x03,0x30,0x03,0x30,0x00,0x00,0x00,0x00,0x00,0x00,0x00,0x00,0x00,0x00,0x00,0x00,0x00,0x00,0x00,0x00,0x00,0x00,0x0E,
    0x00,0x03,0x36,0x03,0x36,0x00,0x00,0x03,0x30,0x03,0x30,0x00,0x00,0x00,0x00,0x00,0x00,0x00,0x00,0x00,0x00,0x00,0x00,0x00,0x00,0x00,0x00,0x00,0x00,0x0E,
    0x00,0x00,0x06,0x00,0x06,0x00,0x00,0x00,0x00,0x00,0x00,0x00,0x00,0x03,0x30,0x03,0x30,0x00,0x00,0x00,0x00,0x00,0x00,0x00,0x00,0x00,0x00,0x00,0x00,0x0E,
    0x00,0x03,0x36,0x03,0x36,0x00,0x00,0x00,0x00,0x00,0x00,0x00,0x00,0x03,0x30,0x03,0x30,0x00,0x00,0x00,0x00,0x00,0x00,0x00,0x00,0x00,0x00,0x00,0x00,0x0E,
    0x00,0x00,0x06,0x00,0x06,0x00,0x00,0x03,0x30,0x03,0x30,0x00,0x00,0x03,0x30,0x03,0x30,0x00,0x00,0x00,0x00,0x00,0x00,0x00,0x00,0x00,0x00,0x00,0x00,0x0E,
    0x00,0x03,0x36,0x03,0x36,0x00,0x00,0x03,0x30,0x03,0x30,0x00,0x00,0x03,0x30,0x03,0x30,0x00,0x00,0x00,0x00,0x00,0x00,0x00,0x00,0x00,0x00,0x00,0x00,0x0E,
    0x00,0x00,0x00,0x00,0x00,0x00,0x00,0x00,0x06,0x00,0x06,0x00,0x00,0x00,0x00,0x00,0x00,0x00,0x00,0x00,0x00,0x00,0x00,0x00,0x00,0x00,0x00,0x00,0x00,0x0E,
    0x00,0x03,0x30,0x03,0x30,0x00,0x00,0x00,0x06,0x00,0x06,0x00,0x00,0x00,0x00,0x00,0x00,0x00,0x00,0x00,0x00,0x00,0x00,0x00,0x00,0x00,0x00,0x00,0x00,0x0E,
    0x00,0x00,0x00,0x00,0x00,0x00,0x00,0x03,0x36,0x03,0x36,0x00,0x00,0x00,0x00,0x00,0x00,0x00,0x00,0x00,0x00,0x00,0x00,0x00,0x00,0x00,0x00,0x00,0x00,0x0E,
    0x00,0x03,0x30,0x03,0x30,0x00,0x00,0x03,0x36,0x03,0x36,0x00,0x00,0x00,0x00,0x00,0x00,0x00,0x00,0x00,0x00,0x00,0x00,0x00,0x00,0x00,0x00,0x00,0x00,0x0E,
    0x00,0x00,0x00,0x00,0x00,0x00,0x00,0x00,0x06,0x00,0x06,0x00,0x00,0x03,0x30,0x03,0x30,0x00,0x00,0x00,0x00,0x00,0x00,0x00,0x00,0x00,0x00,0x00,0x00,0x0E,
    0x00,0x03,0x30,0x03,0x30,0x00,0x00,0x00,0x06,0x00,0x06,0x00,0x00,0x03,0x30,0x03,0x30,0x00,0x00,0x00,0x00,0x00,0x00,0x00,0x00,0x00,0x00,0x00,0x00,0x0E,
    0x00,0x00,0x00,0x00,0x00,0x00,0x00,0x03,0x36,0x03,0x36,0x00,0x00,0x03,0x30,0x03,0x30,0x00,0x00,0x00,0x00,0x00,0x00,0x00,0x00,0x00,0x00,0x00,0x00,0x0E,
    0x00,0x03,0x30,0x03,0x30,0x00,0x00,0x03,0x36,0x03,0x36,0x00,0x00,0x03,0x30,0x03,0x30,0x00,0x00,0x00,0x00,0x00,0x00,0x00,0x00,0x00,0x00,0x00,0x00,0x0E,
    0x00,0x00,0x06,0x00,0x06,0x00,0x00,0x00,0x06,0x00,0x06,0x00,0x00,0x00,0x00,0x00,0x00,0x00,0x00,0x00,0x00,0x00,0x00,0x00,0x00,0x00,0x00,0x00,0x00,0x0E,
    0x00,0x03,0x36,0x03,0x36,0x00,0x00,0x00,0x06,0x00,0x06,0x00,0x00,0x00,0x00,0x00,0x00,0x00,0x00,0x00,0x00,0x00,0x00,0x00,0x00,0x00,0x00,0x00,0x00,0x0E,
    0x00,0x00,0x06,0x00,0x06,0x00,0x00,0x03,0x36,0x03,0x36,0x00,0x00,0x00,0x00,0x00,0x00,0x00,0x00,0x00,0x00,0x00,0x00,0x00,0x00,0x00,0x00,0x00,0x00,0x0E,
    0x00,0x03,0x36,0x03,0x36,0x00,0x00,0x03,0x36,0x03,0x36,0x00,0x00,0x00,0x00,0x00,0x00,0x00,0x00,0x00,0x00,0x00,0x00,0x00,0x00,0x00,0x00,0x00,0x00,0x0E,
    0x00,0x00,0x06,0x00,0x06,0x00,0x00,0x00,0x06,0x00,0x06,0x00,0x00,0x03,0x30,0x03,0x30,0x00,0x00,0x00,0x00,0x00,0x00,0x00,0x00,0x00,0x00,0x00,0x00,0x0E,
    0x00,0x03,0x36,0x03,0x36,0x00,0x00,0x00,0x06,0x00,0x06,0x00,0x00,0x03,0x30,0x03,0x30,0x00,0x00,0x00,0x00,0x00,0x00,0x00,0x00,0x00,0x00,0x00,0x00,0x0E,
    0x00,0x00,0x06,0x00,0x06,0x00,0x00,0x03,0x36,0x03,0x36,0x00,0x00,0x03,0x30,0x03,0x30,0x00,0x00,0x00,0x00,0x00,0x00,0x00,0x00,0x00,0x00,0x00,0x00,0x0E,
    0x00,0x03,0x36,0x03,0x36,0x00,0x00,0x03,0x36,0x03,0x36,0x00,0x00,0x03,0x30,0x03,0x30,0x00,0x00,0x00,0x00,0x00,0x00,0x00,0x00,0x00,0x00,0x00,0x00,0x0E,
    0x00,0x00,0x00,0x00,0x00,0x00,0x00,0x00,0x00,0x00,0x00,0x00,0x00,0x00,0x06,0x00,0x06,0x00,0x00,0x00,0x00,0x00,0x00,0x00,0x00,0x00,0x00,0x00,0x00,0x0E,
    0x00,0x03,0x30,0x03,0x30,0x00,0x00,0x00,0x00,0x00,0x00,0x00,0x00,0x00,0x06,0x00,0x06,0x00,0x00,0x00,0x00,0x00,0x00,0x00,0x00,0x00,0x00,0x00,0x00,0x0E,
    0x00,0x00,0x00,0x00,0x00,0x00,0x00,0x03,0x30,0x03,0x30,0x00,0x00,0x00,0x06,0x00,0x06,0x00,0x00,0x00,0x00,0x00,0x00,0x00,0x00,0x00,0x00,0x00,0x00,0x0E,
    0x00,0x03,0x30,0x03,0x30,0x00,0x00,0x03,0x30,0x03,0x30,0x00,0x00,0x00,0x06,0x00,0x06,0x00,0x00,0x00,0x00,0x00,0x00,0x00,0x00,0x00,0x00,0x00,0x00,0x0E,
    0x00,0x00,0x00,0x00,0x00,0x00,0x00,0x00,0x00,0x00,0x00,0x00,0x00,0x03,0x36,0x03,0x36,0x00,0x00,0x00,0x00,0x00,0x00,0x00,0x00,0x00,0x00,0x00,0x00,0x0E,
    0x00,0x03,0x30,0x03,0x30,0x00,0x00,0x00,0x00,0x00,0x00,0x00,0x00,0x03,0x36,0x03,0x36,0x00,0x00,0x00,0x00,0x00,0x00,0x00,0x00,0x00,0x00,0x00,0x00,0x0E,
    0x00,0x00,0x00,0x00,0x00,0x00,0x00,0x03,0x30,0x03,0x30,0x00,0x00,0x03,0x36,0x03,0x36,0x00,0x00,0x00,0x00,0x00,0x00,0x00,0x00,0x00,0x00,0x00,0x00,0x0E,
    0x00,0x03,0x30,0x03,0x30,0x00,0x00,0x03,0x30,0x03,0x30,0x00,0x00,0x03,0x36,0x03,0x36,0x00,0x00,0x00,0x00,0x00,0x00,0x00,0x00,0x00,0x00,0x00,0x00,0x0E,
    0x00,0x00,0x06,0x00,0x06,0x00,0x00,0x00,0x00,0x00,0x00,0x00,0x00,0x00,0x06,0x00,0x06,0x00,0x00,0x00,0x00,0x00,0x00,0x00,0x00,0x00,0x00,0x00,0x00,0x0E,
    0x00,0x03,0x36,0x03,0x36,0x00,0x00,0x00,0x00,0x00,0x00,0x00,0x00,0x00,0x06,0x00,0x06,0x00,0x00,0x00,0x00,0x00,0x00,0x00,0x00,0x00,0x00,0x00,0x00,0x0E,
    0x00,0x00,0x06,0x00,0x06,0x00,0x00,0x03,0x30,0x03,0x30,0x00,0x00,0x00,0x06,0x00,0x06,0x00,0x00,0x00,0x00,0x00,0x00,0x00,0x00,0x00,0x00,0x00,0x00,0x0E,
    0x00,0x03,0x36,0x03,0x36,0x00,0x00,0x03,0x30,0x03,0x30,0x00,0x00,0x00,0x06,0x00,0x06,0x00,0x00,0x00,0x00,0x00,0x00,0x00,0x00,0x00,0x00,0x00,0x00,0x0E,
    0x00,0x00,0x06,0x00,0x06,0x00,0x00,0x00,0x00,0x00,0x00,0x00,0x00,0x03,0x36,0x03,0x36,0x00,0x00,0x00,0x00,0x00,0x00,0x00,0x00,0x00,0x00,0x00,0x00,0x0E,
    0x00,0x03,0x36,0x03,0x36,0x00,0x00,0x00,0x00,0x00,0x00,0x00,0x00,0x03,0x36,0x03,0x36,0x00,0x00,0x00,0x00,0x00,0x00,0x00,0x00,0x00,0x00,0x00,0x00,0x0E,
    0x00,0x00,0x06,0x00,0x06,0x00,0x00,0x03,0x30,0x03,0x30,0x00,0x00,0x03,0x36,0x03,0x36,0x00,0x00,0x00,0x00,0x00,0x00,0x00,0x00,0x00,0x00,0x00,0x00,0x0E,
    0x00,0x03,0x36,0x03,0x36,0x00,0x00,0x03,0x30,0x03,0x30,0x00,0x00,0x03,0x36,0x03,0x36,0x00,0x00,0x00,0x00,0x00,0x00,0x00,0x00,0x00,0x00,0x00,0x00,0x0E,
    0x00,0x00,0x00,0x00,0x00,0x00,0x00,0x00,0x06,0x00,0x06,0x00,0x00,0x00,0x06,0x00,0x06,0x00,0x00,0x00,0x00,0x00,0x00,0x00,0x00,0x00,0x00,0x00,0x00,0x0E,
    0x00,0x03,0x30,0x03,0x30,0x00,0x00,0x00,0x06,0x00,0x06,0x00,0x00,0x00,0x06,0x00,0x06,0x00,0x00,0x00,0x00,0x00,0x00,0x00,0x00,0x00,0x00,0x00,0x00,0x0E,
    0x00,0x00,0x00,0x00,0x00,0x00,0x00,0x03,0x36,0x03,0x36,0x00,0x00,0x00,0x06,0x00,0x06,0x00,0x00,0x00,0x00,0x00,0x00,0x00,0x00,0x00,0x00,0x00,0x00,0x0E,
    0x00,0x03,0x30,0x03,0x30,0x00,0x00,0x03,0x36,0x03,0x36,0x00,0x00,0x00,0x06,0x00,0x06,0x00,0x00,0x00,0x00,0x00,0x00,0x00,0x00,0x00,0x00,0x00,0x00,0x0E,
    0x00,0x00,0x00,0x00,0x00,0x00,0x00,0x00,0x06,0x00,0x06,0x00,0x00,0x03,0x36,0x03,0x36,0x00,0x00,0x00,0x00,0x00,0x00,0x00,0x00,0x00,0x00,0x00,0x00,0x0E,
    0x00,0x03,0x30,0x03,0x30,0x00,0x00,0x00,0x06,0x00,0x06,0x00,0x00,0x03,0x36,0x03,0x36,0x00,0x00,0x00,0x00,0x00,0x00,0x00,0x00,0x00,0x00,0x00,0x00,0x0E,
    0x00,0x00,0x00,0x00,0x00,0x00,0x00,0x03,0x36,0x03,0x36,0x00,0x00,0x03,0x36,0x03,0x36,0x00,0x00,0x00,0x00,0x00,0x00,0x00,0x00,0x00,0x00,0x00,0x00,0x0E,
    0x00,0x03,0x30,0x03,0x30,0x00,0x00,0x03,0x36,0x03,0x36,0x00,0x00,0x03,0x36,0x03,0x36,0x00,0x00,0x00,0x00,0x00,0x00,0x00,0x00,0x00,0x00,0x00,0x00,0x0E,
    0x00,0x00,0x06,0x00,0x06,0x00,0x00,0x00,0x06,0x00,0x06,0x00,0x00,0x00,0x06,0x00,0x06,0x00,0x00,0x00,0x00,0x00,0x00,0x00,0x00,0x00,0x00,0x00,0x00,0x0E,
    0x00,0x03,0x36,0x03,0x36,0x00,0x00,0x00,0x06,0x00,0x06,0x00,0x00,0x00,0x06,0x00,0x06,0x00,0x00,0x00,0x00,0x00,0x00,0x00,0x00,0x00,0x00,0x00,0x00,0x0E,
    0x00,0x00,0x06,0x00,0x06,0x00,0x00,0x03,0x36,0x03,0x36,0x00,0x00,0x00,0x06,0x00,0x06,0x00,0x00,0x00,0x00,0x00,0x00,0x00,0x00,0x00,0x00,0x00,0x00,0x0E,
    0x00,0x03,0x36,0x03,0x36,0x00,0x00,0x03,0x36,0x03,0x36,0x00,0x00,0x00,0x06,0x00,0x06,0x00,0x00,0x00,0x00,0x00,0x00,0x00,0x00,0x00,0x00,0x00,0x00,0x0E,
    0x00,0x00,0x06,0x00,0x06,0x00,0x00,0x00,0x06,0x00,0x06,0x00,0x00,0x03,0x36,0x03,0x36,0x00,0x00,0x00,0x00,0x00,0x00,0x00,0x00,0x00,0x00,0x00,0x00,0x0E,
    0x00,0x03,0x36,0x03,0x36,0x00,0x00,0x00,0x06,0x00,0x06,0x00,0x00,0x03,0x36,0x03,0x36,0x00,0x00,0x00,0x00,0x00,0x00,0x00,0x00,0x00,0x00,0x00,0x00,0x0E,
    0x00,0x00,0x06,0x00,0x06,0x00,0x00,0x03,0x36,0x03,0x36,0x00,0x00,0x03,0x36,0x03,0x36,0x00,0x00,0x00,0x00,0x00,0x00,0x00,0x00,0x00,0x00,0x00,0x00,0x0E,
    0x00,0x03,0x36,0x03,0x36,0x00,0x00,0x03,0x36,0x03,0x36,0x00,0x00,0x03,0x36,0x03,0x36,0x00,0x00,0x00,0x00,0x00,0x00,0x00,0x00,0x00,0x00,0x00,0x00,0x0E,
    0x00,0x00,0x00,0x00,0x00,0x00,0x00,0x00,0x00,0x00,0x00,0x00,0x00,0x00,0x00,0x00,0x00,0x00,0x00,0x03,0x30,0x03,0x30,0x00,0x00,0x00,0x00,0x00,0x00,0x0E,
    0x00,0x03,0x30,0x03,0x30,0x00,0x00,0x00,0x00,0x00,0x00,0x00,0x00,0x00,0x00,0x00,0x00,0x00,0x00,0x03,0x30,0x03,0x30,0x00,0x00,0x00,0x00,0x00,0x00,0x0E,
    0x00,0x00,0x00,0x00,0x00,0x00,0x00,0x03,0x30,0x03,0x30,0x00,0x00,0x00,0x00,0x00,0x00,0x00,0x00,0x03,0x30,0x03,0x30,0x00,0x00,0x00,0x00,0x00,0x00,0x0E,
    0x00,0x03,0x30,0x03,0x30,0x00,0x00,0x03,0x30,0x03,0x30,0x00,0x00,0x00,0x00,0x00,0x00,0x00,0x00,0x03,0x30,0x03,0x30,0x00,0x00,0x00,0x00,0x00,0x00,0x0E,
    0x00,0x00,0x00,0x00,0x00,0x00,0x00,0x00,0x00,0x00,0x00,0x00,0x00,0x03,0x30,0x03,0x30,0x00,0x00,0x03,0x30,0x03,0x30,0x00,0x00,0x00,0x00,0x00,0x00,0x0E,
    0x00,0x03,0x30,0x03,0x30,0x00,0x00,0x00,0x00,0x00,0x00,0x00,0x00,0x03,0x30,0x03,0x30,0x00,0x00,0x03,0x30,0x03,0x30,0x00,0x00,0x00,0x00,0x00,0x00,0x0E,
    0x00,0x00,0x00,0x00,0x00,0x00,0x00,0x03,0x30,0x03,0x30,0x00,0x00,0x03,0x30,0x03,0x30,0x00,0x00,0x03,0x30,0x03,0x30,0x00,0x00,0x00,0x00,0x00,0x00,0x0E,
    0x00,0x03,0x30,0x03,0x30,0x00,0x00,0x03,0x30,0x03,0x30,0x00,0x00,0x03,0x30,0x03,0x30,0x00,0x00,0x03,0x30,0x03,0x30,0x00,0x00,0x00,0x00,0x00,0x00,0x0E,
    0x00,0x00,0x06,0x00,0x06,0x00,0x00,0x00,0x00,0x00,0x00,0x00,0x00,0x00,0x00,0x00,0x00,0x00,0x00,0x03,0x30,0x03,0x30,0x00,0x00,0x00,0x00,0x00,0x00,0x0E,
    0x00,0x03,0x36,0x03,0x36,0x00,0x00,0x00,0x00,0x00,0x00,0x00,0x00,0x00,0x00,0x00,0x00,0x00,0x00,0x03,0x30,0x03,0x30,0x00,0x00,0x00,0x00,0x00,0x00,0x0E,
    0x00,0x00,0x06,0x00,0x06,0x00,0x00,0x03,0x30,0x03,0x30,0x00,0x00,0x00,0x00,0x00,0x00,0x00,0x00,0x03,0x30,0x03,0x30,0x00,0x00,0x00,0x00,0x00,0x00,0x0E,
    0x00,0x03,0x36,0x03,0x36,0x00,0x00,0x03,0x30,0x03,0x30,0x00,0x00,0x00,0x00,0x00,0x00,0x00,0x00,0x03,0x30,0x03,0x30,0x00,0x00,0x00,0x00,0x00,0x00,0x0E,
    0x00,0x00,0x06,0x00,0x06,0x00,0x00,0x00,0x00,0x00,0x00,0x00,0x00,0x03,0x30,0x03,0x30,0x00,0x00,0x03,0x30,0x03,0x30,0x00,0x00,0x00,0x00,0x00,0x00,0x0E,
    0x00,0x03,0x36,0x03,0x36,0x00,0x00,0x00,0x00,0x00,0x00,0x00,0x00,0x03,0x30,0x03,0x30,0x00,0x00,0x03,0x30,0x03,0x30,0x00,0x00,0x00,0x00,0x00,0x00,0x0E,
    0x00,0x00,0x06,0x00,0x06,0x00,0x00,0x03,0x30,0x03,0x30,0x00,0x00,0x03,0x30,0x03,0x30,0x00,0x00,0x03,0x30,0x03,0x30,0x00,0x00,0x00,0x00,0x00,0x00,0x0E,
    0x00,0x03,0x36,0x03,0x36,0x00,0x00,0x03,0x30,0x03,0x30,0x00,0x00,0x03,0x30,0x03,0x30,0x00,0x00,0x03,0x30,0x03,0x30,0x00,0x00,0x00,0x00,0x00,0x00,0x0E,
    0x00,0x00,0x00,0x00,0x00,0x00,0x00,0x00,0x06,0x00,0x06,0x00,0x00,0x00,0x00,0x00,0x00,0x00,0x00,0x03,0x30,0x03,0x30,0x00,0x00,0x00,0x00,0x00,0x00,0x0E,
    0x00,0x03,0x30,0x03,0x30,0x00,0x00,0x00,0x06,0x00,0x06,0x00,0x00,0x00,0x00,0x00,0x00,0x00,0x00,0x03,0x30,0x03,0x30,0x00,0x00,0x00,0x00,0x00,0x00,0x0E,
    0x00,0x00,0x00,0x00,0x00,0x00,0x00,0x03,0x36,0x03,0x36,0x00,0x00,0x00,0x00,0x00,0x00,0x00,0x00,0x03,0x30,0x03,0x30,0x00,0x00,0x00,0x00,0x00,0x00,0x0E,
    0x00,0x03,0x30,0x03,0x30,0x00,0x00,0x03,0x36,0x03,0x36,0x00,0x00,0x00,0x00,0x00,0x00,0x00,0x00,0x03,0x30,0x03,0x30,0x00,0x00,0x00,0x00,0x00,0x00,0x0E,
    0x00,0x00,0x00,0x00,0x00,0x00,0x00,0x00,0x06,0x00,0x06,0x00,0x00,0x03,0x30,0x03,0x30,0x00,0x00,0x03,0x30,0x03,0x30,0x00,0x00,0x00,0x00,0x00,0x00,0x0E,
    0x00,0x03,0x30,0x03,0x30,0x00,0x00,0x00,0x06,0x00,0x06,0x00,0x00,0x03,0x30,0x03,0x30,0x00,0x00,0x03,0x30,0x03,0x30,0x00,0x00,0x00,0x00,0x00,0x00,0x0E,
    0x00,0x00,0x00,0x00,0x00,0x00,0x00,0x03,0x36,0x03,0x36,0x00,0x00,0x03,0x30,0x03,0x30,0x00,0x00,0x03,0x30,0x03,0x30,0x00,0x00,0x00,0x00,0x00,0x00,0x0E,
    0x00,0x03,0x30,0x03,0x30,0x00,0x00,0x03,0x36,0x03,0x36,0x00,0x00,0x03,0x30,0x03,0x30,0x00,0x00,0x03,0x30,0x03,0x30,0x00,0x00,0x00,0x00,0x00,0x00,0x0E,
    0x00,0x00,0x06,0x00,0x06,0x00,0x00,0x00,0x06,0x00,0x06,0x00,0x00,0x00,0x00,0x00,0x00,0x00,0x00,0x03,0x30,0x03,0x30,0x00,0x00,0x00,0x00,0x00,0x00,0x0E,
    0x00,0x03,0x36,0x03,0x36,0x00,0x00,0x00,0x06,0x00,0x06,0x00,0x00,0x00,0x00,0x00,0x00,0x00,0x00,0x03,0x30,0x03,0x30,0x00,0x00,0x00,0x00,0x00,0x00,0x0E,
    0x00,0x00,0x06,0x00,0x06,0x00,0x00,0x03,0x36,0x03,0x36,0x00,0x00,0x00,0x00,0x00,0x00,0x00,0x00,0x03,0x30,0x03,0x30,0x00,0x00,0x00,0x00,0x00,0x00,0x0E,
    0x00,0x03,0x36,0x03,0x36,0x00,0x00,0x03,0x36,0x03,0x36,0x00,0x00,0x00,0x00,0x00,0x00,0x00,0x00,0x03,0x30,0x03,0x30,0x00,0x00,0x00,0x00,0x00,0x00,0x0E,
    0x00,0x00,0x06,0x00,0x06,0x00,0x00,0x00,0x06,0x00,0x06,0x00,0x00,0x03,0x30,0x03,0x30,0x00,0x00,0x03,0x30,0x03,0x30,0x00,0x00,0x00,0x00,0x00,0x00,0x0E,
    0x00,0x03,0x36,0x03,0x36,0x00,0x00,0x00,0x06,0x00,0x06,0x00,0x00,0x03,0x30,0x03,0x30,0x00,0x00,0x03,0x30,0x03,0x30,0x00,0x00,0x00,0x00,0x00,0x00,0x0E,
    0x00,0x00,0x06,0x00,0x06,0x00,0x00,0x03,0x36,0x03,0x36,0x00,0x00,0x03,0x30,0x03,0x30,0x00,0x00,0x03,0x30,0x03,0x30,0x00,0x00,0x00,0x00,0x00,0x00,0x0E,
    0x00,0x03,0x36,0x03,0x36,0x00,0x00,0x03,0x36,0x03,0x36,0x00,0x00,0x03,0x30,0x03,0x30,0x00,0x00,0x03,0x30,0x03,0x30,0x00,0x00,0x00,0x00,0x00,0x00,0x0E,
    0x00,0x00,0x00,0x00,0x00,0x00,0x00,0x00,0x00,0x00,0x00,0x00,0x00,0x00,0x06,0x00,0x06,0x00,0x00,0x03,0x30,0x03,0x30,0x00,0x00,0x00,0x00,0x00,0x00,0x0E,
    0x00,0x03,0x30,0x03,0x30,0x00,0x00,0x00,0x00,0x00,0x00,0x00,0x00,0x00,0x06,0x00,0x06,0x00,0x00,0x03,0x30,0x03,0x30,0x00,0x00,0x00,0x00,0x00,0x00,0x0E,
    0x00,0x00,0x00,0x00,0x00,0x00,0x00,0x03,0x30,0x03,0x30,0x00,0x00,0x00,0x06,0x00,0x06,0x00,0x00,0x03,0x30,0x03,0x30,0x00,0x00,0x00,0x00,0x00,0x00,0x0E,
    0x00,0x03,0x30,0x03,0x30,0x00,0x00,0x03,0x30,0x03,0x30,0x00,0x00,0x00,0x06,0x00,0x06,0x00,0x00,0x03,0x30,0x03,0x30,0x00,0x00,0x00,0x00,0x00,0x00,0x0E,
    0x00,0x00,0x00,0x00,0x00,0x00,0x00,0x00,0x00,0x00,0x00,0x00,0x00,0x03,0x36,0x03,0x36,0x00,0x00,0x03,0x30,0x03,0x30,0x00,0x00,0x00,0x00,0x00,0x00,0x0E,
    0x00,0x03,0x30,0x03,0x30,0x00,0x00,0x00,0x00,0x00,0x00,0x00,0x00,0x03,0x36,0x03,0x36,0x00,0x00,0x03,0x30,0x03,0x30,0x00,0x00,0x00,0x00,0x00,0x00,0x0E,
    0x00,0x00,0x00,0x00,0x00,0x00,0x00,0x03,0x30,0x03,0x30,0x00,0x00,0x03,0x36,0x03,0x36,0x00,0x00,0x03,0x30,0x03,0x30,0x00,0x00,0x00,0x00,0x00,0x00,0x0E,
    0x00,0x03,0x30,0x03,0x30,0x00,0x00,0x03,0x30,0x03,0x30,0x00,0x00,0x03,0x36,0x03,0x36,0x00,0x00,0x03,0x30,0x03,0x30,0x00,0x00,0x00,0x00,0x00,0x00,0x0E,
    0x00,0x00,0x06,0x00,0x06,0x00,0x00,0x00,0x00,0x00,0x00,0x00,0x00,0x00,0x06,0x00,0x06,0x00,0x00,0x03,0x30,0x03,0x30,0x00,0x00,0x00,0x00,0x00,0x00,0x0E,
    0x00,0x03,0x36,0x03,0x36,0x00,0x00,0x00,0x00,0x00,0x00,0x00,0x00,0x00,0x06,0x00,0x06,0x00,0x00,0x03,0x30,0x03,0x30,0x00,0x00,0x00,0x00,0x00,0x00,0x0E,
    0x00,0x00,0x06,0x00,0x06,0x00,0x00,0x03,0x30,0x03,0x30,0x00,0x00,0x00,0x06,0x00,0x06,0x00,0x00,0x03,0x30,0x03,0x30,0x00,0x00,0x00,0x00,0x00,0x00,0x0E,
    0x00,0x03,0x36,0x03,0x36,0x00,0x00,0x03,0x30,0x03,0x30,0x00,0x00,0x00,0x06,0x00,0x06,0x00,0x00,0x03,0x30,0x03,0x30,0x00,0x00,0x00,0x00,0x00,0x00,0x0E,
    0x00,0x00,0x06,0x00,0x06,0x00,0x00,0x00,0x00,0x00,0x00,0x00,0x00,0x03,0x36,0x03,0x36,0x00,0x00,0x03,0x30,0x03,0x30,0x00,0x00,0x00,0x00,0x00,0x00,0x0E,
    0x00,0x03,0x36,0x03,0x36,0x00,0x00,0x00,0x00,0x00,0x00,0x00,0x00,0x03,0x36,0x03,0x36,0x00,0x00,0x03,0x30,0x03,0x30,0x00,0x00,0x00,0x00,0x00,0x00,0x0E,
    0x00,0x00,0x06,0x00,0x06,0x00,0x00,0x03,0x30,0x03,0x30,0x00,0x00,0x03,0x36,0x03,0x36,0x00,0x00,0x03,0x30,0x03,0x30,0x00,0x00,0x00,0x00,0x00,0x00,0x0E,
    0x00,0x03,0x36,0x03,0x36,0x00,0x00,0x03,0x30,0x03,0x30,0x00,0x00,0x03,0x36,0x03,0x36,0x00,0x00,0x03,0x30,0x03,0x30,0x00,0x00,0x00,0x00,0x00,0x00,0x0E,
    0x00,0x00,0x00,0x00,0x00,0x00,0x00,0x00,0x06,0x00,0x06,0x00,0x00,0x00,0x06,0x00,0x06,0x00,0x00,0x03,0x30,0x03,0x30,0x00,0x00,0x00,0x00,0x00,0x00,0x0E,
    0x00,0x03,0x30,0x03,0x30,0x00,0x00,0x00,0x06,0x00,0x06,0x00,0x00,0x00,0x06,0x00,0x06,0x00,0x00,0x03,0x30,0x03,0x30,0x00,0x00,0x00,0x00,0x00,0x00,0x0E,
    0x00,0x00,0x00,0x00,0x00,0x00,0x00,0x03,0x36,0x03,0x36,0x00,0x00,0x00,0x06,0x00,0x06,0x00,0x00,0x03,0x30,0x03,0x30,0x00,0x00,0x00,0x00,0x00,0x00,0x0E,
    0x00,0x03,0x30,0x03,0x30,0x00,0x00,0x03,0x36,0x03,0x36,0x00,0x00,0x00,0x06,0x00,0x06,0x00,0x00,0x03,0x30,0x03,0x30,0x00,0x00,0x00,0x00,0x00,0x00,0x0E,
    0x00,0x00,0x00,0x00,0x00,0x00,0x00,0x00,0x06,0x00,0x06,0x00,0x00,0x03,0x36,0x03,0x36,0x00,0x00,0x03,0x30,0x03,0x30,0x00,0x00,0x00,0x00,0x00,0x00,0x0E,
    0x00,0x03,0x30,0x03,0x30,0x00,0x00,0x00,0x06,0x00,0x06,0x00,0x00,0x03,0x36,0x03,0x36,0x00,0x00,0x03,0x30,0x03,0x30,0x00,0x00,0x00,0x00,0x00,0x00,0x0E,
    0x00,0x00,0x00,0x00,0x00,0x00,0x00,0x03,0x36,0x03,0x36,0x00,0x00,0x03,0x36,0x03,0x36,0x00,0x00,0x03,0x30,0x03,0x30,0x00,0x00,0x00,0x00,0x00,0x00,0x0E,
    0x00,0x03,0x30,0x03,0x30,0x00,0x00,0x03,0x36,0x03,0x36,0x00,0x00,0x03,0x36,0x03,0x36,0x00,0x00,0x03,0x30,0x03,0x30,0x00,0x00,0x00,0x00,0x00,0x00,0x0E,
    0x00,0x00,0x06,0x00,0x06,0x00,0x00,0x00,0x06,0x00,0x06,0x00,0x00,0x00,0x06,0x00,0x06,0x00,0x00,0x03,0x30,0x03,0x30,0x00,0x00,0x00,0x00,0x00,0x00,0x0E,
    0x00,0x03,0x36,0x03,0x36,0x00,0x00,0x00,0x06,0x00,0x06,0x00,0x00,0x00,0x06,0x00,0x06,0x00,0x00,0x03,0x30,0x03,0x30,0x00,0x00,0x00,0x00,0x00,0x00,0x0E,
    0x00,0x00,0x06,0x00,0x06,0x00,0x00,0x03,0x36,0x03,0x36,0x00,0x00,0x00,0x06,0x00,0x06,0x00,0x00,0x03,0x30,0x03,0x30,0x00,0x00,0x00,0x00,0x00,0x00,0x0E,
    0x00,0x03,0x36,0x03,0x36,0x00,0x00,0x03,0x36,0x03,0x36,0x00,0x00,0x00,0x06,0x00,0x06,0x00,0x00,0x03,0x30,0x03,0x30,0x00,0x00,0x00,0x00,0x00,0x00,0x0E,
    0x00,0x00,0x06,0x00,0x06,0x00,0x00,0x00,0x06,0x00,0x06,0x00,0x00,0x03,0x36,0x03,0x36,0x00,0x00,0x03,0x30,0x03,0x30,0x00,0x00,0x00,0x00,0x00,0x00,0x0E,
    0x00,0x03,0x36,0x03,0x36,0x00,0x00,0x00,0x06,0x00,0x06,0x00,0x00,0x03,0x36,0x03,0x36,0x00,0x00,0x03,0x30,0x03,0x30,0x00,0x00,0x00,0x00,0x00,0x00,0x0E,
    0x00,0x00,0x06,0x00,0x06,0x00,0x00,0x03,0x36,0x03,0x36,0x00,0x00,0x03,0x36,0x03,0x36,0x00,0x00,0x03,0x30,0x03,0x30,0x00,0x00,0x00,0x00,0x00,0x00,0x0E,
    0x00,0x03,0x36,0x03,0x36,0x00,0x00,0x03,0x36,0x03,0x36,0x00,0x00,0x03,0x36,0x03,0x36,0x00,0x00,0x03,0x30,0x03,0x30,0x00,0x00,0x00,0x00,0x00,0x00,0x0E,
    0x00,0x00,0x00,0x00,0x00,0x00,0x00,0x00,0x00,0x00,0x00,0x00,0x00,0x00,0x00,0x00,0x00,0x00,0x00,0x00,0x06,0x00,0x06,0x00,0x00,0x00,0x00,0x00,0x00,0x0E,
    0x00,0x03,0x30,0x03,0x30,0x00,0x00,0x00,0x00,0x00,0x00,0x00,0x00,0x00,0x00,0x00,0x00,0x00,0x00,0x00,0x06,0x00,0x06,0x00,0x00,0x00,0x00,0x00,0x00,0x0E,
    0x00,0x00,0x00,0x00,0x00,0x00,0x00,0x03,0x30,0x03,0x30,0x00,0x00,0x00,0x00,0x00,0x00,0x00,0x00,0x00,0x06,0x00,0x06,0x00,0x00,0x00,0x00,0x00,0x00,0x0E,
    0x00,0x03,0x30,0x03,0x30,0x00,0x00,0x03,0x30,0x03,0x30,0x00,0x00,0x00,0x00,0x00,0x00,0x00,0x00,0x00,0x06,0x00,0x06,0x00,0x00,0x00,0x00,0x00,0x00,0x0E,
    0x00,0x00,0x00,0x00,0x00,0x00,0x00,0x00,0x00,0x00,0x00,0x00,0x00,0x03,0x30,0x03,0x30,0x00,0x00,0x00,0x06,0x00,0x06,0x00,0x00,0x00,0x00,0x00,0x00,0x0E,
    0x00,0x03,0x30,0x03,0x30,0x00,0x00,0x00,0x00,0x00,0x00,0x00,0x00,0x03,0x30,0x03,0x30,0x00,0x00,0x00,0x06,0x00,0x06,0x00,0x00,0x00,0x00,0x00,0x00,0x0E,
    0x00,0x00,0x00,0x00,0x00,0x00,0x00,0x03,0x30,0x03,0x30,0x00,0x00,0x03,0x30,0x03,0x30,0x00,0x00,0x00,0x06,0x00,0x06,0x00,0x00,0x00,0x00,0x00,0x00,0x0E,
    0x00,0x03,0x30,0x03,0x30,0x00,0x00,0x03,0x30,0x03,0x30,0x00,0x00,0x03,0x30,0x03,0x30,0x00,0x00,0x00,0x06,0x00,0x06,0x00,0x00,0x00,0x00,0x00,0x00,0x0E,
    0x00,0x00,0x06,0x00,0x06,0x00,0x00,0x00,0x00,0x00,0x00,0x00,0x00,0x00,0x00,0x00,0x00,0x00,0x00,0x00,0x06,0x00,0x06,0x00,0x00,0x00,0x00,0x00,0x00,0x0E,
    0x00,0x03,0x36,0x03,0x36,0x00,0x00,0x00,0x00,0x00,0x00,0x00,0x00,0x00,0x00,0x00,0x00,0x00,0x00,0x00,0x06,0x00,0x06,0x00,0x00,0x00,0x00,0x00,0x00,0x0E,
    0x00,0x00,0x06,0x00,0x06,0x00,0x00,0x03,0x30,0x03,0x30,0x00,0x00,0x00,0x00,0x00,0x00,0x00,0x00,0x00,0x06,0x00,0x06,0x00,0x00,0x00,0x00,0x00,0x00,0x0E,
    0x00,0x03,0x36,0x03,0x36,0x00,0x00,0x03,0x30,0x03,0x30,0x00,0x00,0x00,0x00,0x00,0x00,0x00,0x00,0x00,0x06,0x00,0x06,0x00,0x00,0x00,0x00,0x00,0x00,0x0E,
    0x00,0x00,0x06,0x00,0x06,0x00,0x00,0x00,0x00,0x00,0x00,0x00,0x00,0x03,0x30,0x03,0x30,0x00,0x00,0x00,0x06,0x00,0x06,0x00,0x00,0x00,0x00,0x00,0x00,0x0E,
    0x00,0x03,0x36,0x03,0x36,0x00,0x00,0x00,0x00,0x00,0x00,0x00,0x00,0x03,0x30,0x03,0x30,0x00,0x00,0x00,0x06,0x00,0x06,0x00,0x00,0x00,0x00,0x00,0x00,0x0E,
    0x00,0x00,0x06,0x00,0x06,0x00,0x00,0x03,0x30,0x03,0x30,0x00,0x00,0x03,0x30,0x03,0x30,0x00,0x00,0x00,0x06,0x00,0x06,0x00,0x00,0x00,0x00,0x00,0x00,0x0E,
    0x00,0x03,0x36,0x03,0x36,0x00,0x00,0x03,0x30,0x03,0x30,0x00,0x00,0x03,0x30,0x03,0x30,0x00,0x00,0x00,0x06,0x00,0x06,0x00,0x00,0x00,0x00,0x00,0x00,0x0E,
    0x00,0x00,0x00,0x00,0x00,0x00,0x00,0x00,0x06,0x00,0x06,0x00,0x00,0x00,0x00,0x00,0x00,0x00,0x00,0x00,0x06,0x00,0x06,0x00,0x00,0x00,0x00,0x00,0x00,0x0E,
    0x00,0x03,0x30,0x03,0x30,0x00,0x00,0x00,0x06,0x00,0x06,0x00,0x00,0x00,0x00,0x00,0x00,0x00,0x00,0x00,0x06,0x00,0x06,0x00,0x00,0x00,0x00,0x00,0x00,0x0E,
    0x00,0x00,0x00,0x00,0x00,0x00,0x00,0x03,0x36,0x03,0x36,0x00,0x00,0x00,0x00,0x00,0x00,0x00,0x00,0x00,0x06,0x00,0x06,0x00,0x00,0x00,0x00,0x00,0x00,0x0E,
    0x00,0x03,0x30,0x03,0x30,0x00,0x00,0x03,0x36,0x03,0x36,0x00,0x00,0x00,0x00,0x00,0x00,0x00,0x00,0x00,0x06,0x00,0x06,0x00,0x00,0x00,0x00,0x00,0x00,0x0E,
    0x00,0x00,0x00,0x00,0x00,0x00,0x00,0x00,0x06,0x00,0x06,0x00,0x00,0x03,0x30,0x03,0x30,0x00,0x00,0x00,0x06,0x00,0x06,0x00,0x00,0x00,0x00,0x00,0x00,0x0E,
    0x00,0x03,0x30,0x03,0x30,0x00,0x00,0x00,0x06,0x00,0x06,0x00,0x00,0x03,0x30,0x03,0x30,0x00,0x00,0x00,0x06,0x00,0x06,0x00,0x00,0x00,0x00,0x00,0x00,0x0E,
    0x00,0x00,0x00,0x00,0x00,0x00,0x00,0x03,0x36,0x03,0x36,0x00,0x00,0x03,0x30,0x03,0x30,0x00,0x00,0x00,0x06,0x00,0x06,0x00,0x00,0x00,0x00,0x00,0x00,0x0E,
    0x00,0x03,0x30,0x03,0x30,0x00,0x00,0x03,0x36,0x03,0x36,0x00,0x00,0x03,0x30,0x03,0x30,0x00,0x00,0x00,0x06,0x00,0x06,0x00,0x00,0x00,0x00,0x00,0x00,0x0E,
    0x00,0x00,0x06,0x00,0x06,0x00,0x00,0x00,0x06,0x00,0x06,0x00,0x00,0x00,0x00,0x00,0x00,0x00,0x00,0x00,0x06,0x00,0x06,0x00,0x00,0x00,0x00,0x00,0x00,0x0E,
    0x00,0x03,0x36,0x03,0x36,0x00,0x00,0x00,0x06,0x00,0x06,0x00,0x00,0x00,0x00,0x00,0x00,0x00,0x00,0x00,0x06,0x00,0x06,0x00,0x00,0x00,0x00,0x00,0x00,0x0E,
    0x00,0x00,0x06,0x00,0x06,0x00,0x00,0x03,0x36,0x03,0x36,0x00,0x00,0x00,0x00,0x00,0x00,0x00,0x00,0x00,0x06,0x00,0x06,0x00,0x00,0x00,0x00,0x00,0x00,0x0E,
    0x00,0x03,0x36,0x03,0x36,0x00,0x00,0x03,0x36,0x03,0x36,0x00,0x00,0x00,0x00,0x00,0x00,0x00,0x00,0x00,0x06,0x00,0x06,0x00,0x00,0x00,0x00,0x00,0x00,0x0E,
    0x00,0x00,0x06,0x00,0x06,0x00,0x00,0x00,0x06,0x00,0x06,0x00,0x00,0x03,0x30,0x03,0x30,0x00,0x00,0x00,0x06,0x00,0x06,0x00,0x00,0x00,0x00,0x00,0x00,0x0E,
    0x00,0x03,0x36,0x03,0x36,0x00,0x00,0x00,0x06,0x00,0x06,0x00,0x00,0x03,0x30,0x03,0x30,0x00,0x00,0x00,0x06,0x00,0x06,0x00,0x00,0x00,0x00,0x00,0x00,0x0E,
    0x00,0x00,0x06,0x00,0x06,0x00,0x00,0x03,0x36,0x03,0x36,0x00,0x00,0x03,0x30,0x03,0x30,0x00,0x00,0x00,0x06,0x00,0x06,0x00,0x00,0x00,0x00,0x00,0x00,0x0E,
    0x00,0x03,0x36,0x03,0x36,0x00,0x00,0x03,0x36,0x03,0x36,0x00,0x00,0x03,0x30,0x03,0x30,0x00,0x00,0x00,0x06,0x00,0x06,0x00,0x00,0x00,0x00,0x00,0x00,0x0E,
    0x00,0x00,0x00,0x00,0x00,0x00,0x00,0x00,0x00,0x00,0x00,0x00,0x00,0x00,0x06,0x00,0x06,0x00,0x00,0x00,0x06,0x00,0x06,0x00,0x00,0x00,0x00,0x00,0x00,0x0E,
    0x00,0x03,0x30,0x03,0x30,0x00,0x00,0x00,0x00,0x00,0x00,0x00,0x00,0x00,0x06,0x00,0x06,0x00,0x00,0x00,0x06,0x00,0x06,0x00,0x00,0x00,0x00,0x00,0x00,0x0E,
    0x00,0x00,0x00,0x00,0x00,0x00,0x00,0x03,0x30,0x03,0x30,0x00,0x00,0x00,0x06,0x00,0x06,0x00,0x00,0x00,0x06,0x00,0x06,0x00,0x00,0x00,0x00,0x00,0x00,0x0E,
    0x00,0x03,0x30,0x03,0x30,0x00,0x00,0x03,0x30,0x03,0x30,0x00,0x00,0x00,0x06,0x00,0x06,0x00,0x00,0x00,0x06,0x00,0x06,0x00,0x00,0x00,0x00,0x00,0x00,0x0E,
    0x00,0x00,0x00,0x00,0x00,0x00,0x00,0x00,0x00,0x00,0x00,0x00,0x00,0x03,0x36,0x03,0x36,0x00,0x00,0x00,0x06,0x00,0x06,0x00,0x00,0x00,0x00,0x00,0x00,0x0E,
    0x00,0x03,0x30,0x03,0x30,0x00,0x00,0x00,0x00,0x00,0x00,0x00,0x00,0x03,0x36,0x03,0x36,0x00,0x00,0x00,0x06,0x00,0x06,0x00,0x00,0x00,0x00,0x00,0x00,0x0E,
    0x00,0x00,0x00,0x00,0x00,0x00,0x00,0x03,0x30,0x03,0x30,0x00,0x00,0x03,0x36,0x03,0x36,0x00,0x00,0x00,0x06,0x00,0x06,0x00,0x00,0x00,0x00,0x00,0x00,0x0E,
    0x00,0x03,0x30,0x03,0x30,0x00,0x00,0x03,0x30,0x03,0x30,0x00,0x00,0x03,0x36,0x03,0x36,0x00,0x00,0x00,0x06,0x00,0x06,0x00,0x00,0x00,0x00,0x00,0x00,0x0E,
    0x00,0x00,0x06,0x00,0x06,0x00,0x00,0x00,0x00,0x00,0x00,0x00,0x00,0x00,0x06,0x00,0x06,0x00,0x00,0x00,0x06,0x00,0x06,0x00,0x00,0x00,0x00,0x00,0x00,0x0E,
    0x00,0x03,0x36,0x03,0x36,0x00,0x00,0x00,0x00,0x00,0x00,0x00,0x00,0x00,0x06,0x00,0x06,0x00,0x00,0x00,0x06,0x00,0x06,0x00,0x00,0x00,0x00,0x00,0x00,0x0E,
    0x00,0x00,0x06,0x00,0x06,0x00,0x00,0x03,0x30,0x03,0x30,0x00,0x00,0x00,0x06,0x00,0x06,0x00,0x00,0x00,0x06,0x00,0x06,0x00,0x00,0x00,0x00,0x00,0x00,0x0E,
    0x00,0x03,0x36,0x03,0x36,0x00,0x00,0x03,0x30,0x03,0x30,0x00,0x00,0x00,0x06,0x00,0x06,0x00,0x00,0x00,0x06,0x00,0x06,0x00,0x00,0x00,0x00,0x00,0x00,0x0E,
    0x00,0x00,0x06,0x00,0x06,0x00,0x00,0x00,0x00,0x00,0x00,0x00,0x00,0x03,0x36,0x03,0x36,0x00,0x00,0x00,0x06,0x00,0x06,0x00,0x00,0x00,0x00,0x00,0x00,0x0E,
    0x00,0x03,0x36,0x03,0x36,0x00,0x00,0x00,0x00,0x00,0x00,0x00,0x00,0x03,0x36,0x03,0x36,0x00,0x00,0x00,0x06,0x00,0x06,0x00,0x00,0x00,0x00,0x00,0x00,0x0E,
    0x00,0x00,0x06,0x00,0x06,0x00,0x00,0x03,0x30,0x03,0x30,0x00,0x00,0x03,0x36,0x03,0x36,0x00,0x00,0x00,0x06,0x00,0x06,0x00,0x00,0x00,0x00,0x00,0x00,0x0E,
    0x00,0x03,0x36,0x03,0x36,0x00,0x00,0x03,0x30,0x03,0x30,0x00,0x00,0x03,0x36,0x03,0x36,0x00,0x00,0x00,0x06,0x00,0x06,0x00,0x00,0x00,0x00,0x00,0x00,0x0E,
    0x00,0x00,0x00,0x00,0x00,0x00,0x00,0x00,0x06,0x00,0x06,0x00,0x00,0x00,0x06,0x00,0x06,0x00,0x00,0x00,0x06,0x00,0x06,0x00,0x00,0x00,0x00,0x00,0x00,0x0E,
    0x00,0x03,0x30,0x03,0x30,0x00,0x00,0x00,0x06,0x00,0x06,0x00,0x00,0x00,0x06,0x00,0x06,0x00,0x00,0x00,0x06,0x00,0x06,0x00,0x00,0x00,0x00,0x00,0x00,0x0E,
    0x00,0x00,0x00,0x00,0x00,0x00,0x00,0x03,0x36,0x03,0x36,0x00,0x00,0x00,0x06,0x00,0x06,0x00,0x00,0x00,0x06,0x00,0x06,0x00,0x00,0x00,0x00,0x00,0x00,0x0E,
    0x00,0x03,0x30,0x03,0x30,0x00,0x00,0x03,0x36,0x03,0x36,0x00,0x00,0x00,0x06,0x00,0x06,0x00,0x00,0x00,0x06,0x00,0x06,0x00,0x00,0x00,0x00,0x00,0x00,0x0E,
    0x00,0x00,0x00,0x00,0x00,0x00,0x00,0x00,0x06,0x00,0x06,0x00,0x00,0x03,0x36,0x03,0x36,0x00,0x00,0x00,0x06,0x00,0x06,0x00,0x00,0x00,0x00,0x00,0x00,0x0E,
    0x00,0x03,0x30,0x03,0x30,0x00,0x00,0x00,0x06,0x00,0x06,0x00,0x00,0x03,0x36,0x03,0x36,0x00,0x00,0x00,0x06,0x00,0x06,0x00,0x00,0x00,0x00,0x00,0x00,0x0E,
    0x00,0x00,0x00,0x00,0x00,0x00,0x00,0x03,0x36,0x03,0x36,0x00,0x00,0x03,0x36,0x03,0x36,0x00,0x00,0x00,0x06,0x00,0x06,0x00,0x00,0x00,0x00,0x00,0x00,0x0E,
    0x00,0x03,0x30,0x03,0x30,0x00,0x00,0x03,0x36,0x03,0x36,0x00,0x00,0x03,0x36,0x03,0x36,0x00,0x00,0x00,0x06,0x00,0x06,0x00,0x00,0x00,0x00,0x00,0x00,0x0E,
    0x00,0x00,0x06,0x00,0x06,0x00,0x00,0x00,0x06,0x00,0x06,0x00,0x00,0x00,0x06,0x00,0x06,0x00,0x00,0x00,0x06,0x00,0x06,0x00,0x00,0x00,0x00,0x00,0x00,0x0E,
    0x00,0x03,0x36,0x03,0x36,0x00,0x00,0x00,0x06,0x00,0x06,0x00,0x00,0x00,0x06,0x00,0x06,0x00,0x00,0x00,0x06,0x00,0x06,0x00,0x00,0x00,0x00,0x00,0x00,0x0E,
    0x00,0x00,0x06,0x00,0x06,0x00,0x00,0x03,0x36,0x03,0x36,0x00,0x00,0x00,0x06,0x00,0x06,0x00,0x00,0x00,0x06,0x00,0x06,0x00,0x00,0x00,0x00,0x00,0x00,0x0E,
    0x00,0x03,0x36,0x03,0x36,0x00,0x00,0x03,0x36,0x03,0x36,0x00,0x00,0x00,0x06,0x00,0x06,0x00,0x00,0x00,0x06,0x00,0x06,0x00,0x00,0x00,0x00,0x00,0x00,0x0E,
    0x00,0x00,0x06,0x00,0x06,0x00,0x00,0x00,0x06,0x00,0x06,0x00,0x00,0x03,0x36,0x03,0x36,0x00,0x00,0x00,0x06,0x00,0x06,0x00,0x00,0x00,0x00,0x00,0x00,0x0E,
    0x00,0x03,0x36,0x03,0x36,0x00,0x00,0x00,0x06,0x00,0x06,0x00,0x00,0x03,0x36,0x03,0x36,0x00,0x00,0x00,0x06,0x00,0x06,0x00,0x00,0x00,0x00,0x00,0x00,0x0E,
    0x00,0x00,0x06,0x00,0x06,0x00,0x00,0x03,0x36,0x03,0x36,0x00,0x00,0x03,0x36,0x03,0x36,0x00,0x00,0x00,0x06,0x00,0x06,0x00,0x00,0x00,0x00,0x00,0x00,0x0E,
    0x00,0x03,0x36,0x03,0x36,0x00,0x00,0x03,0x36,0x03,0x36,0x00,0x00,0x03,0x36,0x03,0x36,0x00,0x00,0x00,0x06,0x00,0x06,0x00,0x00,0x00,0x00,0x00,0x00,0x0E,
    0x00,0x00,0x00,0x00,0x00,0x00,0x00,0x00,0x00,0x00,0x00,0x00,0x00,0x00,0x00,0x00,0x00,0x00,0x00,0x03,0x36,0x03,0x36,0x00,0x00,0x00,0x00,0x00,0x00,0x0E,
    0x00,0x03,0x30,0x03,0x30,0x00,0x00,0x00,0x00,0x00,0x00,0x00,0x00,0x00,0x00,0x00,0x00,0x00,0x00,0x03,0x36,0x03,0x36,0x00,0x00,0x00,0x00,0x00,0x00,0x0E,
    0x00,0x00,0x00,0x00,0x00,0x00,0x00,0x03,0x30,0x03,0x30,0x00,0x00,0x00,0x00,0x00,0x00,0x00,0x00,0x03,0x36,0x03,0x36,0x00,0x00,0x00,0x00,0x00,0x00,0x0E,
    0x00,0x03,0x30,0x03,0x30,0x00,0x00,0x03,0x30,0x03,0x30,0x00,0x00,0x00,0x00,0x00,0x00,0x00,0x00,0x03,0x36,0x03,0x36,0x00,0x00,0x00,0x00,0x00,0x00,0x0E,
    0x00,0x00,0x00,0x00,0x00,0x00,0x00,0x00,0x00,0x00,0x00,0x00,0x00,0x03,0x30,0x03,0x30,0x00,0x00,0x03,0x36,0x03,0x36,0x00,0x00,0x00,0x00,0x00,0x00,0x0E,
    0x00,0x03,0x30,0x03,0x30,0x00,0x00,0x00,0x00,0x00,0x00,0x00,0x00,0x03,0x30,0x03,0x30,0x00,0x00,0x03,0x36,0x03,0x36,0x00,0x00,0x00,0x00,0x00,0x00,0x0E,
    0x00,0x00,0x00,0x00,0x00,0x00,0x00,0x03,0x30,0x03,0x30,0x00,0x00,0x03,0x30,0x03,0x30,0x00,0x00,0x03,0x36,0x03,0x36,0x00,0x00,0x00,0x00,0x00,0x00,0x0E,
    0x00,0x03,0x30,0x03,0x30,0x00,0x00,0x03,0x30,0x03,0x30,0x00,0x00,0x03,0x30,0x03,0x30,0x00,0x00,0x03,0x36,0x03,0x36,0x00,0x00,0x00,0x00,0x00,0x00,0x0E,
    0x00,0x00,0x06,0x00,0x06,0x00,0x00,0x00,0x00,0x00,0x00,0x00,0x00,0x00,0x00,0x00,0x00,0x00,0x00,0x03,0x36,0x03,0x36,0x00,0x00,0x00,0x00,0x00,0x00,0x0E,
    0x00,0x03,0x36,0x03,0x36,0x00,0x00,0x00,0x00,0x00,0x00,0x00,0x00,0x00,0x00,0x00,0x00,0x00,0x00,0x03,0x36,0x03,0x36,0x00,0x00,0x00,0x00,0x00,0x00,0x0E,
    0x00,0x00,0x06,0x00,0x06,0x00,0x00,0x03,0x30,0x03,0x30,0x00,0x00,0x00,0x00,0x00,0x00,0x00,0x00,0x03,0x36,0x03,0x36,0x00,0x00,0x00,0x00,0x00,0x00,0x0E,
    0x00,0x03,0x36,0x03,0x36,0x00,0x00,0x03,0x30,0x03,0x30,0x00,0x00,0x00,0x00,0x00,0x00,0x00,0x00,0x03,0x36,0x03,0x36,0x00,0x00,0x00,0x00,0x00,0x00,0x0E,
    0x00,0x00,0x06,0x00,0x06,0x00,0x00,0x00,0x00,0x00,0x00,0x00,0x00,0x03,0x30,0x03,0x30,0x00,0x00,0x03,0x36,0x03,0x36,0x00,0x00,0x00,0x00,0x00,0x00,0x0E,
    0x00,0x03,0x36,0x03,0x36,0x00,0x00,0x00,0x00,0x00,0x00,0x00,0x00,0x03,0x30,0x03,0x30,0x00,0x00,0x03,0x36,0x03,0x36,0x00,0x00,0x00,0x00,0x00,0x00,0x0E,
    0x00,0x00,0x06,0x00,0x06,0x00,0x00,0x03,0x30,0x03,0x30,0x00,0x00,0x03,0x30,0x03,0x30,0x00,0x00,0x03,0x36,0x03,0x36,0x00,0x00,0x00,0x00,0x00,0x00,0x0E,
    0x00,0x03,0x36,0x03,0x36,0x00,0x00,0x03,0x30,0x03,0x30,0x00,0x00,0x03,0x30,0x03,0x30,0x00,0x00,0x03,0x36,0x03,0x36,0x00,0x00,0x00,0x00,0x00,0x00,0x0E,
    0x00,0x00,0x00,0x00,0x00,0x00,0x00,0x00,0x06,0x00,0x06,0x00,0x00,0x00,0x00,0x00,0x00,0x00,0x00,0x03,0x36,0x03,0x36,0x00,0x00,0x00,0x00,0x00,0x00,0x0E,
    0x00,0x03,0x30,0x03,0x30,0x00,0x00,0x00,0x06,0x00,0x06,0x00,0x00,0x00,0x00,0x00,0x00,0x00,0x00,0x03,0x36,0x03,0x36,0x00,0x00,0x00,0x00,0x00,0x00,0x0E,
    0x00,0x00,0x00,0x00,0x00,0x00,0x00,0x03,0x36,0x03,0x36,0x00,0x00,0x00,0x00,0x00,0x00,0x00,0x00,0x03,0x36,0x03,0x36,0x00,0x00,0x00,0x00,0x00,0x00,0x0E,
    0x00,0x03,0x30,0x03,0x30,0x00,0x00,0x03,0x36,0x03,0x36,0x00,0x00,0x00,0x00,0x00,0x00,0x00,0x00,0x03,0x36,0x03,0x36,0x00,0x00,0x00,0x00,0x00,0x00,0x0E,
    0x00,0x00,0x00,0x00,0x00,0x00,0x00,0x00,0x06,0x00,0x06,0x00,0x00,0x03,0x30,0x03,0x30,0x00,0x00,0x03,0x36,0x03,0x36,0x00,0x00,0x00,0x00,0x00,0x00,0x0E,
    0x00,0x03,0x30,0x03,0x30,0x00,0x00,0x00,0x06,0x00,0x06,0x00,0x00,0x03,0x30,0x03,0x30,0x00,0x00,0x03,0x36,0x03,0x36,0x00,0x00,0x00,0x00,0x00,0x00,0x0E,
    0x00,0x00,0x00,0x00,0x00,0x00,0x00,0x03,0x36,0x03,0x36,0x00,0x00,0x03,0x30,0x03,0x30,0x00,0x00,0x03,0x36,0x03,0x36,0x00,0x00,0x00,0x00,0x00,0x00,0x0E,
    0x00,0x03,0x30,0x03,0x30,0x00,0x00,0x03,0x36,0x03,0x36,0x00,0x00,0x03,0x30,0x03,0x30,0x00,0x00,0x03,0x36,0x03,0x36,0x00,0x00,0x00,0x00,0x00,0x00,0x0E,
    0x00,0x00,0x06,0x00,0x06,0x00,0x00,0x00,0x06,0x00,0x06,0x00,0x00,0x00,0x00,0x00,0x00,0x00,0x00,0x03,0x36,0x03,0x36,0x00,0x00,0x00,0x00,0x00,0x00,0x0E,
    0x00,0x03,0x36,0x03,0x36,0x00,0x00,0x00,0x06,0x00,0x06,0x00,0x00,0x00,0x00,0x00,0x00,0x00,0x00,0x03,0x36,0x03,0x36,0x00,0x00,0x00,0x00,0x00,0x00,0x0E,
    0x00,0x00,0x06,0x00,0x06,0x00,0x00,0x03,0x36,0x03,0x36,0x00,0x00,0x00,0x00,0x00,0x00,0x00,0x00,0x03,0x36,0x03,0x36,0x00,0x00,0x00,0x00,0x00,0x00,0x0E,
    0x00,0x03,0x36,0x03,0x36,0x00,0x00,0x03,0x36,0x03,0x36,0x00,0x00,0x00,0x00,0x00,0x00,0x00,0x00,0x03,0x36,0x03,0x36,0x00,0x00,0x00,0x00,0x00,0x00,0x0E,
    0x00,0x00,0x06,0x00,0x06,0x00,0x00,0x00,0x06,0x00,0x06,0x00,0x00,0x03,0x30,0x03,0x30,0x00,0x00,0x03,0x36,0x03,0x36,0x00,0x00,0x00,0x00,0x00,0x00,0x0E,
    0x00,0x03,0x36,0x03,0x36,0x00,0x00,0x00,0x06,0x00,0x06,0x00,0x00,0x03,0x30,0x03,0x30,0x00,0x00,0x03,0x36,0x03,0x36,0x00,0x00,0x00,0x00,0x00,0x00,0x0E,
    0x00,0x00,0x06,0x00,0x06,0x00,0x00,0x03,0x36,0x03,0x36,0x00,0x00,0x03,0x30,0x03,0x30,0x00,0x00,0x03,0x36,0x03,0x36,0x00,0x00,0x00,0x00,0x00,0x00,0x0E,
    0x00,0x03,0x36,0x03,0x36,0x00,0x00,0x03,0x36,0x03,0x36,0x00,0x00,0x03,0x30,0x03,0x30,0x00,0x00,0x03,0x36,0x03,0x36,0x00,0x00,0x00,0x00,0x00,0x00,0x0E,
    0x00,0x00,0x00,0x00,0x00,0x00,0x00,0x00,0x00,0x00,0x00,0x00,0x00,0x00,0x06,0x00,0x06,0x00,0x00,0x03,0x36,0x03,0x36,0x00,0x00,0x00,0x00,0x00,0x00,0x0E,
    0x00,0x03,0x30,0x03,0x30,0x00,0x00,0x00,0x00,0x00,0x00,0x00,0x00,0x00,0x06,0x00,0x06,0x00,0x00,0x03,0x36,0x03,0x36,0x00,0x00,0x00,0x00,0x00,0x00,0x0E,
    0x00,0x00,0x00,0x00,0x00,0x00,0x00,0x03,0x30,0x03,0x30,0x00,0x00,0x00,0x06,0x00,0x06,0x00,0x00,0x03,0x36,0x03,0x36,0x00,0x00,0x00,0x00,0x00,0x00,0x0E,
    0x00,0x03,0x30,0x03,0x30,0x00,0x00,0x03,0x30,0x03,0x30,0x00,0x00,0x00,0x06,0x00,0x06,0x00,0x00,0x03,0x36,0x03,0x36,0x00,0x00,0x00,0x00,0x00,0x00,0x0E,
    0x00,0x00,0x00,0x00,0x00,0x00,0x00,0x00,0x00,0x00,0x00,0x00,0x00,0x03,0x36,0x03,0x36,0x00,0x00,0x03,0x36,0x03,0x36,0x00,0x00,0x00,0x00,0x00,0x00,0x0E,
    0x00,0x03,0x30,0x03,0x30,0x00,0x00,0x00,0x00,0x00,0x00,0x00,0x00,0x03,0x36,0x03,0x36,0x00,0x00,0x03,0x36,0x03,0x36,0x00,0x00,0x00,0x00,0x00,0x00,0x0E,
    0x00,0x00,0x00,0x00,0x00,0x00,0x00,0x03,0x30,0x03,0x30,0x00,0x00,0x03,0x36,0x03,0x36,0x00,0x00,0x03,0x36,0x03,0x36,0x00,0x00,0x00,0x00,0x00,0x00,0x0E,
    0x00,0x03,0x30,0x03,0x30,0x00,0x00,0x03,0x30,0x03,0x30,0x00,0x00,0x03,0x36,0x03,0x36,0x00,0x00,0x03,0x36,0x03,0x36,0x00,0x00,0x00,0x00,0x00,0x00,0x0E,
    0x00,0x00,0x06,0x00,0x06,0x00,0x00,0x00,0x00,0x00,0x00,0x00,0x00,0x00,0x06,0x00,0x06,0x00,0x00,0x03,0x36,0x03,0x36,0x00,0x00,0x00,0x00,0x00,0x00,0x0E,
    0x00,0x03,0x36,0x03,0x36,0x00,0x00,0x00,0x00,0x00,0x00,0x00,0x00,0x00,0x06,0x00,0x06,0x00,0x00,0x03,0x36,0x03,0x36,0x00,0x00,0x00,0x00,0x00,0x00,0x0E,
    0x00,0x00,0x06,0x00,0x06,0x00,0x00,0x03,0x30,0x03,0x30,0x00,0x00,0x00,0x06,0x00,0x06,0x00,0x00,0x03,0x36,0x03,0x36,0x00,0x00,0x00,0x00,0x00,0x00,0x0E,
    0x00,0x03,0x36,0x03,0x36,0x00,0x00,0x03,0x30,0x03,0x30,0x00,0x00,0x00,0x06,0x00,0x06,0x00,0x00,0x03,0x36,0x03,0x36,0x00,0x00,0x00,0x00,0x00,0x00,0x0E,
    0x00,0x00,0x06,0x00,0x06,0x00,0x00,0x00,0x00,0x00,0x00,0x00,0x00,0x03,0x36,0x03,0x36,0x00,0x00,0x03,0x36,0x03,0x36,0x00,0x00,0x00,0x00,0x00,0x00,0x0E,
    0x00,0x03,0x36,0x03,0x36,0x00,0x00,0x00,0x00,0x00,0x00,0x00,0x00,0x03,0x36,0x03,0x36,0x00,0x00,0x03,0x36,0x03,0x36,0x00,0x00,0x00,0x00,0x00,0x00,0x0E,
    0x00,0x00,0x06,0x00,0x06,0x00,0x00,0x03,0x30,0x03,0x30,0x00,0x00,0x03,0x36,0x03,0x36,0x00,0x00,0x03,0x36,0x03,0x36,0x00,0x00,0x00,0x00,0x00,0x00,0x0E,
    0x00,0x03,0x36,0x03,0x36,0x00,0x00,0x03,0x30,0x03,0x30,0x00,0x00,0x03,0x36,0x03,0x36,0x00,0x00,0x03,0x36,0x03,0x36,0x00,0x00,0x00,0x00,0x00,0x00,0x0E,
    0x00,0x00,0x00,0x00,0x00,0x00,0x00,0x00,0x06,0x00,0x06,0x00,0x00,0x00,0x06,0x00,0x06,0x00,0x00,0x03,0x36,0x03,0x36,0x00,0x00,0x00,0x00,0x00,0x00,0x0E,
    0x00,0x03,0x30,0x03,0x30,0x00,0x00,0x00,0x06,0x00,0x06,0x00,0x00,0x00,0x06,0x00,0x06,0x00,0x00,0x03,0x36,0x03,0x36,0x00,0x00,0x00,0x00,0x00,0x00,0x0E,
    0x00,0x00,0x00,0x00,0x00,0x00,0x00,0x03,0x36,0x03,0x36,0x00,0x00,0x00,0x06,0x00,0x06,0x00,0x00,0x03,0x36,0x03,0x36,0x00,0x00,0x00,0x00,0x00,0x00,0x0E,
    0x00,0x03,0x30,0x03,0x30,0x00,0x00,0x03,0x36,0x03,0x36,0x00,0x00,0x00,0x06,0x00,0x06,0x00,0x00,0x03,0x36,0x03,0x36,0x00,0x00,0x00,0x00,0x00,0x00,0x0E,
    0x00,0x00,0x00,0x00,0x00,0x00,0x00,0x00,0x06,0x00,0x06,0x00,0x00,0x03,0x36,0x03,0x36,0x00,0x00,0x03,0x36,0x03,0x36,0x00,0x00,0x00,0x00,0x00,0x00,0x0E,
    0x00,0x03,0x30,0x03,0x30,0x00,0x00,0x00,0x06,0x00,0x06,0x00,0x00,0x03,0x36,0x03,0x36,0x00,0x00,0x03,0x36,0x03,0x36,0x00,0x00,0x00,0x00,0x00,0x00,0x0E,
    0x00,0x00,0x00,0x00,0x00,0x00,0x00,0x03,0x36,0x03,0x36,0x00,0x00,0x03,0x36,0x03,0x36,0x00,0x00,0x03,0x36,0x03,0x36,0x00,0x00,0x00,0x00,0x00,0x00,0x0E,
    0x00,0x03,0x30,0x03,0x30,0x00,0x00,0x03,0x36,0x03,0x36,0x00,0x00,0x03,0x36,0x03,0x36,0x00,0x00,0x03,0x36,0x03,0x36,0x00,0x00,0x00,0x00,0x00,0x00,0x0E,
    0x00,0x00,0x06,0x00,0x06,0x00,0x00,0x00,0x06,0x00,0x06,0x00,0x00,0x00,0x06,0x00,0x06,0x00,0x00,0x03,0x36,0x03,0x36,0x00,0x00,0x00,0x00,0x00,0x00,0x0E,
    0x00,0x03,0x36,0x03,0x36,0x00,0x00,0x00,0x06,0x00,0x06,0x00,0x00,0x00,0x06,0x00,0x06,0x00,0x00,0x03,0x36,0x03,0x36,0x00,0x00,0x00,0x00,0x00,0x00,0x0E,
    0x00,0x00,0x06,0x00,0x06,0x00,0x00,0x03,0x36,0x03,0x36,0x00,0x00,0x00,0x06,0x00,0x06,0x00,0x00,0x03,0x36,0x03,0x36,0x00,0x00,0x00,0x00,0x00,0x00,0x0E,
    0x00,0x03,0x36,0x03,0x36,0x00,0x00,0x03,0x36,0x03,0x36,0x00,0x00,0x00,0x06,0x00,0x06,0x00,0x00,0x03,0x36,0x03,0x36,0x00,0x00,0x00,0x00,0x00,0x00,0x0E,
    0x00,0x00,0x06,0x00,0x06,0x00,0x00,0x00,0x06,0x00,0x06,0x00,0x00,0x03,0x36,0x03,0x36,0x00,0x00,0x03,0x36,0x03,0x36,0x00,0x00,0x00,0x00,0x00,0x00,0x0E,
    0x00,0x03,0x36,0x03,0x36,0x00,0x00,0x00,0x06,0x00,0x06,0x00,0x00,0x03,0x36,0x03,0x36,0x00,0x00,0x03,0x36,0x03,0x36,0x00,0x00,0x00,0x00,0x00,0x00,0x0E,
    0x00,0x00,0x06,0x00,0x06,0x00,0x00,0x03,0x36,0x03,0x36,0x00,0x00,0x03,0x36,0x03,0x36,0x00,0x00,0x03,0x36,0x03,0x36,0x00,0x00,0x00,0x00,0x00,0x00,0x0E,
    0x00,0x03,0x36,0x03,0x36,0x00,0x00,0x03,0x36,0x03,0x36,0x00,0x00,0x03,0x36,0x03,0x36,0x00,0x00,0x03,0x36,0x03,0x36,0x00,0x00,0x00,0x00,0x00,0x00,0x0E,
    0x00,0x00,0x00,0x00,0x0C,0x00,0x12,0x00,0x10,0x00,0x10,0x00,0x10,0x00,0x7E,0x00,0x12,0x00,0x12,0x00,0x12,0x00,0x12,0x00,0x00,0x00,0x00,0x00,0x00,0x00,
    0x00,0x00,0x00,0x00,0x0E,0x00,0x12,0x00,0x12,0x00,0x12,0x00,0x12,0x00,0x7E,0x00,0x12,0x00,0x12,0x00,0x12,0x00,0x12,0x00,0x00,0x00,0x00,0x00,0x00,0x00,
    0x00,0x00,0x00,0x00,0x3E,0x00,0x63,0x00,0x5D,0x00,0x7D,0x00,0x7B,0x00,0x77,0x00,0x77,0x00,0x7F,0x00,0x77,0x00,0x3E,0x00,0x00,0x00,0x00,0x00,0x00,0x00,
};
const GfxFont font_9x15 = { 9, 15, 12, 10, 1596, codes_9x15, rows_9x15 };

/* 10x20.bdf: 1596 glyphs in 10x20 cells */
static const unsigned short codes_10x20[] = {
    0x0020, 0x0021, 0x0022, 0x0023, 0x0024, 0x0025, 0x0026, 0x0027, 0x0028, 0x0029, 0x002A, 0x002B,
    0x002C, 0x002D, 0x002E, 0x002F, 0x0030, 0x0031, 0x0032, 0x0033, 0x0034, 0x0035, 0x0036, 0x0037,
    0x0038, 0x0039, 0x003A, 0x003B, 0x003C, 0x003D, 0x003E, 0x003F, 0x0040, 0x0041, 0x0042, 0x0043,
    0x0044, 0x0045, 0x0046, 0x0047, 0x0048, 0x0049, 0x004A, 0x004B, 0x004C, 0x004D, 0x004E, 0x004F,
    0x0050, 0x0051, 0x0052, 0x0053, 0x0054, 0x0055, 0x0056, 0x0057, 0x0058, 0x0059, 0x005A, 0x005B,
    0x005C, 0x005D, 0x005E, 0x005F, 0x0060, 0x0061, 0x0062, 0x0063, 0x0064, 0x0065, 0x0066, 0x0067,
    0x0068, 0x0069, 0x006A, 0x006B, 0x006C, 0x006D, 0x006E, 0x006F, 0x0070, 0x0071, 0x0072, 0x0073,
    0x0074, 0x0075, 0x0076, 0x0077, 0x0078, 0x0079, 0x007A, 0x007B, 0x007C, 0x007D, 0x007E, 0x00A0,
    0x00A1, 0x00A2, 0x00A3, 0x00A4, 0x00A5, 0x00A6, 0x00A7, 0x00A8, 0x00A9, 0x00AA, 0x00AB, 0x00AC,
    0x00AD, 0x00AE, 0x00AF, 0x00B0, 0x00B1, 0x00B2, 0x00B3, 0x00B4, 0x00B5, 0x00B6, 0x00B7, 0x00B8,
    0x00B9, 0x00BA, 0x00BB, 0x00BC, 0x00BD, 0x00BE, 0x00BF, 0x00C0, 0x00C1, 0x00C2, 0x00C3, 0x00C4,
    0x00C5, 0x00C6, 0x00C7, 0x00C8, 0x00C9, 0x00CA, 0x00CB, 0x00CC, 0x00CD, 0x00CE, 0x00CF, 0x00D0,
    0x00D1, 0x00D2, 0x00D3, 0x00D4, 0x00D5, 0x00D6, 0x00D7, 0x00D8, 0x00D9, 0x00DA, 0x00DB, 0x00DC,
    0x00DD, 0x00DE, 0x00DF, 0x00E0, 0x00E1, 0x00E2, 0x00E3, 0x00E4, 0x00E5, 0x00E6, 0x00E7, 0x00E8,
    0x00E9, 0x00EA, 0x00EB, 0x00EC, 0x00ED, 0x00EE, 0x00EF, 0x00F0, 0x00F1, 0x00F2, 0x00F3, 0x00F4,
    0x00F5, 0x00F6, 0x00F7, 0x00F8, 0x00F9, 0x00FA, 0x00FB, 0x00FC, 0x00FD, 0x00FE, 0x00FF, 0x0100,
    0x0101, 0x0102, 0x0103, 0x0104, 0x0105, 0x0106, 0x0107, 0x0108, 0x0109, 0x010A, 0x010B, 0x010C,
    0x010D, 0x010E, 0x010F, 0x0110, 0x0111, 0x0112, 0x0113, 0x0114, 0x0115, 0x0116, 0x0117, 0x0118,
    0x0119, 0x011A, 0x011B, 0x011C, 0x011D, 0x011E, 0x011F, 0x0120, 0x0121, 0x0122, 0x0123, 0x0124,
    0x0125, 0x0126, 0x0127, 0x0128, 0x0129, 0x012A, 0x012B, 0x012C, 0x012D, 0x012E, 0x012F, 0x0130,
    0x0131, 0x0132, 0x0133, 0x0134, 0x0135, 0x0136, 0x0137, 0x0138, 0x0139, 0x013A, 0x013B, 0x013C,
    0x013D, 0x013E, 0x013F, 0x0140, 0x0141, 0x0142, 0x0143, 0x0144, 0x0145, 0x0146, 0x0147, 0x0148,
    0x0149, 0x014A, 0x014B, 0x014C, 0x014D, 0x014E, 0x014F, 0x0150, 0x0151, 0x0152, 0x0153, 0x0154,
    0x0155, 0x0156, 0x0157, 0x0158, 0x0159, 0x015A, 0x015B, 0x015C, 0x015D, 0x015E, 0x015F, 0x0160,
    0x0161, 0x0162, 0x0163, 0x0164, 0x0165, 0x0166, 0x0167, 0x0168, 0x0169, 0x016A, 0x016B, 0x016C,
    0x016D, 0x016E, 0x016F, 0x0170, 0x0171, 0x0172, 0x0173, 0x0174, 0x0175, 0x0176, 0x0177, 0x0178,
    0x0179, 0x017A, 0x017B, 0x017C, 0x017D, 0x017E, 0x017F, 0x018F, 0x0192, 0x01A0, 0x01A1, 0x01AF,
    0x01B0, 0x01B5, 0x01B6, 0x01D1, 0x01D2, 0x01E6, 0x01E7, 0x01FA, 0x01FB, 0x01FC, 0x01FD, 0x01FE,
    0x01FF, 0x0218, 0x0219, 0x021A, 0x021B, 0x0259, 0x02BC, 0x02BD, 0x02C6, 0x02C7, 0x02C9, 0x02D6,
    0x02D8, 0x02D9, 0x02DA, 0x02DB, 0x02DC, 0x02DD, 0x0300, 0x0301, 0x0302, 0x0303, 0x0304, 0x0305,
    0x0306, 0x0307, 0x0308, 0x0309, 0x030A, 0x030B, 0x030C, 0x030D, 0x030E, 0x030F, 0x0310, 0x0311,
    0x0323, 0x0324, 0x0338, 0x0340, 0x0341, 0x0374, 0x0375, 0x037A, 0x037E, 0x0384, 0x0385, 0x0386,
    0x0387, 0x0388, 0x0389, 0x038A, 0x038C, 0x038E, 0x038F, 0x0390, 0x0391, 0x0392, 0x0393, 0x0394,
    0x0395, 0x0396, 0x0397, 0x0398, 0x0399, 0x039A, 0x039B, 0x039C, 0x039D, 0x039E, 0x039F, 0x03A0,
    0x03A1, 0x03A3, 0x03A4, 0x03A5, 0x03A6, 0x03A7, 0x03A8, 0x03A9, 0x03AA, 0x03AB, 0x03AC, 0x03AD,
    0x03AE, 0x03AF, 0x03B0, 0x03B1, 0x03B2, 0x03B3, 0x03B4, 0x03B5, 0x03B6, 0x03B7, 0x03B8, 0x03B9,
    0x03BA, 0x03BB, 0x03BC, 0x03BD, 0x03BE, 0x03BF, 0x03C0, 0x03C1, 0x03C2, 0x03C3, 0x03C4, 0x03C5,
    0x03C6, 0x03C7, 0x03C8, 0x03C9, 0x03CA, 0x03CB, 0x03CC, 0x03CD, 0x03CE, 0x03D0, 0x03D1, 0x03D2,
    0x03D3, 0x03D4, 0x03D5, 0x03D6, 0x03D7, 0x03DA, 0x03DB, 0x03DC, 0x03DD, 0x03DE, 0x03DF, 0x03E0,
    0x03E1, 0x03F0, 0x03F1, 0x03F2, 0x03F3, 0x03F4, 0x03F5, 0x0401, 0x0402, 0x0403, 0x0404, 0x0405,
    0x0406, 0x0407, 0x0408, 0x0409, 0x040A, 0x040B, 0x040C, 0x040E, 0x040F, 0x0410, 0x0411, 0x0412,
    0x0413, 0x0414, 0x0415, 0x0416, 0x0417, 0x0418, 0x0419, 0x041A, 0x041B, 0x041C, 0x041D, 0x041E,
    0x041F, 0x0420, 0x0421, 0x0422, 0x0423, 0x0424, 0x0425, 0x0426, 0x0427, 0x0428, 0x0429, 0x042A,
    0x042B, 0x042C, 0x042D, 0x042E, 0x042F, 0x0430, 0x0431, 0x0432, 0x0433, 0x0434, 0x0435, 0x0436,
    0x0437, 0x0438, 0x0439, 0x043A, 0x043B, 0x043C, 0x043D, 0x043E, 0x043F, 0x0440, 0x0441, 0x0442,
    0x0443, 0x0444, 0x0445, 0x0446, 0x0447, 0x0448, 0x0449, 0x044A, 0x044B, 0x044C, 0x044D, 0x044E,
    0x044F, 0x0451, 0x0452, 0x0453, 0x0454, 0x0455, 0x0456, 0x0457, 0x0458, 0x0459, 0x045A, 0x045B,
    0x045C, 0x045E, 0x045F, 0x0462, 0x0463, 0x0470, 0x0471, 0x0472, 0x0473, 0x0474, 0x0475, 0x0476,
    0x0477, 0x0490, 0x0491, 0x0492, 0x0493, 0x0496, 0x0497, 0x049A, 0x049B, 0x04AE, 0x04AF, 0x04B0,
    0x04B1, 0x04B2, 0x04B3, 0x04BA, 0x04BB, 0x04D8, 0x04D9, 0x04E2, 0x04E3, 0x04E8, 0x04E9, 0x04EE,
    0x04EF, 0x05D0, 0x05D1, 0x05D2, 0x05D3, 0x05D4, 0x05D5, 0x05D6, 0x05D7, 0x05D8, 0x05D9, 0x05DA,
    0x05DB, 0x05DC, 0x05DD, 0x05DE, 0x05DF, 0x05E0, 0x05E1, 0x05E2, 0x05E3, 0x05E4, 0x05E5, 0x05E6,
    0x05E7, 0x05E8, 0x05E9, 0x05EA, 0x16A0, 0x16A2, 0x16A3, 0x16A6, 0x16A9, 0x16AA, 0x16AB, 0x16AC,
    0x16B1, 0x16B3, 0x16B7, 0x16B8, 0x16B9, 0x16BB, 0x16BE, 0x16C1, 0x16C4, 0x16C7, 0x16C8, 0x16C9,
    0x16CB, 0x16CF, 0x16D2, 0x16D6, 0x16D7, 0x16DA, 0x16DD, 0x16DE, 0x16DF, 0x16E0, 0x16E1, 0x16E2,
    0x16E3, 0x16E5, 0x16EB, 0x16EC, 0x16ED, 0x1E02, 0x1E03, 0x1E04, 0x1E0A, 0x1E0B, 0x1E1E, 0x1E1F,
    0x1E40, 0x1E41, 0x1E56, 0x1E57, 0x1E60, 0x1E61, 0x1E6A, 0x1E6B, 0x1E80, 0x1E81, 0x1E82, 0x1E83,
    0x1E84, 0x1E85, 0x1EF2, 0x1EF3, 0x1F00, 0x1F01, 0x1F02, 0x1F03, 0x1F04, 0x1F05, 0x1F06, 0x1F07,
    0x1F08, 0x1F09, 0x1F0A, 0x1F0B, 0x1F0C, 0x1F0D, 0x1F0E, 0x1F0F, 0x1F10, 0x1F11, 0x1F12, 0x1F13,
    0x1F14, 0x1F15, 0x1F18, 0x1F19, 0x1F1A, 0x1F1B, 0x1F1C, 0x1F1D, 0x1F20, 0x1F21, 0x1F22, 0x1F23,
    0x1F24, 0x1F25, 0x1F26, 0x1F27, 0x1F28, 0x1F29, 0x1F2A, 0x1F2B, 0x1F2C, 0x1F2D, 0x1F2E, 0x1F2F,
    0x1F30, 0x1F31, 0x1F32, 0x1F33, 0x1F34, 0x1F35, 0x1F36, 0x1F37, 0x1F38, 0x1F39, 0x1F3A, 0x1F3B,
    0x1F3C, 0x1F3D, 0x1F3E, 0x1F3F, 0x1F40, 0x1F41, 0x1F42, 0x1F43, 0x1F44, 0x1F45, 0x1F48, 0x1F49,
    0x1F4A, 0x1F4B, 0x1F4C, 0x1F4D, 0x1F50, 0x1F51, 0x1F52, 0x1F53, 0x1F54, 0x1F55, 0x1F56, 0x1F57,
    0x1F59, 0x1F5B, 0x1F5D, 0x1F5F, 0x1F60, 0x1F61, 0x1F62, 0x1F63, 0x1F64, 0x1F65, 0x1F66, 0x1F67,
    0x1F68, 0x1F69, 0x1F6A, 0x1F6B, 0x1F6C, 0x1F6D, 0x1F6E, 0x1F6F, 0x1F70, 0x1F71, 0x1F72, 0x1F73,
    0x1F74, 0x1F75, 0x1F76, 0x1F77, 0x1F78, 0x1F79, 0x1F7A, 0x1F7B, 0x1F7C, 0x1F7D, 0x1F80, 0x1F81,
    0x1F82, 0x1F83, 0x1F84, 0x1F85, 0x1F86, 0x1F87, 0x1F88, 0x1F89, 0x1F8A, 0x1F8B, 0x1F8C, 0x1F8D,
    0x1F8E, 0x1F8F, 0x1F90, 0x1F91, 0x1F92, 0x1F93, 0x1F94, 0x1F95, 0x1F96, 0x1F97, 0x1F98, 0x1F99,
    0x1F9A, 0x1F9B, 0x1F9C, 0x1F9D, 0x1F9E, 0x1F9F, 0x1FA0, 0x1FA1, 0x1FA2, 0x1FA3, 0x1FA4, 0x1FA5,
    0x1FA6, 0x1FA7, 0x1FA8, 0x1FA9, 0x1FAA, 0x1FAB, 0x1FAC, 0x1FAD, 0x1FAE, 0x1FAF, 0x1FB0, 0x1FB1,
    0x1FB2, 0x1FB3, 0x1FB4, 0x1FB6, 0x1FB7, 0x1FB8, 0x1FB9, 0x1FBA, 0x1FBB, 0x1FBC, 0x1FBD, 0x1FBE,
    0x1FBF, 0x1FC0, 0x1FC1, 0x1FC2, 0x1FC3, 0x1FC4, 0x1FC6, 0x1FC7, 0x1FC8, 0x1FC9, 0x1FCA, 0x1FCB,
    0x1FCC, 0x1FCD, 0x1FCE, 0x1FCF, 0x1FD0, 0x1FD1, 0x1FD2, 0x1FD3, 0x1FD6, 0x1FD7, 0x1FD8, 0x1FD9,
    0x1FDA, 0x1FDB, 0x1FDD, 0x1FDE, 0x1FDF, 0x1FE0, 0x1FE1, 0x1FE2, 0x1FE3, 0x1FE4, 0x1FE5, 0x1FE6,
    0x1FE7, 0x1FE8, 0x1FE9, 0x1FEA, 0x1FEB, 0x1FEC, 0x1FED, 0x1FEE, 0x1FEF, 0x1FF2, 0x1FF3, 0x1FF4,
    0x1FF6, 0x1FF7, 0x1FF8, 0x1FF9, 0x1FFA, 0x1FFB, 0x1FFC, 0x1FFD, 0x1FFE, 0x2010, 0x2011, 0x2012,
    0x2013, 0x2014, 0x2015, 0x2016, 0x2017, 0x2018, 0x2019, 0x201A, 0x201B, 0x201C, 0x201D, 0x201E,
    0x201F, 0x2020, 0x2021, 0x2022, 0x2023, 0x2024, 0x2025, 0x2026, 0x2027, 0x2030, 0x2032, 0x2033,
    0x2034, 0x2035, 0x2036, 0x2037, 0x2039, 0x203A, 0x203C, 0x203E, 0x2044, 0x2070, 0x2071, 0x2074,
    0x2075, 0x2076, 0x2077, 0x2078, 0x2079, 0x207A, 0x207B, 0x207C, 0x207D, 0x207E, 0x207F, 0x2080,
    0x2081, 0x2082, 0x2083, 0x2084, 0x2085, 0x2086, 0x2087, 0x2088, 0x2089, 0x208A, 0x208B, 0x208C,
    0x208D, 0x208E, 0x20A3, 0x20A4, 0x20A7, 0x20AB, 0x20AC, 0x20AF, 0x20D0, 0x20D1, 0x20D2, 0x20D3,
    0x20D4, 0x20D5, 0x20D6, 0x20D7, 0x2102, 0x2105, 0x2113, 0x2115, 0x2116, 0x211A, 0x211D, 0x2122,
    0x2124, 0x2126, 0x2127, 0x212E, 0x215B, 0x215C, 0x215D, 0x215E, 0x2190, 0x2191, 0x2192, 0x2193,
    0x2194, 0x2195, 0x2196, 0x2197, 0x2198, 0x2199, 0x21A4, 0x21A5, 0x21A6, 0x21A7, 0x21A8, 0x21C4,
    0x21C6, 0x21CB, 0x21CC, 0x21D0, 0x21D1, 0x21D2, 0x21D3, 0x21D4, 0x21D5, 0x2200, 0x2201, 0x2202,
    0x2203, 0x2204, 0x2205, 0x2206, 0x2207, 0x2208, 0x2209, 0x220B, 0x220C, 0x220F, 0x2211, 0x2212,
    0x2213, 0x2215, 0x2218, 0x2219, 0x221A, 0x221D, 0x221E, 0x221F, 0x2221, 0x2224, 0x2225, 0x2226,
    0x2227, 0x2228, 0x2229, 0x222A, 0x222B, 0x222E, 0x223C, 0x2243, 0x2245, 0x2248, 0x2249, 0x2259,
    0x225F, 0x2260, 0x2261, 0x2262, 0x2264, 0x2265, 0x226A, 0x226B, 0x2282, 0x2283, 0x2284, 0x2285,
    0x2286, 0x2287, 0x2288, 0x2289, 0x228A, 0x228B, 0x2295, 0x2297, 0x22A4, 0x22A5, 0x22A6, 0x22A7,
    0x22C0, 0x22C1, 0x22C2, 0x22C3, 0x22C5, 0x22EE, 0x22EF, 0x22F0, 0x22F1, 0x2300, 0x2302, 0x2308,
    0x2309, 0x230A, 0x230B, 0x2310, 0x2320, 0x2321, 0x23BA, 0x23BB, 0x23BC, 0x23BD, 0x2409, 0x240A,
    0x240B, 0x240C, 0x240D, 0x2424, 0x2500, 0x2501, 0x2502, 0x2503, 0x2504, 0x2505, 0x2506, 0x2507,
    0x2508, 0x2509, 0x250A, 0x250B, 0x250C, 0x250D, 0x250E, 0x250F, 0x2510, 0x2511, 0x2512, 0x2513,
    0x2514, 0x2515, 0x2516, 0x2517, 0x2518, 0x2519, 0x251A, 0x251B, 0x251C, 0x251D, 0x251E, 0x251F,
    0x2520, 0x2521, 0x2522, 0x2523, 0x2524, 0x2525, 0x2526, 0x2527, 0x2528, 0x2529, 0x252A, 0x252B,
    0x252C, 0x252D, 0x252E, 0x252F, 0x2530, 0x2531, 0x2532, 0x2533, 0x2534, 0x2535, 0x2536, 0x2537,
    0x2538, 0x2539, 0x253A, 0x253B, 0x253C, 0x253D, 0x253E, 0x253F, 0x2540, 0x2541, 0x2542, 0x2543,
    0x2544, 0x2545, 0x2546, 0x2547, 0x2548, 0x2549, 0x254A, 0x254B, 0x254C, 0x254D, 0x254E, 0x254F,
    0x2550, 0x2551, 0x2552, 0x2553, 0x2554, 0x2555, 0x2556, 0x2557, 0x2558, 0x2559, 0x255A, 0x255B,
    0x255C, 0x255D, 0x255E, 0x255F, 0x2560, 0x2561, 0x2562, 0x2563, 0x2564, 0x2565, 0x2566, 0x2567,
    0x2568, 0x2569, 0x256A, 0x256B, 0x256C, 0x256D, 0x256E, 0x256F, 0x2570, 0x2571, 0x2572, 0x2573,
    0x2574, 0x2575, 0x2576, 0x2577, 0x2578, 0x2579, 0x257A, 0x257B, 0x257C, 0x257D, 0x257E, 0x257F,
    0x2580, 0x2581, 0x2582, 0x2583, 0x2584, 0x2585, 0x2586, 0x2587, 0x2588, 0x2589, 0x258A, 0x258B,
    0x258C, 0x258D, 0x258E, 0x258F, 0x2590, 0x2591, 0x2592, 0x2593, 0x2594, 0x2595, 0x2596, 0x2597,
    0x2598, 0x2599, 0x259A, 0x259B, 0x259C, 0x259D, 0x259E, 0x259F, 0x25A0, 0x25A1, 0x25AA, 0x25AB,
    0x25AC, 0x25AE, 0x25B2, 0x25B3, 0x25BA, 0x25BB, 0x25BC, 0x25BD, 0x25C4, 0x25C5, 0x25C6, 0x25CA,
    0x25CB, 0x25CC, 0x25CF, 0x25D8, 0x25D9, 0x25E6, 0x2600, 0x263A, 0x263B, 0x263C, 0x263F, 0x2640,
    0x2641, 0x2642, 0x2660, 0x2661, 0x2662, 0x2663, 0x2664, 0x2665, 0x2666, 0x266A, 0x266B, 0x266C,
    0x266D, 0x266E, 0x266F, 0x27E8, 0x27E9, 0x2800, 0x2801, 0x2802, 0x2803, 0x2804, 0x2805, 0x2806,
    0x2807, 0x2808, 0x2809, 0x280A, 0x280B, 0x280C, 0x280D, 0x280E, 0x280F, 0x2810, 0x2811, 0x2812,
    0x2813, 0x2814, 0x2815, 0x2816, 0x2817, 0x2818, 0x2819, 0x281A, 0x281B, 0x281C, 0x281D, 0x281E,
    0x281F, 0x2820, 0x2821, 0x2822, 0x2823, 0x2824, 0x2825, 0x2826, 0x2827, 0x2828, 0x2829, 0x282A,
    0x282B, 0x282C, 0x282D, 0x282E, 0x282F, 0x2830, 0x2831, 0x2832, 0x2833, 0x2834, 0x2835, 0x2836,
    0x2837, 0x2838, 0x2839, 0x283A, 0x283B, 0x283C, 0x283D, 0x283E, 0x283F, 0x2840, 0x2841, 0x2842,
    0x2843, 0x2844, 0x2845, 0x2846, 0x2847, 0x2848, 0x2849, 0x284A, 0x284B, 0x284C, 0x284D, 0x284E,
    0x284F, 0x2850, 0x2851, 0x2852, 0x2853, 0x2854, 0x2855, 0x2856, 0x2857, 0x2858, 0x2859, 0x285A,
    0x285B, 0x285C, 0x285D, 0x285E, 0x285F, 0x2860, 0x2861, 0x2862, 0x2863, 0x2864, 0x2865, 0x2866,
    0x2867, 0x2868, 0x2869, 0x286A, 0x286B, 0x286C, 0x286D, 0x286E, 0x286F, 0x2870, 0x2871, 0x2872,
    0x2873, 0x2874, 0x2875, 0x2876, 0x2877, 0x2878, 0x2879, 0x287A, 0x287B, 0x287C, 0x287D, 0x287E,
    0x287F, 0x2880, 0x2881, 0x2882, 0x2883, 0x2884, 0x2885, 0x2886, 0x2887, 0x2888, 0x2889, 0x288A,
    0x288B, 0x288C, 0x288D, 0x288E, 0x288F, 0x2890, 0x2891, 0x2892, 0x2893, 0x2894, 0x2895, 0x2896,
    0x2897, 0x2898, 0x2899, 0x289A, 0x289B, 0x289C, 0x289D, 0x289E, 0x289F, 0x28A0, 0x28A1, 0x28A2,
    0x28A3, 0x28A4, 0x28A5, 0x28A6, 0x28A7, 0x28A8, 0x28A9, 0x28AA, 0x28AB, 0x28AC, 0x28AD, 0x28AE,
    0x28AF, 0x28B0, 0x28B1, 0x28B2, 0x28B3, 0x28B4, 0x28B5, 0x28B6, 0x28B7, 0x28B8, 0x28B9, 0x28BA,
    0x28BB, 0x28BC, 0x28BD, 0x28BE, 0x28BF, 0x28C0, 0x28C1, 0x28C2, 0x28C3, 0x28C4, 0x28C5, 0x28C6,
    0x28C7, 0x28C8, 0x28C9, 0x28CA, 0x28CB, 0x28CC, 0x28CD, 0x28CE, 0x28CF, 0x28D0, 0x28D1, 0x28D2,
    0x28D3, 0x28D4, 0x28D5, 0x28D6, 0x28D7, 0x28D8, 0x28D9, 0x28DA, 0x28DB, 0x28DC, 0x28DD, 0x28DE,
    0x28DF, 0x28E0, 0x28E1, 0x28E2, 0x28E3, 0x28E4, 0x28E5, 0x28E6, 0x28E7, 0x28E8, 0x28E9, 0x28EA,
    0x28EB, 0x28EC, 0x28ED, 0x28EE, 0x28EF, 0x28F0, 0x28F1, 0x28F2, 0x28F3, 0x28F4, 0x28F5, 0x28F6,
    0x28F7, 0x28F8, 0x28F9, 0x28FA, 0x28FB, 0x28FC, 0x28FD, 0x28FE, 0x28FF, 0xFB01, 0xFB02, 0xFFFD,
};
static const unsigned char rows_10x20[] = {
    0x00,0x00,0x00,0x00,0x00,0x00,0x00,0x00,0x00,0x00,0x00,0x00,0x00,0x00,0x00,0x00,0x00,0x00,0x00,0x00,0x00,0x00,0x00,0x00,0x00,0x00,0x00,0x00,0x00,0x00,0x00,0x00,0x00,0x00,0x00,0x00,0x00,0x00,0x00,0x00,
    0x00,0x00,0x00,0x00,0x00,0x00,0x0C,0x00,0x0C,0x00,0x0C,0x00,0x0C,0x00,0x0C,0x00,0x0C,0x00,0x0C,0x00,0x0C,0x00,0x0C,0x00,0x0C,0x00,0x00,0x00,0x0C,0x00,0x0C,0x00,0x00,0x00,0x00,0x00,0x00,0x00,0x00,0x00,
    0x00,0x00,0x00,0x00,0x00,0x00,0x33,0x00,0x33,0x00,0x33,0x00,0x12,0x00,0x00,0x00,0x00,0x00,0x00,0x00,0x00,0x00,0x00,0x00,0x00,0x00,0x00,0x00,0x00,0x00,0x00,0x00,0x00,0x00,0x00,0x00,0x00,0x00,0x00,0x00,
    0x00,0x00,0x00,0x00,0x00,0x00,0x00,0x00,0x0D,0x80,0x0D,0x80,0x0D,0x80,0x3F,0xC0,0x1B,0x00,0x1B,0x00,0x1B,0x00,0x7F,0x80,0x36,0x00,0x36,0x00,0x36,0x00,0x00,0x00,0x00,0x00,0x00,0x00,0x00,0x00,0x00,0x00,
    0x00,0x00,0x00,0x00,0x00,0x00,0x0C,0x00,0x3F,0x00,0x6D,0x80,0x6C,0x00,0x6C,0x00,0x6C,0x00,0x3F,0x00,0x0D,0x80,0x0D,0x80,0x0D,0x80,0x6D,0x80,0x3F,0x00,0x0C,0x00,0x00,0x00,0x00,0x00,0x00,0x00,0x00,0x00,
    0x00,0x00,0x00,0x00,0x00,0x00,0x00,0x00,0x39,0x80,0x6D,0x80,0x6F,0x00,0x3B,0x00,0x06,0x00,0x06,0x00,0x0C,0x00,0x0C,0x00,0x1B,0x80,0x1E,0xC0,0x36,0xC0,0x33,0x80,0x00,0x00,0x00,0x00,0x00,0x00,0x00,0x00,
    0x00,0x00,0x00,0x00,0x00,0x00,0x1C,0x00,0x36,0x00,0x36,0x00,0x36,0x00,0x3C,0x00,0x18,0x00,0x38,0x00,0x6C,0x00,0x66,0xC0,0x63,0x80,0x63,0x00,0x77,0x80,0x3C,0xC0,0x00,0x00,0x00,0x00,0x00,0x00,0x00,0x00,
    0x00,0x00,0x00,0x00,0x00,0x00,0x0C,0x00,0x0C,0x00,0x0C,0x00,0x0C,0x00,0x08,0x00,0x00,0x00,0x00,0x00,0x00,0x00,0x00,0x00,0x00,0x00,0x00,0x00,0x00,0x00,0x00,0x00,0x00,0x00,0x00,0x00,0x00,0x00,0x00,0x00,
    0x00,0x00,0x00,0x00,0x00,0x00,0x03,0x00,0x06,0x00,0x0C,0x00,0x0C,0x00,0x18,0x00,0x18,0x00,0x18,0x00,0x18,0x00,0x18,0x00,0x0C,0x00,0x0C,0x00,0x06,0x00,0x03,0x00,0x00,0x00,0x00,0x00,0x00,0x00,0x00,0x00,
    0x00,0x00,0x00,0x00,0x00,0x00,0x30,0x00,0x18,0x00,0x0C,0x00,0x0C,0x00,0x06,0x00,0x06,0x00,0x06,0x00,0x06,0x00,0x06,0x00,0x0C,0x00,0x0C,0x00,0x18,0x00,0x30,0x00,0x00,0x00,0x00,0x00,0x00,0x00,0x00,0x00,
    0x00,0x00,0x00,0x00,0x00,0x00,0x00,0x00,0x00,0x00,0x00,0x00,0x33,0x00,0x33,0x00,0x1E,0x00,0x7F,0x80,0x1E,0x00,0x33,0x00,0x33,0x00,0x00,0x00,0x00,0x00,0x00,0x00,0x00,0x00,0x00,0x00,0x00,0x00,0x00,0x00,
    0x00,0x00,0x00,0x00,0x00,0x00,0x00,0x00,0x00,0x00,0x00,0x00,0x0C,0x00,0x0C,0x00,0x0C,0x00,0x7F,0x80,0x0C,0x00,0x0C,0x00,0x0C,0x00,0x00,0x00,0x00,0x00,0x00,0x00,0x00,0x00,0x00,0x00,0x00,0x00,0x00,0x00,
    0x00,0x00,0x00,0x00,0x00,0x00,0x00,0x00,0x00,0x00,0x00,0x00,0x00,0x00,0x00,0x00,0x00,0x00,0x00,0x00,0x00,0x00,0x00,0x00,0x00,0x00,0x00,0x00,0x0E,0x00,0x0E,0x00,0x1C,0x00,0x00,0x00,0x00,0x00,0x00,0x00,
    0x00,0x00,0x00,0x00,0x00,0x00,0x00,0x00,0x00,0x00,0x00,0x00,0x00,0x00,0x00,0x00,0x00,0x00,0x7F,0x80,0x00,0x00,0x00,0x00,0x00,0x00,0x00,0x00,0x00,0x00,0x00,0x00,0x00,0x00,0x00,0x00,0x00,0x00,0x00,0x00,
    0x00,0x00,0x00,0x00,0x00,0x00,0x00,0x00,0x00,0x00,0x00,0x00,0x00,0x00,0x00,0x00,0x00,0x00,0x00,0x00,0x00,0x00,0x00,0x00,0x00,0x00,0x0E,0x00,0x0E,0x00,0x0E,0x00,0x00,0x00,0x00,0x00,0x00,0x00,0x00,0x00,
    0x00,0x00,0x00,0x00,0x00,0x00,0x00,0x00,0x01,0x80,0x01,0x80,0x03,0x00,0x03,0x00,0x06,0x00,0x06,0x00,0x0C,0x00,0x0C,0x00,0x18,0x00,0x18,0x00,0x30,0x00,0x30,0x00,0x00,0x00,0x00,0x00,0x00,0x00,0x00,0x00,
    0x00,0x00,0x00,0x00,0x00,0x00,0x0C,0x00,0x1E,0x00,0x33,0x00,0x33,0x00,0x61,0x80,0x61,0x80,0x61,0x80,0x61,0x80,0x61,0x80,0x33,0x00,0x33,0x00,0x1E,0x00,0x0C,0x00,0x00,0x00,0x00,0x00,0x00,0x00,0x00,0x00,
    0x00,0x00,0x00,0x00,0x00,0x00,0x0C,0x00,0x1C,0x00,0x3C,0x00,0x6C,0x00,0x0C,0x00,0x0C,0x00,0x0C,0x00,0x0C,0x00,0x0C,0x00,0x0C,0x00,0x0C,0x00,0x0C,0x00,0x7F,0x80,0x00,0x00,0x00,0x00,0x00,0x00,0x00,0x00,
    0x00,0x00,0x00,0x00,0x00,0x00,0x1E,0x00,0x33,0x00,0x61,0x80,0x61,0x80,0x01,0x80,0x01,0x80,0x03,0x00,0x0E,0x00,0x18,0x00,0x30,0x00,0x60,0x00,0x60,0x00,0x7F,0x80,0x00,0x00,0x00,0x00,0x00,0x00,0x00,0x00,
    0x00,0x00,0x00,0x00,0x00,0x00,0x1E,0x00,0x33,0x00,0x61,0x80,0x61,0x80,0x01,0x80,0x03,0x00,0x0E,0x00,0x03,0x00,0x01,0x80,0x61,0x80,0x61,0x80,0x33,0x00,0x1E,0x00,0x00,0x00,0x00,0x00,0x00,0x00,0x00,0x00,
    0x00,0x00,0x00,0x00,0x00,0x00,0x01,0x00,0x03,0x00,0x07,0x00,0x0F,0x00,0x1B,0x00,0x33,0x00,0x63,0x00,0x63,0x00,0x7F,0x80,0x03,0x00,0x03,0x00,0x03,0x00,0x03,0x00,0x00,0x00,0x00,0x00,0x00,0x00,0x00,0x00,
    0x00,0x00,0x00,0x00,0x00,0x00,0x7F,0x80,0x60,0x00,0x60,0x00,0x60,0x00,0x60,0x00,0x6E,0x00,0x73,0x00,0x01,0x80,0x01,0x80,0x01,0x80,0x61,0x80,0x33,0x00,0x1E,0x00,0x00,0x00,0x00,0x00,0x00,0x00,0x00,0x00,
    0x00,0x00,0x00,0x00,0x00,0x00,0x1E,0x00,0x33,0x00,0x61,0x00,0x60,0x00,0x60,0x00,0x6E,0x00,0x73,0x00,0x61,0x80,0x61,0x80,0x61,0x80,0x61,0x80,0x33,0x00,0x1E,0x00,0x00,0x00,0x00,0x00,0x00,0x00,0x00,0x00,
    0x00,0x00,0x00,0x00,0x00,0x00,0x7F,0x80,0x01,0x80,0x01,0x80,0x03,0x00,0x03,0x00,0x06,0x00,0x06,0x00,0x0C,0x00,0x0C,0x00,0x18,0x00,0x18,0x00,0x30,0x00,0x30,0x00,0x00,0x00,0x00,0x00,0x00,0x00,0x00,0x00,
    0x00,0x00,0x00,0x00,0x00,0x00,0x1E,0x00,0x33,0x00,0x61,0x80,0x61,0x80,0x61,0x80,0x33,0x00,0x1E,0x00,0x33,0x00,0x61,0x80,0x61,0x80,0x61,0x80,0x33,0x00,0x1E,0x00,0x00,0x00,0x00,0x00,0x00,0x00,0x00,0x00,
    0x00,0x00,0x00,0x00,0x00,0x00,0x1E,0x00,0x33,0x00,0x61,0x80,0x61,0x80,0x61,0x80,0x61,0x80,0x33,0x80,0x1D,0x80,0x01,0x80,0x01,0x80,0x21,0x80,0x33,0x00,0x1E,0x00,0x00,0x00,0x00,0x00,0x00,0x00,0x00,0x00,
    0x00,0x00,0x00,0x00,0x00,0x00,0x00,0x00,0x00,0x00,0x00,0x00,0x00,0x00,0x00,0x00,0x0E,0x00,0x0E,0x00,0x00,0x00,0x00,0x00,0x00,0x00,0x00,0x00,0x0E,0x00,0x0E,0x00,0x00,0x00,0x00,0x00,0x00,0x00,0x00,0x00,
    0x00,0x00,0x00,0x00,0x00,0x00,0x00,0x00,0x00,0x00,0x00,0x00,0x00,0x00,0x00,0x00,0x0E,0x00,0x0E,0x00,0x00,0x00,0x00,0x00,0x00,0x00,0x00,0x00,0x0E,0x00,0x0E,0x00,0x1C,0x00,0x00,0x00,0x00,0x00,0x00,0x00,
    0x00,0x00,0x00,0x00,0x00,0x00,0x01,0x00,0x03,0x00,0x06,0x00,0x0C,0x00,0x18,0x00,0x30,0x00,0x60,0x00,0x30,0x00,0x18,0x00,0x0C,0x00,0x06,0x00,0x03,0x00,0x01,0x00,0x00,0x00,0x00,0x00,0x00,0x00,0x00,0x00,
    0x00,0x00,0x00,0x00,0x00,0x00,0x00,0x00,0x00,0x00,0x00,0x00,0x00,0x00,0x7F,0x80,0x00,0x00,0x00,0x00,0x00,0x00,0x00,0x00,0x7F,0x80,0x00,0x00,0x00,0x00,0x00,0x00,0x00,0x00,0x00,0x00,0x00,0x00,0x00,0x00,
    0x00,0x00,0x00,0x00,0x00,0x00,0x20,0x00,0x30,0x00,0x18,0x00,0x0C,0x00,0x06,0x00,0x03,0x00,0x01,0x80,0x03,0x00,0x06,0x00,0x0C,0x00,0x18,0x00,0x30,0x00,0x20,0x00,0x00,0x00,0x00,0x00,0x00,0x00,0x00,0x00,
    0x00,0x00,0x00,0x00,0x00,0x00,0x1E,0x00,0x33,0x00,0x61,0x80,0x61,0x80,0x61,0x80,0x03,0x00,0x06,0x00,0x0C,0x00,0x0C,0x00,0x0C,0x00,0x00,0x00,0x0C,0x00,0x0C,0x00,0x00,0x00,0x00,0x00,0x00,0x00,0x00,0x00,
    0x00,0x00,0x00,0x00,0x00,0x00,0x1E,0x00,0x33,0x00,0x61,0x80,0x67,0x80,0x6F,0x80,0x6D,0x80,0x6D,0x80,0x6D,0x80,0x6F,0x00,0x66,0x00,0x60,0x00,0x31,0x80,0x1F,0x00,0x00,0x00,0x00,0x00,0x00,0x00,0x00,0x00,
    0x00,0x00,0x00,0x00,0x00,0x00,0x0C,0x00,0x1E,0x00,0x33,0x00,0x33,0x00,0x61,0x80,0x61,0x80,0x61,0x80,0x7F,0x80,0x61,0x80,0x61,0x80,0x61,0x80,0x61,0x80,0x61,0x80,0x00,0x00,0x00,0x00,0x00,0x00,0x00,0x00,
    0x00,0x00,0x00,0x00,0x00,0x00,0x7C,0x00,0x66,0x00,0x63,0x00,0x63,0x00,0x63,0x00,0x66,0x00,0x7E,0x00,0x63,0x00,0x61,0x80,0x61,0x80,0x61,0x80,0x63,0x00,0x7E,0x00,0x00,0x00,0x00,0x00,0x00,0x00,0x00,0x00,
    0x00,0x00,0x00,0x00,0x00,0x00,0x1E,0x00,0x33,0x00,0x61,0x80,0x60,0x00,0x60,0x00,0x60,0x00,0x60,0x00,0x60,0x00,0x60,0x00,0x60,0x00,0x61,0x80,0x33,0x00,0x1E,0x00,0x00,0x00,0x00,0x00,0x00,0x00,0x00,0x00,
    0x00,0x00,0x00,0x00,0x00,0x00,0x7E,0x00,0x63,0x00,0x61,0x80,0x61,0x80,0x61,0x80,0x61,0x80,0x61,0x80,0x61,0x80,0x61,0x80,0x61,0x80,0x61,0x80,0x63,0x00,0x7E,0x00,0x00,0x00,0x00,0x00,0x00,0x00,0x00,0x00,
    0x00,0x00,0x00,0x00,0x00,0x00,0x7F,0x80,0x60,0x00,0x60,0x00,0x60,0x00,0x60,0x00,0x60,0x00,0x7E,0x00,0x60,0x00,0x60,0x00,0x60,0x00,0x60,0x00,0x60,0x00,0x7F,0x80,0x00,0x00,0x00,0x00,0x00,0x00,0x00,0x00,
    0x00,0x00,0x00,0x00,0x00,0x00,0x7F,0x80,0x60,0x00,0x60,0x00,0x60,0x00,0x60,0x00,0x60,0x00,0x7E,0x00,0x60,0x00,0x60,0x00,0x60,0x00,0x60,0x00,0x60,0x00,0x60,0x00,0x00,0x00,0x00,0x00,0x00,0x00,0x00,0x00,
    0x00,0x00,0x00,0x00,0x00,0x00,0x1E,0x00,0x33,0x00,0x61,0x80,0x60,0x00,0x60,0x00,0x60,0x00,0x67,0x80,0x61,0x80,0x61,0x80,0x61,0x80,0x61,0x80,0x33,0x80,0x1E,0x80,0x00,0x00,0x00,0x00,0x00,0x00,0x00,0x00,
    0x00,0x00,0x00,0x00,0x00,0x00,0x61,0x80,0x61,0x80,0x61,0x80,0x61,0x80,0x61,0x80,0x61,0x80,0x7F,0x80,0x61,0x80,0x61,0x80,0x61,0x80,0x61,0x80,0x61,0x80,0x61,0x80,0x00,0x00,0x00,0x00,0x00,0x00,0x00,0x00,
    0x00,0x00,0x00,0x00,0x00,0x00,0x7F,0x80,0x0C,0x00,0x0C,0x00,0x0C,0x00,0x0C,0x00,0x0C,0x00,0x0C,0x00,0x0C,0x00,0x0C,0x00,0x0C,0x00,0x0C,0x00,0x0C,0x00,0x7F,0x80,0x00,0x00,0x00,0x00,0x00,0x00,0x00,0x00,
    0x00,0x00,0x00,0x00,0x00,0x00,0x0F,0xC0,0x03,0x00,0x03,0x00,0x03,0x00,0x03,0x00,0x03,0x00,0x03,0x00,0x03,0x00,0x03,0x00,0x63,0x00,0x63,0x00,0x36,0x00,0x1C,0x00,0x00,0x00,0x00,0x00,0x00,0x00,0x00,0x00,
    0x00,0x00,0x00,0x00,0x00,0x00,0x61,0x80,0x61,0x80,0x63,0x00,0x63,0x00,0x66,0x00,0x66,0x00,0x7C,0x00,0x66,0x00,0x66,0x00,0x63,0x00,0x63,0x00,0x61,0x80,0x61,0x80,0x00,0x00,0x00,0x00,0x00,0x00,0x00,0x00,
    0x00,0x00,0x00,0x00,0x00,0x00,0x60,0x00,0x60,0x00,0x60,0x00,0x60,0x00,0x60,0x00,0x60,0x00,0x60,0x00,0x60,0x00,0x60,0x00,0x60,0x00,0x60,0x00,0x60,0x00,0x7F,0x80,0x00,0x00,0x00,0x00,0x00,0x00,0x00,0x00,
    0x00,0x00,0x00,0x00,0x00,0x00,0x61,0x80,0x61,0x80,0x73,0x80,0x73,0x80,0x7F,0x80,0x6D,0x80,0x6D,0x80,0x6D,0x80,0x6D,0x80,0x61,0x80,0x61,0x80,0x61,0x80,0x61,0x80,0x00,0x00,0x00,0x00,0x00,0x00,0x00,0x00,
    0x00,0x00,0x00,0x00,0x00,0x00,0x61,0x80,0x71,0x80,0x71,0x80,0x79,0x80,0x79,0x80,0x6D,0x80,0x6D,0x80,0x67,0x80,0x67,0x80,0x63,0x80,0x63,0x80,0x61,0x80,0x61,0x80,0x00,0x00,0x00,0x00,0x00,0x00,0x00,0x00,
    0x00,0x00,0x00,0x00,0x00,0x00,0x1E,0x00,0x33,0x00,0x61,0x80,0x61,0x80,0x61,0x80,0x61,0x80,0x61,0x80,0x61,0x80,0x61,0x80,0x61,0x80,0x61,0x80,0x33,0x00,0x1E,0x00,0x00,0x00,0x00,0x00,0x00,0x00,0x00,0x00,
    0x00,0x00,0x00,0x00,0x00,0x00,0x7E,0x00,0x63,0x00,0x61,0x80,0x61,0x80,0x61,0x80,0x61,0x80,0x63,0x00,0x7E,0x00,0x60,0x00,0x60,0x00,0x60,0x00,0x60,0x00,0x60,0x00,0x00,0x00,0x00,0x00,0x00,0x00,0x00,0x00,
    0x00,0x00,0x00,0x00,0x00,0x00,0x1E,0x00,0x33,0x00,0x61,0x80,0x61,0x80,0x61,0x80,0x61,0x80,0x61,0x80,0x61,0x80,0x61,0x80,0x6D,0x80,0x67,0x80,0x33,0x00,0x1F,0x00,0x01,0x80,0x00,0x00,0x00,0x00,0x00,0x00,
    0x00,0x00,0x00,0x00,0x00,0x00,0x7E,0x00,0x63,0x00,0x61,0x80,0x61,0x80,0x61,0x80,0x61,0x80,0x63,0x00,0x7E,0x00,0x66,0x00,0x63,0x00,0x63,0x00,0x61,0x80,0x61,0x80,0x00,0x00,0x00,0x00,0x00,0x00,0x00,0x00,
    0x00,0x00,0x00,0x00,0x00,0x00,0x1E,0x00,0x33,0x00,0x61,0x80,0x60,0x00,0x60,0x00,0x30,0x00,0x1E,0x00,0x03,0x00,0x01,0x80,0x01,0x80,0x61,0x80,0x33,0x00,0x1E,0x00,0x00,0x00,0x00,0x00,0x00,0x00,0x00,0x00,
    0x00,0x00,0x00,0x00,0x00,0x00,0x7F,0x80,0x0C,0x00,0x0C,0x00,0x0C,0x00,0x0C,0x00,0x0C,0x00,0x0C,0x00,0x0C,0x00,0x0C,0x00,0x0C,0x00,0x0C,0x00,0x0C,0x00,0x0C,0x00,0x00,0x00,0x00,0x00,0x00,0x00,0x00,0x00,
    0x00,0x00,0x00,0x00,0x00,0x00,0x61,0x80,0x61,0x80,0x61,0x80,0x61,0x80,0x61,0x80,0x61,0x80,0x61,0x80,0x61,0x80,0x61,0x80,0x61,0x80,0x61,0x80,0x33,0x00,0x1E,0x00,0x00,0x00,0x00,0x00,0x00,0x00,0x00,0x00,
    0x00,0x00,0x00,0x00,0x00,0x00,0x61,0x80,0x61,0x80,0x61,0x80,0x61,0x80,0x33,0x00,0x33,0x00,0x33,0x00,0x1E,0x00,0x1E,0x00,0x1E,0x00,0x0C,0x00,0x0C,0x00,0x0C,0x00,0x00,0x00,0x00,0x00,0x00,0x00,0x00,0x00,
    0x00,0x00,0x00,0x00,0x00,0x00,0x61,0x80,0x61,0x80,0x61,0x80,0x61,0x80,0x61,0x80,0x6D,0x80,0x6D,0x80,0x6D,0x80,0x6D,0x80,0x73,0x80,0x73,0x80,0x61,0x80,0x61,0x80,0x00,0x00,0x00,0x00,0x00,0x00,0x00,0x00,
    0x00,0x00,0x00,0x00,0x00,0x00,0x61,0x80,0x61,0x80,0x33,0x00,0x33,0x00,0x1E,0x00,0x1E,0x00,0x0C,0x00,0x1E,0x00,0x1E,0x00,0x33,0x00,0x33,0x00,0x61,0x80,0x61,0x80,0x00,0x00,0x00,0x00,0x00,0x00,0x00,0x00,
    0x00,0x00,0x00,0x00,0x00,0x00,0x61,0x80,0x61,0x80,0x33,0x00,0x33,0x00,0x1E,0x00,0x1E,0x00,0x0C,0x00,0x0C,0x00,0x0C,0x00,0x0C,0x00,0x0C,0x00,0x0C,0x00,0x0C,0x00,0x00,0x00,0x00,0x00,0x00,0x00,0x00,0x00,
    0x00,0x00,0x00,0x00,0x00,0x00,0x7F,0x80,0x01,0x80,0x01,0x80,0x03,0x00,0x06,0x00,0x06,0x00,0x0C,0x00,0x18,0x00,0x18,0x00,0x30,0x00,0x60,0x00,0x60,0x00,0x7F,0x80,0x00,0x00,0x00,0x00,0x00,0x00,0x00,0x00,
    0x00,0x00,0x00,0x00,0x00,0x00,0x3F,0x00,0x30,0x00,0x30,0x00,0x30,0x00,0x30,0x00,0x30,0x00,0x30,0x00,0x30,0x00,0x30,0x00,0x30,0x00,0x30,0x00,0x30,0x00,0x3F,0x00,0x00,0x00,0x00,0x00,0x00,0x00,0x00,0x00,
    0x00,0x00,0x00,0x00,0x00,0x00,0x00,0x00,0x30,0x00,0x30,0x00,0x18,0x00,0x18,0x00,0x0C,0x00,0x0C,0x00,0x06,0x00,0x06,0x00,0x03,0x00,0x03,0x00,0x01,0x80,0x01,0x80,0x00,0x00,0x00,0x00,0x00,0x00,0x00,0x00,
    0x00,0x00,0x00,0x00,0x00,0x00,0x3F,0x00,0x03,0x00,0x03,0x00,0x03,0x00,0x03,0x00,0x03,0x00,0x03,0x00,0x03,0x00,0x03,0x00,0x03,0x00,0x03,0x00,0x03,0x00,0x3F,0x00,0x00,0x00,0x00,0x00,0x00,0x00,0x00,0x00,
    0x00,0x00,0x00,0x00,0x00,0x00,0x0C,0x00,0x1E,0x00,0x33,0x00,0x61,0x80,0x00,0x00,0x00,0x00,0x00,0x00,0x00,0x00,0x00,0x00,0x00,0x00,0x00,0x00,0x00,0x00,0x00,0x00,0x00,0x00,0x00,0x00,0x00,0x00,0x00,0x00,
    0x00,0x00,0x00,0x00,0x00,0x00,0x00,0x00,0x00,0x00,0x00,0x00,0x00,0x00,0x00,0x00,0x00,0x00,0x00,0x00,0x00,0x00,0x00,0x00,0x00,0x00,0x00,0x00,0x00,0x00,0x00,0x00,0x7F,0xC0,0x00,0x00,0x00,0x00,0x00,0x00,
    0x00,0x00,0x00,0x00,0x00,0x00,0x18,0x00,0x0C,0x00,0x06,0x00,0x00,0x00,0x00,0x00,0x00,0x00,0x00,0x00,0x00,0x00,0x00,0x00,0x00,0x00,0x00,0x00,0x00,0x00,0x00,0x00,0x00,0x00,0x00,0x00,0x00,0x00,0x00,0x00,
    0x00,0x00,0x00,0x00,0x00,0x00,0x00,0x00,0x00,0x00,0x00,0x00,0x00,0x00,0x00,0x00,0x1F,0x00,0x31,0x80,0x01,0x80,0x3F,0x80,0x61,0x80,0x61,0x80,0x61,0x80,0x3E,0x80,0x00,0x00,0x00,0x00,0x00,0x00,0x00,0x00,
    0x00,0x00,0x00,0x00,0x00,0x00,0x60,0x00,0x60,0x00,0x60,0x00,0x60,0x00,0x60,0x00,0x6E,0x00,0x73,0x00,0x61,0x80,0x61,0x80,0x61,0x80,0x61,0x80,0x73,0x00,0x6E,0x00,0x00,0x00,0x00,0x00,0x00,0x00,0x00,0x00,
    0x00,0x00,0x00,0x00,0x00,0x00,0x00,0x00,0x00,0x00,0x00,0x00,0x00,0x00,0x00,0x00,0x1F,0x00,0x31,0x80,0x60,0x00,0x60,0x00,0x60,0x00,0x60,0x00,0x31,0x80,0x1F,0x00,0x00,0x00,0x00,0x00,0x00,0x00,0x00,0x00,
    0x00,0x00,0x00,0x00,0x00,0x00,0x01,0x80,0x01,0x80,0x01,0x80,0x01,0x80,0x01,0x80,0x1D,0x80,0x33,0x80,0x61,0x80,0x61,0x80,0x61,0x80,0x61,0x80,0x33,0x80,0x1D,0x80,0x00,0x00,0x00,0x00,0x00,0x00,0x00,0x00,
    0x00,0x00,0x00,0x00,0x00,0x00,0x00,0x00,0x00,0x00,0x00,0x00,0x00,0x00,0x00,0x00,0x1E,0x00,0x33,0x00,0x61,0x80,0x7F,0x80,0x60,0x00,0x60,0x00,0x31,0x80,0x1F,0x00,0x00,0x00,0x00,0x00,0x00,0x00,0x00,0x00,
    0x00,0x00,0x00,0x00,0x00,0x00,0x0F,0x00,0x19,0x80,0x19,0x80,0x18,0x00,0x18,0x00,0x7E,0x00,0x18,0x00,0x18,0x00,0x18,0x00,0x18,0x00,0x18,0x00,0x18,0x00,0x18,0x00,0x00,0x00,0x00,0x00,0x00,0x00,0x00,0x00,
    0x00,0x00,0x00,0x00,0x00,0x00,0x00,0x00,0x00,0x00,0x00,0x00,0x00,0x00,0x00,0x00,0x3E,0x80,0x63,0x80,0x63,0x00,0x63,0x00,0x63,0x00,0x3E,0x00,0x60,0x00,0x3F,0x00,0x61,0x80,0x61,0x80,0x61,0x80,0x3F,0x00,
    0x00,0x00,0x00,0x00,0x00,0x00,0x60,0x00,0x60,0x00,0x60,0x00,0x60,0x00,0x60,0x00,0x6E,0x00,0x73,0x00,0x61,0x80,0x61,0x80,0x61,0x80,0x61,0x80,0x61,0x80,0x61,0x80,0x00,0x00,0x00,0x00,0x00,0x00,0x00,0x00,
    0x00,0x00,0x00,0x00,0x00,0x00,0x00,0x00,0x00,0x00,0x0C,0x00,0x0C,0x00,0x00,0x00,0x3C,0x00,0x0C,0x00,0x0C,0x00,0x0C,0x00,0x0C,0x00,0x0C,0x00,0x0C,0x00,0x7F,0x80,0x00,0x00,0x00,0x00,0x00,0x00,0x00,0x00,
    0x00,0x00,0x00,0x00,0x00,0x00,0x00,0x00,0x00,0x00,0x01,0x80,0x01,0x80,0x00,0x00,0x07,0x80,0x01,0x80,0x01,0x80,0x01,0x80,0x01,0x80,0x01,0x80,0x01,0x80,0x01,0x80,0x31,0x80,0x31,0x80,0x31,0x80,0x1F,0x00,
    0x00,0x00,0x00,0x00,0x00,0x00,0x60,0x00,0x60,0x00,0x60,0x00,0x60,0x00,0x60,0x00,0x63,0x00,0x66,0x00,0x6C,0x00,0x78,0x00,0x7C,0x00,0x66,0x00,0x63,0x00,0x61,0x80,0x00,0x00,0x00,0x00,0x00,0x00,0x00,0x00,
    0x00,0x00,0x00,0x00,0x00,0x00,0x3C,0x00,0x0C,0x00,0x0C,0x00,0x0C,0x00,0x0C,0x00,0x0C,0x00,0x0C,0x00,0x0C,0x00,0x0C,0x00,0x0C,0x00,0x0C,0x00,0x0C,0x00,0x7F,0x80,0x00,0x00,0x00,0x00,0x00,0x00,0x00,0x00,
    0x00,0x00,0x00,0x00,0x00,0x00,0x00,0x00,0x00,0x00,0x00,0x00,0x00,0x00,0x00,0x00,0x5B,0x00,0x7F,0x80,0x6D,0x80,0x6D,0x80,0x6D,0x80,0x6D,0x80,0x6D,0x80,0x6D,0x80,0x00,0x00,0x00,0x00,0x00,0x00,0x00,0x00,
    0x00,0x00,0x00,0x00,0x00,0x00,0x00,0x00,0x00,0x00,0x00,0x00,0x00,0x00,0x00,0x00,0x6E,0x00,0x73,0x00,0x61,0x80,0x61,0x80,0x61,0x80,0x61,0x80,0x61,0x80,0x61,0x80,0x00,0x00,0x00,0x00,0x00,0x00,0x00,0x00,
    0x00,0x00,0x00,0x00,0x00,0x00,0x00,0x00,0x00,0x00,0x00,0x00,0x00,0x00,0x00,0x00,0x1E,0x00,0x33,0x00,0x61,0x80,0x61,0x80,0x61,0x80,0x61,0x80,0x33,0x00,0x1E,0x00,0x00,0x00,0x00,0x00,0x00,0x00,0x00,0x00,
    0x00,0x00,0x00,0x00,0x00,0x00,0x00,0x00,0x00,0x00,0x00,0x00,0x00,0x00,0x00,0x00,0x6E,0x00,0x73,0x00,0x61,0x80,0x61,0x80,0x61,0x80,0x61,0x80,0x73,0x00,0x6E,0x00,0x60,0x00,0x60,0x00,0x60,0x00,0x60,0x00,
    0x00,0x00,0x00,0x00,0x00,0x00,0x00,0x00,0x00,0x00,0x00,0x00,0x00,0x00,0x00,0x00,0x1D,0x80,0x33,0x80,0x61,0x80,0x61,0x80,0x61,0x80,0x61,0x80,0x33,0x80,0x1D,0x80,0x01,0x80,0x01,0x80,0x01,0x80,0x01,0x80,
    0x00,0x00,0x00,0x00,0x00,0x00,0x00,0x00,0x00,0x00,0x00,0x00,0x00,0x00,0x00,0x00,0x6F,0x00,0x39,0x80,0x30,0x00,0x30,0x00,0x30,0x00,0x30,0x00,0x30,0x00,0x30,0x00,0x00,0x00,0x00,0x00,0x00,0x00,0x00,0x00,
    0x00,0x00,0x00,0x00,0x00,0x00,0x00,0x00,0x00,0x00,0x00,0x00,0x00,0x00,0x00,0x00,0x3F,0x00,0x61,0x80,0x60,0x00,0x3F,0x00,0x01,0x80,0x01,0x80,0x61,0x80,0x3F,0x00,0x00,0x00,0x00,0x00,0x00,0x00,0x00,0x00,
    0x00,0x00,0x00,0x00,0x00,0x00,0x00,0x00,0x00,0x00,0x18,0x00,0x18,0x00,0x18,0x00,0x7E,0x00,0x18,0x00,0x18,0x00,0x18,0x00,0x18,0x00,0x18,0x00,0x19,0x80,0x0F,0x00,0x00,0x00,0x00,0x00,0x00,0x00,0x00,0x00,
    0x00,0x00,0x00,0x00,0x00,0x00,0x00,0x00,0x00,0x00,0x00,0x00,0x00,0x00,0x00,0x00,0x61,0x80,0x61,0x80,0x61,0x80,0x61,0x80,0x61,0x80,0x61,0x80,0x33,0x80,0x1D,0x80,0x00,0x00,0x00,0x00,0x00,0x00,0x00,0x00,
    0x00,0x00,0x00,0x00,0x00,0x00,0x00,0x00,0x00,0x00,0x00,0x00,0x00,0x00,0x00,0x00,0x61,0x80,0x61,0x80,0x33,0x00,0x33,0x00,0x1E,0x00,0x1E,0x00,0x0C,0x00,0x0C,0x00,0x00,0x00,0x00,0x00,0x00,0x00,0x00,0x00,
    0x00,0x00,0x00,0x00,0x00,0x00,0x00,0x00,0x00,0x00,0x00,0x00,0x00,0x00,0x00,0x00,0x61,0x80,0x61,0x80,0x61,0x80,0x6D,0x80,0x6D,0x80,0x6D,0x80,0x7F,0x80,0x33,0x00,0x00,0x00,0x00,0x00,0x00,0x00,0x00,0x00,
    0x00,0x00,0x00,0x00,0x00,0x00,0x00,0x00,0x00,0x00,0x00,0x00,0x00,0x00,0x00,0x00,0x61,0x80,0x33,0x00,0x1E,0x00,0x0C,0x00,0x0C,0x00,0x1E,0x00,0x33,0x00,0x61,0x80,0x00,0x00,0x00,0x00,0x00,0x00,0x00,0x00,
    0x00,0x00,0x00,0x00,0x00,0x00,0x00,0x00,0x00,0x00,0x00,0x00,0x00,0x00,0x00,0x00,0x61,0x80,0x61,0x80,0x61,0x80,0x61,0x80,0x61,0x80,0x61,0x80,0x33,0x80,0x1D,0x80,0x01,0x80,0x61,0x80,0x33,0x00,0x1E,0x00,
    0x00,0x00,0x00,0x00,0x00,0x00,0x00,0x00,0x00,0x00,0x00,0x00,0x00,0x00,0x00,0x00,0x3F,0x80,0x01,0x80,0x03,0x00,0x06,0x00,0x0C,0x00,0x18,0x00,0x30,0x00,0x3F,0x80,0x00,0x00,0x00,0x00,0x00,0x00,0x00,0x00,
    0x00,0x00,0x00,0x00,0x00,0x00,0x07,0x80,0x0C,0x00,0x0C,0x00,0x0C,0x00,0x0C,0x00,0x0C,0x00,0x78,0x00,0x0C,0x00,0x0C,0x00,0x0C,0x00,0x0C,0x00,0x0C,0x00,0x07,0x80,0x00,0x00,0x00,0x00,0x00,0x00,0x00,0x00,
    0x00,0x00,0x00,0x00,0x00,0x00,0x0C,0x00,0x0C,0x00,0x0C,0x00,0x0C,0x00,0x0C,0x00,0x0C,0x00,0x0C,0x00,0x0C,0x00,0x0C,0x00,0x0C,0x00,0x0C,0x00,0x0C,0x00,0x0C,0x00,0x00,0x00,0x00,0x00,0x00,0x00,0x00,0x00,
    0x00,0x00,0x00,0x00,0x00,0x00,0x78,0x00,0x0C,0x00,0x0C,0x00,0x0C,0x00,0x0C,0x00,0x0C,0x00,0x07,0x80,0x0C,0x00,0x0C,0x00,0x0C,0x00,0x0C,0x00,0x0C,0x00,0x78,0x00,0x00,0x00,0x00,0x00,0x00,0x00,0x00,0x00,
    0x00,0x00,0x00,0x00,0x00,0x00,0x39,0x80,0x6D,0x80,0x67,0x00,0x00,0x00,0x00,0x00,0x00,0x00,0x00,0x00,0x00,0x00,0x00,0x00,0x00,0x00,0x00,0x00,0x00,0x00,0x00,0x00,0x00,0x00,0x00,0x00,0x00,0x00,0x00,0x00,
    0x00,0x00,0x00,0x00,0x00,0x00,0x00,0x00,0x00,0x00,0x00,0x00,0x00,0x00,0x00,0x00,0x00,0x00,0x00,0x00,0x00,0x00,0x00,0x00,0x00,0x00,0x00,0x00,0x00,0x00,0x00,0x00,0x00,0x00,0x00,0x00,0x00,0x00,0x00,0x00,
    0x00,0x00,0x00,0x00,0x00,0x00,0x0C,0x00,0x0C,0x00,0x00,0x00,0x0C,0x00,0x0C,0x00,0x0C,0x00,0x0C,0x00,0x0C,0x00,0x0C,0x00,0x0C,0x00,0x0C,0x00,0x0C,0x00,0x0C,0x00,0x00,0x00,0x00,0x00,0x00,0x00,0x00,0x00,
    0x00,0x00,0x00,0x00,0x00,0x00,0x00,0x00,0x0C,0x00,0x0C,0x00,0x1E,0x00,0x33,0x00,0x61,0x00,0x60,0x00,0x60,0x00,0x61,0x00,0x33,0x00,0x1E,0x00,0x0C,0x00,0x0C,0x00,0x00,0x00,0x00,0x00,0x00,0x00,0x00,0x00,
    0x00,0x00,0x00,0x00,0x00,0x00,0x00,0x00,0x0F,0x00,0x19,0x80,0x19,0x80,0x18,0x00,0x18,0x00,0x7E,0x00,0x18,0x00,0x18,0x00,0x18,0x00,0x7C,0x00,0x56,0xC0,0x73,0x80,0x00,0x00,0x00,0x00,0x00,0x00,0x00,0x00,
    0x00,0x00,0x00,0x00,0x00,0x00,0x00,0x00,0x00,0x00,0x00,0x00,0x80,0x80,0xDD,0x80,0x7F,0x00,0x63,0x00,0x63,0x00,0x63,0x00,0x7F,0x00,0xDD,0x80,0x80,0x80,0x00,0x00,0x00,0x00,0x00,0x00,0x00,0x00,0x00,0x00,
    0x00,0x00,0x00,0x00,0x00,0x00,0x00,0x00,0x00,0x00,0x40,0x80,0x61,0x80,0x33,0x00,0x1E,0x00,0x3F,0x00,0x0C,0x00,0x3F,0x00,0x0C,0x00,0x0C,0x00,0x0C,0x00,0x0C,0x00,0x00,0x00,0x00,0x00,0x00,0x00,0x00,0x00,
    0x00,0x00,0x00,0x00,0x00,0x00,0x0C,0x00,0x0C,0x00,0x0C,0x00,0x0C,0x00,0x0C,0x00,0x00,0x00,0x00,0x00,0x00,0x00,0x0C,0x00,0x0C,0x00,0x0C,0x00,0x0C,0x00,0x0C,0x00,0x00,0x00,0x00,0x00,0x00,0x00,0x00,0x00,
    0x00,0x00,0x00,0x00,0x00,0x00,0x1E,0x00,0x33,0x00,0x63,0x00,0x30,0x00,0x3C,0x00,0x66,0x00,0x33,0x00,0x19,0x80,0x0F,0x00,0x03,0x00,0x31,0x80,0x33,0x00,0x1E,0x00,0x00,0x00,0x00,0x00,0x00,0x00,0x00,0x00,
    0x00,0x00,0x00,0x00,0x00,0x00,0x33,0x00,0x33,0x00,0x00,0x00,0x00,0x00,0x00,0x00,0x00,0x00,0x00,0x00,0x00,0x00,0x00,0x00,0x00,0x00,0x00,0x00,0x00,0x00,0x00,0x00,0x00,0x00,0x00,0x00,0x00,0x00,0x00,0x00,
    0x00,0x00,0x00,0x00,0x00,0x00,0x00,0x00,0x00,0x00,0x1E,0x00,0x33,0x00,0x61,0x80,0x5E,0x80,0x52,0x80,0x50,0x80,0x52,0x80,0x5E,0x80,0x61,0x80,0x33,0x00,0x1E,0x00,0x00,0x00,0x00,0x00,0x00,0x00,0x00,0x00,
    0x00,0x00,0x00,0x00,0x00,0x00,0x1F,0x00,0x21,0x80,0x01,0x80,0x3F,0x80,0x61,0x80,0x61,0x80,0x3E,0x80,0x00,0x00,0x7F,0x80,0x00,0x00,0x00,0x00,0x00,0x00,0x00,0x00,0x00,0x00,0x00,0x00,0x00,0x00,0x00,0x00,
    0x00,0x00,0x00,0x00,0x00,0x00,0x00,0x00,0x00,0x00,0x04,0x80,0x0D,0x80,0x1B,0x00,0x36,0x00,0x6C,0x00,0xD8,0x00,0x6C,0x00,0x36,0x00,0x1B,0x00,0x0D,0x80,0x04,0x80,0x00,0x00,0x00,0x00,0x00,0x00,0x00,0x00,
    0x00,0x00,0x00,0x00,0x00,0x00,0x00,0x00,0x00,0x00,0x00,0x00,0x00,0x00,0x00,0x00,0x7F,0x80,0x7F,0x80,0x01,0x80,0x01,0x80,0x00,0x00,0x00,0x00,0x00,0x00,0x00,0x00,0x00,0x00,0x00,0x00,0x00,0x00,0x00,0x00,
    0x00,0x00,0x00,0x00,0x00,0x00,0x00,0x00,0x00,0x00,0x00,0x00,0x00,0x00,0x00,0x00,0x00,0x00,0x3F,0x00,0x00,0x00,0x00,0x00,0x00,0x00,0x00,0x00,0x00,0x00,0x00,0x00,0x00,0x00,0x00,0x00,0x00,0x00,0x00,0x00,
    0x00,0x00,0x00,0x00,0x00,0x00,0x00,0x00,0x00,0x00,0x1E,0x00,0x33,0x00,0x61,0x80,0x5E,0x80,0x52,0x80,0x5E,0x80,0x54,0x80,0x56,0x80,0x61,0x80,0x33,0x00,0x1E,0x00,0x00,0x00,0x00,0x00,0x00,0x00,0x00,0x00,
    0x00,0x00,0x00,0x00,0x7F,0x80,0x00,0x00,0x00,0x00,0x00,0x00,0x00,0x00,0x00,0x00,0x00,0x00,0x00,0x00,0x00,0x00,0x00,0x00,0x00,0x00,0x00,0x00,0x00,0x00,0x00,0x00,0x00,0x00,0x00,0x00,0x00,0x00,0x00,0x00,
    0x00,0x00,0x00,0x00,0x00,0x00,0x0C,0x00,0x1E,0x00,0x33,0x00,0x33,0x00,0x1E,0x00,0x0C,0x00,0x00,0x00,0x00,0x00,0x00,0x00,0x00,0x00,0x00,0x00,0x00,0x00,0x00,0x00,0x00,0x00,0x00,0x00,0x00,0x00,0x00,0x00,
    0x00,0x00,0x00,0x00,0x00,0x00,0x00,0x00,0x00,0x00,0x00,0x00,0x00,0x00,0x0C,0x00,0x0C,0x00,0x7F,0x80,0x0C,0x00,0x0C,0x00,0x00,0x00,0x7F,0x80,0x00,0x00,0x00,0x00,0x00,0x00,0x00,0x00,0x00,0x00,0x00,0x00,
    0x00,0x00,0x00,0x00,0x00,0x00,0x1C,0x00,0x36,0x00,0x06,0x00,0x0C,0x00,0x18,0x00,0x30,0x00,0x3E,0x00,0x00,0x00,0x00,0x00,0x00,0x00,0x00,0x00,0x00,0x00,0x00,0x00,0x00,0x00,0x00,0x00,0x00,0x00,0x00,0x00,
    0x00,0x00,0x00,0x00,0x00,0x00,0x1C,0x00,0x36,0x00,0x06,0x00,0x0C,0x00,0x06,0x00,0x36,0x00,0x1C,0x00,0x00,0x00,0x00,0x00,0x00,0x00,0x00,0x00,0x00,0x00,0x00,0x00,0x00,0x00,0x00,0x00,0x00,0x00,0x00,0x00,
    0x00,0x00,0x00,0x00,0x00,0x00,0x06,0x00,0x0C,0x00,0x18,0x00,0x00,0x00,0x00,0x00,0x00,0x00,0x00,0x00,0x00,0x00,0x00,0x00,0x00,0x00,0x00,0x00,0x00,0x00,0x00,0x00,0x00,0x00,0x00,0x00,0x00,0x00,0x00,0x00,
    0x00,0x00,0x00,0x00,0x00,0x00,0x00,0x00,0x00,0x00,0x00,0x00,0x00,0x00,0x00,0x00,0x00,0x00,0x63,0x00,0x63,0x00,0x63,0x00,0x63,0x00,0x63,0x00,0x77,0x00,0x7D,0x00,0x60,0x00,0x60,0x00,0x60,0x00,0x00,0x00,
    0x00,0x00,0x00,0x00,0x00,0x00,0x3F,0x80,0x7F,0x80,0x7D,0x80,0x7D,0x80,0x7D,0x80,0x3D,0x80,0x0D,0x80,0x0D,0x80,0x0D,0x80,0x0D,0x80,0x0D,0x80,0x0D,0x80,0x0D,0x80,0x00,0x00,0x00,0x00,0x00,0x00,0x00,0x00,
    0x00,0x00,0x00,0x00,0x00,0x00,0x00,0x00,0x00,0x00,0x00,0x00,0x00,0x00,0x00,0x00,0x0E,0x00,0x0E,0x00,0x0E,0x00,0x00,0x00,0x00,0x00,0x00,0x00,0x00,0x00,0x00,0x00,0x00,0x00,0x00,0x00,0x00,0x00,0x00,0x00,
    0x00,0x00,0x00,0x00,0x00,0x00,0x00,0x00,0x00,0x00,0x00,0x00,0x00,0x00,0x00,0x00,0x00,0x00,0x00,0x00,0x00,0x00,0x00,0x00,0x00,0x00,0x00,0x00,0x00,0x00,0x00,0x00,0x0C,0x00,0x06,0x00,0x36,0x00,0x1C,0x00,
    0x00,0x00,0x00,0x00,0x00,0x00,0x18,0x00,0x38,0x00,0x18,0x00,0x18,0x00,0x18,0x00,0x18,0x00,0x3C,0x00,0x00,0x00,0x00,0x00,0x00,0x00,0x00,0x00,0x00,0x00,0x00,0x00,0x00,0x00,0x00,0x00,0x00,0x00,0x00,0x00,
    0x00,0x00,0x00,0x00,0x00,0x00,0x1C,0x00,0x36,0x00,0x63,0x00,0x63,0x00,0x63,0x00,0x36,0x00,0x1C,0x00,0x00,0x00,0x7F,0x00,0x00,0x00,0x00,0x00,0x00,0x00,0x00,0x00,0x00,0x00,0x00,0x00,0x00,0x00,0x00,0x00,
    0x00,0x00,0x00,0x00,0x00,0x00,0x00,0x00,0x00,0x00,0x48,0x00,0x6C,0x00,0x36,0x00,0x1B,0x00,0x0D,0x80,0x06,0xC0,0x0D,0x80,0x1B,0x00,0x36,0x00,0x6C,0x00,0x48,0x00,0x00,0x00,0x00,0x00,0x00,0x00,0x00,0x00,
    0x00,0x00,0x00,0x00,0x00,0x00,0x20,0x00,0x60,0x00,0x20,0x80,0x21,0x00,0x72,0x00,0x04,0x00,0x09,0x00,0x13,0x00,0x25,0x00,0x4F,0x00,0x01,0x00,0x01,0x00,0x00,0x00,0x00,0x00,0x00,0x00,0x00,0x00,0x00,0x00,
    0x00,0x00,0x00,0x00,0x00,0x00,0x20,0x00,0x60,0x00,0x20,0x80,0x21,0x00,0x72,0x00,0x04,0x00,0x0B,0x00,0x14,0x80,0x20,0x80,0x41,0x00,0x02,0x00,0x07,0x80,0x00,0x00,0x00,0x00,0x00,0x00,0x00,0x00,0x00,0x00,
    0x00,0x00,0x00,0x00,0x00,0x00,0x70,0x00,0x08,0x00,0x30,0x80,0x09,0x00,0x72,0x00,0x04,0x00,0x09,0x00,0x13,0x00,0x25,0x00,0x4F,0x80,0x01,0x00,0x01,0x00,0x00,0x00,0x00,0x00,0x00,0x00,0x00,0x00,0x00,0x00,
    0x00,0x00,0x00,0x00,0x00,0x00,0x0C,0x00,0x0C,0x00,0x00,0x00,0x0C,0x00,0x0C,0x00,0x0C,0x00,0x18,0x00,0x30,0x00,0x61,0x80,0x61,0x80,0x61,0x80,0x33,0x00,0x1E,0x00,0x00,0x00,0x00,0x00,0x00,0x00,0x00,0x00,
    0x00,0x00,0x30,0x00,0x18,0x00,0x0C,0x00,0x00,0x00,0x0C,0x00,0x1E,0x00,0x33,0x00,0x61,0x80,0x61,0x80,0x61,0x80,0x7F,0x80,0x61,0x80,0x61,0x80,0x61,0x80,0x61,0x80,0x00,0x00,0x00,0x00,0x00,0x00,0x00,0x00,
    0x00,0x00,0x03,0x00,0x06,0x00,0x0C,0x00,0x00,0x00,0x0C,0x00,0x1E,0x00,0x33,0x00,0x61,0x80,0x61,0x80,0x61,0x80,0x7F,0x80,0x61,0x80,0x61,0x80,0x61,0x80,0x61,0x80,0x00,0x00,0x00,0x00,0x00,0x00,0x00,0x00,
    0x00,0x00,0x0C,0x00,0x1E,0x00,0x33,0x00,0x00,0x00,0x0C,0x00,0x1E,0x00,0x33,0x00,0x61,0x80,0x61,0x80,0x61,0x80,0x7F,0x80,0x61,0x80,0x61,0x80,0x61,0x80,0x61,0x80,0x00,0x00,0x00,0x00,0x00,0x00,0x00,0x00,
    0x00,0x00,0x19,0x00,0x3F,0x00,0x26,0x00,0x00,0x00,0x0C,0x00,0x1E,0x00,0x33,0x00,0x61,0x80,0x61,0x80,0x61,0x80,0x7F,0x80,0x61,0x80,0x61,0x80,0x61,0x80,0x61,0x80,0x00,0x00,0x00,0x00,0x00,0x00,0x00,0x00,
    0x00,0x00,0x33,0x00,0x33,0x00,0x00,0x00,0x0C,0x00,0x1E,0x00,0x33,0x00,0x33,0x00,0x61,0x80,0x61,0x80,0x61,0x80,0x7F,0x80,0x61,0x80,0x61,0x80,0x61,0x80,0x61,0x80,0x00,0x00,0x00,0x00,0x00,0x00,0x00,0x00,
    0x1E,0x00,0x33,0x00,0x33,0x00,0x1E,0x00,0x00,0x00,0x0C,0x00,0x1E,0x00,0x33,0x00,0x61,0x80,0x61,0x80,0x61,0x80,0x7F,0x80,0x61,0x80,0x61,0x80,0x61,0x80,0x61,0x80,0x00,0x00,0x00,0x00,0x00,0x00,0x00,0x00,
    0x00,0x00,0x00,0x00,0x00,0x00,0x0F,0x80,0x1E,0x00,0x36,0x00,0x36,0x00,0x66,0x00,0x66,0x00,0x7F,0x80,0x66,0x00,0x66,0x00,0x66,0x00,0x66,0x00,0x66,0x00,0x67,0x80,0x00,0x00,0x00,0x00,0x00,0x00,0x00,0x00,
    0x00,0x00,0x00,0x00,0x00,0x00,0x1E,0x00,0x33,0x00,0x61,0x80,0x60,0x00,0x60,0x00,0x60,0x00,0x60,0x00,0x60,0x00,0x60,0x00,0x60,0x00,0x61,0x80,0x33,0x00,0x1E,0x00,0x0C,0x00,0x06,0x00,0x36,0x00,0x1C,0x00,
    0x00,0x00,0x30,0x00,0x18,0x00,0x0C,0x00,0x00,0x00,0x7F,0x80,0x60,0x00,0x60,0x00,0x60,0x00,0x60,0x00,0x7E,0x00,0x60,0x00,0x60,0x00,0x60,0x00,0x60,0x00,0x7F,0x80,0x00,0x00,0x00,0x00,0x00,0x00,0x00,0x00,
    0x00,0x00,0x06,0x00,0x0C,0x00,0x18,0x00,0x00,0x00,0x7F,0x80,0x60,0x00,0x60,0x00,0x60,0x00,0x60,0x00,0x7E,0x00,0x60,0x00,0x60,0x00,0x60,0x00,0x60,0x00,0x7F,0x80,0x00,0x00,0x00,0x00,0x00,0x00,0x00,0x00,
    0x00,0x00,0x0C,0x00,0x1E,0x00,0x33,0x00,0x00,0x00,0x7F,0x80,0x60,0x00,0x60,0x00,0x60,0x00,0x60,0x00,0x7E,0x00,0x60,0x00,0x60,0x00,0x60,0x00,0x60,0x00,0x7F,0x80,0x00,0x00,0x00,0x00,0x00,0x00,0x00,0x00,
    0x00,0x00,0x33,0x00,0x33,0x00,0x00,0x00,0x00,0x00,0x7F,0x80,0x60,0x00,0x60,0x00,0x60,0x00,0x60,0x00,0x7E,0x00,0x60,0x00,0x60,0x00,0x60,0x00,0x60,0x00,0x7F,0x80,0x00,0x00,0x00,0x00,0x00,0x00,0x00,0x00,
    0x00,0x00,0x18,0x00,0x0C,0x00,0x06,0x00,0x00,0x00,0x3F,0x00,0x0C,0x00,0x0C,0x00,0x0C,0x00,0x0C,0x00,0x0C,0x00,0x0C,0x00,0x0C,0x00,0x0C,0x00,0x0C,0x00,0x3F,0x00,0x00,0x00,0x00,0x00,0x00,0x00,0x00,0x00,
    0x00,0x00,0x06,0x00,0x0C,0x00,0x18,0x00,0x00,0x00,0x3F,0x00,0x0C,0x00,0x0C,0x00,0x0C,0x00,0x0C,0x00,0x0C,0x00,0x0C,0x00,0x0C,0x00,0x0C,0x00,0x0C,0x00,0x3F,0x00,0x00,0x00,0x00,0x00,0x00,0x00,0x00,0x00,
    0x00,0x00,0x0C,0x00,0x1E,0x00,0x33,0x00,0x00,0x00,0x3F,0x00,0x0C,0x00,0x0C,0x00,0x0C,0x00,0x0C,0x00,0x0C,0x00,0x0C,0x00,0x0C,0x00,0x0C,0x00,0x0C,0x00,0x3F,0x00,0x00,0x00,0x00,0x00,0x00,0x00,0x00,0x00,
    0x00,0x00,0x33,0x00,0x33,0x00,0x00,0x00,0x3F,0x00,0x0C,0x00,0x0C,0x00,0x0C,0x00,0x0C,0x00,0x0C,0x00,0x0C,0x00,0x0C,0x00,0x0C,0x00,0x0C,0x00,0x0C,0x00,0x3F,0x00,0x00,0x00,0x00,0x00,0x00,0x00,0x00,0x00,
    0x00,0x00,0x00,0x00,0x00,0x00,0x7E,0x00,0x63,0x00,0x61,0x80,0x61,0x80,0x61,0x80,0x61,0x80,0xF9,0x80,0x61,0x80,0x61,0x80,0x61,0x80,0x61,0x80,0x63,0x00,0x7E,0x00,0x00,0x00,0x00,0x00,0x00,0x00,0x00,0x00,
    0x00,0x00,0x19,0x00,0x3F,0x00,0x26,0x00,0x00,0x00,0x61,0x80,0x71,0x80,0x79,0x80,0x79,0x80,0x6D,0x80,0x6D,0x80,0x67,0x80,0x67,0x80,0x63,0x80,0x61,0x80,0x61,0x80,0x00,0x00,0x00,0x00,0x00,0x00,0x00,0x00,
    0x00,0x00,0x18,0x00,0x0C,0x00,0x06,0x00,0x00,0x00,0x1E,0x00,0x33,0x00,0x61,0x80,0x61,0x80,0x61,0x80,0x61,0x80,0x61,0x80,0x61,0x80,0x61,0x80,0x33,0x00,0x1E,0x00,0x00,0x00,0x00,0x00,0x00,0x00,0x00,0x00,
    0x00,0x00,0x06,0x00,0x0C,0x00,0x18,0x00,0x00,0x00,0x1E,0x00,0x33,0x00,0x61,0x80,0x61,0x80,0x61,0x80,0x61,0x80,0x61,0x80,0x61,0x80,0x61,0x80,0x33,0x00,0x1E,0x00,0x00,0x00,0x00,0x00,0x00,0x00,0x00,0x00,
    0x00,0x00,0x0C,0x00,0x1E,0x00,0x33,0x00,0x00,0x00,0x1E,0x00,0x33,0x00,0x61,0x80,0x61,0x80,0x61,0x80,0x61,0x80,0x61,0x80,0x61,0x80,0x61,0x80,0x33,0x00,0x1E,0x00,0x00,0x00,0x00,0x00,0x00,0x00,0x00,0x00,
    0x00,0x00,0x19,0x00,0x3F,0x00,0x26,0x00,0x00,0x00,0x1E,0x00,0x33,0x00,0x61,0x80,0x61,0x80,0x61,0x80,0x61,0x80,0x61,0x80,0x61,0x80,0x61,0x80,0x33,0x00,0x1E,0x00,0x00,0x00,0x00,0x00,0x00,0x00,0x00,0x00,
    0x00,0x00,0x33,0x00,0x33,0x00,0x00,0x00,0x1E,0x00,0x33,0x00,0x61,0x80,0x61,0x80,0x61,0x80,0x61,0x80,0x61,0x80,0x61,0x80,0x61,0x80,0x61,0x80,0x33,0x00,0x1E,0x00,0x00,0x00,0x00,0x00,0x00,0x00,0x00,0x00,
    0x00,0x00,0x00,0x00,0x00,0x00,0x00,0x00,0x00,0x00,0x00,0x00,0x00,0x00,0x00,0x00,0x41,0x00,0x63,0x00,0x36,0x00,0x1C,0x00,0x1C,0x00,0x36,0x00,0x63,0x00,0x41,0x00,0x00,0x00,0x00,0x00,0x00,0x00,0x00,0x00,
    0x00,0x00,0x00,0x00,0x00,0x80,0x1F,0x00,0x33,0x00,0x63,0x80,0x63,0x80,0x65,0x80,0x65,0x80,0x65,0x80,0x69,0x80,0x69,0x80,0x69,0x80,0x71,0x80,0x33,0x00,0x3E,0x00,0x40,0x00,0x00,0x00,0x00,0x00,0x00,0x00,
    0x00,0x00,0x18,0x00,0x0C,0x00,0x06,0x00,0x00,0x00,0x61,0x80,0x61,0x80,0x61,0x80,0x61,0x80,0x61,0x80,0x61,0x80,0x61,0x80,0x61,0x80,0x61,0x80,0x33,0x00,0x1E,0x00,0x00,0x00,0x00,0x00,0x00,0x00,0x00,0x00,
    0x00,0x00,0x06,0x00,0x0C,0x00,0x18,0x00,0x00,0x00,0x61,0x80,0x61,0x80,0x61,0x80,0x61,0x80,0x61,0x80,0x61,0x80,0x61,0x80,0x61,0x80,0x61,0x80,0x33,0x00,0x1E,0x00,0x00,0x00,0x00,0x00,0x00,0x00,0x00,0x00,
    0x00,0x00,0x0C,0x00,0x1E,0x00,0x33,0x00,0x00,0x00,0x61,0x80,0x61,0x80,0x61,0x80,0x61,0x80,0x61,0x80,0x61,0x80,0x61,0x80,0x61,0x80,0x61,0x80,0x33,0x00,0x1E,0x00,0x00,0x00,0x00,0x00,0x00,0x00,0x00,0x00,
    0x00,0x00,0x33,0x00,0x33,0x00,0x00,0x00,0x61,0x80,0x61,0x80,0x61,0x80,0x61,0x80,0x61,0x80,0x61,0x80,0x61,0x80,0x61,0x80,0x61,0x80,0x61,0x80,0x33,0x00,0x1E,0x00,0x00,0x00,0x00,0x00,0x00,0x00,0x00,0x00,
    0x00,0x00,0x06,0x00,0x0C,0x00,0x18,0x00,0x00,0x00,0x61,0x80,0x61,0x80,0x33,0x00,0x33,0x00,0x1E,0x00,0x1E,0x00,0x0C,0x00,0x0C,0x00,0x0C,0x00,0x0C,0x00,0x0C,0x00,0x00,0x00,0x00,0x00,0x00,0x00,0x00,0x00,
    0x00,0x00,0x00,0x00,0x00,0x00,0x30,0x00,0x30,0x00,0x30,0x00,0x3F,0x00,0x31,0x80,0x31,0x80,0x31,0x80,0x31,0x80,0x31,0x80,0x3F,0x00,0x30,0x00,0x30,0x00,0x30,0x00,0x00,0x00,0x00,0x00,0x00,0x00,0x00,0x00,
    0x00,0x00,0x00,0x00,0x00,0x00,0x0E,0x00,0x1B,0x00,0x31,0x80,0x31,0x80,0x33,0x00,0x76,0x00,0x36,0x00,0x33,0x00,0x31,0x80,0x31,0x80,0x31,0x80,0x33,0x00,0x36,0x00,0x00,0x00,0x00,0x00,0x00,0x00,0x00,0x00,
    0x00,0x00,0x00,0x00,0x00,0x00,0x00,0x00,0x18,0x00,0x0C,0x00,0x06,0x00,0x00,0x00,0x3F,0x00,0x61,0x80,0x01,0x80,0x3F,0x80,0x61,0x80,0x61,0x80,0x61,0x80,0x3E,0x80,0x00,0x00,0x00,0x00,0x00,0x00,0x00,0x00,
    0x00,0x00,0x00,0x00,0x00,0x00,0x00,0x00,0x06,0x00,0x0C,0x00,0x18,0x00,0x00,0x00,0x3F,0x00,0x61,0x80,0x01,0x80,0x3F,0x80,0x61,0x80,0x61,0x80,0x61,0x80,0x3E,0x80,0x00,0x00,0x00,0x00,0x00,0x00,0x00,0x00,
    0x00,0x00,0x00,0x00,0x00,0x00,0x00,0x00,0x0C,0x00,0x1E,0x00,0x33,0x00,0x00,0x00,0x3F,0x00,0x61,0x80,0x01,0x80,0x3F,0x80,0x61,0x80,0x61,0x80,0x61,0x80,0x3E,0x80,0x00,0x00,0x00,0x00,0x00,0x00,0x00,0x00,
    0x00,0x00,0x00,0x00,0x00,0x00,0x00,0x00,0x19,0x00,0x3F,0x00,0x26,0x00,0x00,0x00,0x3F,0x00,0x61,0x80,0x01,0x80,0x3F,0x80,0x61,0x80,0x61,0x80,0x61,0x80,0x3E,0x80,0x00,0x00,0x00,0x00,0x00,0x00,0x00,0x00,
    0x00,0x00,0x00,0x00,0x00,0x00,0x00,0x00,0x00,0x00,0x33,0x00,0x33,0x00,0x00,0x00,0x3F,0x00,0x61,0x80,0x01,0x80,0x3F,0x80,0x61,0x80,0x61,0x80,0x61,0x80,0x3E,0x80,0x00,0x00,0x00,0x00,0x00,0x00,0x00,0x00,
    0x00,0x00,0x00,0x00,0x00,0x00,0x1E,0x00,0x33,0x00,0x33,0x00,0x1E,0x00,0x00,0x00,0x3F,0x00,0x61,0x80,0x01,0x80,0x3F,0x80,0x61,0x80,0x61,0x80,0x61,0x80,0x3E,0x80,0x00,0x00,0x00,0x00,0x00,0x00,0x00,0x00,
    0x00,0x00,0x00,0x00,0x00,0x00,0x00,0x00,0x00,0x00,0x00,0x00,0x00,0x00,0x00,0x00,0x3B,0x00,0x4D,0x80,0x0D,0x80,0x0F,0x00,0x3C,0x00,0x6C,0x00,0x6C,0x80,0x37,0x00,0x00,0x00,0x00,0x00,0x00,0x00,0x00,0x00,
    0x00,0x00,0x00,0x00,0x00,0x00,0x00,0x00,0x00,0x00,0x00,0x00,0x00,0x00,0x00,0x00,0x1F,0x00,0x31,0x80,0x60,0x00,0x60,0x00,0x60,0x00,0x60,0x00,0x31,0x80,0x1F,0x00,0x0C,0x00,0x06,0x00,0x36,0x00,0x1C,0x00,
    0x00,0x00,0x00,0x00,0x00,0x00,0x00,0x00,0x30,0x00,0x18,0x00,0x0C,0x00,0x00,0x00,0x1E,0x00,0x33,0x00,0x61,0x80,0x7F,0x80,0x60,0x00,0x60,0x00,0x31,0x80,0x1F,0x00,0x00,0x00,0x00,0x00,0x00,0x00,0x00,0x00,
    0x00,0x00,0x00,0x00,0x00,0x00,0x00,0x00,0x03,0x00,0x06,0x00,0x0C,0x00,0x00,0x00,0x1E,0x00,0x33,0x00,0x61,0x80,0x7F,0x80,0x60,0x00,0x60,0x00,0x31,0x80,0x1F,0x00,0x00,0x00,0x00,0x00,0x00,0x00,0x00,0x00,
    0x00,0x00,0x00,0x00,0x00,0x00,0x00,0x00,0x0C,0x00,0x1E,0x00,0x33,0x00,0x00,0x00,0x1E,0x00,0x33,0x00,0x61,0x80,0x7F,0x80,0x60,0x00,0x60,0x00,0x31,0x80,0x1F,0x00,0x00,0x00,0x00,0x00,0x00,0x00,0x00,0x00,
    0x00,0x00,0x00,0x00,0x00,0x00,0x00,0x00,0x00,0x00,0x33,0x00,0x33,0x00,0x00,0x00,0x1E,0x00,0x33,0x00,0x61,0x80,0x7F,0x80,0x60,0x00,0x60,0x00,0x31,0x80,0x1F,0x00,0x00,0x00,0x00,0x00,0x00,0x00,0x00,0x00,
    0x00,0x00,0x00,0x00,0x00,0x00,0x00,0x00,0x30,0x00,0x18,0x00,0x0C,0x00,0x00,0x00,0x3C,0x00,0x0C,0x00,0x0C,0x00,0x0C,0x00,0x0C,0x00,0x0C,0x00,0x0C,0x00,0x7F,0x80,0x00,0x00,0x00,0x00,0x00,0x00,0x00,0x00,
    0x00,0x00,0x00,0x00,0x00,0x00,0x00,0x00,0x06,0x00,0x0C,0x00,0x18,0x00,0x00,0x00,0x3C,0x00,0x0C,0x00,0x0C,0x00,0x0C,0x00,0x0C,0x00,0x0C,0x00,0x0C,0x00,0x7F,0x80,0x00,0x00,0x00,0x00,0x00,0x00,0x00,0x00,
    0x00,0x00,0x00,0x00,0x00,0x00,0x00,0x00,0x0C,0x00,0x1E,0x00,0x33,0x00,0x00,0x00,0x3C,0x00,0x0C,0x00,0x0C,0x00,0x0C,0x00,0x0C,0x00,0x0C,0x00,0x0C,0x00,0x7F,0x80,0x00,0x00,0x00,0x00,0x00,0x00,0x00,0x00,
    0x00,0x00,0x00,0x00,0x00,0x00,0x00,0x00,0x00,0x00,0x33,0x00,0x33,0x00,0x00,0x00,0x3C,0x00,0x0C,0x00,0x0C,0x00,0x0C,0x00,0x0C,0x00,0x0C,0x00,0x0C,0x00,0x7F,0x80,0x00,0x00,0x00,0x00,0x00,0x00,0x00,0x00,
    0x00,0x00,0x00,0x00,0x00,0x00,0x44,0x00,0x6C,0x00,0x38,0x00,0x38,0x00,0x6C,0x00,0x46,0x00,0x1F,0x00,0x33,0x80,0x61,0x80,0x61,0x80,0x61,0x80,0x33,0x00,0x1E,0x00,0x00,0x00,0x00,0x00,0x00,0x00,0x00,0x00,
    0x00,0x00,0x00,0x00,0x00,0x00,0x00,0x00,0x19,0x00,0x3F,0x00,0x26,0x00,0x00,0x00,0x6E,0x00,0x73,0x00,0x61,0x80,0x61,0x80,0x61,0x80,0x61,0x80,0x61,0x80,0x61,0x80,0x00,0x00,0x00,0x00,0x00,0x00,0x00,0x00,
    0x00,0x00,0x00,0x00,0x00,0x00,0x00,0x00,0x30,0x00,0x18,0x00,0x0C,0x00,0x00,0x00,0x1E,0x00,0x33,0x00,0x61,0x80,0x61,0x80,0x61,0x80,0x61,0x80,0x33,0x00,0x1E,0x00,0x00,0x00,0x00,0x00,0x00,0x00,0x00,0x00,
    0x00,0x00,0x00,0x00,0x00,0x00,0x00,0x00,0x03,0x00,0x06,0x00,0x0C,0x00,0x00,0x00,0x1E,0x00,0x33,0x00,0x61,0x80,0x61,0x80,0x61,0x80,0x61,0x80,0x33,0x00,0x1E,0x00,0x00,0x00,0x00,0x00,0x00,0x00,0x00,0x00,
    0x00,0x00,0x00,0x00,0x00,0x00,0x00,0x00,0x0C,0x00,0x1E,0x00,0x33,0x00,0x00,0x00,0x1E,0x00,0x33,0x00,0x61,0x80,0x61,0x80,0x61,0x80,0x61,0x80,0x33,0x00,0x1E,0x00,0x00,0x00,0x00,0x00,0x00,0x00,0x00,0x00,
    0x00,0x00,0x00,0x00,0x00,0x00,0x00,0x00,0x19,0x00,0x3F,0x00,0x26,0x00,0x00,0x00,0x1E,0x00,0x33,0x00,0x61,0x80,0x61,0x80,0x61,0x80,0x61,0x80,0x33,0x00,0x1E,0x00,0x00,0x00,0x00,0x00,0x00,0x00,0x00,0x00,
    0x00,0x00,0x00,0x00,0x00,0x00,0x00,0x00,0x00,0x00,0x33,0x00,0x33,0x00,0x00,0x00,0x1E,0x00,0x33,0x00,0x61,0x80,0x61,0x80,0x61,0x80,0x61,0x80,0x33,0x00,0x1E,0x00,0x00,0x00,0x00,0x00,0x00,0x00,0x00,0x00,
    0x00,0x00,0x00,0x00,0x00,0x00,0x00,0x00,0x00,0x00,0x0C,0x00,0x0C,0x00,0x00,0x00,0x00,0x00,0x7F,0x80,0x7F,0x80,0x00,0x00,0x00,0x00,0x0C,0x00,0x0C,0x00,0x00,0x00,0x00,0x00,0x00,0x00,0x00,0x00,0x00,0x00,
    0x00,0x00,0x00,0x00,0x00,0x00,0x00,0x00,0x00,0x00,0x00,0x00,0x00,0x00,0x00,0x80,0x1F,0x00,0x33,0x00,0x65,0x80,0x65,0x80,0x69,0x80,0x69,0x80,0x33,0x00,0x3E,0x00,0x40,0x00,0x00,0x00,0x00,0x00,0x00,0x00,
    0x00,0x00,0x00,0x00,0x00,0x00,0x00,0x00,0x18,0x00,0x0C,0x00,0x06,0x00,0x00,0x00,0x61,0x80,0x61,0x80,0x61,0x80,0x61,0x80,0x61,0x80,0x61,0x80,0x33,0x80,0x1D,0x80,0x00,0x00,0x00,0x00,0x00,0x00,0x00,0x00,
    0x00,0x00,0x00,0x00,0x00,0x00,0x00,0x00,0x03,0x00,0x06,0x00,0x0C,0x00,0x00,0x00,0x61,0x80,0x61,0x80,0x61,0x80,0x61,0x80,0x61,0x80,0x61,0x80,0x33,0x80,0x1D,0x80,0x00,0x00,0x00,0x00,0x00,0x00,0x00,0x00,
    0x00,0x00,0x00,0x00,0x00,0x00,0x00,0x00,0x0C,0x00,0x1E,0x00,0x33,0x00,0x00,0x00,0x61,0x80,0x61,0x80,0x61,0x80,0x61,0x80,0x61,0x80,0x61,0x80,0x33,0x80,0x1D,0x80,0x00,0x00,0x00,0x00,0x00,0x00,0x00,0x00,
    0x00,0x00,0x00,0x00,0x00,0x00,0x00,0x00,0x00,0x00,0x33,0x00,0x33,0x00,0x00,0x00,0x61,0x80,0x61,0x80,0x61,0x80,0x61,0x80,0x61,0x80,0x61,0x80,0x33,0x80,0x1D,0x80,0x00,0x00,0x00,0x00,0x00,0x00,0x00,0x00,
    0x00,0x00,0x00,0x00,0x00,0x00,0x00,0x00,0x06,0x00,0x0C,0x00,0x18,0x00,0x00,0x00,0x61,0x80,0x61,0x80,0x61,0x80,0x61,0x80,0x61,0x80,0x61,0x80,0x33,0x80,0x1D,0x80,0x01,0x80,0x61,0x80,0x33,0x00,0x1E,0x00,
    0x00,0x00,0x00,0x00,0x00,0x00,0x30,0x00,0x30,0x00,0x30,0x00,0x30,0x00,0x30,0x00,0x30,0x00,0x3E,0x00,0x33,0x00,0x31,0x80,0x31,0x80,0x31,0x80,0x33,0x00,0x3E,0x00,0x30,0x00,0x30,0x00,0x30,0x00,0x30,0x00,
    0x00,0x00,0x00,0x00,0x00,0x00,0x00,0x00,0x00,0x00,0x33,0x00,0x33,0x00,0x00,0x00,0x61,0x80,0x61,0x80,0x61,0x80,0x61,0x80,0x61,0x80,0x61,0x80,0x33,0x80,0x1D,0x80,0x01,0x80,0x61,0x80,0x33,0x00,0x1E,0x00,
    0x00,0x00,0x7F,0x80,0x00,0x00,0x0C,0x00,0x1E,0x00,0x33,0x00,0x33,0x00,0x61,0x80,0x61,0x80,0x61,0x80,0x7F,0x80,0x61,0x80,0x61,0x80,0x61,0x80,0x61,0x80,0x61,0x80,0x00,0x00,0x00,0x00,0x00,0x00,0x00,0x00,
    0x00,0x00,0x00,0x00,0x00,0x00,0x00,0x00,0x00,0x00,0x00,0x00,0x7F,0x80,0x00,0x00,0x1F,0x00,0x31,0x80,0x01,0x80,0x3F,0x80,0x61,0x80,0x61,0x80,0x61,0x80,0x3E,0x80,0x00,0x00,0x00,0x00,0x00,0x00,0x00,0x00,
    0x00,0x00,0x21,0x00,0x33,0x00,0x1E,0x00,0x00,0x00,0x1E,0x00,0x33,0x00,0x33,0x00,0x61,0x80,0x61,0x80,0x61,0x80,0x7F,0x80,0x61,0x80,0x61,0x80,0x61,0x80,0x61,0x80,0x00,0x00,0x00,0x00,0x00,0x00,0x00,0x00,
    0x00,0x00,0x00,0x00,0x00,0x00,0x00,0x00,0x21,0x00,0x33,0x00,0x1E,0x00,0x00,0x00,0x1F,0x00,0x31,0x80,0x01,0x80,0x3F,0x80,0x61,0x80,0x61,0x80,0x61,0x80,0x3E,0x80,0x00,0x00,0x00,0x00,0x00,0x00,0x00,0x00,
    0x00,0x00,0x00,0x00,0x00,0x00,0x0C,0x00,0x1E,0x00,0x33,0x00,0x33,0x00,0x61,0x80,0x61,0x80,0x61,0x80,0x7F,0x80,0x61,0x80,0x61,0x80,0x61,0x80,0x61,0x80,0x61,0x80,0x03,0x80,0x03,0x00,0x01,0xC0,0x00,0x00,
    0x00,0x00,0x00,0x00,0x00,0x00,0x00,0x00,0x00,0x00,0x00,0x00,0x00,0x00,0x00,0x00,0x1F,0x00,0x31,0x80,0x01,0x80,0x3F,0x80,0x61,0x80,0x61,0x80,0x61,0x80,0x3E,0x80,0x00,0xC0,0x01,0xC0,0x01,0x80,0x00,0xC0,
    0x00,0x00,0x03,0x00,0x06,0x00,0x0C,0x00,0x00,0x00,0x1E,0x00,0x33,0x00,0x61,0x80,0x60,0x00,0x60,0x00,0x60,0x00,0x60,0x00,0x60,0x00,0x61,0x80,0x33,0x00,0x1E,0x00,0x00,0x00,0x00,0x00,0x00,0x00,0x00,0x00,
    0x00,0x00,0x00,0x00,0x00,0x00,0x00,0x00,0x03,0x00,0x06,0x00,0x0C,0x00,0x00,0x00,0x1F,0x00,0x31,0x80,0x60,0x00,0x60,0x00,0x60,0x00,0x60,0x00,0x31,0x80,0x1F,0x00,0x00,0x00,0x00,0x00,0x00,0x00,0x00,0x00,
    0x00,0x00,0x0C,0x00,0x1E,0x00,0x33,0x00,0x00,0x00,0x1E,0x00,0x33,0x00,0x61,0x80,0x60,0x00,0x60,0x00,0x60,0x00,0x60,0x00,0x60,0x00,0x61,0x80,0x33,0x00,0x1E,0x00,0x00,0x00,0x00,0x00,0x00,0x00,0x00,0x00,
    0x00,0x00,0x00,0x00,0x00,0x00,0x00,0x00,0x0C,0x00,0x1E,0x00,0x33,0x00,0x00,0x00,0x1F,0x00,0x31,0x80,0x60,0x00,0x60,0x00,0x60,0x00,0x60,0x00,0x31,0x80,0x1F,0x00,0x00,0x00,0x00,0x00,0x00,0x00,0x00,0x00,
    0x00,0x00,0x0C,0x00,0x0C,0x00,0x00,0x00,0x1E,0x00,0x33,0x00,0x61,0x80,0x60,0x00,0x60,0x00,0x60,0x00,0x60,0x00,0x60,0x00,0x60,0x00,0x61,0x80,0x33,0x00,0x1E,0x00,0x00,0x00,0x00,0x00,0x00,0x00,0x00,0x00,
    0x00,0x00,0x00,0x00,0x00,0x00,0x00,0x00,0x00,0x00,0x0C,0x00,0x0C,0x00,0x00,0x00,0x1F,0x00,0x31,0x80,0x60,0x00,0x60,0x00,0x60,0x00,0x60,0x00,0x31,0x80,0x1F,0x00,0x00,0x00,0x00,0x00,0x00,0x00,0x00,0x00,
    0x00,0x00,0x33,0x00,0x1E,0x00,0x0C,0x00,0x00,0x00,0x1E,0x00,0x33,0x00,0x61,0x80,0x60,0x00,0x60,0x00,0x60,0x00,0x60,0x00,0x60,0x00,0x61,0x80,0x33,0x00,0x1E,0x00,0x00,0x00,0x00,0x00,0x00,0x00,0x00,0x00,
    0x00,0x00,0x00,0x00,0x00,0x00,0x00,0x00,0x33,0x00,0x1E,0x00,0x0C,0x00,0x00,0x00,0x1F,0x00,0x31,0x80,0x60,0x00,0x60,0x00,0x60,0x00,0x60,0x00,0x31,0x80,0x1F,0x00,0x00,0x00,0x00,0x00,0x00,0x00,0x00,0x00,
    0x00,0x00,0x33,0x00,0x1E,0x00,0x0C,0x00,0x00,0x00,0x7E,0x00,0x63,0x00,0x61,0x80,0x61,0x80,0x61,0x80,0x61,0x80,0x61,0x80,0x61,0x80,0x61,0x80,0x63,0x00,0x7E,0x00,0x00,0x00,0x00,0x00,0x00,0x00,0x00,0x00,
    0x00,0x00,0x66,0x00,0x3C,0x00,0x19,0x80,0x01,0x80,0x01,0x80,0x01,0x80,0x01,0x80,0x1D,0x80,0x33,0x80,0x61,0x80,0x61,0x80,0x61,0x80,0x61,0x80,0x33,0x80,0x1D,0x80,0x00,0x00,0x00,0x00,0x00,0x00,0x00,0x00,
    0x00,0x00,0x00,0x00,0x00,0x00,0x7E,0x00,0x63,0x00,0x61,0x80,0x61,0x80,0x61,0x80,0x61,0x80,0xF9,0x80,0x61,0x80,0x61,0x80,0x61,0x80,0x61,0x80,0x63,0x00,0x7E,0x00,0x00,0x00,0x00,0x00,0x00,0x00,0x00,0x00,
    0x00,0x00,0x00,0x00,0x00,0x00,0x01,0x80,0x01,0x80,0x01,0x80,0x07,0xC0,0x01,0x80,0x1D,0x80,0x33,0x80,0x61,0x80,0x61,0x80,0x61,0x80,0x61,0x80,0x33,0x80,0x1D,0x80,0x00,0x00,0x00,0x00,0x00,0x00,0x00,0x00,
    0x00,0x00,0x7F,0x80,0x00,0x00,0x7F,0x80,0x60,0x00,0x60,0x00,0x60,0x00,0x60,0x00,0x60,0x00,0x7E,0x00,0x60,0x00,0x60,0x00,0x60,0x00,0x60,0x00,0x60,0x00,0x7F,0x80,0x00,0x00,0x00,0x00,0x00,0x00,0x00,0x00,
    0x00,0x00,0x00,0x00,0x00,0x00,0x00,0x00,0x00,0x00,0x00,0x00,0x7F,0x80,0x00,0x00,0x1E,0x00,0x33,0x00,0x61,0x80,0x7F,0x80,0x60,0x00,0x60,0x00,0x31,0x80,0x1F,0x00,0x00,0x00,0x00,0x00,0x00,0x00,0x00,0x00,
    0x00,0x00,0x21,0x00,0x33,0x00,0x1E,0x00,0x00,0x00,0x7F,0x80,0x60,0x00,0x60,0x00,0x60,0x00,0x60,0x00,0x7E,0x00,0x60,0x00,0x60,0x00,0x60,0x00,0x60,0x00,0x7F,0x80,0x00,0x00,0x00,0x00,0x00,0x00,0x00,0x00,
    0x00,0x00,0x00,0x00,0x00,0x00,0x00,0x00,0x21,0x00,0x33,0x00,0x1E,0x00,0x00,0x00,0x1E,0x00,0x33,0x00,0x61,0x80,0x7F,0x80,0x60,0x00,0x60,0x00,0x31,0x80,0x1F,0x00,0x00,0x00,0x00,0x00,0x00,0x00,0x00,0x00,
    0x00,0x00,0x0C,0x00,0x0C,0x00,0x00,0x00,0x7F,0x80,0x60,0x00,0x60,0x00,0x60,0x00,0x60,0x00,0x7E,0x00,0x60,0x00,0x60,0x00,0x60,0x00,0x60,0x00,0x60,0x00,0x7F,0x80,0x00,0x00,0x00,0x00,0x00,0x00,0x00,0x00,
    0x00,0x00,0x00,0x00,0x00,0x00,0x00,0x00,0x00,0x00,0x0C,0x00,0x0C,0x00,0x00,0x00,0x1E,0x00,0x33,0x00,0x61,0x80,0x7F,0x80,0x60,0x00,0x60,0x00,0x31,0x80,0x1F,0x00,0x00,0x00,0x00,0x00,0x00,0x00,0x00,0x00,
    0x00,0x00,0x00,0x00,0x00,0x00,0x7F,0x80,0x60,0x00,0x60,0x00,0x60,0x00,0x60,0x00,0x60,0x00,0x7E,0x00,0x60,0x00,0x60,0x00,0x60,0x00,0x60,0x00,0x60,0x00,0x7F,0x80,0x03,0x00,0x07,0x00,0x06,0x00,0x03,0x80,
    0x00,0x00,0x00,0x00,0x00,0x00,0x00,0x00,0x00,0x00,0x00,0x00,0x00,0x00,0x00,0x00,0x1E,0x00,0x33,0x00,0x61,0x80,0x7F,0x80,0x60,0x00,0x60,0x00,0x31,0x80,0x1F,0x00,0x06,0x00,0x0E,0x00,0x0C,0x00,0x07,0x00,
    0x00,0x00,0x33,0x00,0x1E,0x00,0x0C,0x00,0x00,0x00,0x7F,0x80,0x60,0x00,0x60,0x00,0x60,0x00,0x60,0x00,0x7E,0x00,0x60,0x00,0x60,0x00,0x60,0x00,0x60,0x00,0x7F,0x80,0x00,0x00,0x00,0x00,0x00,0x00,0x00,0x00,
    0x00,0x00,0x00,0x00,0x00,0x00,0x00,0x00,0x33,0x00,0x1E,0x00,0x0C,0x00,0x00,0x00,0x1E,0x00,0x33,0x00,0x61,0x80,0x7F,0x80,0x60,0x00,0x60,0x00,0x31,0x80,0x1F,0x00,0x00,0x00,0x00,0x00,0x00,0x00,0x00,0x00,
    0x00,0x00,0x0C,0x00,0x1E,0x00,0x33,0x00,0x00,0x00,0x1E,0x00,0x33,0x00,0x61,0x80,0x60,0x00,0x60,0x00,0x67,0x80,0x61,0x80,0x61,0x80,0x61,0x80,0x33,0x80,0x1E,0x80,0x00,0x00,0x00,0x00,0x00,0x00,0x00,0x00,
    0x00,0x00,0x00,0x00,0x00,0x00,0x00,0x00,0x0C,0x00,0x1E,0x00,0x33,0x00,0x00,0x00,0x3E,0x80,0x63,0x80,0x63,0x00,0x63,0x00,0x63,0x00,0x3E,0x00,0x60,0x00,0x3F,0x00,0x61,0x80,0x61,0x80,0x61,0x80,0x3F,0x00,
    0x00,0x00,0x21,0x00,0x33,0x00,0x1E,0x00,0x00,0x00,0x1E,0x00,0x33,0x00,0x61,0x80,0x60,0x00,0x60,0x00,0x67,0x80,0x61,0x80,0x61,0x80,0x61,0x80,0x33,0x80,0x1E,0x80,0x00,0x00,0x00,0x00,0x00,0x00,0x00,0x00,
    0x00,0x00,0x00,0x00,0x00,0x00,0x00,0x00,0x21,0x00,0x33,0x00,0x1E,0x00,0x00,0x00,0x3E,0x80,0x63,0x80,0x63,0x00,0x63,0x00,0x63,0x00,0x3E,0x00,0x60,0x00,0x3F,0x00,0x61,0x80,0x61,0x80,0x61,0x80,0x3F,0x00,
    0x00,0x00,0x0C,0x00,0x0C,0x00,0x00,0x00,0x1E,0x00,0x33,0x00,0x61,0x80,0x60,0x00,0x60,0x00,0x67,0x80,0x61,0x80,0x61,0x80,0x61,0x80,0x61,0x80,0x33,0x80,0x1E,0x80,0x00,0x00,0x00,0x00,0x00,0x00,0x00,0x00,
    0x00,0x00,0x00,0x00,0x00,0x00,0x00,0x00,0x00,0x00,0x0C,0x00,0x0C,0x00,0x00,0x00,0x3E,0x80,0x63,0x80,0x63,0x00,0x63,0x00,0x63,0x00,0x3E,0x00,0x60,0x00,0x3F,0x00,0x61,0x80,0x61,0x80,0x61,0x80,0x3F,0x00,
    0x00,0x00,0x00,0x00,0x00,0x00,0x1E,0x00,0x33,0x00,0x61,0x80,0x60,0x00,0x60,0x00,0x60,0x00,0x67,0x80,0x61,0x80,0x61,0x80,0x61,0x80,0x61,0x80,0x33,0x80,0x1E,0x80,0x0C,0x00,0x06,0x00,0x1C,0x00,0x00,0x00,
    0x00,0x00,0x00,0x00,0x00,0x00,0x08,0x00,0x10,0x00,0x18,0x00,0x18,0x00,0x00,0x00,0x3E,0x80,0x63,0x80,0x63,0x00,0x63,0x00,0x63,0x00,0x3E,0x00,0x60,0x00,0x3F,0x00,0x61,0x80,0x61,0x80,0x61,0x80,0x3F,0x00,
    0x00,0x00,0x0C,0x00,0x1E,0x00,0x33,0x00,0x00,0x00,0x61,0x80,0x61,0x80,0x61,0x80,0x61,0x80,0x7F,0x80,0x61,0x80,0x61,0x80,0x61,0x80,0x61,0x80,0x61,0x80,0x61,0x80,0x00,0x00,0x00,0x00,0x00,0x00,0x00,0x00,
    0x0C,0x00,0x1E,0x00,0x33,0x00,0x00,0x00,0x60,0x00,0x60,0x00,0x60,0x00,0x60,0x00,0x6E,0x00,0x73,0x00,0x61,0x80,0x61,0x80,0x61,0x80,0x61,0x80,0x61,0x80,0x61,0x80,0x00,0x00,0x00,0x00,0x00,0x00,0x00,0x00,
    0x00,0x00,0x00,0x00,0x00,0x00,0x61,0x80,0x61,0x80,0xFF,0xC0,0x61,0x80,0x61,0x80,0x61,0x80,0x7F,0x80,0x61,0x80,0x61,0x80,0x61,0x80,0x61,0x80,0x61,0x80,0x61,0x80,0x00,0x00,0x00,0x00,0x00,0x00,0x00,0x00,
    0x00,0x00,0x00,0x00,0x00,0x00,0x60,0x00,0x60,0x00,0x60,0x00,0xF8,0x00,0x60,0x00,0x6E,0x00,0x73,0x00,0x61,0x80,0x61,0x80,0x61,0x80,0x61,0x80,0x61,0x80,0x61,0x80,0x00,0x00,0x00,0x00,0x00,0x00,0x00,0x00,
    0x00,0x00,0x19,0x00,0x3F,0x00,0x26,0x00,0x00,0x00,0x7F,0x80,0x0C,0x00,0x0C,0x00,0x0C,0x00,0x0C,0x00,0x0C,0x00,0x0C,0x00,0x0C,0x00,0x0C,0x00,0x0C,0x00,0x7F,0x80,0x00,0x00,0x00,0x00,0x00,0x00,0x00,0x00,
    0x00,0x00,0x00,0x00,0x00,0x00,0x00,0x00,0x19,0x00,0x3F,0x00,0x26,0x00,0x00,0x00,0x3C,0x00,0x0C,0x00,0x0C,0x00,0x0C,0x00,0x0C,0x00,0x0C,0x00,0x0C,0x00,0x7F,0x80,0x00,0x00,0x00,0x00,0x00,0x00,0x00,0x00,
    0x00,0x00,0x7F,0x80,0x00,0x00,0x7F,0x80,0x0C,0x00,0x0C,0x00,0x0C,0x00,0x0C,0x00,0x0C,0x00,0x0C,0x00,0x0C,0x00,0x0C,0x00,0x0C,0x00,0x0C,0x00,0x0C,0x00,0x7F,0x80,0x00,0x00,0x00,0x00,0x00,0x00,0x00,0x00,
    0x00,0x00,0x00,0x00,0x00,0x00,0x00,0x00,0x00,0x00,0x00,0x00,0x7F,0x00,0x00,0x00,0x3C,0x00,0x0C,0x00,0x0C,0x00,0x0C,0x00,0x0C,0x00,0x0C,0x00,0x0C,0x00,0x7F,0x80,0x00,0x00,0x00,0x00,0x00,0x00,0x00,0x00,
    0x00,0x00,0x21,0x00,0x33,0x00,0x1E,0x00,0x00,0x00,0x7F,0x80,0x0C,0x00,0x0C,0x00,0x0C,0x00,0x0C,0x00,0x0C,0x00,0x0C,0x00,0x0C,0x00,0x0C,0x00,0x0C,0x00,0x7F,0x80,0x00,0x00,0x00,0x00,0x00,0x00,0x00,0x00,
    0x00,0x00,0x00,0x00,0x00,0x00,0x00,0x00,0x21,0x00,0x33,0x00,0x1E,0x00,0x00,0x00,0x3C,0x00,0x0C,0x00,0x0C,0x00,0x0C,0x00,0x0C,0x00,0x0C,0x00,0x0C,0x00,0x7F,0x80,0x00,0x00,0x00,0x00,0x00,0x00,0x00,0x00,
    0x00,0x00,0x00,0x00,0x00,0x00,0x7F,0x80,0x0C,0x00,0x0C,0x00,0x0C,0x00,0x0C,0x00,0x0C,0x00,0x0C,0x00,0x0C,0x00,0x0C,0x00,0x0C,0x00,0x0C,0x00,0x0C,0x00,0x7F,0x80,0x03,0x00,0x07,0x00,0x06,0x00,0x03,0x80,
    0x00,0x00,0x00,0x00,0x00,0x00,0x00,0x00,0x00,0x00,0x0C,0x00,0x0C,0x00,0x00,0x00,0x3C,0x00,0x0C,0x00,0x0C,0x00,0x0C,0x00,0x0C,0x00,0x0C,0x00,0x0C,0x00,0x7F,0x80,0x01,0x80,0x03,0x80,0x03,0x00,0x01,0x80,
    0x00,0x00,0x0C,0x00,0x0C,0x00,0x00,0x00,0x7F,0x80,0x0C,0x00,0x0C,0x00,0x0C,0x00,0x0C,0x00,0x0C,0x00,0x0C,0x00,0x0C,0x00,0x0C,0x00,0x0C,0x00,0x0C,0x00,0x7F,0x80,0x00,0x00,0x00,0x00,0x00,0x00,0x00,0x00,
    0x00,0x00,0x00,0x00,0x00,0x00,0x00,0x00,0x00,0x00,0x00,0x00,0x00,0x00,0x00,0x00,0x3C,0x00,0x0C,0x00,0x0C,0x00,0x0C,0x00,0x0C,0x00,0x0C,0x00,0x0C,0x00,0x7F,0x80,0x00,0x00,0x00,0x00,0x00,0x00,0x00,0x00,
    0x00,0x00,0x00,0x00,0x00,0x00,0xFF,0x80,0x31,0x80,0x31,0x80,0x31,0x80,0x31,0x80,0x31,0x80,0x31,0x80,0x31,0x80,0x31,0x80,0x31,0x80,0x31,0x80,0x31,0x80,0xFD,0x80,0x01,0x80,0x31,0x80,0x1F,0x00,0x00,0x00,
    0x00,0x00,0x00,0x00,0x00,0x00,0x00,0x00,0x00,0x00,0x31,0x80,0x31,0x80,0x00,0x00,0xF7,0x80,0x31,0x80,0x31,0x80,0x31,0x80,0x31,0x80,0x31,0x80,0x31,0x80,0xFD,0x80,0x01,0x80,0x31,0x80,0x31,0x80,0x1F,0x00,
    0x00,0x00,0x06,0x00,0x0F,0x00,0x19,0x80,0x00,0x00,0x1F,0x00,0x03,0x00,0x03,0x00,0x03,0x00,0x03,0x00,0x03,0x00,0x03,0x00,0xC3,0x00,0xC3,0x00,0x66,0x00,0x3C,0x00,0x00,0x00,0x00,0x00,0x00,0x00,0x00,0x00,
    0x00,0x00,0x00,0x00,0x00,0x00,0x00,0x00,0x06,0x00,0x0F,0x00,0x19,0x80,0x00,0x00,0x0F,0x00,0x03,0x00,0x03,0x00,0x03,0x00,0x03,0x00,0x03,0x00,0x03,0x00,0x03,0x00,0x63,0x00,0x63,0x00,0x63,0x00,0x3E,0x00,
    0x00,0x00,0x00,0x00,0x00,0x00,0x61,0x80,0x61,0x80,0x63,0x00,0x63,0x00,0x66,0x00,0x66,0x00,0x7C,0x00,0x66,0x00,0x66,0x00,0x63,0x00,0x63,0x00,0x61,0x80,0x61,0x80,0x70,0x00,0x18,0x00,0x18,0x00,0x70,0x00,
    0x00,0x00,0x00,0x00,0x00,0x00,0x60,0x00,0x60,0x00,0x60,0x00,0x60,0x00,0x60,0x00,0x63,0x00,0x66,0x00,0x6C,0x00,0x78,0x00,0x7C,0x00,0x66,0x00,0x63,0x00,0x61,0x80,0x70,0x00,0x18,0x00,0x18,0x00,0x70,0x00,
    0x00,0x00,0x00,0x00,0x00,0x00,0x00,0x00,0x00,0x00,0x00,0x00,0x00,0x00,0x00,0x00,0x66,0x00,0x6C,0x00,0x78,0x00,0x70,0x00,0x78,0x00,0x6C,0x00,0x66,0x00,0x63,0x00,0x00,0x00,0x00,0x00,0x00,0x00,0x00,0x00,
    0x00,0x00,0x18,0x00,0x30,0x00,0x60,0x00,0x00,0x00,0x60,0x00,0x60,0x00,0x60,0x00,0x60,0x00,0x60,0x00,0x60,0x00,0x60,0x00,0x60,0x00,0x60,0x00,0x60,0x00,0x7F,0x80,0x00,0x00,0x00,0x00,0x00,0x00,0x00,0x00,
    0x00,0x00,0x06,0x00,0x0C,0x00,0x18,0x00,0x00,0x00,0x3C,0x00,0x0C,0x00,0x0C,0x00,0x0C,0x00,0x0C,0x00,0x0C,0x00,0x0C,0x00,0x0C,0x00,0x0C,0x00,0x0C,0x00,0x7F,0x80,0x00,0x00,0x00,0x00,0x00,0x00,0x00,0x00,
    0x00,0x00,0x00,0x00,0x00,0x00,0x60,0x00,0x60,0x00,0x60,0x00,0x60,0x00,0x60,0x00,0x60,0x00,0x60,0x00,0x60,0x00,0x60,0x00,0x60,0x00,0x60,0x00,0x60,0x00,0x7F,0x80,0x30,0x00,0x18,0x00,0x18,0x00,0x70,0x00,
    0x00,0x00,0x00,0x00,0x00,0x00,0x3C,0x00,0x0C,0x00,0x0C,0x00,0x0C,0x00,0x0C,0x00,0x0C,0x00,0x0C,0x00,0x0C,0x00,0x0C,0x00,0x0C,0x00,0x0C,0x00,0x0C,0x00,0x7F,0x80,0x0C,0x00,0x06,0x00,0x06,0x00,0x1C,0x00,
    0x00,0x00,0xCC,0x00,0x78,0x00,0x30,0x00,0x00,0x00,0x60,0x00,0x60,0x00,0x60,0x00,0x60,0x00,0x60,0x00,0x60,0x00,0x60,0x00,0x60,0x00,0x60,0x00,0x60,0x00,0x7F,0x80,0x00,0x00,0x00,0x00,0x00,0x00,0x00,0x00,
    0x00,0x00,0x33,0x00,0x1E,0x00,0x0C,0x00,0x00,0x00,0x3C,0x00,0x0C,0x00,0x0C,0x00,0x0C,0x00,0x0C,0x00,0x0C,0x00,0x0C,0x00,0x0C,0x00,0x0C,0x00,0x0C,0x00,0x7F,0x80,0x00,0x00,0x00,0x00,0x00,0x00,0x00,0x00,
    0x00,0x00,0x00,0x00,0x00,0x00,0x60,0x00,0x60,0x00,0x60,0x00,0x60,0x00,0x60,0x00,0x66,0x00,0x66,0x00,0x60,0x00,0x60,0x00,0x60,0x00,0x60,0x00,0x60,0x00,0x7F,0x80,0x00,0x00,0x00,0x00,0x00,0x00,0x00,0x00,
    0x00,0x00,0x00,0x00,0x00,0x00,0x78,0x00,0x18,0x00,0x18,0x00,0x18,0x00,0x18,0x00,0x18,0x00,0x19,0x80,0x19,0x80,0x18,0x00,0x18,0x00,0x18,0x00,0x18,0x00,0xFF,0x00,0x00,0x00,0x00,0x00,0x00,0x00,0x00,0x00,
    0x00,0x00,0x00,0x00,0x00,0x00,0x60,0x00,0x60,0x00,0x60,0x00,0x60,0x00,0x60,0x00,0x6C,0x00,0x70,0x00,0xE0,0x00,0x60,0x00,0x60,0x00,0x60,0x00,0x60,0x00,0x7F,0x80,0x00,0x00,0x00,0x00,0x00,0x00,0x00,0x00,
    0x00,0x00,0x00,0x00,0x00,0x00,0x3C,0x00,0x0C,0x00,0x0C,0x00,0x0C,0x00,0x0C,0x00,0x0C,0x00,0x0F,0x00,0x3C,0x00,0x0C,0x00,0x0C,0x00,0x0C,0x00,0x0C,0x00,0x7F,0x80,0x00,0x00,0x00,0x00,0x00,0x00,0x00,0x00,
    0x00,0x00,0x03,0x00,0x06,0x00,0x0C,0x00,0x61,0x80,0x71,0x80,0x71,0x80,0x79,0x80,0x79,0x80,0x6D,0x80,0x6D,0x80,0x67,0x80,0x67,0x80,0x63,0x80,0x63,0x80,0x61,0x80,0x00,0x00,0x00,0x00,0x00,0x00,0x00,0x00,
    0x00,0x00,0x00,0x00,0x00,0x00,0x00,0x00,0x03,0x00,0x06,0x00,0x0C,0x00,0x00,0x00,0x6E,0x00,0x73,0x00,0x61,0x80,0x61,0x80,0x61,0x80,0x61,0x80,0x61,0x80,0x61,0x80,0x00,0x00,0x00,0x00,0x00,0x00,0x00,0x00,
    0x00,0x00,0x00,0x00,0x00,0x00,0x61,0x80,0x71,0x80,0x71,0x80,0x79,0x80,0x79,0x80,0x6D,0x80,0x6D,0x80,0x67,0x80,0x67,0x80,0x63,0x80,0x63,0x80,0x61,0x80,0x61,0x80,0x70,0x00,0x18,0x00,0x18,0x00,0x70,0x00,
    0x00,0x00,0x00,0x00,0x00,0x00,0x00,0x00,0x00,0x00,0x00,0x00,0x00,0x00,0x00,0x00,0x6E,0x00,0x73,0x00,0x61,0x80,0x61,0x80,0x61,0x80,0x61,0x80,0x61,0x80,0x61,0x80,0x70,0x00,0x18,0x00,0x18,0x00,0x70,0x00,
    0x00,0x00,0x33,0x00,0x1E,0x00,0x0C,0x00,0x61,0x80,0x71,0x80,0x71,0x80,0x79,0x80,0x79,0x80,0x6D,0x80,0x6D,0x80,0x67,0x80,0x67,0x80,0x63,0x80,0x63,0x80,0x61,0x80,0x00,0x00,0x00,0x00,0x00,0x00,0x00,0x00,
    0x00,0x00,0x00,0x00,0x00,0x00,0x00,0x00,0x33,0x00,0x1E,0x00,0x0C,0x00,0x00,0x00,0x6E,0x00,0x73,0x00,0x61,0x80,0x61,0x80,0x61,0x80,0x61,0x80,0x61,0x80,0x61,0x80,0x00,0x00,0x00,0x00,0x00,0x00,0x00,0x00,
    0x00,0x00,0x00,0x00,0x00,0x00,0xC0,0x00,0xC0,0x00,0x40,0x00,0x80,0x00,0x00,0x00,0x6E,0x00,0x73,0x00,0x61,0x80,0x61,0x80,0x61,0x80,0x61,0x80,0x61,0x80,0x61,0x80,0x00,0x00,0x00,0x00,0x00,0x00,0x00,0x00,
    0x00,0x00,0x00,0x00,0x00,0x00,0x61,0x80,0x71,0x80,0x71,0x80,0x79,0x80,0x79,0x80,0x6D,0x80,0x6D,0x80,0x67,0x80,0x67,0x80,0x63,0x80,0x63,0x80,0x61,0x80,0x61,0x80,0x01,0x80,0x01,0x80,0x01,0x80,0x03,0x00,
    0x00,0x00,0x00,0x00,0x00,0x00,0x00,0x00,0x00,0x00,0x00,0x00,0x00,0x00,0x00,0x00,0x6E,0x00,0x73,0x00,0x61,0x80,0x61,0x80,0x61,0x80,0x61,0x80,0x61,0x80,0x61,0x80,0x01,0x80,0x01,0x80,0x01,0x80,0x03,0x00,
    0x00,0x00,0x7F,0x80,0x00,0x00,0x1E,0x00,0x33,0x00,0x61,0x80,0x61,0x80,0x61,0x80,0x61,0x80,0x61,0x80,0x61,0x80,0x61,0x80,0x61,0x80,0x61,0x80,0x33,0x00,0x1E,0x00,0x00,0x00,0x00,0x00,0x00,0x00,0x00,0x00,
    0x00,0x00,0x00,0x00,0x00,0x00,0x00,0x00,0x00,0x00,0x00,0x00,0x7F,0x80,0x00,0x00,0x1E,0x00,0x33,0x00,0x61,0x80,0x61,0x80,0x61,0x80,0x61,0x80,0x33,0x00,0x1E,0x00,0x00,0x00,0x00,0x00,0x00,0x00,0x00,0x00,
    0x00,0x00,0x21,0x00,0x33,0x00,0x1E,0x00,0x00,0x00,0x1E,0x00,0x33,0x00,0x61,0x80,0x61,0x80,0x61,0x80,0x61,0x80,0x61,0x80,0x61,0x80,0x61,0x80,0x33,0x00,0x1E,0x00,0x00,0x00,0x00,0x00,0x00,0x00,0x00,0x00,
    0x00,0x00,0x00,0x00,0x00,0x00,0x00,0x00,0x21,0x00,0x33,0x00,0x1E,0x00,0x00,0x00,0x1E,0x00,0x33,0x00,0x61,0x80,0x61,0x80,0x61,0x80,0x61,0x80,0x33,0x00,0x1E,0x00,0x00,0x00,0x00,0x00,0x00,0x00,0x00,0x00,
    0x00,0x00,0x19,0x80,0x33,0x00,0x00,0x00,0x1E,0x00,0x33,0x00,0x61,0x80,0x61,0x80,0x61,0x80,0x61,0x80,0x61,0x80,0x61,0x80,0x61,0x80,0x61,0x80,0x33,0x00,0x1E,0x00,0x00,0x00,0x00,0x00,0x00,0x00,0x00,0x00,
    0x00,0x00,0x00,0x00,0x00,0x00,0x00,0x00,0x00,0x00,0x19,0x80,0x33,0x00,0x00,0x00,0x1E,0x00,0x33,0x00,0x61,0x80,0x61,0x80,0x61,0x80,0x61,0x80,0x33,0x00,0x1E,0x00,0x00,0x00,0x00,0x00,0x00,0x00,0x00,0x00,
    0x00,0x00,0x00,0x00,0x00,0x00,0x1F,0x80,0x36,0x00,0x66,0x00,0x66,0x00,0x66,0x00,0x66,0x00,0x67,0x80,0x66,0x00,0x66,0x00,0x66,0x00,0x66,0x00,0x36,0x00,0x1F,0x80,0x00,0x00,0x00,0x00,0x00,0x00,0x00,0x00,
    0x00,0x00,0x00,0x00,0x00,0x00,0x00,0x00,0x00,0x00,0x00,0x00,0x00,0x00,0x00,0x00,0x3F,0x00,0x6D,0x80,0x6D,0x80,0x6F,0x80,0x6C,0x00,0x6C,0x00,0x6D,0x80,0x3F,0x00,0x00,0x00,0x00,0x00,0x00,0x00,0x00,0x00,
    0x00,0x00,0x06,0x00,0x0C,0x00,0x18,0x00,0x00,0x00,0x7E,0x00,0x63,0x00,0x61,0x80,0x61,0x80,0x63,0x00,0x7E,0x00,0x66,0x00,0x63,0x00,0x63,0x00,0x61,0x80,0x61,0x80,0x00,0x00,0x00,0x00,0x00,0x00,0x00,0x00,
    0x00,0x00,0x00,0x00,0x00,0x00,0x00,0x00,0x03,0x00,0x06,0x00,0x0C,0x00,0x00,0x00,0x6F,0x00,0x39,0x80,0x30,0x00,0x30,0x00,0x30,0x00,0x30,0x00,0x30,0x00,0x30,0x00,0x00,0x00,0x00,0x00,0x00,0x00,0x00,0x00,
    0x00,0x00,0x00,0x00,0x00,0x00,0x7E,0x00,0x63,0x00,0x61,0x80,0x61,0x80,0x61,0x80,0x61,0x80,0x63,0x00,0x7E,0x00,0x66,0x00,0x63,0x00,0x63,0x00,0x61,0x80,0x61,0x80,0x70,0x00,0x18,0x00,0x18,0x00,0x70,0x00,
    0x00,0x00,0x00,0x00,0x00,0x00,0x00,0x00,0x00,0x00,0x00,0x00,0x00,0x00,0x00,0x00,0x6F,0x00,0x39,0x80,0x30,0x00,0x30,0x00,0x30,0x00,0x30,0x00,0x30,0x00,0x30,0x00,0x38,0x00,0x0C,0x00,0x0C,0x00,0x38,0x00,
    0x00,0x00,0x33,0x00,0x1E,0x00,0x0C,0x00,0x00,0x00,0x7E,0x00,0x63,0x00,0x61,0x80,0x61,0x80,0x63,0x00,0x7E,0x00,0x66,0x00,0x63,0x00,0x63,0x00,0x61,0x80,0x61,0x80,0x00,0x00,0x00,0x00,0x00,0x00,0x00,0x00,
    0x00,0x00,0x00,0x00,0x00,0x00,0x00,0x00,0x33,0x00,0x1E,0x00,0x0C,0x00,0x00,0x00,0x6F,0x00,0x39,0x80,0x30,0x00,0x30,0x00,0x30,0x00,0x30,0x00,0x30,0x00,0x30,0x00,0x00,0x00,0x00,0x00,0x00,0x00,0x00,0x00,
    0x00,0x00,0x03,0x00,0x06,0x00,0x0C,0x00,0x00,0x00,0x1E,0x00,0x33,0x00,0x61,0x80,0x60,0x00,0x30,0x00,0x1E,0x00,0x03,0x00,0x01,0x80,0x61,0x80,0x33,0x00,0x1E,0x00,0x00,0x00,0x00,0x00,0x00,0x00,0x00,0x00,
    0x00,0x00,0x00,0x00,0x00,0x00,0x00,0x00,0x03,0x00,0x06,0x00,0x0C,0x00,0x00,0x00,0x3F,0x00,0x61,0x80,0x60,0x00,0x3F,0x00,0x01,0x80,0x01,0x80,0x61,0x80,0x3F,0x00,0x00,0x00,0x00,0x00,0x00,0x00,0x00,0x00,
    0x00,0x00,0x0C,0x00,0x1E,0x00,0x33,0x00,0x00,0x00,0x1E,0x00,0x33,0x00,0x61,0x80,0x60,0x00,0x30,0x00,0x1E,0x00,0x03,0x00,0x01,0x80,0x61,0x80,0x33,0x00,0x1E,0x00,0x00,0x00,0x00,0x00,0x00,0x00,0x00,0x00,
    0x00,0x00,0x00,0x00,0x00,0x00,0x00,0x00,0x0C,0x00,0x1E,0x00,0x33,0x00,0x00,0x00,0x3F,0x00,0x61,0x80,0x60,0x00,0x3F,0x00,0x01,0x80,0x01,0x80,0x61,0x80,0x3F,0x00,0x00,0x00,0x00,0x00,0x00,0x00,0x00,0x00,
    0x00,0x00,0x00,0x00,0x00,0x00,0x1E,0x00,0x33,0x00,0x61,0x80,0x60,0x00,0x60,0x00,0x30,0x00,0x1E,0x00,0x03,0x00,0x01,0x80,0x01,0x80,0x61,0x80,0x33,0x00,0x1E,0x00,0x0C,0x00,0x06,0x00,0x06,0x00,0x1C,0x00,
    0x00,0x00,0x00,0x00,0x00,0x00,0x00,0x00,0x00,0x00,0x00,0x00,0x00,0x00,0x00,0x00,0x3F,0x00,0x61,0x80,0x60,0x00,0x3F,0x00,0x01,0x80,0x01,0x80,0x61,0x80,0x3F,0x00,0x0C,0x00,0x06,0x00,0x06,0x00,0x1C,0x00,
    0x00,0x00,0x33,0x00,0x1E,0x00,0x0C,0x00,0x00,0x00,0x1E,0x00,0x33,0x00,0x61,0x80,0x60,0x00,0x30,0x00,0x1E,0x00,0x03,0x00,0x01,0x80,0x61,0x80,0x33,0x00,0x1E,0x00,0x00,0x00,0x00,0x00,0x00,0x00,0x00,0x00,
    0x00,0x00,0x00,0x00,0x00,0x00,0x00,0x00,0x33,0x00,0x1E,0x00,0x0C,0x00,0x00,0x00,0x3F,0x00,0x61,0x80,0x60,0x00,0x3F,0x00,0x01,0x80,0x01,0x80,0x61,0x80,0x3F,0x00,0x00,0x00,0x00,0x00,0x00,0x00,0x00,0x00,
    0x00,0x00,0x00,0x00,0x00,0x00,0x7F,0x80,0x0C,0x00,0x0C,0x00,0x0C,0x00,0x0C,0x00,0x0C,0x00,0x0C,0x00,0x0C,0x00,0x0C,0x00,0x0C,0x00,0x0C,0x00,0x0C,0x00,0x0C,0x00,0x0C,0x00,0x06,0x00,0x06,0x00,0x1C,0x00,
    0x00,0x00,0x00,0x00,0x00,0x00,0x00,0x00,0x00,0x00,0x18,0x00,0x18,0x00,0x18,0x00,0x7E,0x00,0x18,0x00,0x18,0x00,0x18,0x00,0x18,0x00,0x18,0x00,0x19,0x80,0x0F,0x00,0x06,0x00,0x03,0x00,0x03,0x00,0x0E,0x00,
    0x00,0x00,0x33,0x00,0x1E,0x00,0x0C,0x00,0x00,0x00,0x7F,0x80,0x0C,0x00,0x0C,0x00,0x0C,0x00,0x0C,0x00,0x0C,0x00,0x0C,0x00,0x0C,0x00,0x0C,0x00,0x0C,0x00,0x0C,0x00,0x00,0x00,0x00,0x00,0x00,0x00,0x00,0x00,
    0x00,0x00,0x66,0x00,0x3C,0x00,0x18,0x00,0x00,0x00,0x18,0x00,0x18,0x00,0x18,0x00,0x7E,0x00,0x18,0x00,0x18,0x00,0x18,0x00,0x18,0x00,0x18,0x00,0x19,0x80,0x0F,0x00,0x00,0x00,0x00,0x00,0x00,0x00,0x00,0x00,
    0x00,0x00,0x00,0x00,0x00,0x00,0x7F,0x80,0x0C,0x00,0x0C,0x00,0x0C,0x00,0x0C,0x00,0x3F,0x00,0x0C,0x00,0x0C,0x00,0x0C,0x00,0x0C,0x00,0x0C,0x00,0x0C,0x00,0x0C,0x00,0x00,0x00,0x00,0x00,0x00,0x00,0x00,0x00,
    0x00,0x00,0x00,0x00,0x00,0x00,0x00,0x00,0x00,0x00,0x18,0x00,0x18,0x00,0x18,0x00,0x7E,0x00,0x18,0x00,0x3C,0x00,0x18,0x00,0x18,0x00,0x18,0x00,0x19,0x80,0x0F,0x00,0x00,0x00,0x00,0x00,0x00,0x00,0x00,0x00,
    0x00,0x00,0x19,0x00,0x3F,0x00,0x26,0x00,0x00,0x00,0x61,0x80,0x61,0x80,0x61,0x80,0x61,0x80,0x61,0x80,0x61,0x80,0x61,0x80,0x61,0x80,0x61,0x80,0x33,0x00,0x1E,0x00,0x00,0x00,0x00,0x00,0x00,0x00,0x00,0x00,
    0x00,0x00,0x00,0x00,0x00,0x00,0x00,0x00,0x19,0x00,0x3F,0x00,0x26,0x00,0x00,0x00,0x61,0x80,0x61,0x80,0x61,0x80,0x61,0x80,0x61,0x80,0x61,0x80,0x33,0x80,0x1D,0x80,0x00,0x00,0x00,0x00,0x00,0x00,0x00,0x00,
    0x00,0x00,0x7F,0x80,0x00,0x00,0x61,0x80,0x61,0x80,0x61,0x80,0x61,0x80,0x61,0x80,0x61,0x80,0x61,0x80,0x61,0x80,0x61,0x80,0x61,0x80,0x61,0x80,0x33,0x00,0x1E,0x00,0x00,0x00,0x00,0x00,0x00,0x00,0x00,0x00,
    0x00,0x00,0x00,0x00,0x00,0x00,0x00,0x00,0x00,0x00,0x00,0x00,0x7F,0x80,0x00,0x00,0x61,0x80,0x61,0x80,0x61,0x80,0x61,0x80,0x61,0x80,0x61,0x80,0x33,0x80,0x1D,0x80,0x00,0x00,0x00,0x00,0x00,0x00,0x00,0x00,
    0x00,0x00,0x21,0x00,0x33,0x00,0x1E,0x00,0x00,0x00,0x61,0x80,0x61,0x80,0x61,0x80,0x61,0x80,0x61,0x80,0x61,0x80,0x61,0x80,0x61,0x80,0x61,0x80,0x33,0x00,0x1E,0x00,0x00,0x00,0x00,0x00,0x00,0x00,0x00,0x00,
    0x00,0x00,0x00,0x00,0x00,0x00,0x00,0x00,0x21,0x00,0x33,0x00,0x1E,0x00,0x00,0x00,0x61,0x80,0x61,0x80,0x61,0x80,0x61,0x80,0x61,0x80,0x61,0x80,0x33,0x80,0x1D,0x80,0x00,0x00,0x00,0x00,0x00,0x00,0x00,0x00,
    0x0C,0x00,0x12,0x00,0x12,0x00,0x0C,0x00,0x00,0x00,0x61,0x80,0x61,0x80,0x61,0x80,0x61,0x80,0x61,0x80,0x61,0x80,0x61,0x80,0x61,0x80,0x61,0x80,0x33,0x00,0x1E,0x00,0x00,0x00,0x00,0x00,0x00,0x00,0x00,0x00,
    0x00,0x00,0x00,0x00,0x00,0x00,0x0C,0x00,0x12,0x00,0x12,0x00,0x0C,0x00,0x00,0x00,0x61,0x80,0x61,0x80,0x61,0x80,0x61,0x80,0x61,0x80,0x61,0x80,0x33,0x80,0x1D,0x80,0x00,0x00,0x00,0x00,0x00,0x00,0x00,0x00,
    0x00,0x00,0x19,0x80,0x33,0x00,0x00,0x00,0x61,0x80,0x61,0x80,0x61,0x80,0x61,0x80,0x61,0x80,0x61,0x80,0x61,0x80,0x61,0x80,0x61,0x80,0x61,0x80,0x33,0x00,0x1E,0x00,0x00,0x00,0x00,0x00,0x00,0x00,0x00,0x00,
    0x00,0x00,0x00,0x00,0x00,0x00,0x00,0x00,0x00,0x00,0x19,0x80,0x33,0x00,0x00,0x00,0x61,0x80,0x61,0x80,0x61,0x80,0x61,0x80,0x61,0x80,0x61,0x80,0x33,0x80,0x1D,0x80,0x00,0x00,0x00,0x00,0x00,0x00,0x00,0x00,
    0x00,0x00,0x00,0x00,0x00,0x00,0x61,0x80,0x61,0x80,0x61,0x80,0x61,0x80,0x61,0x80,0x61,0x80,0x61,0x80,0x61,0x80,0x61,0x80,0x61,0x80,0x61,0x80,0x33,0x00,0x1E,0x00,0x06,0x00,0x0E,0x00,0x0C,0x00,0x07,0x00,
    0x00,0x00,0x00,0x00,0x00,0x00,0x00,0x00,0x00,0x00,0x00,0x00,0x00,0x00,0x00,0x00,0x61,0x80,0x61,0x80,0x61,0x80,0x61,0x80,0x61,0x80,0x61,0x80,0x33,0x80,0x1D,0x80,0x03,0x80,0x06,0x00,0x06,0x00,0x03,0x80,
    0x0C,0x00,0x1E,0x00,0x33,0x00,0x00,0x00,0x61,0x80,0x61,0x80,0x61,0x80,0x61,0x80,0x6D,0x80,0x6D,0x80,0x6D,0x80,0x6D,0x80,0x73,0x80,0x73,0x80,0x61,0x80,0x61,0x80,0x00,0x00,0x00,0x00,0x00,0x00,0x00,0x00,
    0x00,0x00,0x00,0x00,0x00,0x00,0x00,0x00,0x0C,0x00,0x1E,0x00,0x33,0x00,0x00,0x00,0x61,0x80,0x61,0x80,0x61,0x80,0x6D,0x80,0x6D,0x80,0x6D,0x80,0x7F,0x80,0x33,0x00,0x00,0x00,0x00,0x00,0x00,0x00,0x00,0x00,
    0x0C,0x00,0x1E,0x00,0x33,0x00,0x00,0x00,0x61,0x80,0x33,0x00,0x33,0x00,0x1E,0x00,0x1E,0x00,0x0C,0x00,0x0C,0x00,0x0C,0x00,0x0C,0x00,0x0C,0x00,0x0C,0x00,0x0C,0x00,0x00,0x00,0x00,0x00,0x00,0x00,0x00,0x00,
    0x00,0x00,0x00,0x00,0x00,0x00,0x00,0x00,0x0C,0x00,0x1E,0x00,0x33,0x00,0x00,0x00,0x61,0x80,0x61,0x80,0x61,0x80,0x61,0x80,0x61,0x80,0x61,0x80,0x33,0x80,0x1D,0x80,0x01,0x80,0x61,0x80,0x33,0x00,0x1E,0x00,
    0x00,0x00,0x33,0x00,0x33,0x00,0x00,0x00,0x61,0x80,0x61,0x80,0x33,0x00,0x33,0x00,0x1E,0x00,0x1E,0x00,0x0C,0x00,0x0C,0x00,0x0C,0x00,0x0C,0x00,0x0C,0x00,0x0C,0x00,0x00,0x00,0x00,0x00,0x00,0x00,0x00,0x00,
    0x03,0x00,0x06,0x00,0x0C,0x00,0x00,0x00,0x7F,0x80,0x01,0x80,0x03,0x00,0x06,0x00,0x06,0x00,0x0C,0x00,0x18,0x00,0x18,0x00,0x30,0x00,0x60,0x00,0x60,0x00,0x7F,0x80,0x00,0x00,0x00,0x00,0x00,0x00,0x00,0x00,
    0x00,0x00,0x00,0x00,0x00,0x00,0x00,0x00,0x03,0x00,0x06,0x00,0x0C,0x00,0x00,0x00,0x3F,0x80,0x01,0x80,0x03,0x00,0x06,0x00,0x0C,0x00,0x18,0x00,0x30,0x00,0x3F,0x80,0x00,0x00,0x00,0x00,0x00,0x00,0x00,0x00,
    0x00,0x00,0x0C,0x00,0x0C,0x00,0x00,0x00,0x7F,0x80,0x01,0x80,0x03,0x00,0x06,0x00,0x06,0x00,0x0C,0x00,0x18,0x00,0x18,0x00,0x30,0x00,0x60,0x00,0x60,0x00,0x7F,0x80,0x00,0x00,0x00,0x00,0x00,0x00,0x00,0x00,
    0x00,0x00,0x00,0x00,0x00,0x00,0x00,0x00,0x00,0x00,0x06,0x00,0x06,0x00,0x00,0x00,0x3F,0x80,0x01,0x80,0x03,0x00,0x06,0x00,0x0C,0x00,0x18,0x00,0x30,0x00,0x3F,0x80,0x00,0x00,0x00,0x00,0x00,0x00,0x00,0x00,
    0x00,0x00,0x33,0x00,0x1E,0x00,0x0C,0x00,0x00,0x00,0x7F,0x80,0x01,0x80,0x03,0x00,0x06,0x00,0x06,0x00,0x0C,0x00,0x18,0x00,0x18,0x00,0x30,0x00,0x60,0x00,0x7F,0x80,0x00,0x00,0x00,0x00,0x00,0x00,0x00,0x00,
    0x00,0x00,0x00,0x00,0x00,0x00,0x00,0x00,0x33,0x00,0x1E,0x00,0x0C,0x00,0x00,0x00,0x3F,0x80,0x01,0x80,0x03,0x00,0x06,0x00,0x0C,0x00,0x18,0x00,0x30,0x00,0x3F,0x80,0x00,0x00,0x00,0x00,0x00,0x00,0x00,0x00,
    0x00,0x00,0x00,0x00,0x00,0x00,0x0F,0x00,0x19,0x80,0x18,0x00,0x18,0x00,0x18,0x00,0x78,0x00,0x18,0x00,0x18,0x00,0x18,0x00,0x18,0x00,0x18,0x00,0x18,0x00,0x18,0x00,0x00,0x00,0x00,0x00,0x00,0x00,0x00,0x00,
    0x00,0x00,0x00,0x00,0x00,0x00,0x1E,0x00,0x33,0x00,0x61,0x80,0x01,0x80,0x01,0x80,0x01,0x80,0x7F,0x80,0x61,0x80,0x61,0x80,0x61,0x80,0x61,0x80,0x33,0x00,0x1E,0x00,0x00,0x00,0x00,0x00,0x00,0x00,0x00,0x00,
    0x00,0x00,0x00,0x00,0x00,0x00,0x0F,0x00,0x19,0x80,0x19,0x80,0x18,0x00,0x18,0x00,0x7E,0x00,0x18,0x00,0x18,0x00,0x18,0x00,0x18,0x00,0x18,0x00,0x18,0x00,0x18,0x00,0x18,0x00,0xD8,0x00,0x70,0x00,0x00,0x00,
    0x00,0x00,0x00,0x00,0x00,0x00,0x1C,0xC0,0x36,0xC0,0x63,0x80,0x63,0x00,0x63,0x00,0x63,0x00,0x63,0x00,0x63,0x00,0x63,0x00,0x63,0x00,0x63,0x00,0x36,0x00,0x1C,0x00,0x00,0x00,0x00,0x00,0x00,0x00,0x00,0x00,
    0x00,0x00,0x00,0x00,0x00,0x00,0x00,0x00,0x00,0x00,0x00,0x00,0x00,0x00,0x00,0x00,0x1C,0xC0,0x36,0xC0,0x63,0x80,0x63,0x00,0x63,0x00,0x63,0x00,0x36,0x00,0x1C,0x00,0x00,0x00,0x00,0x00,0x00,0x00,0x00,0x00,
    0x00,0x00,0x00,0x00,0x00,0x00,0x66,0xC0,0x66,0xC0,0x67,0x80,0x66,0x00,0x66,0x00,0x66,0x00,0x66,0x00,0x66,0x00,0x66,0x00,0x66,0x00,0x66,0x00,0x3C,0x00,0x18,0x00,0x00,0x00,0x00,0x00,0x00,0x00,0x00,0x00,
    0x00,0x00,0x00,0x00,0x00,0x00,0x00,0x00,0x00,0x00,0x00,0x00,0x00,0x00,0x00,0x00,0x66,0xC0,0x66,0xC0,0x67,0x80,0x66,0x00,0x66,0x00,0x66,0x00,0x3E,0x00,0x1E,0x00,0x00,0x00,0x00,0x00,0x00,0x00,0x00,0x00,
    0x00,0x00,0x00,0x00,0x00,0x00,0x7F,0x80,0x01,0x80,0x01,0x80,0x03,0x00,0x03,0x00,0x06,0x00,0x3F,0x00,0x18,0x00,0x30,0x00,0x30,0x00,0x60,0x00,0x60,0x00,0x7F,0x80,0x00,0x00,0x00,0x00,0x00,0x00,0x00,0x00,
    0x00,0x00,0x00,0x00,0x00,0x00,0x00,0x00,0x00,0x00,0x00,0x00,0x00,0x00,0x00,0x00,0x3F,0x80,0x01,0x80,0x03,0x00,0x1F,0x80,0x0C,0x00,0x18,0x00,0x30,0x00,0x3F,0x80,0x00,0x00,0x00,0x00,0x00,0x00,0x00,0x00,
    0x00,0x00,0x33,0x00,0x1E,0x00,0x0C,0x00,0x00,0x00,0x1E,0x00,0x33,0x00,0x61,0x80,0x61,0x80,0x61,0x80,0x61,0x80,0x61,0x80,0x61,0x80,0x61,0x80,0x33,0x00,0x1E,0x00,0x00,0x00,0x00,0x00,0x00,0x00,0x00,0x00,
    0x00,0x00,0x00,0x00,0x00,0x00,0x00,0x00,0x33,0x00,0x1E,0x00,0x0C,0x00,0x00,0x00,0x1E,0x00,0x33,0x00,0x61,0x80,0x61,0x80,0x61,0x80,0x61,0x80,0x33,0x00,0x1E,0x00,0x00,0x00,0x00,0x00,0x00,0x00,0x00,0x00,
    0x00,0x00,0x33,0x00,0x1E,0x00,0x0C,0x00,0x00,0x00,0x1E,0x00,0x33,0x00,0x60,0x00,0x60,0x00,0x60,0x00,0x67,0x80,0x61,0x80,0x61,0x80,0x61,0x80,0x33,0x80,0x1E,0x80,0x00,0x00,0x00,0x00,0x00,0x00,0x00,0x00,
    0x00,0x00,0x00,0x00,0x00,0x00,0x00,0x00,0x33,0x00,0x1E,0x00,0x0C,0x00,0x00,0x00,0x3E,0x80,0x63,0x80,0x63,0x00,0x63,0x00,0x63,0x00,0x3E,0x00,0x60,0x00,0x3F,0x00,0x61,0x80,0x61,0x80,0x61,0x80,0x3F,0x00,
    0x06,0x00,0x0C,0x00,0x00,0x00,0x0C,0x00,0x12,0x00,0x12,0x00,0x0C,0x00,0x0C,0x00,0x1E,0x00,0x33,0x00,0x61,0x80,0x61,0x80,0x7F,0x80,0x61,0x80,0x61,0x80,0x61,0x80,0x00,0x00,0x00,0x00,0x00,0x00,0x00,0x00,
    0x06,0x00,0x0C,0x00,0x00,0x00,0x0C,0x00,0x12,0x00,0x12,0x00,0x0C,0x00,0x00,0x00,0x3F,0x00,0x61,0x80,0x01,0x80,0x3F,0x80,0x61,0x80,0x61,0x80,0x61,0x80,0x3E,0x80,0x00,0x00,0x00,0x00,0x00,0x00,0x00,0x00,
    0x03,0x00,0x06,0x00,0x0C,0x00,0x00,0x00,0x0F,0x80,0x1E,0x00,0x36,0x00,0x36,0x00,0x66,0x00,0x7F,0x80,0x66,0x00,0x66,0x00,0x66,0x00,0x66,0x00,0x66,0x00,0x67,0x80,0x00,0x00,0x00,0x00,0x00,0x00,0x00,0x00,
    0x00,0x00,0x00,0x00,0x00,0x00,0x00,0x00,0x03,0x00,0x06,0x00,0x0C,0x00,0x00,0x00,0x3B,0x00,0x4D,0x80,0x0D,0x80,0x0F,0x00,0x3C,0x00,0x6C,0x00,0x6C,0x80,0x37,0x00,0x00,0x00,0x00,0x00,0x00,0x00,0x00,0x00,
    0x06,0x00,0x0C,0x00,0x18,0x00,0x01,0x00,0x1F,0x00,0x33,0x00,0x63,0x80,0x65,0x80,0x65,0x80,0x65,0x80,0x69,0x80,0x69,0x80,0x69,0x80,0x71,0x80,0x33,0x00,0x3E,0x00,0x40,0x00,0x00,0x00,0x00,0x00,0x00,0x00,
    0x00,0x00,0x00,0x00,0x00,0x00,0x00,0x00,0x03,0x00,0x06,0x00,0x0C,0x00,0x00,0x80,0x1F,0x00,0x33,0x00,0x65,0x80,0x65,0x80,0x69,0x80,0x69,0x80,0x33,0x00,0x3E,0x00,0x40,0x00,0x00,0x00,0x00,0x00,0x00,0x00,
    0x00,0x00,0x00,0x00,0x00,0x00,0x1E,0x00,0x33,0x00,0x61,0x80,0x60,0x00,0x60,0x00,0x30,0x00,0x1E,0x00,0x03,0x00,0x01,0x80,0x01,0x80,0x61,0x80,0x33,0x00,0x1E,0x00,0x00,0x00,0x0E,0x00,0x0E,0x00,0x1C,0x00,
    0x00,0x00,0x00,0x00,0x00,0x00,0x00,0x00,0x00,0x00,0x00,0x00,0x00,0x00,0x00,0x00,0x3F,0x00,0x61,0x80,0x60,0x00,0x3F,0x00,0x01,0x80,0x01,0x80,0x61,0x80,0x3F,0x00,0x00,0x00,0x0E,0x00,0x0E,0x00,0x1C,0x00,
    0x00,0x00,0x00,0x00,0x00,0x00,0x7F,0x80,0x0C,0x00,0x0C,0x00,0x0C,0x00,0x0C,0x00,0x0C,0x00,0x0C,0x00,0x0C,0x00,0x0C,0x00,0x0C,0x00,0x0C,0x00,0x0C,0x00,0x0C,0x00,0x00,0x00,0x0E,0x00,0x0E,0x00,0x1C,0x00,
    0x00,0x00,0x00,0x00,0x00,0x00,0x00,0x00,0x00,0x00,0x18,0x00,0x18,0x00,0x18,0x00,0x7E,0x00,0x18,0x00,0x18,0x00,0x18,0x00,0x18,0x00,0x18,0x00,0x19,0x80,0x0F,0x00,0x00,0x00,0x0E,0x00,0x0E,0x00,0x1C,0x00,
    0x00,0x00,0x00,0x00,0x00,0x00,0x00,0x00,0x00,0x00,0x00,0x00,0x00,0x00,0x00,0x00,0x3E,0x00,0x63,0x00,0x01,0x80,0x01,0x80,0x7F,0x80,0x61,0x80,0x33,0x00,0x1E,0x00,0x00,0x00,0x00,0x00,0x00,0x00,0x00,0x00,
    0x00,0x00,0x00,0x00,0x00,0x00,0x0E,0x00,0x0E,0x00,0x06,0x00,0x0C,0x00,0x00,0x00,0x00,0x00,0x00,0x00,0x00,0x00,0x00,0x00,0x00,0x00,0x00,0x00,0x00,0x00,0x00,0x00,0x00,0x00,0x00,0x00,0x00,0x00,0x00,0x00,
    0x00,0x00,0x00,0x00,0x00,0x00,0x0E,0x00,0x0E,0x00,0x0C,0x00,0x06,0x00,0x00,0x00,0x00,0x00,0x00,0x00,0x00,0x00,0x00,0x00,0x00,0x00,0x00,0x00,0x00,0x00,0x00,0x00,0x00,0x00,0x00,0x00,0x00,0x00,0x00,0x00,
    0x00,0x00,0x00,0x00,0x00,0x00,0x0C,0x00,0x1E,0x00,0x33,0x00,0x00,0x00,0x00,0x00,0x00,0x00,0x00,0x00,0x00,0x00,0x00,0x00,0x00,0x00,0x00,0x00,0x00,0x00,0x00,0x00,0x00,0x00,0x00,0x00,0x00,0x00,0x00,0x00,
    0x00,0x00,0x00,0x00,0x00,0x00,0x33,0x00,0x1E,0x00,0x0C,0x00,0x00,0x00,0x00,0x00,0x00,0x00,0x00,0x00,0x00,0x00,0x00,0x00,0x00,0x00,0x00,0x00,0x00,0x00,0x00,0x00,0x00,0x00,0x00,0x00,0x00,0x00,0x00,0x00,
    0x00,0x00,0x00,0x00,0x7F,0x80,0x00,0x00,0x00,0x00,0x00,0x00,0x00,0x00,0x00,0x00,0x00,0x00,0x00,0x00,0x00,0x00,0x00,0x00,0x00,0x00,0x00,0x00,0x00,0x00,0x00,0x00,0x00,0x00,0x00,0x00,0x00,0x00,0x00,0x00,
    0x00,0x00,0x00,0x00,0x00,0x00,0x00,0x00,0x00,0x00,0x00,0x00,0x00,0x00,0x00,0x00,0x00,0x00,0x08,0x00,0x08,0x00,0x08,0x00,0x3E,0x00,0x08,0x00,0x08,0x00,0x08,0x00,0x00,0x00,0x00,0x00,0x00,0x00,0x00,0x00,
    0x00,0x00,0x33,0x00,0x1E,0x00,0x00,0x00,0x00,0x00,0x00,0x00,0x00,0x00,0x00,0x00,0x00,0x00,0x00,0x00,0x00,0x00,0x00,0x00,0x00,0x00,0x00,0x00,0x00,0x00,0x00,0x00,0x00,0x00,0x00,0x00,0x00,0x00,0x00,0x00,
    0x00,0x00,0x0C,0x00,0x0C,0x00,0x00,0x00,0x00,0x00,0x00,0x00,0x00,0x00,0x00,0x00,0x00,0x00,0x00,0x00,0x00,0x00,0x00,0x00,0x00,0x00,0x00,0x00,0x00,0x00,0x00,0x00,0x00,0x00,0x00,0x00,0x00,0x00,0x00,0x00,
    0x00,0x00,0x0C,0x00,0x12,0x00,0x12,0x00,0x0C,0x00,0x00,0x00,0x00,0x00,0x00,0x00,0x00,0x00,0x00,0x00,0x00,0x00,0x00,0x00,0x00,0x00,0x00,0x00,0x00,0x00,0x00,0x00,0x00,0x00,0x00,0x00,0x00,0x00,0x00,0x00,
    0x00,0x00,0x00,0x00,0x00,0x00,0x00,0x00,0x00,0x00,0x00,0x00,0x00,0x00,0x00,0x00,0x00,0x00,0x00,0x00,0x00,0x00,0x00,0x00,0x00,0x00,0x00,0x00,0x00,0x00,0x00,0x00,0x0C,0x00,0x18,0x00,0x18,0x00,0x0E,0x00,
    0x00,0x00,0x00,0x00,0x00,0x00,0x19,0x00,0x3F,0x00,0x26,0x00,0x00,0x00,0x00,0x00,0x00,0x00,0x00,0x00,0x00,0x00,0x00,0x00,0x00,0x00,0x00,0x00,0x00,0x00,0x00,0x00,0x00,0x00,0x00,0x00,0x00,0x00,0x00,0x00,
    0x00,0x00,0x19,0x80,0x33,0x00,0x66,0x00,0x00,0x00,0x00,0x00,0x00,0x00,0x00,0x00,0x00,0x00,0x00,0x00,0x00,0x00,0x00,0x00,0x00,0x00,0x00,0x00,0x00,0x00,0x00,0x00,0x00,0x00,0x00,0x00,0x00,0x00,0x00,0x00,
    0x18,0x00,0x0C,0x00,0x06,0x00,0x00,0x00,0x00,0x00,0x00,0x00,0x00,0x00,0x00,0x00,0x00,0x00,0x00,0x00,0x00,0x00,0x00,0x00,0x00,0x00,0x00,0x00,0x00,0x00,0x00,0x00,0x00,0x00,0x00,0x00,0x00,0x00,0x00,0x00,
    0x06,0x00,0x0C,0x00,0x18,0x00,0x00,0x00,0x00,0x00,0x00,0x00,0x00,0x00,0x00,0x00,0x00,0x00,0x00,0x00,0x00,0x00,0x00,0x00,0x00,0x00,0x00,0x00,0x00,0x00,0x00,0x00,0x00,0x00,0x00,0x00,0x00,0x00,0x00,0x00,
    0x0C,0x00,0x1E,0x00,0x33,0x00,0x00,0x00,0x00,0x00,0x00,0x00,0x00,0x00,0x00,0x00,0x00,0x00,0x00,0x00,0x00,0x00,0x00,0x00,0x00,0x00,0x00,0x00,0x00,0x00,0x00,0x00,0x00,0x00,0x00,0x00,0x00,0x00,0x00,0x00,
    0x19,0x00,0x3F,0x00,0x26,0x00,0x00,0x00,0x00,0x00,0x00,0x00,0x00,0x00,0x00,0x00,0x00,0x00,0x00,0x00,0x00,0x00,0x00,0x00,0x00,0x00,0x00,0x00,0x00,0x00,0x00,0x00,0x00,0x00,0x00,0x00,0x00,0x00,0x00,0x00,
    0x00,0x00,0x3F,0x00,0x00,0x00,0x00,0x00,0x00,0x00,0x00,0x00,0x00,0x00,0x00,0x00,0x00,0x00,0x00,0x00,0x00,0x00,0x00,0x00,0x00,0x00,0x00,0x00,0x00,0x00,0x00,0x00,0x00,0x00,0x00,0x00,0x00,0x00,0x00,0x00,
    0x00,0x00,0xFF,0xC0,0x00,0x00,0x00,0x00,0x00,0x00,0x00,0x00,0x00,0x00,0x00,0x00,0x00,0x00,0x00,0x00,0x00,0x00,0x00,0x00,0x00,0x00,0x00,0x00,0x00,0x00,0x00,0x00,0x00,0x00,0x00,0x00,0x00,0x00,0x00,0x00,
    0x63,0x00,0x3E,0x00,0x00,0x00,0x00,0x00,0x00,0x00,0x00,0x00,0x00,0x00,0x00,0x00,0x00,0x00,0x00,0x00,0x00,0x00,0x00,0x00,0x00,0x00,0x00,0x00,0x00,0x00,0x00,0x00,0x00,0x00,0x00,0x00,0x00,0x00,0x00,0x00,
    0x0C,0x00,0x0C,0x00,0x00,0x00,0x00,0x00,0x00,0x00,0x00,0x00,0x00,0x00,0x00,0x00,0x00,0x00,0x00,0x00,0x00,0x00,0x00,0x00,0x00,0x00,0x00,0x00,0x00,0x00,0x00,0x00,0x00,0x00,0x00,0x00,0x00,0x00,0x00,0x00,
    0x33,0x00,0x33,0x00,0x00,0x00,0x00,0x00,0x00,0x00,0x00,0x00,0x00,0x00,0x00,0x00,0x00,0x00,0x00,0x00,0x00,0x00,0x00,0x00,0x00,0x00,0x00,0x00,0x00,0x00,0x00,0x00,0x00,0x00,0x00,0x00,0x00,0x00,0x00,0x00,
    0x1E,0x00,0x33,0x00,0x06,0x00,0x0C,0x00,0x00,0x00,0x00,0x00,0x00,0x00,0x00,0x00,0x00,0x00,0x00,0x00,0x00,0x00,0x00,0x00,0x00,0x00,0x00,0x00,0x00,0x00,0x00,0x00,0x00,0x00,0x00,0x00,0x00,0x00,0x00,0x00,
    0x1C,0x00,0x36,0x00,0x1C,0x00,0x00,0x00,0x00,0x00,0x00,0x00,0x00,0x00,0x00,0x00,0x00,0x00,0x00,0x00,0x00,0x00,0x00,0x00,0x00,0x00,0x00,0x00,0x00,0x00,0x00,0x00,0x00,0x00,0x00,0x00,0x00,0x00,0x00,0x00,
    0x19,0x80,0x33,0x00,0x66,0x00,0x00,0x00,0x00,0x00,0x00,0x00,0x00,0x00,0x00,0x00,0x00,0x00,0x00,0x00,0x00,0x00,0x00,0x00,0x00,0x00,0x00,0x00,0x00,0x00,0x00,0x00,0x00,0x00,0x00,0x00,0x00,0x00,0x00,0x00,
    0x33,0x00,0x1E,0x00,0x0C,0x00,0x00,0x00,0x00,0x00,0x00,0x00,0x00,0x00,0x00,0x00,0x00,0x00,0x00,0x00,0x00,0x00,0x00,0x00,0x00,0x00,0x00,0x00,0x00,0x00,0x00,0x00,0x00,0x00,0x00,0x00,0x00,0x00,0x00,0x00,
    0x0C,0x00,0x0C,0x00,0x0C,0x00,0x0C,0x00,0x00,0x00,0x00,0x00,0x00,0x00,0x00,0x00,0x00,0x00,0x00,0x00,0x00,0x00,0x00,0x00,0x00,0x00,0x00,0x00,0x00,0x00,0x00,0x00,0x00,0x00,0x00,0x00,0x00,0x00,0x00,0x00,
    0x33,0x00,0x33,0x00,0x33,0x00,0x33,0x00,0x00,0x00,0x00,0x00,0x00,0x00,0x00,0x00,0x00,0x00,0x00,0x00,0x00,0x00,0x00,0x00,0x00,0x00,0x00,0x00,0x00,0x00,0x00,0x00,0x00,0x00,0x00,0x00,0x00,0x00,0x00,0x00,
    0x66,0x00,0x33,0x00,0x19,0x80,0x00,0x00,0x00,0x00,0x00,0x00,0x00,0x00,0x00,0x00,0x00,0x00,0x00,0x00,0x00,0x00,0x00,0x00,0x00,0x00,0x00,0x00,0x00,0x00,0x00,0x00,0x00,0x00,0x00,0x00,0x00,0x00,0x00,0x00,
    0x0C,0x00,0x61,0x80,0x3F,0x00,0x00,0x00,0x00,0x00,0x00,0x00,0x00,0x00,0x00,0x00,0x00,0x00,0x00,0x00,0x00,0x00,0x00,0x00,0x00,0x00,0x00,0x00,0x00,0x00,0x00,0x00,0x00,0x00,0x00,0x00,0x00,0x00,0x00,0x00,
    0x3E,0x00,0x63,0x00,0x00,0x00,0x00,0x00,0x00,0x00,0x00,0x00,0x00,0x00,0x00,0x00,0x00,0x00,0x00,0x00,0x00,0x00,0x00,0x00,0x00,0x00,0x00,0x00,0x00,0x00,0x00,0x00,0x00,0x00,0x00,0x00,0x00,0x00,0x00,0x00,
    0x00,0x00,0x00,0x00,0x00,0x00,0x00,0x00,0x00,0x00,0x00,0x00,0x00,0x00,0x00,0x00,0x00,0x00,0x00,0x00,0x00,0x00,0x00,0x00,0x00,0x00,0x00,0x00,0x00,0x00,0x00,0x00,0x00,0x00,0x0C,0x00,0x0C,0x00,0x00,0x00,
    0x00,0x00,0x00,0x00,0x00,0x00,0x00,0x00,0x00,0x00,0x00,0x00,0x00,0x00,0x00,0x00,0x00,0x00,0x00,0x00,0x00,0x00,0x00,0x00,0x00,0x00,0x00,0x00,0x00,0x00,0x00,0x00,0x00,0x00,0x33,0x00,0x33,0x00,0x00,0x00,
    0x00,0x00,0x00,0x00,0x01,0x80,0x01,0x80,0x03,0x00,0x03,0x00,0x06,0x00,0x06,0x00,0x0C,0x00,0x0C,0x00,0x0C,0x00,0x18,0x00,0x18,0x00,0x30,0x00,0x30,0x00,0x60,0x00,0x60,0x00,0x00,0x00,0x00,0x00,0x00,0x00,
    0x18,0x00,0x0C,0x00,0x06,0x00,0x00,0x00,0x00,0x00,0x00,0x00,0x00,0x00,0x00,0x00,0x00,0x00,0x00,0x00,0x00,0x00,0x00,0x00,0x00,0x00,0x00,0x00,0x00,0x00,0x00,0x00,0x00,0x00,0x00,0x00,0x00,0x00,0x00,0x00,
    0x06,0x00,0x0C,0x00,0x18,0x00,0x00,0x00,0x00,0x00,0x00,0x00,0x00,0x00,0x00,0x00,0x00,0x00,0x00,0x00,0x00,0x00,0x00,0x00,0x00,0x00,0x00,0x00,0x00,0x00,0x00,0x00,0x00,0x00,0x00,0x00,0x00,0x00,0x00,0x00,
    0x00,0x00,0x00,0x00,0x00,0x00,0x06,0x00,0x0C,0x00,0x18,0x00,0x00,0x00,0x00,0x00,0x00,0x00,0x00,0x00,0x00,0x00,0x00,0x00,0x00,0x00,0x00,0x00,0x00,0x00,0x00,0x00,0x00,0x00,0x00,0x00,0x00,0x00,0x00,0x00,
    0x00,0x00,0x00,0x00,0x00,0x00,0x00,0x00,0x00,0x00,0x00,0x00,0x00,0x00,0x00,0x00,0x00,0x00,0x00,0x00,0x00,0x00,0x00,0x00,0x00,0x00,0x00,0x00,0x00,0x00,0x00,0x00,0x06,0x00,0x0C,0x00,0x18,0x00,0x00,0x00,
    0x00,0x00,0x00,0x00,0x00,0x00,0x00,0x00,0x00,0x00,0x00,0x00,0x00,0x00,0x00,0x00,0x00,0x00,0x00,0x00,0x00,0x00,0x00,0x00,0x00,0x00,0x00,0x00,0x00,0x00,0x00,0x00,0x00,0x00,0x18,0x00,0x18,0x00,0x0C,0x00,
    0x00,0x00,0x00,0x00,0x00,0x00,0x00,0x00,0x00,0x00,0x00,0x00,0x00,0x00,0x00,0x00,0x0E,0x00,0x0E,0x00,0x00,0x00,0x00,0x00,0x00,0x00,0x00,0x00,0x0E,0x00,0x0E,0x00,0x1C,0x00,0x00,0x00,0x00,0x00,0x00,0x00,
    0x00,0x00,0x00,0x00,0x00,0x00,0x06,0x00,0x0C,0x00,0x18,0x00,0x00,0x00,0x00,0x00,0x00,0x00,0x00,0x00,0x00,0x00,0x00,0x00,0x00,0x00,0x00,0x00,0x00,0x00,0x00,0x00,0x00,0x00,0x00,0x00,0x00,0x00,0x00,0x00,
    0x00,0x00,0x00,0x00,0x00,0x00,0x06,0x00,0x6D,0x80,0x79,0x80,0x00,0x00,0x00,0x00,0x00,0x00,0x00,0x00,0x00,0x00,0x00,0x00,0x00,0x00,0x00,0x00,0x00,0x00,0x00,0x00,0x00,0x00,0x00,0x00,0x00,0x00,0x00,0x00,
    0x00,0x00,0x00,0x00,0x00,0x00,0x36,0x00,0x6F,0x00,0x59,0x80,0x19,0x80,0x19,0x80,0x19,0x80,0x19,0x80,0x1F,0x80,0x19,0x80,0x19,0x80,0x19,0x80,0x19,0x80,0x19,0x80,0x00,0x00,0x00,0x00,0x00,0x00,0x00,0x00,
    0x00,0x00,0x00,0x00,0x00,0x00,0x00,0x00,0x00,0x00,0x00,0x00,0x00,0x00,0x00,0x00,0x0E,0x00,0x0E,0x00,0x0E,0x00,0x00,0x00,0x00,0x00,0x00,0x00,0x00,0x00,0x00,0x00,0x00,0x00,0x00,0x00,0x00,0x00,0x00,0x00,
    0x00,0x00,0x00,0x00,0x00,0x00,0x7F,0x80,0xD8,0x00,0x98,0x00,0x18,0x00,0x18,0x00,0x18,0x00,0x1F,0x00,0x18,0x00,0x18,0x00,0x18,0x00,0x18,0x00,0x18,0x00,0x1F,0x80,0x00,0x00,0x00,0x00,0x00,0x00,0x00,0x00,
    0x00,0x00,0x00,0x00,0x00,0x00,0x79,0x80,0xD9,0x80,0x99,0x80,0x19,0x80,0x19,0x80,0x19,0x80,0x1F,0x80,0x19,0x80,0x19,0x80,0x19,0x80,0x19,0x80,0x19,0x80,0x19,0x80,0x00,0x00,0x00,0x00,0x00,0x00,0x00,0x00,
    0x00,0x00,0x00,0x00,0x00,0x00,0x7F,0x80,0xC6,0x00,0x86,0x00,0x06,0x00,0x06,0x00,0x06,0x00,0x06,0x00,0x06,0x00,0x06,0x00,0x06,0x00,0x06,0x00,0x06,0x00,0x1F,0x80,0x00,0x00,0x00,0x00,0x00,0x00,0x00,0x00,
    0x00,0x00,0x00,0x00,0x00,0x00,0x66,0x00,0xCF,0x00,0x99,0x80,0x19,0x80,0x19,0x80,0x19,0x80,0x19,0x80,0x19,0x80,0x19,0x80,0x19,0x80,0x19,0x80,0x0F,0x00,0x06,0x00,0x00,0x00,0x00,0x00,0x00,0x00,0x00,0x00,
    0x00,0x00,0x00,0x00,0x00,0x00,0x79,0x80,0xD9,0x80,0x99,0x80,0x19,0x80,0x19,0x80,0x0F,0x00,0x0F,0x00,0x06,0x00,0x06,0x00,0x06,0x00,0x06,0x00,0x06,0x00,0x06,0x00,0x00,0x00,0x00,0x00,0x00,0x00,0x00,0x00,
    0x00,0x00,0x00,0x00,0x00,0x00,0x36,0x00,0x6F,0x00,0x59,0x80,0x19,0x80,0x19,0x80,0x19,0x80,0x19,0x80,0x19,0x80,0x19,0x80,0x19,0x80,0x0F,0x00,0x06,0x00,0x1F,0x80,0x00,0x00,0x00,0x00,0x00,0x00,0x00,0x00,
    0x00,0x00,0x00,0x00,0x00,0x00,0x06,0x00,0x6D,0x80,0x79,0x80,0x00,0x00,0x00,0x00,0x0C,0x00,0x0C,0x00,0x0C,0x00,0x0C,0x00,0x0C,0x00,0x0C,0x00,0x0D,0x80,0x07,0x00,0x00,0x00,0x00,0x00,0x00,0x00,0x00,0x00,
    0x00,0x00,0x00,0x00,0x00,0x00,0x0C,0x00,0x1E,0x00,0x33,0x00,0x33,0x00,0x61,0x80,0x61,0x80,0x61,0x80,0x7F,0x80,0x61,0x80,0x61,0x80,0x61,0x80,0x61,0x80,0x61,0x80,0x00,0x00,0x00,0x00,0x00,0x00,0x00,0x00,
    0x00,0x00,0x00,0x00,0x00,0x00,0x7C,0x00,0x66,0x00,0x63,0x00,0x63,0x00,0x63,0x00,0x66,0x00,0x7E,0x00,0x63,0x00,0x61,0x80,0x61,0x80,0x61,0x80,0x63,0x00,0x7E,0x00,0x00,0x00,0x00,0x00,0x00,0x00,0x00,0x00,
    0x00,0x00,0x00,0x00,0x00,0x00,0x7F,0x80,0x60,0x00,0x60,0x00,0x60,0x00,0x60,0x00,0x60,0x00,0x60,0x00,0x60,0x00,0x60,0x00,0x60,0x00,0x60,0x00,0x60,0x00,0x60,0x00,0x00,0x00,0x00,0x00,0x00,0x00,0x00,0x00,
    0x00,0x00,0x00,0x00,0x00,0x00,0x0C,0x00,0x0C,0x00,0x0C,0x00,0x1E,0x00,0x1E,0x00,0x1E,0x00,0x33,0x00,0x33,0x00,0x33,0x00,0x61,0x80,0x61,0x80,0x61,0x80,0x7F,0x80,0x00,0x00,0x00,0x00,0x00,0x00,0x00,0x00,
    0x00,0x00,0x00,0x00,0x00,0x00,0x7F,0x80,0x60,0x00,0x60,0x00,0x60,0x00,0x60,0x00,0x60,0x00,0x7E,0x00,0x60,0x00,0x60,0x00,0x60,0x00,0x60,0x00,0x60,0x00,0x7F,0x80,0x00,0x00,0x00,0x00,0x00,0x00,0x00,0x00,
    0x00,0x00,0x00,0x00,0x00,0x00,0x7F,0x80,0x01,0x80,0x01,0x80,0x03,0x00,0x06,0x00,0x06,0x00,0x0C,0x00,0x18,0x00,0x18,0x00,0x30,0x00,0x60,0x00,0x60,0x00,0x7F,0x80,0x00,0x00,0x00,0x00,0x00,0x00,0x00,0x00,
    0x00,0x00,0x00,0x00,0x00,0x00,0x61,0x80,0x61,0x80,0x61,0x80,0x61,0x80,0x61,0x80,0x61,0x80,0x7F,0x80,0x61,0x80,0x61,0x80,0x61,0x80,0x61,0x80,0x61,0x80,0x61,0x80,0x00,0x00,0x00,0x00,0x00,0x00,0x00,0x00,
    0x00,0x00,0x00,0x00,0x00,0x00,0x1E,0x00,0x33,0x00,0x61,0x80,0x61,0x80,0x61,0x80,0x61,0x80,0x7F,0x80,0x61,0x80,0x61,0x80,0x61,0x80,0x61,0x80,0x33,0x00,0x1E,0x00,0x00,0x00,0x00,0x00,0x00,0x00,0x00,0x00,
    0x00,0x00,0x00,0x00,0x00,0x00,0x7F,0x80,0x0C,0x00,0x0C,0x00,0x0C,0x00,0x0C,0x00,0x0C,0x00,0x0C,0x00,0x0C,0x00,0x0C,0x00,0x0C,0x00,0x0C,0x00,0x0C,0x00,0x7F,0x80,0x00,0x00,0x00,0x00,0x00,0x00,0x00,0x00,
    0x00,0x00,0x00,0x00,0x00,0x00,0x61,0x80,0x61,0x80,0x63,0x00,0x63,0x00,0x66,0x00,0x66,0x00,0x7C,0x00,0x66,0x00,0x66,0x00,0x63,0x00,0x63,0x00,0x61,0x80,0x61,0x80,0x00,0x00,0x00,0x00,0x00,0x00,0x00,0x00,
    0x00,0x00,0x00,0x00,0x00,0x00,0x0C,0x00,0x0C,0x00,0x0C,0x00,0x1E,0x00,0x1E,0x00,0x1E,0x00,0x33,0x00,0x33,0x00,0x33,0x00,0x61,0x80,0x61,0x80,0x61,0x80,0x61,0x80,0x00,0x00,0x00,0x00,0x00,0x00,0x00,0x00,
    0x00,0x00,0x00,0x00,0x00,0x00,0x61,0x80,0x61,0x80,0x73,0x80,0x73,0x80,0x7F,0x80,0x6D,0x80,0x6D,0x80,0x6D,0x80,0x6D,0x80,0x61,0x80,0x61,0x80,0x61,0x80,0x61,0x80,0x00,0x00,0x00,0x00,0x00,0x00,0x00,0x00,
    0x00,0x00,0x00,0x00,0x00,0x00,0x61,0x80,0x71,0x80,0x71,0x80,0x79,0x80,0x79,0x80,0x6D,0x80,0x6D,0x80,0x67,0x80,0x67,0x80,0x63,0x80,0x63,0x80,0x61,0x80,0x61,0x80,0x00,0x00,0x00,0x00,0x00,0x00,0x00,0x00,
    0x00,0x00,0x00,0x00,0x00,0x00,0x7F,0x80,0x00,0x00,0x00,0x00,0x00,0x00,0x00,0x00,0x00,0x00,0x3F,0x00,0x00,0x00,0x00,0x00,0x00,0x00,0x00,0x00,0x00,0x00,0x7F,0x80,0x00,0x00,0x00,0x00,0x00,0x00,0x00,0x00,
    0x00,0x00,0x00,0x00,0x00,0x00,0x1E,0x00,0x33,0x00,0x61,0x80,0x61,0x80,0x61,0x80,0x61,0x80,0x61,0x80,0x61,0x80,0x61,0x80,0x61,0x80,0x61,0x80,0x33,0x00,0x1E,0x00,0x00,0x00,0x00,0x00,0x00,0x00,0x00,0x00,
    0x00,0x00,0x00,0x00,0x00,0x00,0x7F,0x80,0x33,0x00,0x33,0x00,0x33,0x00,0x33,0x00,0x33,0x00,0x33,0x00,0x33,0x00,0x33,0x00,0x33,0x00,0x33,0x00,0x33,0x00,0x33,0x00,0x00,0x00,0x00,0x00,0x00,0x00,0x00,0x00,
    0x00,0x00,0x00,0x00,0x00,0x00,0x7E,0x00,0x63,0x00,0x61,0x80,0x61,0x80,0x61,0x80,0x61,0x80,0x63,0x00,0x7E,0x00,0x60,0x00,0x60,0x00,0x60,0x00,0x60,0x00,0x60,0x00,0x00,0x00,0x00,0x00,0x00,0x00,0x00,0x00,
    0x00,0x00,0x00,0x00,0x00,0x00,0x7F,0x80,0x60,0x00,0x30,0x00,0x18,0x00,0x0C,0x00,0x06,0x00,0x06,0x00,0x0C,0x00,0x18,0x00,0x30,0x00,0x60,0x00,0x60,0x00,0x7F,0x80,0x00,0x00,0x00,0x00,0x00,0x00,0x00,0x00,
    0x00,0x00,0x00,0x00,0x00,0x00,0x7F,0x80,0x0C,0x00,0x0C,0x00,0x0C,0x00,0x0C,0x00,0x0C,0x00,0x0C,0x00,0x0C,0x00,0x0C,0x00,0x0C,0x00,0x0C,0x00,0x0C,0x00,0x0C,0x00,0x00,0x00,0x00,0x00,0x00,0x00,0x00,0x00,
    0x00,0x00,0x00,0x00,0x00,0x00,0x61,0x80,0x61,0x80,0x33,0x00,0x33,0x00,0x1E,0x00,0x1E,0x00,0x0C,0x00,0x0C,0x00,0x0C,0x00,0x0C,0x00,0x0C,0x00,0x0C,0x00,0x0C,0x00,0x00,0x00,0x00,0x00,0x00,0x00,0x00,0x00,
    0x00,0x00,0x00,0x00,0x00,0x00,0x0C,0x00,0x0C,0x00,0x3F,0x00,0x6D,0x80,0x6D,0x80,0x6D,0x80,0x6D,0x80,0x6D,0x80,0x6D,0x80,0x6D,0x80,0x3F,0x00,0x0C,0x00,0x0C,0x00,0x00,0x00,0x00,0x00,0x00,0x00,0x00,0x00,
    0x00,0x00,0x00,0x00,0x00,0x00,0x61,0x80,0x61,0x80,0x33,0x00,0x33,0x00,0x1E,0x00,0x1E,0x00,0x0C,0x00,0x1E,0x00,0x1E,0x00,0x33,0x00,0x33,0x00,0x61,0x80,0x61,0x80,0x00,0x00,0x00,0x00,0x00,0x00,0x00,0x00,
    0x00,0x00,0x00,0x00,0x00,0x00,0x6D,0x80,0x6D,0x80,0x6D,0x80,0x6D,0x80,0x6D,0x80,0x6D,0x80,0x6D,0x80,0x6D,0x80,0x3F,0x00,0x0C,0x00,0x0C,0x00,0x0C,0x00,0x0C,0x00,0x00,0x00,0x00,0x00,0x00,0x00,0x00,0x00,
    0x00,0x00,0x00,0x00,0x00,0x00,0x1E,0x00,0x33,0x00,0x61,0x80,0x61,0x80,0x61,0x80,0x61,0x80,0x61,0x80,0x61,0x80,0x61,0x80,0x61,0x80,0x33,0x00,0x12,0x00,0x73,0x80,0x00,0x00,0x00,0x00,0x00,0x00,0x00,0x00,
    0x00,0x00,0x61,0x80,0x61,0x80,0x00,0x00,0x7F,0x80,0x0C,0x00,0x0C,0x00,0x0C,0x00,0x0C,0x00,0x0C,0x00,0x0C,0x00,0x0C,0x00,0x0C,0x00,0x0C,0x00,0x0C,0x00,0x7F,0x80,0x00,0x00,0x00,0x00,0x00,0x00,0x00,0x00,
    0x00,0x00,0x61,0x80,0x61,0x80,0x00,0x00,0x61,0x80,0x33,0x00,0x33,0x00,0x1E,0x00,0x1E,0x00,0x0C,0x00,0x0C,0x00,0x0C,0x00,0x0C,0x00,0x0C,0x00,0x0C,0x00,0x0C,0x00,0x00,0x00,0x00,0x00,0x00,0x00,0x00,0x00,
    0x00,0x00,0x00,0x00,0x00,0x00,0x03,0x00,0x06,0x00,0x0C,0x00,0x00,0x00,0x00,0x00,0x3D,0x80,0x63,0x80,0x61,0x80,0x61,0x80,0x61,0x80,0x63,0x80,0x65,0x80,0x39,0x80,0x00,0x00,0x00,0x00,0x00,0x00,0x00,0x00,
    0x00,0x00,0x00,0x00,0x00,0x00,0x03,0x00,0x06,0x00,0x0C,0x00,0x00,0x00,0x00,0x00,0x3F,0x00,0x61,0x80,0x60,0x00,0x3E,0x00,0x60,0x00,0x60,0x00,0x61,0x80,0x3F,0x00,0x00,0x00,0x00,0x00,0x00,0x00,0x00,0x00,
    0x00,0x00,0x00,0x00,0x00,0x00,0x03,0x00,0x06,0x00,0x0C,0x00,0x00,0x00,0x00,0x00,0x6E,0x00,0x73,0x00,0x61,0x80,0x61,0x80,0x61,0x80,0x61,0x80,0x61,0x80,0x61,0x80,0x01,0x80,0x01,0x80,0x01,0x80,0x01,0x80,
    0x00,0x00,0x00,0x00,0x00,0x00,0x06,0x00,0x0C,0x00,0x18,0x00,0x00,0x00,0x00,0x00,0x18,0x00,0x18,0x00,0x18,0x00,0x18,0x00,0x18,0x00,0x18,0x00,0x1B,0x00,0x0E,0x00,0x00,0x00,0x00,0x00,0x00,0x00,0x00,0x00,
    0x00,0x00,0x00,0x00,0x00,0x00,0x06,0x00,0x6D,0x80,0x79,0x80,0x00,0x00,0x00,0x00,0x61,0x80,0x61,0x80,0x61,0x80,0x61,0x80,0x61,0x80,0x61,0x80,0x33,0x00,0x1E,0x00,0x00,0x00,0x00,0x00,0x00,0x00,0x00,0x00,
    0x00,0x00,0x00,0x00,0x00,0x00,0x00,0x00,0x00,0x00,0x00,0x00,0x00,0x00,0x00,0x00,0x3D,0x80,0x63,0x80,0x61,0x80,0x61,0x80,0x61,0x80,0x63,0x80,0x65,0x80,0x39,0x80,0x00,0x00,0x00,0x00,0x00,0x00,0x00,0x00,
    0x00,0x00,0x00,0x00,0x00,0x00,0x1C,0x00,0x36,0x00,0x63,0x00,0x63,0x00,0x66,0x00,0x7E,0x00,0x63,0x00,0x61,0x80,0x61,0x80,0x61,0x80,0x61,0x80,0x7B,0x00,0x6E,0x00,0x60,0x00,0x60,0x00,0x60,0x00,0x60,0x00,
    0x00,0x00,0x00,0x00,0x00,0x00,0x00,0x00,0x00,0x00,0x00,0x00,0x00,0x00,0x00,0x00,0x61,0x80,0x61,0x80,0x61,0x80,0x33,0x00,0x33,0x00,0x1E,0x00,0x1E,0x00,0x0C,0x00,0x0C,0x00,0x0C,0x00,0x0C,0x00,0x0C,0x00,
    0x00,0x00,0x00,0x00,0x00,0x00,0x3E,0x00,0x63,0x00,0x30,0x00,0x18,0x00,0x0C,0x00,0x1E,0x00,0x33,0x00,0x61,0x80,0x61,0x80,0x61,0x80,0x61,0x80,0x33,0x00,0x1E,0x00,0x00,0x00,0x00,0x00,0x00,0x00,0x00,0x00,
    0x00,0x00,0x00,0x00,0x00,0x00,0x00,0x00,0x00,0x00,0x00,0x00,0x00,0x00,0x00,0x00,0x3F,0x00,0x61,0x80,0x60,0x00,0x3E,0x00,0x60,0x00,0x60,0x00,0x61,0x80,0x3F,0x00,0x00,0x00,0x00,0x00,0x00,0x00,0x00,0x00,
    0x00,0x00,0x00,0x00,0x00,0x00,0x7F,0x80,0x0C,0x00,0x18,0x00,0x30,0x00,0x30,0x00,0x60,0x00,0x60,0x00,0x60,0x00,0x60,0x00,0x60,0x00,0x60,0x00,0x30,0x00,0x1F,0x00,0x01,0x80,0x01,0x80,0x0F,0x00,0x00,0x00,
    0x00,0x00,0x00,0x00,0x00,0x00,0x00,0x00,0x00,0x00,0x00,0x00,0x00,0x00,0x00,0x00,0x6E,0x00,0x73,0x00,0x61,0x80,0x61,0x80,0x61,0x80,0x61,0x80,0x61,0x80,0x61,0x80,0x01,0x80,0x01,0x80,0x01,0x80,0x01,0x80,
    0x00,0x00,0x00,0x00,0x00,0x00,0x1C,0x00,0x36,0x00,0x63,0x00,0x63,0x00,0x63,0x00,0x63,0x00,0x7F,0x00,0x63,0x00,0x63,0x00,0x63,0x00,0x63,0x00,0x36,0x00,0x1C,0x00,0x00,0x00,0x00,0x00,0x00,0x00,0x00,0x00,
    0x00,0x00,0x00,0x00,0x00,0x00,0x00,0x00,0x00,0x00,0x00,0x00,0x00,0x00,0x00,0x00,0x18,0x00,0x18,0x00,0x18,0x00,0x18,0x00,0x18,0x00,0x18,0x00,0x1B,0x00,0x0E,0x00,0x00,0x00,0x00,0x00,0x00,0x00,0x00,0x00,
    0x00,0x00,0x00,0x00,0x00,0x00,0x00,0x00,0x00,0x00,0x00,0x00,0x00,0x00,0x00,0x00,0x61,0x80,0x63,0x00,0x66,0x00,0x7C,0x00,0x7C,0x00,0x66,0x00,0x63,0x00,0x61,0x80,0x00,0x00,0x00,0x00,0x00,0x00,0x00,0x00,
    0x00,0x00,0x00,0x00,0x00,0x00,0x1E,0x00,0x33,0x00,0x61,0x80,0x01,0x80,0x01,0x80,0x1D,0x80,0x33,0x80,0x61,0x80,0x61,0x80,0x61,0x80,0x61,0x80,0x61,0x80,0x61,0x80,0x00,0x00,0x00,0x00,0x00,0x00,0x00,0x00,
    0x00,0x00,0x00,0x00,0x00,0x00,0x00,0x00,0x00,0x00,0x00,0x00,0x00,0x00,0x00,0x00,0x61,0x80,0x61,0x80,0x61,0x80,0x61,0x80,0x61,0x80,0x61,0x80,0x73,0x80,0x7D,0x80,0x60,0x00,0x60,0x00,0x60,0x00,0x60,0x00,
    0x00,0x00,0x00,0x00,0x00,0x00,0x00,0x00,0x00,0x00,0x00,0x00,0x00,0x00,0x00,0x00,0x61,0x80,0x61,0x80,0x33,0x00,0x33,0x00,0x1E,0x00,0x1E,0x00,0x0C,0x00,0x0C,0x00,0x00,0x00,0x00,0x00,0x00,0x00,0x00,0x00,
    0x00,0x00,0x00,0x00,0x00,0x00,0x7F,0x80,0x0C,0x00,0x18,0x00,0x30,0x00,0x30,0x00,0x18,0x00,0x0F,0x00,0x18,0x00,0x30,0x00,0x60,0x00,0x60,0x00,0x60,0x00,0x3F,0x00,0x01,0x80,0x01,0x80,0x0F,0x00,0x00,0x00,
    0x00,0x00,0x00,0x00,0x00,0x00,0x00,0x00,0x00,0x00,0x00,0x00,0x00,0x00,0x00,0x00,0x1E,0x00,0x33,0x00,0x61,0x80,0x61,0x80,0x61,0x80,0x61,0x80,0x33,0x00,0x1E,0x00,0x00,0x00,0x00,0x00,0x00,0x00,0x00,0x00,
    0x00,0x00,0x00,0x00,0x00,0x00,0x00,0x00,0x00,0x00,0x00,0x00,0x00,0x00,0x00,0x00,0x7F,0x80,0x33,0x00,0x33,0x00,0x33,0x00,0x33,0x00,0x33,0x00,0x33,0x00,0x33,0x00,0x00,0x00,0x00,0x00,0x00,0x00,0x00,0x00,
    0x00,0x00,0x00,0x00,0x00,0x00,0x00,0x00,0x00,0x00,0x00,0x00,0x00,0x00,0x00,0x00,0x1E,0x00,0x33,0x00,0x61,0x80,0x61,0x80,0x61,0x80,0x61,0x80,0x73,0x00,0x7E,0x00,0x60,0x00,0x60,0x00,0x60,0x00,0x60,0x00,
    0x00,0x00,0x00,0x00,0x00,0x00,0x00,0x00,0x00,0x00,0x00,0x00,0x00,0x00,0x00,0x00,0x1F,0x00,0x31,0x80,0x60,0x00,0x60,0x00,0x60,0x00,0x60,0x00,0x30,0x00,0x1F,0x00,0x01,0x80,0x01,0x80,0x0F,0x00,0x00,0x00,
    0x00,0x00,0x00,0x00,0x00,0x00,0x00,0x00,0x00,0x00,0x00,0x00,0x00,0x00,0x00,0x00,0x1F,0x80,0x36,0x00,0x63,0x00,0x61,0x80,0x61,0x80,0x61,0x80,0x33,0x00,0x1E,0x00,0x00,0x00,0x00,0x00,0x00,0x00,0x00,0x00,
    0x00,0x00,0x00,0x00,0x00,0x00,0x00,0x00,0x00,0x00,0x00,0x00,0x00,0x00,0x00,0x00,0x7F,0x80,0x0C,0x00,0x0C,0x00,0x0C,0x00,0x0C,0x00,0x0C,0x00,0x0D,0x80,0x07,0x00,0x00,0x00,0x00,0x00,0x00,0x00,0x00,0x00,
    0x00,0x00,0x00,0x00,0x00,0x00,0x00,0x00,0x00,0x00,0x00,0x00,0x00,0x00,0x00,0x00,0x61,0x80,0x61,0x80,0x61,0x80,0x61,0x80,0x61,0x80,0x61,0x80,0x33,0x00,0x1E,0x00,0x00,0x00,0x00,0x00,0x00,0x00,0x00,0x00,
    0x00,0x00,0x00,0x00,0x00,0x00,0x00,0x00,0x00,0x00,0x00,0x00,0x00,0x00,0x00,0x00,0x37,0x00,0x6D,0x80,0x6D,0x80,0x6D,0x80,0x6D,0x80,0x6D,0x80,0x6D,0x80,0x3F,0x00,0x0C,0x00,0x0C,0x00,0x0C,0x00,0x0C,0x00,
    0x00,0x00,0x00,0x00,0x00,0x00,0x00,0x00,0x00,0x00,0x00,0x00,0x00,0x00,0x00,0x00,0x61,0x80,0x61,0x80,0x33,0x00,0x33,0x00,0x1E,0x00,0x0C,0x00,0x0C,0x00,0x1E,0x00,0x33,0x00,0x33,0x00,0x61,0x80,0x61,0x80,
    0x00,0x00,0x00,0x00,0x00,0x00,0x00,0x00,0x00,0x00,0x00,0x00,0x00,0x00,0x00,0x00,0x6D,0x80,0x6D,0x80,0x6D,0x80,0x6D,0x80,0x6D,0x80,0x6D,0x80,0x6D,0x80,0x3F,0x00,0x0C,0x00,0x0C,0x00,0x0C,0x00,0x0C,0x00,
    0x00,0x00,0x00,0x00,0x00,0x00,0x00,0x00,0x00,0x00,0x00,0x00,0x00,0x00,0x00,0x00,0x61,0x80,0x6D,0x80,0x6D,0x80,0x6D,0x80,0x6D,0x80,0x6D,0x80,0x7F,0x80,0x33,0x00,0x00,0x00,0x00,0x00,0x00,0x00,0x00,0x00,
    0x00,0x00,0x00,0x00,0x00,0x00,0x00,0x00,0x61,0x80,0x61,0x80,0x00,0x00,0x00,0x00,0x0C,0x00,0x0C,0x00,0x0C,0x00,0x0C,0x00,0x0C,0x00,0x0C,0x00,0x0D,0x80,0x07,0x00,0x00,0x00,0x00,0x00,0x00,0x00,0x00,0x00,
    0x00,0x00,0x00,0x00,0x00,0x00,0x00,0x00,0x61,0x80,0x61,0x80,0x00,0x00,0x00,0x00,0x61,0x80,0x61,0x80,0x61,0x80,0x61,0x80,0x61,0x80,0x61,0x80,0x33,0x00,0x1E,0x00,0x00,0x00,0x00,0x00,0x00,0x00,0x00,0x00,
    0x00,0x00,0x00,0x00,0x00,0x00,0x03,0x00,0x06,0x00,0x0C,0x00,0x00,0x00,0x00,0x00,0x1E,0x00,0x33,0x00,0x61,0x80,0x61,0x80,0x61,0x80,0x61,0x80,0x33,0x00,0x1E,0x00,0x00,0x00,0x00,0x00,0x00,0x00,0x00,0x00,
    0x00,0x00,0x00,0x00,0x00,0x00,0x03,0x00,0x06,0x00,0x0C,0x00,0x00,0x00,0x00,0x00,0x61,0x80,0x61,0x80,0x61,0x80,0x61,0x80,0x61,0x80,0x61,0x80,0x33,0x00,0x1E,0x00,0x00,0x00,0x00,0x00,0x00,0x00,0x00,0x00,
    0x00,0x00,0x00,0x00,0x00,0x00,0x03,0x00,0x06,0x00,0x0C,0x00,0x00,0x00,0x00,0x00,0x61,0x80,0x6D,0x80,0x6D,0x80,0x6D,0x80,0x6D,0x80,0x6D,0x80,0x7F,0x80,0x33,0x00,0x00,0x00,0x00,0x00,0x00,0x00,0x00,0x00,
    0x00,0x00,0x00,0x00,0x00,0x00,0x1C,0x00,0x36,0x00,0x63,0x00,0x63,0x00,0x66,0x00,0x6E,0x00,0x73,0x00,0x61,0x80,0x61,0x80,0x61,0x80,0x61,0x80,0x33,0x00,0x1E,0x00,0x00,0x00,0x00,0x00,0x00,0x00,0x00,0x00,
    0x00,0x00,0x00,0x00,0x00,0x00,0x3C,0x00,0x66,0x00,0x63,0x00,0x63,0x00,0x33,0x00,0x1F,0x80,0xC3,0x00,0x63,0x00,0x63,0x00,0x63,0x00,0x63,0x00,0x36,0x00,0x1C,0x00,0x00,0x00,0x00,0x00,0x00,0x00,0x00,0x00,
    0x00,0x00,0x00,0x00,0x00,0x00,0x61,0x80,0xB3,0x40,0x12,0x00,0x1E,0x00,0x0C,0x00,0x0C,0x00,0x0C,0x00,0x0C,0x00,0x0C,0x00,0x0C,0x00,0x0C,0x00,0x0C,0x00,0x0C,0x00,0x00,0x00,0x00,0x00,0x00,0x00,0x00,0x00,
    0x00,0x00,0x00,0x00,0x00,0x00,0x61,0x80,0xB3,0x40,0x12,0x00,0x5E,0x00,0xCC,0x00,0x8C,0x00,0x0C,0x00,0x0C,0x00,0x0C,0x00,0x0C,0x00,0x0C,0x00,0x0C,0x00,0x0C,0x00,0x00,0x00,0x00,0x00,0x00,0x00,0x00,0x00,
    0x00,0x00,0x00,0x00,0x61,0x80,0x61,0x80,0x00,0x00,0x61,0x80,0xB3,0x40,0x12,0x00,0x1E,0x00,0x1E,0x00,0x0C,0x00,0x0C,0x00,0x0C,0x00,0x0C,0x00,0x0C,0x00,0x0C,0x00,0x00,0x00,0x00,0x00,0x00,0x00,0x00,0x00,
    0x00,0x00,0x00,0x00,0x00,0x00,0x0C,0x00,0x0C,0x00,0x0C,0x00,0x0C,0x00,0x0C,0x00,0x3F,0x00,0x6D,0x80,0x6D,0x80,0x6D,0x80,0x6D,0x80,0x6D,0x80,0x6D,0x80,0x3F,0x00,0x0C,0x00,0x0C,0x00,0x0C,0x00,0x0C,0x00,
    0x00,0x00,0x00,0x00,0x00,0x00,0x00,0x00,0x00,0x00,0x00,0x00,0x00,0x00,0x00,0x00,0xFF,0xC0,0x61,0x80,0x6D,0x80,0x6D,0x80,0x6D,0x80,0x6D,0x80,0x7F,0x80,0x33,0x00,0x00,0x00,0x00,0x00,0x00,0x00,0x00,0x00,
    0x00,0x00,0x00,0x00,0x00,0x00,0x30,0x00,0x18,0x00,0x0C,0x00,0x00,0x00,0x00,0x00,0x60,0x80,0x31,0x80,0x1B,0x00,0x1E,0x00,0x1C,0x00,0x36,0x00,0x63,0x80,0x41,0x80,0x01,0x80,0x03,0x00,0x06,0x00,0x1C,0x00,
    0x00,0x00,0x00,0x00,0x00,0x00,0x0F,0x00,0x19,0x80,0x30,0x00,0x60,0x00,0x60,0x00,0x60,0x00,0x60,0x00,0x60,0x00,0x60,0x00,0x60,0x00,0x30,0x00,0x1F,0x00,0x01,0x80,0x01,0x80,0x01,0x80,0x07,0x00,0x00,0x00,
    0x00,0x00,0x00,0x00,0x00,0x00,0x00,0x00,0x00,0x00,0x00,0x00,0x00,0x00,0x01,0x80,0x1F,0x00,0x30,0x00,0x60,0x00,0x60,0x00,0x60,0x00,0x60,0x00,0x30,0x00,0x1F,0x00,0x01,0x80,0x01,0x80,0x07,0x00,0x00,0x00,
    0x00,0x00,0x00,0x00,0x00,0x00,0x7F,0x80,0x60,0x00,0x60,0x00,0x60,0x00,0x60,0x00,0x60,0x00,0x7E,0x00,0x60,0x00,0x60,0x00,0x60,0x00,0x60,0x00,0x60,0x00,0x60,0x00,0x00,0x00,0x00,0x00,0x00,0x00,0x00,0x00,
    0x00,0x00,0x00,0x00,0x00,0x00,0x00,0x00,0x00,0x00,0x00,0x00,0x00,0x00,0x00,0x00,0x3F,0x80,0x30,0x00,0x30,0x00,0x30,0x00,0x3F,0x00,0x30,0x00,0x30,0x00,0x30,0x00,0x30,0x00,0x30,0x00,0x30,0x00,0x30,0x00,
    0x00,0x00,0x00,0x00,0x00,0x00,0xC0,0x00,0xE0,0x00,0x60,0x00,0x61,0x80,0x63,0x80,0x67,0x80,0x6D,0x80,0x79,0x80,0x71,0x80,0x61,0x80,0x01,0x80,0x01,0xC0,0x00,0xC0,0x00,0x00,0x00,0x00,0x00,0x00,0x00,0x00,
    0x00,0x00,0x00,0x00,0x00,0x00,0x0C,0x00,0x0C,0x00,0x18,0x00,0x18,0x00,0x30,0x00,0x30,0x00,0x60,0x00,0x60,0x00,0x7F,0x80,0x01,0x80,0x03,0x00,0x03,0x00,0x06,0x00,0x06,0x00,0x0C,0x00,0x0C,0x00,0x00,0x00,
    0x00,0x00,0x00,0x00,0x00,0x00,0x0C,0x00,0x0C,0x00,0x0C,0x00,0x1E,0x00,0x1E,0x00,0x1E,0x00,0x33,0x00,0x33,0x00,0x33,0x00,0x67,0x80,0x6D,0x80,0x6D,0x80,0x6D,0x80,0x00,0x00,0x00,0x00,0x00,0x00,0x00,0x00,
    0x00,0x00,0x00,0x00,0x00,0x00,0xC0,0x00,0x60,0x00,0x30,0x00,0x18,0x00,0x0C,0x00,0x0E,0x00,0x1E,0x00,0x33,0x00,0x67,0x00,0x0F,0x00,0x19,0x80,0x11,0x80,0x01,0x80,0x01,0x80,0x01,0x80,0x01,0x80,0x00,0x00,
    0x00,0x00,0x00,0x00,0x00,0x00,0x00,0x00,0x00,0x00,0x00,0x00,0x00,0x00,0x00,0x00,0x60,0x80,0x31,0x80,0x1B,0x00,0x1E,0x00,0x1C,0x00,0x36,0x00,0x63,0x00,0x41,0x80,0x00,0x00,0x00,0x00,0x00,0x00,0x00,0x00,
    0x00,0x00,0x00,0x00,0x00,0x00,0x00,0x00,0x00,0x00,0x00,0x00,0x00,0x00,0x00,0x00,0x1E,0x00,0x33,0x00,0x61,0x80,0x61,0x80,0x61,0x80,0x61,0x80,0x73,0x00,0x7E,0x00,0x60,0x00,0x60,0x00,0x30,0x00,0x1F,0x00,
    0x00,0x00,0x00,0x00,0x00,0x00,0x00,0x00,0x00,0x00,0x00,0x00,0x00,0x00,0x00,0x00,0x1F,0x00,0x30,0x80,0x60,0x00,0x60,0x00,0x60,0x00,0x60,0x00,0x30,0x80,0x1F,0x00,0x00,0x00,0x00,0x00,0x00,0x00,0x00,0x00,
    0x00,0x00,0x00,0x00,0x00,0x00,0x00,0x00,0x00,0x00,0x03,0x00,0x03,0x00,0x00,0x00,0x0F,0x00,0x03,0x00,0x03,0x00,0x03,0x00,0x03,0x00,0x03,0x00,0x03,0x00,0x03,0x00,0x63,0x00,0x63,0x00,0x63,0x00,0x3E,0x00,
    0x00,0x00,0x00,0x00,0x00,0x00,0x1E,0x00,0x33,0x00,0x61,0x80,0x61,0x80,0x61,0x80,0x61,0x80,0x7F,0x80,0x61,0x80,0x61,0x80,0x61,0x80,0x61,0x80,0x33,0x00,0x1E,0x00,0x00,0x00,0x00,0x00,0x00,0x00,0x00,0x00,
    0x00,0x00,0x00,0x00,0x00,0x00,0x00,0x00,0x00,0x00,0x00,0x00,0x00,0x00,0x00,0x00,0x1F,0x00,0x30,0x00,0x60,0x00,0x7E,0x00,0x60,0x00,0x60,0x00,0x30,0x00,0x1F,0x00,0x00,0x00,0x00,0x00,0x00,0x00,0x00,0x00,
    0x33,0x00,0x33,0x00,0x00,0x00,0x7F,0x80,0x60,0x00,0x60,0x00,0x60,0x00,0x60,0x00,0x60,0x00,0x7E,0x00,0x60,0x00,0x60,0x00,0x60,0x00,0x60,0x00,0x60,0x00,0x7F,0x80,0x00,0x00,0x00,0x00,0x00,0x00,0x00,0x00,
    0x00,0x00,0x00,0x00,0x00,0x00,0xFF,0x00,0x18,0x00,0x18,0x00,0x18,0x00,0x1F,0x00,0x19,0x80,0x19,0x80,0x19,0x80,0x19,0x80,0x19,0x80,0x19,0x80,0x19,0x80,0x19,0x80,0x01,0x80,0x03,0x00,0x00,0x00,0x00,0x00,
    0x0E,0x00,0x18,0x00,0x00,0x00,0x7F,0x80,0x60,0x00,0x60,0x00,0x60,0x00,0x60,0x00,0x60,0x00,0x60,0x00,0x60,0x00,0x60,0x00,0x60,0x00,0x60,0x00,0x60,0x00,0x60,0x00,0x00,0x00,0x00,0x00,0x00,0x00,0x00,0x00,
    0x00,0x00,0x00,0x00,0x00,0x00,0x1E,0x00,0x33,0x00,0x61,0x80,0x60,0x00,0x60,0x00,0x60,0x00,0x7F,0x00,0x60,0x00,0x60,0x00,0x60,0x00,0x61,0x80,0x33,0x00,0x1E,0x00,0x00,0x00,0x00,0x00,0x00,0x00,0x00,0x00,
    0x00,0x00,0x00,0x00,0x00,0x00,0x1E,0x00,0x33,0x00,0x61,0x80,0x60,0x00,0x60,0x00,0x30,0x00,0x1E,0x00,0x03,0x00,0x01,0x80,0x01,0x80,0x61,0x80,0x33,0x00,0x1E,0x00,0x00,0x00,0x00,0x00,0x00,0x00,0x00,0x00,
    0x00,0x00,0x00,0x00,0x00,0x00,0x7F,0x80,0x0C,0x00,0x0C,0x00,0x0C,0x00,0x0C,0x00,0x0C,0x00,0x0C,0x00,0x0C,0x00,0x0C,0x00,0x0C,0x00,0x0C,0x00,0x0C,0x00,0x7F,0x80,0x00,0x00,0x00,0x00,0x00,0x00,0x00,0x00,
    0x33,0x00,0x33,0x00,0x00,0x00,0x7F,0x80,0x0C,0x00,0x0C,0x00,0x0C,0x00,0x0C,0x00,0x0C,0x00,0x0C,0x00,0x0C,0x00,0x0C,0x00,0x0C,0x00,0x0C,0x00,0x0C,0x00,0x7F,0x80,0x00,0x00,0x00,0x00,0x00,0x00,0x00,0x00,
    0x00,0x00,0x00,0x00,0x00,0x00,0x0F,0x80,0x01,0x80,0x01,0x80,0x01,0x80,0x01,0x80,0x01,0x80,0x01,0x80,0x01,0x80,0x01,0x80,0x61,0x80,0x61,0x80,0x33,0x00,0x1E,0x00,0x00,0x00,0x00,0x00,0x00,0x00,0x00,0x00,
    0x00,0x00,0x00,0x00,0x00,0x00,0x7C,0x00,0x6C,0x00,0x6C,0x00,0x6C,0x00,0x6C,0x00,0x6F,0x00,0x6D,0x00,0x6D,0x80,0x6D,0x80,0x6D,0x80,0x6D,0x80,0x6D,0x00,0xCF,0x00,0x00,0x00,0x00,0x00,0x00,0x00,0x00,0x00,
    0x00,0x00,0x00,0x00,0x00,0x00,0x6C,0x00,0x6C,0x00,0x6C,0x00,0x6C,0x00,0x6C,0x00,0x6C,0x00,0x7F,0x00,0x6D,0x00,0x6D,0x80,0x6D,0x80,0x6D,0x80,0x6D,0x00,0x6F,0x00,0x00,0x00,0x00,0x00,0x00,0x00,0x00,0x00,
    0x00,0x00,0x00,0x00,0x00,0x00,0xFF,0x00,0x18,0x00,0x18,0x00,0x18,0x00,0x1B,0x00,0x1D,0x80,0x19,0x80,0x19,0x80,0x19,0x80,0x19,0x80,0x19,0x80,0x19,0x80,0x19,0x80,0x00,0x00,0x00,0x00,0x00,0x00,0x00,0x00,
    0x03,0x00,0x06,0x00,0x0C,0x00,0x61,0x80,0x61,0x80,0x63,0x00,0x63,0x00,0x66,0x00,0x66,0x00,0x7C,0x00,0x66,0x00,0x66,0x00,0x63,0x00,0x63,0x00,0x61,0x80,0x61,0x80,0x00,0x00,0x00,0x00,0x00,0x00,0x00,0x00,
    0x33,0x00,0x1E,0x00,0x00,0x00,0x61,0x80,0x61,0x80,0x61,0x80,0x61,0x80,0x61,0x80,0x61,0x80,0x3F,0x80,0x01,0x80,0x01,0x80,0x01,0x80,0x01,0x80,0x61,0x80,0x3F,0x00,0x00,0x00,0x00,0x00,0x00,0x00,0x00,0x00,
    0x00,0x00,0x00,0x00,0x00,0x00,0x61,0x80,0x61,0x80,0x61,0x80,0x61,0x80,0x61,0x80,0x61,0x80,0x61,0x80,0x61,0x80,0x61,0x80,0x61,0x80,0x61,0x80,0x61,0x80,0x7F,0x80,0x0C,0x00,0x0C,0x00,0x00,0x00,0x00,0x00,
    0x00,0x00,0x00,0x00,0x00,0x00,0x0C,0x00,0x1E,0x00,0x33,0x00,0x33,0x00,0x61,0x80,0x61,0x80,0x61,0x80,0x7F,0x80,0x61,0x80,0x61,0x80,0x61,0x80,0x61,0x80,0x61,0x80,0x00,0x00,0x00,0x00,0x00,0x00,0x00,0x00,
    0x00,0x00,0x00,0x00,0x00,0x00,0x7F,0x00,0x60,0x00,0x60,0x00,0x60,0x00,0x60,0x00,0x60,0x00,0x7E,0x00,0x63,0x00,0x61,0x80,0x61,0x80,0x61,0x80,0x63,0x00,0x7E,0x00,0x00,0x00,0x00,0x00,0x00,0x00,0x00,0x00,
    0x00,0x00,0x00,0x00,0x00,0x00,0x7C,0x00,0x66,0x00,0x63,0x00,0x63,0x00,0x63,0x00,0x66,0x00,0x7E,0x00,0x63,0x00,0x61,0x80,0x61,0x80,0x61,0x80,0x63,0x00,0x7E,0x00,0x00,0x00,0x00,0x00,0x00,0x00,0x00,0x00,
    0x00,0x00,0x00,0x00,0x00,0x00,0x7F,0x80,0x60,0x00,0x60,0x00,0x60,0x00,0x60,0x00,0x60,0x00,0x60,0x00,0x60,0x00,0x60,0x00,0x60,0x00,0x60,0x00,0x60,0x00,0x60,0x00,0x00,0x00,0x00,0x00,0x00,0x00,0x00,0x00,
    0x00,0x00,0x00,0x00,0x00,0x00,0x0F,0x00,0x1B,0x00,0x33,0x00,0x33,0x00,0x33,0x00,0x33,0x00,0x33,0x00,0x33,0x00,0x33,0x00,0x33,0x00,0x33,0x00,0x33,0x00,0x7F,0x80,0x61,0x80,0x61,0x80,0x00,0x00,0x00,0x00,
    0x00,0x00,0x00,0x00,0x00,0x00,0x7F,0x80,0x60,0x00,0x60,0x00,0x60,0x00,0x60,0x00,0x60,0x00,0x7E,0x00,0x60,0x00,0x60,0x00,0x60,0x00,0x60,0x00,0x60,0x00,0x7F,0x80,0x00,0x00,0x00,0x00,0x00,0x00,0x00,0x00,
    0x00,0x00,0x00,0x00,0x00,0x00,0x6D,0x80,0x6D,0x80,0x6D,0x80,0x6D,0x80,0x6D,0x80,0x3F,0x00,0x1E,0x00,0x3F,0x00,0x6D,0x80,0x6D,0x80,0x6D,0x80,0x6D,0x80,0x6D,0x80,0x00,0x00,0x00,0x00,0x00,0x00,0x00,0x00,
    0x00,0x00,0x00,0x00,0x00,0x00,0x1E,0x00,0x33,0x00,0x61,0x80,0x61,0x80,0x01,0x80,0x03,0x00,0x0E,0x00,0x03,0x00,0x01,0x80,0x61,0x80,0x61,0x80,0x33,0x00,0x1E,0x00,0x00,0x00,0x00,0x00,0x00,0x00,0x00,0x00,
    0x00,0x00,0x00,0x00,0x00,0x00,0x61,0x80,0x61,0x80,0x61,0x80,0x61,0x80,0x63,0x80,0x67,0x80,0x6F,0x80,0x7D,0x80,0x79,0x80,0x71,0x80,0x61,0x80,0x61,0x80,0x61,0x80,0x00,0x00,0x00,0x00,0x00,0x00,0x00,0x00,
    0x33,0x00,0x1E,0x00,0x00,0x00,0x61,0x80,0x61,0x80,0x61,0x80,0x61,0x80,0x63,0x80,0x67,0x80,0x6F,0x80,0x7D,0x80,0x79,0x80,0x71,0x80,0x61,0x80,0x61,0x80,0x61,0x80,0x00,0x00,0x00,0x00,0x00,0x00,0x00,0x00,
    0x00,0x00,0x00,0x00,0x00,0x00,0x61,0x80,0x61,0x80,0x63,0x00,0x63,0x00,0x66,0x00,0x66,0x00,0x7C,0x00,0x66,0x00,0x66,0x00,0x63,0x00,0x63,0x00,0x61,0x80,0x61,0x80,0x00,0x00,0x00,0x00,0x00,0x00,0x00,0x00,
    0x00,0x00,0x00,0x00,0x00,0x00,0x0F,0x80,0x19,0x80,0x31,0x80,0x31,0x80,0x31,0x80,0x31,0x80,0x31,0x80,0x31,0x80,0x31,0x80,0x31,0x80,0x31,0x80,0x71,0x80,0x61,0x80,0x00,0x00,0x00,0x00,0x00,0x00,0x00,0x00,
    0x00,0x00,0x00,0x00,0x00,0x00,0x61,0x80,0x61,0x80,0x73,0x80,0x73,0x80,0x7F,0x80,0x6D,0x80,0x6D,0x80,0x6D,0x80,0x6D,0x80,0x61,0x80,0x61,0x80,0x61,0x80,0x61,0x80,0x00,0x00,0x00,0x00,0x00,0x00,0x00,0x00,
    0x00,0x00,0x00,0x00,0x00,0x00,0x61,0x80,0x61,0x80,0x61,0x80,0x61,0x80,0x61,0x80,0x61,0x80,0x7F,0x80,0x61,0x80,0x61,0x80,0x61,0x80,0x61,0x80,0x61,0x80,0x61,0x80,0x00,0x00,0x00,0x00,0x00,0x00,0x00,0x00,
    0x00,0x00,0x00,0x00,0x00,0x00,0x1E,0x00,0x33,0x00,0x61,0x80,0x61,0x80,0x61,0x80,0x61,0x80,0x61,0x80,0x61,0x80,0x61,0x80,0x61,0x80,0x61,0x80,0x33,0x00,0x1E,0x00,0x00,0x00,0x00,0x00,0x00,0x00,0x00,0x00,
    0x00,0x00,0x00,0x00,0x00,0x00,0x7F,0x80,0x61,0x80,0x61,0x80,0x61,0x80,0x61,0x80,0x61,0x80,0x61,0x80,0x61,0x80,0x61,0x80,0x61,0x80,0x61,0x80,0x61,0x80,0x61,0x80,0x00,0x00,0x00,0x00,0x00,0x00,0x00,0x00,
    0x00,0x00,0x00,0x00,0x00,0x00,0x7E,0x00,0x63,0x00,0x61,0x80,0x61,0x80,0x61,0x80,0x61,0x80,0x63,0x00,0x7E,0x00,0x60,0x00,0x60,0x00,0x60,0x00,0x60,0x00,0x60,0x00,0x00,0x00,0x00,0x00,0x00,0x00,0x00,0x00,
    0x00,0x00,0x00,0x00,0x00,0x00,0x1E,0x00,0x33,0x00,0x61,0x80,0x60,0x00,0x60,0x00,0x60,0x00,0x60,0x00,0x60,0x00,0x60,0x00,0x60,0x00,0x61,0x80,0x33,0x00,0x1E,0x00,0x00,0x00,0x00,0x00,0x00,0x00,0x00,0x00,
    0x00,0x00,0x00,0x00,0x00,0x00,0x7F,0x80,0x0C,0x00,0x0C,0x00,0x0C,0x00,0x0C,0x00,0x0C,0x00,0x0C,0x00,0x0C,0x00,0x0C,0x00,0x0C,0x00,0x0C,0x00,0x0C,0x00,0x0C,0x00,0x00,0x00,0x00,0x00,0x00,0x00,0x00,0x00,
    0x00,0x00,0x00,0x00,0x00,0x00,0x61,0x80,0x61,0x80,0x61,0x80,0x61,0x80,0x61,0x80,0x61,0x80,0x3F,0x80,0x01,0x80,0x01,0x80,0x01,0x80,0x01,0x80,0x61,0x80,0x3F,0x00,0x00,0x00,0x00,0x00,0x00,0x00,0x00,0x00,
    0x00,0x00,0x00,0x00,0x00,0x00,0x0C,0x00,0x3F,0x00,0x6D,0x80,0x6D,0x80,0x6D,0x80,0x6D,0x80,0x6D,0x80,0x6D,0x80,0x6D,0x80,0x6D,0x80,0x3F,0x00,0x0C,0x00,0x0C,0x00,0x00,0x00,0x00,0x00,0x00,0x00,0x00,0x00,
    0x00,0x00,0x00,0x00,0x00,0x00,0x61,0x80,0x61,0x80,0x33,0x00,0x33,0x00,0x1E,0x00,0x1E,0x00,0x0C,0x00,0x1E,0x00,0x1E,0x00,0x33,0x00,0x33,0x00,0x61,0x80,0x61,0x80,0x00,0x00,0x00,0x00,0x00,0x00,0x00,0x00,
    0x00,0x00,0x00,0x00,0x00,0x00,0x61,0x80,0x61,0x80,0x61,0x80,0x61,0x80,0x61,0x80,0x61,0x80,0x61,0x80,0x61,0x80,0x61,0x80,0x61,0x80,0x61,0x80,0x61,0x80,0x7F,0xC0,0x00,0xC0,0x00,0xC0,0x00,0x00,0x00,0x00,
    0x00,0x00,0x00,0x00,0x00,0x00,0x61,0x80,0x61,0x80,0x61,0x80,0x61,0x80,0x61,0x80,0x61,0x80,0x61,0x80,0x3F,0x80,0x01,0x80,0x01,0x80,0x01,0x80,0x01,0x80,0x01,0x80,0x00,0x00,0x00,0x00,0x00,0x00,0x00,0x00,
    0x00,0x00,0x00,0x00,0x00,0x00,0x6D,0x80,0x6D,0x80,0x6D,0x80,0x6D,0x80,0x6D,0x80,0x6D,0x80,0x6D,0x80,0x6D,0x80,0x6D,0x80,0x6D,0x80,0x6D,0x80,0x6D,0x80,0x7F,0x80,0x00,0x00,0x00,0x00,0x00,0x00,0x00,0x00,
    0x00,0x00,0x00,0x00,0x00,0x00,0x6D,0x80,0x6D,0x80,0x6D,0x80,0x6D,0x80,0x6D,0x80,0x6D,0x80,0x6D,0x80,0x6D,0x80,0x6D,0x80,0x6D,0x80,0x6D,0x80,0x6D,0x80,0x7F,0xC0,0x00,0xC0,0x00,0xC0,0x00,0x00,0x00,0x00,
    0x00,0x00,0x00,0x00,0x00,0x00,0x78,0x00,0x58,0x00,0x18,0x00,0x18,0x00,0x18,0x00,0x1F,0x00,0x19,0x80,0x19,0x80,0x19,0x80,0x19,0x80,0x19,0x80,0x19,0x80,0x1F,0x00,0x00,0x00,0x00,0x00,0x00,0x00,0x00,0x00,
    0x00,0x00,0x00,0x00,0x00,0x00,0x61,0x80,0x61,0x80,0x61,0x80,0x61,0x80,0x61,0x80,0x79,0x80,0x6D,0x80,0x6D,0x80,0x6D,0x80,0x6D,0x80,0x6D,0x80,0x6D,0x80,0x79,0x80,0x00,0x00,0x00,0x00,0x00,0x00,0x00,0x00,
    0x00,0x00,0x00,0x00,0x00,0x00,0x60,0x00,0x60,0x00,0x60,0x00,0x60,0x00,0x60,0x00,0x7E,0x00,0x63,0x00,0x61,0x80,0x61,0x80,0x61,0x80,0x61,0x80,0x63,0x00,0x7E,0x00,0x00,0x00,0x00,0x00,0x00,0x00,0x00,0x00,
    0x00,0x00,0x00,0x00,0x00,0x00,0x1E,0x00,0x33,0x00,0x61,0x80,0x01,0x80,0x01,0x80,0x01,0x80,0x3F,0x80,0x01,0x80,0x01,0x80,0x01,0x80,0x61,0x80,0x33,0x00,0x1E,0x00,0x00,0x00,0x00,0x00,0x00,0x00,0x00,0x00,
    0x00,0x00,0x00,0x00,0x00,0x00,0x67,0x00,0x6D,0x80,0x6D,0x80,0x6D,0x80,0x6D,0x80,0x6D,0x80,0x7D,0x80,0x6D,0x80,0x6D,0x80,0x6D,0x80,0x6D,0x80,0x6D,0x80,0x67,0x00,0x00,0x00,0x00,0x00,0x00,0x00,0x00,0x00,
    0x00,0x00,0x00,0x00,0x00,0x00,0x1F,0x80,0x31,0x80,0x61,0x80,0x61,0x80,0x61,0x80,0x61,0x80,0x31,0x80,0x1F,0x80,0x19,0x80,0x31,0x80,0x31,0x80,0x61,0x80,0x61,0x80,0x00,0x00,0x00,0x00,0x00,0x00,0x00,0x00,
    0x00,0x00,0x00,0x00,0x00,0x00,0x00,0x00,0x00,0x00,0x00,0x00,0x00,0x00,0x00,0x00,0x1F,0x00,0x31,0x80,0x01,0x80,0x3F,0x80,0x61,0x80,0x61,0x80,0x61,0x80,0x3E,0x80,0x00,0x00,0x00,0x00,0x00,0x00,0x00,0x00,
    0x00,0x00,0x00,0x00,0x00,0x00,0x00,0x00,0x01,0x00,0x3E,0x00,0x60,0x00,0x60,0x00,0x3E,0x00,0x73,0x00,0x61,0x80,0x61,0x80,0x61,0x80,0x61,0x80,0x33,0x00,0x1E,0x00,0x00,0x00,0x00,0x00,0x00,0x00,0x00,0x00,
    0x00,0x00,0x00,0x00,0x00,0x00,0x00,0x00,0x00,0x00,0x00,0x00,0x00,0x00,0x00,0x00,0x7E,0x00,0x63,0x00,0x63,0x00,0x7F,0x00,0x61,0x80,0x61,0x80,0x61,0x80,0x7F,0x00,0x00,0x00,0x00,0x00,0x00,0x00,0x00,0x00,
    0x00,0x00,0x00,0x00,0x00,0x00,0x00,0x00,0x00,0x00,0x00,0x00,0x00,0x00,0x00,0x00,0x7F,0x80,0x60,0x00,0x60,0x00,0x60,0x00,0x60,0x00,0x60,0x00,0x60,0x00,0x60,0x00,0x00,0x00,0x00,0x00,0x00,0x00,0x00,0x00,
    0x00,0x00,0x00,0x00,0x00,0x00,0x00,0x00,0x00,0x00,0x00,0x00,0x00,0x00,0x00,0x00,0x0F,0x00,0x1B,0x00,0x33,0x00,0x33,0x00,0x33,0x00,0x33,0x00,0x33,0x00,0x7F,0x80,0x61,0x80,0x61,0x80,0x00,0x00,0x00,0x00,
    0x00,0x00,0x00,0x00,0x00,0x00,0x00,0x00,0x00,0x00,0x00,0x00,0x00,0x00,0x00,0x00,0x1E,0x00,0x33,0x00,0x61,0x80,0x7F,0x80,0x60,0x00,0x60,0x00,0x31,0x80,0x1F,0x00,0x00,0x00,0x00,0x00,0x00,0x00,0x00,0x00,
    0x00,0x00,0x00,0x00,0x00,0x00,0x00,0x00,0x00,0x00,0x00,0x00,0x00,0x00,0x00,0x00,0x6D,0x80,0x6D,0x80,0x6D,0x80,0x3F,0x00,0x3F,0x00,0x6D,0x80,0x6D,0x80,0x6D,0x80,0x00,0x00,0x00,0x00,0x00,0x00,0x00,0x00,
    0x00,0x00,0x00,0x00,0x00,0x00,0x00,0x00,0x00,0x00,0x00,0x00,0x00,0x00,0x00,0x00,0x3F,0x00,0x61,0x80,0x01,0x80,0x1F,0x00,0x03,0x00,0x01,0x80,0x61,0x80,0x3F,0x00,0x00,0x00,0x00,0x00,0x00,0x00,0x00,0x00,
    0x00,0x00,0x00,0x00,0x00,0x00,0x00,0x00,0x00,0x00,0x00,0x00,0x00,0x00,0x00,0x00,0x61,0x80,0x61,0x80,0x63,0x80,0x67,0x80,0x6D,0x80,0x79,0x80,0x71,0x80,0x61,0x80,0x00,0x00,0x00,0x00,0x00,0x00,0x00,0x00,
    0x00,0x00,0x00,0x00,0x00,0x00,0x00,0x00,0x00,0x00,0x33,0x00,0x1E,0x00,0x00,0x00,0x61,0x80,0x61,0x80,0x63,0x80,0x67,0x80,0x6D,0x80,0x79,0x80,0x71,0x80,0x61,0x80,0x00,0x00,0x00,0x00,0x00,0x00,0x00,0x00,
    0x00,0x00,0x00,0x00,0x00,0x00,0x00,0x00,0x00,0x00,0x00,0x00,0x00,0x00,0x00,0x00,0x61,0x80,0x63,0x00,0x66,0x00,0x7C,0x00,0x7C,0x00,0x66,0x00,0x63,0x00,0x61,0x80,0x00,0x00,0x00,0x00,0x00,0x00,0x00,0x00,
    0x00,0x00,0x00,0x00,0x00,0x00,0x00,0x00,0x00,0x00,0x00,0x00,0x00,0x00,0x00,0x00,0x0F,0x80,0x19,0x80,0x31,0x80,0x31,0x80,0x31,0x80,0x31,0x80,0x31,0x80,0x61,0x80,0x00,0x00,0x00,0x00,0x00,0x00,0x00,0x00,
    0x00,0x00,0x00,0x00,0x00,0x00,0x00,0x00,0x00,0x00,0x00,0x00,0x00,0x00,0x00,0x00,0x61,0x80,0x73,0x80,0x7F,0x80,0x6D,0x80,0x6D,0x80,0x6D,0x80,0x61,0x80,0x61,0x80,0x00,0x00,0x00,0x00,0x00,0x00,0x00,0x00,
    0x00,0x00,0x00,0x00,0x00,0x00,0x00,0x00,0x00,0x00,0x00,0x00,0x00,0x00,0x00,0x00,0x61,0x80,0x61,0x80,0x61,0x80,0x7F,0x80,0x61,0x80,0x61,0x80,0x61,0x80,0x61,0x80,0x00,0x00,0x00,0x00,0x00,0x00,0x00,0x00,
    0x00,0x00,0x00,0x00,0x00,0x00,0x00,0x00,0x00,0x00,0x00,0x00,0x00,0x00,0x00,0x00,0x1E,0x00,0x33,0x00,0x61,0x80,0x61,0x80,0x61,0x80,0x61,0x80,0x33,0x00,0x1E,0x00,0x00,0x00,0x00,0x00,0x00,0x00,0x00,0x00,
    0x00,0x00,0x00,0x00,0x00,0x00,0x00,0x00,0x00,0x00,0x00,0x00,0x00,0x00,0x00,0x00,0x7F,0x80,0x61,0x80,0x61,0x80,0x61,0x80,0x61,0x80,0x61,0x80,0x61,0x80,0x61,0x80,0x00,0x00,0x00,0x00,0x00,0x00,0x00,0x00,
    0x00,0x00,0x00,0x00,0x00,0x00,0x00,0x00,0x00,0x00,0x00,0x00,0x00,0x00,0x00,0x00,0x6E,0x00,0x73,0x00,0x61,0x80,0x61,0x80,0x61,0x80,0x61,0x80,0x73,0x00,0x6E,0x00,0x60,0x00,0x60,0x00,0x60,0x00,0x60,0x00,
    0x00,0x00,0x00,0x00,0x00,0x00,0x00,0x00,0x00,0x00,0x00,0x00,0x00,0x00,0x00,0x00,0x1F,0x00,0x31,0x80,0x60,0x00,0x60,0x00,0x60,0x00,0x60,0x00,0x31,0x80,0x1F,0x00,0x00,0x00,0x00,0x00,0x00,0x00,0x00,0x00,
    0x00,0x00,0x00,0x00,0x00,0x00,0x00,0x00,0x00,0x00,0x00,0x00,0x00,0x00,0x00,0x00,0x7F,0x80,0x0C,0x00,0x0C,0x00,0x0C,0x00,0x0C,0x00,0x0C,0x00,0x0C,0x00,0x0C,0x00,0x00,0x00,0x00,0x00,0x00,0x00,0x00,0x00,
    0x00,0x00,0x00,0x00,0x00,0x00,0x00,0x00,0x00,0x00,0x00,0x00,0x00,0x00,0x00,0x00,0x61,0x80,0x61,0x80,0x61,0x80,0x61,0x80,0x61,0x80,0x61,0x80,0x33,0x80,0x1D,0x80,0x01,0x80,0x61,0x80,0x33,0x00,0x1E,0x00,
    0x00,0x00,0x00,0x00,0x00,0x00,0x00,0x00,0x00,0x00,0x00,0x00,0x0C,0x00,0x0C,0x00,0x3F,0x00,0x6D,0x80,0x6D,0x80,0x6D,0x80,0x6D,0x80,0x6D,0x80,0x6D,0x80,0x3F,0x00,0x0C,0x00,0x0C,0x00,0x0C,0x00,0x0C,0x00,
    0x00,0x00,0x00,0x00,0x00,0x00,0x00,0x00,0x00,0x00,0x00,0x00,0x00,0x00,0x00,0x00,0x61,0x80,0x33,0x00,0x1E,0x00,0x0C,0x00,0x0C,0x00,0x1E,0x00,0x33,0x00,0x61,0x80,0x00,0x00,0x00,0x00,0x00,0x00,0x00,0x00,
    0x00,0x00,0x00,0x00,0x00,0x00,0x00,0x00,0x00,0x00,0x00,0x00,0x00,0x00,0x00,0x00,0x63,0x00,0x63,0x00,0x63,0x00,0x63,0x00,0x63,0x00,0x63,0x00,0x63,0x00,0x7F,0x80,0x01,0x80,0x01,0x80,0x00,0x00,0x00,0x00,
    0x00,0x00,0x00,0x00,0x00,0x00,0x00,0x00,0x00,0x00,0x00,0x00,0x00,0x00,0x00,0x00,0x61,0x80,0x61,0x80,0x61,0x80,0x61,0x80,0x3F,0x80,0x01,0x80,0x01,0x80,0x01,0x80,0x00,0x00,0x00,0x00,0x00,0x00,0x00,0x00,
    0x00,0x00,0x00,0x00,0x00,0x00,0x00,0x00,0x00,0x00,0x00,0x00,0x00,0x00,0x00,0x00,0x6D,0x80,0x6D,0x80,0x6D,0x80,0x6D,0x80,0x6D,0x80,0x6D,0x80,0x6D,0x80,0x7F,0x80,0x00,0x00,0x00,0x00,0x00,0x00,0x00,0x00,
    0x00,0x00,0x00,0x00,0x00,0x00,0x00,0x00,0x00,0x00,0x00,0x00,0x00,0x00,0x00,0x00,0x6D,0x80,0x6D,0x80,0x6D,0x80,0x6D,0x80,0x6D,0x80,0x6D,0x80,0x6D,0x80,0x7F,0xC0,0x00,0xC0,0x00,0xC0,0x00,0x00,0x00,0x00,
    0x00,0x00,0x00,0x00,0x00,0x00,0x00,0x00,0x00,0x00,0x00,0x00,0x00,0x00,0x00,0x00,0x70,0x00,0x70,0x00,0x7F,0x00,0x31,0x80,0x31,0x80,0x31,0x80,0x31,0x80,0x3F,0x00,0x00,0x00,0x00,0x00,0x00,0x00,0x00,0x00,
    0x00,0x00,0x00,0x00,0x00,0x00,0x00,0x00,0x00,0x00,0x00,0x00,0x00,0x00,0x00,0x00,0x61,0x80,0x61,0x80,0x79,0x80,0x6D,0x80,0x6D,0x80,0x6D,0x80,0x6D,0x80,0x79,0x80,0x00,0x00,0x00,0x00,0x00,0x00,0x00,0x00,
    0x00,0x00,0x00,0x00,0x00,0x00,0x00,0x00,0x00,0x00,0x00,0x00,0x00,0x00,0x00,0x00,0x60,0x00,0x60,0x00,0x60,0x00,0x7F,0x00,0x61,0x80,0x61,0x80,0x61,0x80,0x7F,0x00,0x00,0x00,0x00,0x00,0x00,0x00,0x00,0x00,
    0x00,0x00,0x00,0x00,0x00,0x00,0x00,0x00,0x00,0x00,0x00,0x00,0x00,0x00,0x00,0x00,0x3F,0x00,0x61,0x80,0x01,0x80,0x01,0x80,0x0F,0x80,0x01,0x80,0x61,0x80,0x3F,0x00,0x00,0x00,0x00,0x00,0x00,0x00,0x00,0x00,
    0x00,0x00,0x00,0x00,0x00,0x00,0x00,0x00,0x00,0x00,0x00,0x00,0x00,0x00,0x00,0x00,0x67,0x00,0x6D,0x80,0x6D,0x80,0x7D,0x80,0x6D,0x80,0x6D,0x80,0x6D,0x80,0x67,0x00,0x00,0x00,0x00,0x00,0x00,0x00,0x00,0x00,
    0x00,0x00,0x00,0x00,0x00,0x00,0x00,0x00,0x00,0x00,0x00,0x00,0x00,0x00,0x00,0x00,0x3F,0x80,0x61,0x80,0x61,0x80,0x61,0x80,0x3F,0x80,0x19,0x80,0x31,0x80,0x61,0x80,0x00,0x00,0x00,0x00,0x00,0x00,0x00,0x00,
    0x00,0x00,0x00,0x00,0x00,0x00,0x00,0x00,0x00,0x00,0x33,0x00,0x33,0x00,0x00,0x00,0x1E,0x00,0x33,0x00,0x61,0x80,0x7F,0x80,0x60,0x00,0x60,0x00,0x31,0x80,0x1F,0x00,0x00,0x00,0x00,0x00,0x00,0x00,0x00,0x00,
    0x00,0x00,0x00,0x00,0x00,0x00,0x30,0x00,0x30,0x00,0x7E,0x00,0x30,0x00,0x30,0x00,0x36,0x00,0x3B,0x00,0x31,0x80,0x31,0x80,0x31,0x80,0x31,0x80,0x31,0x80,0x31,0x80,0x01,0x80,0x01,0x80,0x03,0x00,0x06,0x00,
    0x00,0x00,0x00,0x00,0x00,0x00,0x00,0x00,0x06,0x00,0x0C,0x00,0x18,0x00,0x00,0x00,0x7F,0x80,0x60,0x00,0x60,0x00,0x60,0x00,0x60,0x00,0x60,0x00,0x60,0x00,0x60,0x00,0x00,0x00,0x00,0x00,0x00,0x00,0x00,0x00,
    0x00,0x00,0x00,0x00,0x00,0x00,0x00,0x00,0x00,0x00,0x00,0x00,0x00,0x00,0x00,0x00,0x3F,0x00,0x61,0x80,0x60,0x00,0x7C,0x00,0x60,0x00,0x60,0x00,0x61,0x80,0x3F,0x00,0x00,0x00,0x00,0x00,0x00,0x00,0x00,0x00,
    0x00,0x00,0x00,0x00,0x00,0x00,0x00,0x00,0x00,0x00,0x00,0x00,0x00,0x00,0x00,0x00,0x3F,0x00,0x61,0x80,0x60,0x00,0x3F,0x00,0x01,0x80,0x01,0x80,0x61,0x80,0x3F,0x00,0x00,0x00,0x00,0x00,0x00,0x00,0x00,0x00,
    0x00,0x00,0x00,0x00,0x00,0x00,0x00,0x00,0x00,0x00,0x0C,0x00,0x0C,0x00,0x00,0x00,0x3C,0x00,0x0C,0x00,0x0C,0x00,0x0C,0x00,0x0C,0x00,0x0C,0x00,0x0C,0x00,0x7F,0x80,0x00,0x00,0x00,0x00,0x00,0x00,0x00,0x00,
    0x00,0x00,0x00,0x00,0x00,0x00,0x00,0x00,0x33,0x00,0x33,0x00,0x00,0x00,0x3C,0x00,0x0C,0x00,0x0C,0x00,0x0C,0x00,0x0C,0x00,0x0C,0x00,0x0C,0x00,0x0C,0x00,0x7F,0x80,0x00,0x00,0x00,0x00,0x00,0x00,0x00,0x00,
    0x00,0x00,0x00,0x00,0x00,0x00,0x00,0x00,0x00,0x00,0x01,0x80,0x01,0x80,0x00,0x00,0x07,0x80,0x01,0x80,0x01,0x80,0x01,0x80,0x01,0x80,0x01,0x80,0x01,0x80,0x01,0x80,0x31,0x80,0x31,0x80,0x31,0x80,0x1F,0x00,
    0x00,0x00,0x00,0x00,0x00,0x00,0x00,0x00,0x00,0x00,0x00,0x00,0x00,0x00,0x00,0x00,0x7C,0x00,0x6C,0x00,0x6C,0x00,0x6F,0x00,0x6D,0x80,0x6D,0x80,0x6D,0x80,0xCF,0x00,0x00,0x00,0x00,0x00,0x00,0x00,0x00,0x00,
    0x00,0x00,0x00,0x00,0x00,0x00,0x00,0x00,0x00,0x00,0x00,0x00,0x00,0x00,0x00,0x00,0x6C,0x00,0x6C,0x00,0x6C,0x00,0x7F,0x00,0x6D,0x80,0x6D,0x80,0x6D,0x80,0x6F,0x00,0x00,0x00,0x00,0x00,0x00,0x00,0x00,0x00,
    0x00,0x00,0x00,0x00,0x00,0x00,0x60,0x00,0x60,0x00,0x60,0x00,0xF8,0x00,0x60,0x00,0x6E,0x00,0x73,0x00,0x61,0x80,0x61,0x80,0x61,0x80,0x61,0x80,0x61,0x80,0x61,0x80,0x00,0x00,0x00,0x00,0x00,0x00,0x00,0x00,
    0x00,0x00,0x00,0x00,0x00,0x00,0x00,0x00,0x06,0x00,0x0C,0x00,0x18,0x00,0x00,0x00,0x63,0x80,0x66,0x00,0x66,0x00,0x7C,0x00,0x7C,0x00,0x66,0x00,0x63,0x00,0x61,0x80,0x00,0x00,0x00,0x00,0x00,0x00,0x00,0x00,
    0x00,0x00,0x00,0x00,0x00,0x00,0x00,0x00,0x00,0x00,0x33,0x00,0x1E,0x00,0x00,0x00,0x61,0x80,0x61,0x80,0x61,0x80,0x61,0x80,0x61,0x80,0x61,0x80,0x33,0x80,0x1D,0x80,0x01,0x80,0x61,0x80,0x33,0x00,0x1E,0x00,
    0x00,0x00,0x00,0x00,0x00,0x00,0x00,0x00,0x00,0x00,0x00,0x00,0x00,0x00,0x00,0x00,0x61,0x80,0x61,0x80,0x61,0x80,0x61,0x80,0x61,0x80,0x61,0x80,0x61,0x80,0x7F,0x80,0x0C,0x00,0x0C,0x00,0x00,0x00,0x00,0x00,
    0x00,0x00,0x00,0x00,0x30,0x00,0x30,0x00,0x7C,0x00,0x74,0x00,0x30,0x00,0x30,0x00,0x3E,0x00,0x33,0x00,0x31,0x80,0x31,0x80,0x31,0x80,0x31,0x80,0x33,0x00,0x3E,0x00,0x00,0x00,0x00,0x00,0x00,0x00,0x00,0x00,
    0x00,0x00,0x00,0x00,0x00,0x00,0x00,0x00,0x00,0x00,0x20,0x00,0x30,0x00,0x30,0x00,0x7E,0x00,0x30,0x00,0x3F,0x00,0x31,0x80,0x31,0x80,0x31,0x80,0x31,0x80,0x3F,0x00,0x00,0x00,0x00,0x00,0x00,0x00,0x00,0x00,
    0x00,0x00,0x00,0x00,0x00,0x00,0x6D,0x80,0x6D,0x80,0x6D,0x80,0x6D,0x80,0x6D,0x80,0x6D,0x80,0x3F,0x00,0x1E,0x00,0x0C,0x00,0x0C,0x00,0x0C,0x00,0x0C,0x00,0x0C,0x00,0x00,0x00,0x00,0x00,0x00,0x00,0x00,0x00,
    0x00,0x00,0x00,0x00,0x00,0x00,0x00,0x00,0x00,0x00,0x00,0x00,0x0C,0x00,0x0C,0x00,0x6D,0x80,0x6D,0x80,0x6D,0x80,0x6D,0x80,0x6D,0x80,0x6D,0x80,0x3F,0x00,0x1E,0x00,0x0C,0x00,0x0C,0x00,0x00,0x00,0x00,0x00,
    0x00,0x00,0x00,0x00,0x00,0x00,0x1E,0x00,0x33,0x00,0x61,0x80,0x61,0x80,0x61,0x80,0x61,0x80,0x7F,0x80,0x61,0x80,0x61,0x80,0x61,0x80,0x61,0x80,0x33,0x00,0x1E,0x00,0x00,0x00,0x00,0x00,0x00,0x00,0x00,0x00,
    0x00,0x00,0x00,0x00,0x00,0x00,0x00,0x00,0x00,0x00,0x00,0x00,0x00,0x00,0x00,0x00,0x1E,0x00,0x33,0x00,0x61,0x80,0x7F,0x80,0x61,0x80,0x61,0x80,0x33,0x00,0x1E,0x00,0x00,0x00,0x00,0x00,0x00,0x00,0x00,0x00,
    0x00,0x00,0x00,0x00,0x00,0x00,0x61,0x80,0x63,0x00,0x63,0x00,0x66,0x00,0x66,0x00,0x66,0x00,0x66,0x00,0x3C,0x00,0x3C,0x00,0x3C,0x00,0x18,0x00,0x18,0x00,0x18,0x00,0x00,0x00,0x00,0x00,0x00,0x00,0x00,0x00,
    0x00,0x00,0x00,0x00,0x00,0x00,0x00,0x00,0x00,0x00,0x00,0x00,0x00,0x00,0x00,0x00,0x61,0x80,0x63,0x00,0x66,0x00,0x66,0x00,0x3C,0x00,0x3C,0x00,0x18,0x00,0x18,0x00,0x00,0x00,0x00,0x00,0x00,0x00,0x00,0x00,
    0x00,0x00,0x66,0x00,0x33,0x00,0x00,0x00,0x61,0x80,0x63,0x00,0x63,0x00,0x66,0x00,0x66,0x00,0x66,0x00,0x66,0x00,0x3C,0x00,0x3C,0x00,0x3C,0x00,0x18,0x00,0x18,0x00,0x00,0x00,0x00,0x00,0x00,0x00,0x00,0x00,
    0x00,0x00,0x00,0x00,0x00,0x00,0x00,0x00,0x00,0x00,0x66,0x00,0x33,0x00,0x00,0x00,0x61,0x80,0x63,0x00,0x66,0x00,0x66,0x00,0x3C,0x00,0x3C,0x00,0x18,0x00,0x18,0x00,0x00,0x00,0x00,0x00,0x00,0x00,0x00,0x00,
    0x00,0x00,0x00,0x00,0x01,0x80,0x01,0x80,0x7F,0x80,0x60,0x00,0x60,0x00,0x60,0x00,0x60,0x00,0x60,0x00,0x60,0x00,0x60,0x00,0x60,0x00,0x60,0x00,0x60,0x00,0x60,0x00,0x00,0x00,0x00,0x00,0x00,0x00,0x00,0x00,
    0x00,0x00,0x00,0x00,0x00,0x00,0x00,0x00,0x00,0x00,0x00,0x00,0x01,0x80,0x01,0x80,0x7F,0x80,0x60,0x00,0x60,0x00,0x60,0x00,0x60,0x00,0x60,0x00,0x60,0x00,0x60,0x00,0x00,0x00,0x00,0x00,0x00,0x00,0x00,0x00,
    0x00,0x00,0x00,0x00,0x00,0x00,0x1F,0x80,0x18,0x00,0x18,0x00,0x18,0x00,0x18,0x00,0x18,0x00,0x7E,0x00,0x18,0x00,0x18,0x00,0x18,0x00,0x18,0x00,0x18,0x00,0x18,0x00,0x00,0x00,0x00,0x00,0x00,0x00,0x00,0x00,
    0x00,0x00,0x00,0x00,0x00,0x00,0x00,0x00,0x00,0x00,0x00,0x00,0x00,0x00,0x00,0x00,0x1F,0x80,0x18,0x00,0x18,0x00,0x18,0x00,0x7F,0x00,0x18,0x00,0x18,0x00,0x18,0x00,0x00,0x00,0x00,0x00,0x00,0x00,0x00,0x00,
    0x00,0x00,0x00,0x00,0x00,0x00,0x6D,0x80,0x6D,0x80,0x6D,0x80,0x6D,0x80,0x6D,0x80,0x3F,0x00,0x1E,0x00,0x3F,0x00,0x6D,0x80,0x6D,0x80,0x6D,0x80,0x6D,0x80,0x6D,0xC0,0x00,0xC0,0x00,0xC0,0x00,0x00,0x00,0x00,
    0x00,0x00,0x00,0x00,0x00,0x00,0x00,0x00,0x00,0x00,0x00,0x00,0x00,0x00,0x00,0x00,0x6D,0x80,0x6D,0x80,0x6D,0x80,0x3F,0x00,0x3F,0x00,0x6D,0x80,0x6D,0x80,0x6D,0xC0,0x00,0xC0,0x00,0xC0,0x00,0x00,0x00,0x00,
    0x00,0x00,0x00,0x00,0x00,0x00,0x60,0x80,0x61,0x80,0x63,0x00,0x63,0x00,0x66,0x00,0x66,0x00,0x7C,0x00,0x66,0x00,0x66,0x00,0x63,0x00,0x63,0x00,0x61,0xC0,0x61,0xC0,0x00,0xC0,0x00,0xC0,0x00,0x00,0x00,0x00,
    0x00,0x00,0x00,0x00,0x00,0x00,0x00,0x00,0x00,0x00,0x00,0x00,0x00,0x00,0x00,0x00,0x61,0x00,0x63,0x00,0x66,0x00,0x7C,0x00,0x7C,0x00,0x66,0x00,0x63,0x00,0x61,0xC0,0x00,0xC0,0x00,0xC0,0x00,0x00,0x00,0x00,
    0x00,0x00,0x00,0x00,0x00,0x00,0x61,0x80,0x61,0x80,0x33,0x00,0x33,0x00,0x1E,0x00,0x1E,0x00,0x0C,0x00,0x0C,0x00,0x0C,0x00,0x0C,0x00,0x0C,0x00,0x0C,0x00,0x0C,0x00,0x00,0x00,0x00,0x00,0x00,0x00,0x00,0x00,
    0x00,0x00,0x00,0x00,0x00,0x00,0x00,0x00,0x00,0x00,0x00,0x00,0x00,0x00,0x00,0x00,0x61,0x80,0x61,0x80,0x33,0x00,0x1E,0x00,0x0C,0x00,0x0C,0x00,0x0C,0x00,0x0C,0x00,0x0C,0x00,0x0C,0x00,0x0C,0x00,0x00,0x00,
    0x00,0x00,0x00,0x00,0x00,0x00,0x61,0x80,0x61,0x80,0x33,0x00,0x33,0x00,0x1E,0x00,0x1E,0x00,0x0C,0x00,0x3F,0x00,0x0C,0x00,0x0C,0x00,0x0C,0x00,0x0C,0x00,0x0C,0x00,0x00,0x00,0x00,0x00,0x00,0x00,0x00,0x00,
    0x00,0x00,0x00,0x00,0x00,0x00,0x00,0x00,0x00,0x00,0x00,0x00,0x00,0x00,0x00,0x00,0x61,0x80,0x61,0x80,0x33,0x00,0x1E,0x00,0x0C,0x00,0x0C,0x00,0x0C,0x00,0x3F,0x00,0x0C,0x00,0x0C,0x00,0x0C,0x00,0x00,0x00,
    0x00,0x00,0x00,0x00,0x00,0x00,0x61,0x80,0x61,0x80,0x33,0x00,0x33,0x00,0x1E,0x00,0x1E,0x00,0x0C,0x00,0x1E,0x00,0x1E,0x00,0x33,0x00,0x33,0x00,0x61,0xC0,0x61,0xC0,0x00,0xC0,0x00,0xC0,0x00,0x00,0x00,0x00,
    0x00,0x00,0x00,0x00,0x00,0x00,0x00,0x00,0x00,0x00,0x00,0x00,0x00,0x00,0x00,0x00,0x61,0x80,0x33,0x00,0x1E,0x00,0x0C,0x00,0x0C,0x00,0x1E,0x00,0x33,0x00,0x61,0xC0,0x00,0xC0,0x00,0xC0,0x00,0x00,0x00,0x00,
    0x00,0x00,0x00,0x00,0x00,0x00,0x60,0x00,0x60,0x00,0x60,0x00,0x60,0x00,0x60,0x00,0x7F,0x00,0x61,0x80,0x61,0x80,0x61,0x80,0x61,0x80,0x61,0x80,0x61,0x80,0x61,0x80,0x00,0x00,0x00,0x00,0x00,0x00,0x00,0x00,
    0x00,0x00,0x00,0x00,0x00,0x00,0x60,0x00,0x60,0x00,0x60,0x00,0x60,0x00,0x60,0x00,0x6C,0x00,0x76,0x00,0x63,0x00,0x63,0x00,0x63,0x00,0x63,0x00,0x63,0x00,0x63,0x00,0x00,0x00,0x00,0x00,0x00,0x00,0x00,0x00,
    0x00,0x00,0x00,0x00,0x00,0x00,0x1E,0x00,0x33,0x00,0x61,0x80,0x01,0x80,0x01,0x80,0x01,0x80,0x7F,0x80,0x61,0x80,0x61,0x80,0x61,0x80,0x33,0x00,0x33,0x00,0x1E,0x00,0x00,0x00,0x00,0x00,0x00,0x00,0x00,0x00,
    0x00,0x00,0x00,0x00,0x00,0x00,0x00,0x00,0x00,0x00,0x00,0x00,0x00,0x00,0x00,0x00,0x3E,0x00,0x63,0x00,0x01,0x80,0x01,0x80,0x7F,0x80,0x61,0x80,0x33,0x00,0x1E,0x00,0x00,0x00,0x00,0x00,0x00,0x00,0x00,0x00,
    0x00,0x00,0x7F,0x80,0x00,0x00,0x61,0x80,0x61,0x80,0x61,0x80,0x61,0x80,0x63,0x80,0x67,0x80,0x6F,0x80,0x7D,0x80,0x79,0x80,0x71,0x80,0x61,0x80,0x61,0x80,0x61,0x80,0x00,0x00,0x00,0x00,0x00,0x00,0x00,0x00,
    0x00,0x00,0x00,0x00,0x00,0x00,0x00,0x00,0x00,0x00,0x00,0x00,0x7F,0x80,0x00,0x00,0x61,0x80,0x61,0x80,0x63,0x80,0x67,0x80,0x6D,0x80,0x79,0x80,0x71,0x80,0x61,0x80,0x00,0x00,0x00,0x00,0x00,0x00,0x00,0x00,
    0x00,0x00,0x00,0x00,0x00,0x00,0x1E,0x00,0x33,0x00,0x61,0x80,0x61,0x80,0x61,0x80,0x61,0x80,0x7F,0x80,0x61,0x80,0x61,0x80,0x61,0x80,0x61,0x80,0x33,0x00,0x1E,0x00,0x00,0x00,0x00,0x00,0x00,0x00,0x00,0x00,
    0x00,0x00,0x00,0x00,0x00,0x00,0x00,0x00,0x00,0x00,0x00,0x00,0x00,0x00,0x00,0x00,0x1E,0x00,0x33,0x00,0x61,0x80,0x7F,0x80,0x61,0x80,0x61,0x80,0x33,0x00,0x1E,0x00,0x00,0x00,0x00,0x00,0x00,0x00,0x00,0x00,
    0x00,0x00,0x7F,0x80,0x00,0x00,0x61,0x80,0x61,0x80,0x61,0x80,0x61,0x80,0x61,0x80,0x61,0x80,0x3F,0x80,0x01,0x80,0x01,0x80,0x01,0x80,0x01,0x80,0x61,0x80,0x3F,0x00,0x00,0x00,0x00,0x00,0x00,0x00,0x00,0x00,
    0x00,0x00,0x00,0x00,0x00,0x00,0x00,0x00,0x00,0x00,0x00,0x00,0x7F,0x80,0x00,0x00,0x61,0x80,0x61,0x80,0x61,0x80,0x61,0x80,0x61,0x80,0x61,0x80,0x33,0x80,0x1D,0x80,0x01,0x80,0x61,0x80,0x33,0x00,0x1E,0x00,
    0x00,0x00,0x00,0x00,0x00,0x00,0x00,0x00,0x00,0x00,0x00,0x00,0xC3,0x80,0xC3,0x80,0x63,0x80,0x36,0x00,0x7C,0x00,0xEC,0x00,0xC6,0x00,0xC3,0x00,0x61,0x80,0xE1,0x80,0x00,0x00,0x00,0x00,0x00,0x00,0x00,0x00,
    0x00,0x00,0x00,0x00,0x00,0x00,0x00,0x00,0x00,0x00,0x00,0x00,0xFE,0x00,0xFF,0x00,0x03,0x00,0x03,0x00,0x03,0x00,0x03,0x00,0x03,0x00,0x03,0x00,0xFF,0x80,0xFF,0x80,0x00,0x00,0x00,0x00,0x00,0x00,0x00,0x00,
    0x00,0x00,0x00,0x00,0x00,0x00,0x00,0x00,0x00,0x00,0x00,0x00,0x78,0x00,0x7C,0x00,0x0C,0x00,0x0C,0x00,0x0C,0x00,0x0C,0x00,0x0C,0x00,0x0C,0x00,0x7E,0x00,0x66,0x00,0x00,0x00,0x00,0x00,0x00,0x00,0x00,0x00,
    0x00,0x00,0x00,0x00,0x00,0x00,0x00,0x00,0x00,0x00,0x00,0x00,0xFF,0x80,0xFF,0x80,0x03,0x00,0x03,0x00,0x03,0x00,0x03,0x00,0x03,0x00,0x03,0x00,0x03,0x00,0x03,0x00,0x00,0x00,0x00,0x00,0x00,0x00,0x00,0x00,
    0x00,0x00,0x00,0x00,0x00,0x00,0x00,0x00,0x00,0x00,0x00,0x00,0xFF,0x00,0xFF,0x80,0x01,0x80,0x01,0x80,0x01,0x80,0x61,0x80,0x61,0x80,0x61,0x80,0x61,0x80,0x61,0x80,0x00,0x00,0x00,0x00,0x00,0x00,0x00,0x00,
    0x00,0x00,0x00,0x00,0x00,0x00,0x00,0x00,0x00,0x00,0x00,0x00,0x38,0x00,0x3C,0x00,0x0C,0x00,0x0C,0x00,0x0C,0x00,0x0C,0x00,0x0C,0x00,0x0C,0x00,0x0C,0x00,0x0C,0x00,0x00,0x00,0x00,0x00,0x00,0x00,0x00,0x00,
    0x00,0x00,0x00,0x00,0x00,0x00,0x00,0x00,0x00,0x00,0x00,0x00,0x38,0x00,0x3E,0x00,0x0F,0x00,0x0F,0x00,0x0C,0x00,0x0C,0x00,0x0C,0x00,0x0C,0x00,0x0C,0x00,0x0C,0x00,0x00,0x00,0x00,0x00,0x00,0x00,0x00,0x00,
    0x00,0x00,0x00,0x00,0x00,0x00,0x00,0x00,0x00,0x00,0x00,0x00,0xFF,0x00,0xFF,0x80,0x61,0x80,0x61,0x80,0x61,0x80,0x61,0x80,0x61,0x80,0x61,0x80,0x61,0x80,0x61,0x80,0x00,0x00,0x00,0x00,0x00,0x00,0x00,0x00,
    0x00,0x00,0x00,0x00,0x00,0x00,0x00,0x00,0x00,0x00,0x00,0x00,0xC3,0x00,0xE3,0x80,0x71,0x80,0x71,0x80,0x61,0x80,0x61,0x80,0x61,0x80,0x63,0x80,0x7F,0x00,0x7E,0x00,0x00,0x00,0x00,0x00,0x00,0x00,0x00,0x00,
    0x00,0x00,0x00,0x00,0x00,0x00,0x00,0x00,0x00,0x00,0x00,0x00,0x38,0x00,0x3C,0x00,0x0C,0x00,0x0C,0x00,0x0C,0x00,0x0C,0x00,0x00,0x00,0x00,0x00,0x00,0x00,0x00,0x00,0x00,0x00,0x00,0x00,0x00,0x00,0x00,0x00,
    0x00,0x00,0x00,0x00,0x00,0x00,0x00,0x00,0x00,0x00,0x00,0x00,0xFF,0x00,0xFF,0x00,0x06,0x00,0x06,0x00,0x06,0x00,0x06,0x00,0x06,0x00,0x06,0x00,0x06,0x00,0x06,0x00,0x06,0x00,0x06,0x00,0x06,0x00,0x00,0x00,
    0x00,0x00,0x00,0x00,0x00,0x00,0x00,0x00,0x00,0x00,0x00,0x00,0xFF,0x00,0xFF,0x80,0x01,0x80,0x01,0x80,0x01,0x80,0x01,0x80,0x01,0x80,0x01,0x80,0xFF,0x80,0xFF,0x00,0x00,0x00,0x00,0x00,0x00,0x00,0x00,0x00,
    0x00,0x00,0x00,0x00,0xC0,0x00,0xC0,0x00,0xC0,0x00,0xC0,0x00,0xFF,0x00,0xFF,0x80,0x01,0x80,0x01,0x80,0x01,0x80,0x01,0x80,0x01,0x00,0x03,0x00,0x06,0x00,0x0C,0x00,0x00,0x00,0x00,0x00,0x00,0x00,0x00,0x00,
    0x00,0x00,0x00,0x00,0x00,0x00,0x00,0x00,0x00,0x00,0x00,0x00,0xFF,0x00,0xFF,0x80,0x41,0x80,0xC1,0x80,0xC1,0x80,0xC1,0x80,0xC1,0x80,0xC1,0x80,0xFF,0x80,0xFF,0x80,0x00,0x00,0x00,0x00,0x00,0x00,0x00,0x00,
    0x00,0x00,0x00,0x00,0x00,0x00,0x00,0x00,0x00,0x00,0x00,0x00,0xDF,0x00,0xDF,0x80,0x7F,0x80,0x61,0x80,0xC1,0x80,0xC1,0x80,0xC1,0x80,0xC1,0x80,0xCF,0x80,0xDF,0x00,0x00,0x00,0x00,0x00,0x00,0x00,0x00,0x00,
    0x00,0x00,0x00,0x00,0x00,0x00,0x00,0x00,0x00,0x00,0x00,0x00,0x38,0x00,0x3C,0x00,0x0C,0x00,0x0C,0x00,0x0C,0x00,0x0C,0x00,0x0C,0x00,0x0C,0x00,0x0C,0x00,0x0C,0x00,0x0C,0x00,0x0C,0x00,0x0C,0x00,0x00,0x00,
    0x00,0x00,0x00,0x00,0x00,0x00,0x00,0x00,0x00,0x00,0x00,0x00,0x38,0x00,0x3C,0x00,0x0C,0x00,0x0C,0x00,0x0C,0x00,0x0C,0x00,0x0C,0x00,0x0C,0x00,0x3C,0x00,0x38,0x00,0x00,0x00,0x00,0x00,0x00,0x00,0x00,0x00,
    0x00,0x00,0x00,0x00,0x00,0x00,0x00,0x00,0x00,0x00,0x00,0x00,0xFF,0x00,0xFF,0x80,0x61,0x80,0x61,0x80,0x61,0x80,0x61,0x80,0x61,0x80,0x61,0x80,0x7F,0x00,0x3E,0x00,0x00,0x00,0x00,0x00,0x00,0x00,0x00,0x00,
    0x00,0x00,0x00,0x00,0x00,0x00,0x00,0x00,0x00,0x00,0x00,0x00,0xE7,0x00,0xE7,0x80,0xC1,0x80,0xC1,0x80,0x61,0x80,0x31,0x80,0x19,0x80,0x0D,0x80,0x7F,0x80,0x7F,0x00,0x00,0x00,0x00,0x00,0x00,0x00,0x00,0x00,
    0x00,0x00,0x00,0x00,0x00,0x00,0x00,0x00,0x00,0x00,0x00,0x00,0xFF,0x00,0xFF,0x00,0xC3,0x00,0xC3,0x00,0xE3,0x00,0xE3,0x00,0x03,0x00,0x03,0x00,0x03,0x00,0x03,0x00,0x03,0x00,0x03,0x00,0x03,0x00,0x00,0x00,
    0x00,0x00,0x00,0x00,0x00,0x00,0x00,0x00,0x00,0x00,0x00,0x00,0xFF,0x00,0xFF,0x80,0x61,0x80,0x61,0x80,0x71,0x80,0x71,0x80,0x01,0x80,0x01,0x80,0xFF,0x80,0xFF,0x00,0x00,0x00,0x00,0x00,0x00,0x00,0x00,0x00,
    0x00,0x00,0x00,0x00,0x00,0x00,0x00,0x00,0x00,0x00,0x00,0x00,0xE3,0x80,0xE3,0x80,0x63,0x00,0x66,0x00,0x6C,0x00,0x78,0x00,0x70,0x00,0x60,0x00,0x60,0x00,0x60,0x00,0x60,0x00,0x60,0x00,0x60,0x00,0x00,0x00,
    0x00,0x00,0x00,0x00,0x00,0x00,0x00,0x00,0x00,0x00,0x00,0x00,0xE3,0x80,0xE3,0x80,0x71,0x80,0x33,0x00,0x1E,0x00,0x0C,0x00,0x06,0x00,0x03,0x00,0xFF,0x80,0xFF,0x80,0x00,0x00,0x00,0x00,0x00,0x00,0x00,0x00,
    0x00,0x00,0x00,0x00,0x00,0x00,0x00,0x00,0x00,0x00,0x00,0x00,0xFF,0x00,0xFF,0x80,0x61,0x80,0x61,0x80,0x61,0x80,0x61,0x80,0x63,0x00,0x66,0x00,0x6C,0x00,0x68,0x00,0x60,0x00,0x60,0x00,0x60,0x00,0x00,0x00,
    0x00,0x00,0x00,0x00,0x00,0x00,0x00,0x00,0x00,0x00,0x00,0x00,0xFF,0x00,0xFF,0x80,0x01,0x80,0x01,0x80,0x01,0x80,0x01,0x80,0x01,0x80,0x01,0x80,0x01,0x80,0x01,0x80,0x00,0x00,0x00,0x00,0x00,0x00,0x00,0x00,
    0x00,0x00,0x00,0x00,0x00,0x00,0x00,0x00,0x00,0x00,0x00,0x00,0xCD,0x80,0xCD,0x80,0xCD,0x80,0xCD,0x80,0xCD,0x80,0xDD,0x80,0xF9,0x80,0xE1,0x80,0xFF,0x00,0xFE,0x00,0x00,0x00,0x00,0x00,0x00,0x00,0x00,0x00,
    0x00,0x00,0x00,0x00,0x00,0x00,0x00,0x00,0x00,0x00,0x00,0x00,0xFF,0x00,0xFF,0x80,0x61,0x80,0x61,0x80,0x61,0x80,0x61,0x80,0x61,0x80,0x61,0x80,0xE1,0x80,0xE1,0x80,0x00,0x00,0x00,0x00,0x00,0x00,0x00,0x00,
    0x00,0x00,0x00,0x00,0x00,0x00,0x63,0x00,0x66,0x00,0x6C,0x00,0x79,0x00,0x73,0x00,0x66,0x00,0x6C,0x00,0x78,0x00,0x70,0x00,0x60,0x00,0x60,0x00,0x60,0x00,0x60,0x00,0x00,0x00,0x00,0x00,0x00,0x00,0x00,0x00,
    0x00,0x00,0x00,0x00,0x00,0x00,0x30,0x00,0x38,0x00,0x3C,0x00,0x36,0x00,0x33,0x00,0x31,0x80,0x31,0x80,0x31,0x80,0x31,0x80,0x31,0x80,0x31,0x80,0x31,0x80,0x31,0x80,0x00,0x00,0x00,0x00,0x00,0x00,0x00,0x00,
    0x00,0x00,0x00,0x00,0x00,0x00,0x60,0x00,0x70,0x00,0x78,0x00,0x6C,0x00,0x66,0x00,0x63,0x00,0x69,0x80,0x6D,0x80,0x6D,0x80,0x6D,0x80,0x6D,0x80,0x6D,0x80,0x6D,0x80,0x00,0x00,0x00,0x00,0x00,0x00,0x00,0x00,
    0x00,0x00,0x00,0x00,0x00,0x00,0x60,0x00,0x60,0x00,0x60,0x00,0x7E,0x00,0x7F,0x00,0x63,0x80,0x61,0x80,0x63,0x80,0x7F,0x00,0x7E,0x00,0x60,0x00,0x60,0x00,0x60,0x00,0x00,0x00,0x00,0x00,0x00,0x00,0x00,0x00,
    0x00,0x00,0x00,0x00,0x00,0x00,0x61,0x80,0x73,0x00,0x7E,0x00,0x6C,0x00,0x61,0x80,0x73,0x00,0x7E,0x00,0x6C,0x00,0x60,0x00,0x60,0x00,0x60,0x00,0x60,0x00,0x60,0x00,0x00,0x00,0x00,0x00,0x00,0x00,0x00,0x00,
    0x00,0x00,0x00,0x00,0x00,0x00,0x61,0x80,0x73,0x00,0x7E,0x00,0x6C,0x00,0x60,0x00,0x78,0x00,0x7E,0x00,0x66,0x00,0x60,0x00,0x60,0x00,0x60,0x00,0x60,0x00,0x60,0x00,0x00,0x00,0x00,0x00,0x00,0x00,0x00,0x00,
    0x00,0x00,0x00,0x00,0x00,0x00,0x20,0x00,0x30,0x00,0x38,0x00,0x3C,0x00,0x36,0x00,0x33,0x00,0x39,0x00,0x3C,0x00,0x36,0x00,0x33,0x00,0x31,0x00,0x30,0x00,0x30,0x00,0x00,0x00,0x00,0x00,0x00,0x00,0x00,0x00,
    0x00,0x00,0x00,0x00,0x00,0x00,0x0C,0x00,0x2C,0x00,0x3C,0x00,0x1C,0x00,0x0E,0x00,0x2F,0x00,0x3D,0x00,0x1C,0x00,0x0E,0x00,0x0F,0x00,0x0D,0x00,0x0C,0x00,0x0C,0x00,0x00,0x00,0x00,0x00,0x00,0x00,0x00,0x00,
    0x00,0x00,0x00,0x00,0x00,0x00,0x38,0x00,0x3C,0x00,0x36,0x00,0x33,0x00,0x31,0x80,0x33,0x00,0x36,0x00,0x3C,0x00,0x36,0x00,0x33,0x00,0x31,0x80,0x30,0x80,0x30,0x00,0x00,0x00,0x00,0x00,0x00,0x00,0x00,0x00,
    0x00,0x00,0x00,0x00,0x00,0x00,0x60,0x00,0x60,0x00,0x60,0x00,0x60,0x00,0x60,0x00,0x60,0x00,0x60,0x00,0x70,0x00,0x78,0x00,0x6C,0x00,0x66,0x00,0x63,0x00,0x61,0x80,0x00,0x00,0x00,0x00,0x00,0x00,0x00,0x00,
    0x00,0x00,0x00,0x00,0x00,0x00,0x63,0x00,0x63,0x00,0x36,0x00,0x36,0x00,0x36,0x00,0x1C,0x00,0x1C,0x00,0x36,0x00,0x36,0x00,0x36,0x00,0x63,0x00,0x63,0x00,0x63,0x00,0x00,0x00,0x00,0x00,0x00,0x00,0x00,0x00,
    0x00,0x00,0x00,0x00,0x00,0x00,0x63,0x00,0x63,0x00,0x36,0x00,0x77,0x00,0xF7,0x80,0xDD,0x80,0xDD,0x80,0xF7,0x80,0x77,0x00,0x36,0x00,0x63,0x00,0x63,0x00,0x63,0x00,0x00,0x00,0x00,0x00,0x00,0x00,0x00,0x00,
    0x00,0x00,0x00,0x00,0x00,0x00,0x78,0x00,0x7E,0x00,0x67,0x00,0x61,0x80,0x61,0x80,0x67,0x00,0x7E,0x00,0x78,0x00,0x60,0x00,0x60,0x00,0x60,0x00,0x60,0x00,0x60,0x00,0x00,0x00,0x00,0x00,0x00,0x00,0x00,0x00,
    0x00,0x00,0x00,0x00,0x00,0x00,0x31,0x80,0x31,0x80,0x31,0x80,0x39,0x80,0x3D,0x80,0x37,0x80,0x3B,0x80,0x3D,0x80,0x37,0x80,0x33,0x80,0x31,0x80,0x31,0x80,0x31,0x80,0x00,0x00,0x00,0x00,0x00,0x00,0x00,0x00,
    0x00,0x00,0x00,0x00,0x00,0x00,0x0C,0x00,0x4C,0x00,0x6C,0x00,0x3C,0x00,0x1C,0x00,0x0C,0x00,0x0E,0x00,0x0F,0x00,0x0D,0x80,0x0C,0x80,0x0C,0x00,0x0C,0x00,0x0C,0x00,0x00,0x00,0x00,0x00,0x00,0x00,0x00,0x00,
    0x00,0x00,0x00,0x00,0x00,0x00,0x0C,0x00,0x0C,0x00,0x0C,0x00,0x0C,0x00,0x0C,0x00,0x0C,0x00,0x0C,0x00,0x0C,0x00,0x0C,0x00,0x0C,0x00,0x0C,0x00,0x0C,0x00,0x0C,0x00,0x00,0x00,0x00,0x00,0x00,0x00,0x00,0x00,
    0x00,0x00,0x00,0x00,0x00,0x00,0x0C,0x00,0x0C,0x00,0x0C,0x00,0x1E,0x00,0x3F,0x00,0x6D,0x80,0x6D,0x80,0x6D,0x80,0x3F,0x00,0x1E,0x00,0x0C,0x00,0x0C,0x00,0x0C,0x00,0x00,0x00,0x00,0x00,0x00,0x00,0x00,0x00,
    0x00,0x00,0x00,0x00,0x00,0x00,0x08,0x00,0x0C,0x00,0x0E,0x00,0x0F,0x00,0x0D,0x80,0x0C,0x80,0x0C,0x00,0x4C,0x00,0x6C,0x00,0x3C,0x00,0x1C,0x00,0x0C,0x00,0x04,0x00,0x00,0x00,0x00,0x00,0x00,0x00,0x00,0x00,
    0x00,0x00,0x00,0x00,0x00,0x00,0x40,0x80,0x61,0x80,0x73,0x00,0x7E,0x00,0x6C,0x00,0x60,0x00,0x60,0x00,0x60,0x00,0x6C,0x00,0x7E,0x00,0x73,0x00,0x61,0x80,0x40,0x80,0x00,0x00,0x00,0x00,0x00,0x00,0x00,0x00,
    0x00,0x00,0x00,0x00,0x00,0x00,0x6D,0x80,0x6D,0x80,0x3F,0x00,0x1E,0x00,0x0C,0x00,0x0C,0x00,0x0C,0x00,0x0C,0x00,0x0C,0x00,0x0C,0x00,0x0C,0x00,0x0C,0x00,0x0C,0x00,0x00,0x00,0x00,0x00,0x00,0x00,0x00,0x00,
    0x00,0x00,0x00,0x00,0x00,0x00,0x60,0x00,0x60,0x00,0x60,0x80,0x61,0x80,0x63,0x80,0x67,0x80,0x6D,0x80,0x79,0x80,0x71,0x80,0x61,0x80,0x41,0x80,0x01,0x80,0x01,0x80,0x00,0x00,0x00,0x00,0x00,0x00,0x00,0x00,
    0x00,0x00,0x00,0x00,0x00,0x00,0x0C,0x00,0x1E,0x00,0x3F,0x00,0x6D,0x80,0x4C,0x80,0x0C,0x00,0x0C,0x00,0x0C,0x00,0x0C,0x00,0x0C,0x00,0x0C,0x00,0x0C,0x00,0x0C,0x00,0x00,0x00,0x00,0x00,0x00,0x00,0x00,0x00,
    0x00,0x00,0x00,0x00,0x00,0x00,0x78,0x00,0x7E,0x00,0x67,0x00,0x61,0x80,0x61,0x80,0x67,0x00,0x7C,0x00,0x67,0x00,0x61,0x80,0x61,0x80,0x67,0x00,0x7E,0x00,0x78,0x00,0x00,0x00,0x00,0x00,0x00,0x00,0x00,0x00,
    0x00,0x00,0x00,0x00,0x00,0x00,0x40,0x80,0x61,0x80,0x73,0x80,0x7F,0x80,0x6D,0x80,0x61,0x80,0x61,0x80,0x61,0x80,0x61,0x80,0x61,0x80,0x61,0x80,0x61,0x80,0x61,0x80,0x00,0x00,0x00,0x00,0x00,0x00,0x00,0x00,
    0x00,0x00,0x00,0x00,0x00,0x00,0x40,0x80,0x61,0x80,0x73,0x80,0x7F,0x80,0x6D,0x80,0x7F,0x80,0x73,0x80,0x61,0x80,0x61,0x80,0x61,0x80,0x61,0x80,0x61,0x80,0x61,0x80,0x00,0x00,0x00,0x00,0x00,0x00,0x00,0x00,
    0x00,0x00,0x00,0x00,0x00,0x00,0x08,0x00,0x0C,0x00,0x0E,0x00,0x0F,0x00,0x0D,0x80,0x0C,0x80,0x0C,0x00,0x0C,0x00,0x0C,0x00,0x0C,0x00,0x0C,0x00,0x0C,0x00,0x0C,0x00,0x00,0x00,0x00,0x00,0x00,0x00,0x00,0x00,
    0x00,0x00,0x00,0x00,0x00,0x00,0x40,0x80,0x61,0x80,0x33,0x00,0x1E,0x00,0x1E,0x00,0x33,0x00,0x61,0x80,0x33,0x00,0x1E,0x00,0x1E,0x00,0x33,0x00,0x61,0x80,0x40,0x80,0x00,0x00,0x00,0x00,0x00,0x00,0x00,0x00,
    0x00,0x00,0x00,0x00,0x00,0x00,0x00,0x00,0x61,0x80,0x61,0x80,0x61,0x80,0x73,0x80,0x7F,0x80,0x6D,0x80,0x7F,0x80,0x73,0x80,0x61,0x80,0x61,0x80,0x61,0x80,0x61,0x80,0x00,0x00,0x00,0x00,0x00,0x00,0x00,0x00,
    0x00,0x00,0x00,0x00,0x00,0x00,0x0C,0x00,0x1E,0x00,0x33,0x00,0x61,0x80,0x61,0x80,0x33,0x00,0x1E,0x00,0x1E,0x00,0x33,0x00,0x61,0x80,0x61,0x80,0x61,0x80,0x61,0x80,0x00,0x00,0x00,0x00,0x00,0x00,0x00,0x00,
    0x00,0x00,0x00,0x00,0x00,0x00,0x8C,0x40,0xDE,0xC0,0x7F,0x80,0x2D,0x00,0x0C,0x00,0x0C,0x00,0x0C,0x00,0x0C,0x00,0x0C,0x00,0x0C,0x00,0x0C,0x00,0x0C,0x00,0x0C,0x00,0x00,0x00,0x00,0x00,0x00,0x00,0x00,0x00,
    0x00,0x00,0x00,0x00,0x00,0x00,0x0C,0x00,0x0C,0x00,0x0C,0x00,0x6D,0x80,0x3F,0x00,0x1E,0x00,0x0C,0x00,0x1E,0x00,0x3F,0x00,0x6D,0x80,0x0C,0x00,0x0C,0x00,0x0C,0x00,0x00,0x00,0x00,0x00,0x00,0x00,0x00,0x00,
    0x00,0x00,0x00,0x00,0x00,0x00,0x0C,0x40,0x0E,0xC0,0x0F,0x80,0x0D,0x00,0x0C,0x00,0x0C,0x00,0x0C,0x00,0x0C,0x00,0x0C,0x00,0x2C,0x00,0x7C,0x00,0xDC,0x00,0x8C,0x00,0x00,0x00,0x00,0x00,0x00,0x00,0x00,0x00,
    0x00,0x00,0x00,0x00,0x00,0x00,0x0C,0x00,0x0C,0x00,0x0C,0x00,0x0C,0x00,0x0C,0x00,0x0C,0x00,0x0C,0x00,0x0C,0x00,0x0C,0x00,0x1E,0x00,0x3F,0x00,0x6D,0x80,0x6D,0x80,0x00,0x00,0x00,0x00,0x00,0x00,0x00,0x00,
    0x00,0x00,0x00,0x00,0x00,0x00,0x40,0x80,0x61,0x80,0x73,0x80,0x7F,0x80,0x6D,0x80,0x61,0x80,0x61,0x80,0x61,0x80,0x6D,0x80,0x7F,0x80,0x73,0x80,0x61,0x80,0x40,0x80,0x00,0x00,0x00,0x00,0x00,0x00,0x00,0x00,
    0x00,0x00,0x00,0x00,0x00,0x00,0x00,0x00,0x00,0x00,0x00,0x00,0x00,0x00,0x08,0x00,0x1C,0x00,0x08,0x00,0x00,0x00,0x00,0x00,0x00,0x00,0x00,0x00,0x00,0x00,0x00,0x00,0x00,0x00,0x00,0x00,0x00,0x00,0x00,0x00,
    0x00,0x00,0x00,0x00,0x00,0x00,0x00,0x00,0x00,0x00,0x08,0x00,0x1C,0x00,0x08,0x00,0x00,0x00,0x08,0x00,0x1C,0x00,0x08,0x00,0x00,0x00,0x00,0x00,0x00,0x00,0x00,0x00,0x00,0x00,0x00,0x00,0x00,0x00,0x00,0x00,
    0x00,0x00,0x00,0x00,0x00,0x00,0x00,0x00,0x00,0x00,0x00,0x00,0x1C,0x00,0x1C,0x00,0x6B,0x00,0x7F,0x00,0x6B,0x00,0x1C,0x00,0x1C,0x00,0x00,0x00,0x00,0x00,0x00,0x00,0x00,0x00,0x00,0x00,0x00,0x00,0x00,0x00,
    0x00,0x00,0x0C,0x00,0x0C,0x00,0x00,0x00,0x7C,0x00,0x66,0x00,0x63,0x00,0x63,0x00,0x66,0x00,0x7E,0x00,0x63,0x00,0x61,0x80,0x61,0x80,0x61,0x80,0x63,0x00,0x7E,0x00,0x00,0x00,0x00,0x00,0x00,0x00,0x00,0x00,
    0x00,0x00,0x06,0x00,0x06,0x00,0x60,0x00,0x60,0x00,0x60,0x00,0x60,0x00,0x60,0x00,0x6E,0x00,0x73,0x00,0x61,0x80,0x61,0x80,0x61,0x80,0x61,0x80,0x73,0x00,0x6E,0x00,0x00,0x00,0x00,0x00,0x00,0x00,0x00,0x00,
    0x00,0x00,0x00,0x00,0x00,0x00,0x7C,0x00,0x66,0x00,0x63,0x00,0x63,0x00,0x63,0x00,0x66,0x00,0x7E,0x00,0x63,0x00,0x61,0x80,0x61,0x80,0x61,0x80,0x63,0x00,0x7E,0x00,0x00,0x00,0x0C,0x00,0x0C,0x00,0x00,0x00,
    0x00,0x00,0x18,0x00,0x18,0x00,0x00,0x00,0x7E,0x00,0x63,0x00,0x61,0x80,0x61,0x80,0x61,0x80,0x61,0x80,0x61,0x80,0x61,0x80,0x61,0x80,0x61,0x80,0x63,0x00,0x7E,0x00,0x00,0x00,0x00,0x00,0x00,0x00,0x00,0x00,
    0x00,0x00,0x18,0x00,0x18,0x00,0x01,0x80,0x01,0x80,0x01,0x80,0x01,0x80,0x01,0x80,0x1D,0x80,0x33,0x80,0x61,0x80,0x61,0x80,0x61,0x80,0x61,0x80,0x33,0x80,0x1D,0x80,0x00,0x00,0x00,0x00,0x00,0x00,0x00,0x00,
    0x00,0x00,0x0C,0x00,0x0C,0x00,0x00,0x00,0x7F,0x80,0x60,0x00,0x60,0x00,0x60,0x00,0x60,0x00,0x7E,0x00,0x60,0x00,0x60,0x00,0x60,0x00,0x60,0x00,0x60,0x00,0x60,0x00,0x00,0x00,0x00,0x00,0x00,0x00,0x00,0x00,
    0x00,0x00,0x0C,0x00,0x0C,0x00,0x00,0x00,0x0F,0x00,0x19,0x80,0x19,0x80,0x18,0x00,0x7E,0x00,0x18,0x00,0x18,0x00,0x18,0x00,0x18,0x00,0x18,0x00,0x18,0x00,0x18,0x00,0x00,0x00,0x00,0x00,0x00,0x00,0x00,0x00,
    0x00,0x00,0x0C,0x00,0x0C,0x00,0x00,0x00,0x61,0x80,0x61,0x80,0x73,0x80,0x73,0x80,0x7F,0x80,0x6D,0x80,0x6D,0x80,0x6D,0x80,0x61,0x80,0x61,0x80,0x61,0x80,0x61,0x80,0x00,0x00,0x00,0x00,0x00,0x00,0x00,0x00,
    0x00,0x00,0x00,0x00,0x00,0x00,0x00,0x00,0x00,0x00,0x0C,0x00,0x0C,0x00,0x00,0x00,0x5B,0x00,0x7F,0x80,0x6D,0x80,0x6D,0x80,0x6D,0x80,0x6D,0x80,0x6D,0x80,0x6D,0x80,0x00,0x00,0x00,0x00,0x00,0x00,0x00,0x00,
    0x00,0x00,0x0C,0x00,0x0C,0x00,0x00,0x00,0x7E,0x00,0x63,0x00,0x61,0x80,0x61,0x80,0x61,0x80,0x63,0x00,0x7E,0x00,0x60,0x00,0x60,0x00,0x60,0x00,0x60,0x00,0x60,0x00,0x00,0x00,0x00,0x00,0x00,0x00,0x00,0x00,
    0x00,0x00,0x00,0x00,0x00,0x00,0x00,0x00,0x00,0x00,0x0C,0x00,0x0C,0x00,0x00,0x00,0x6E,0x00,0x73,0x00,0x61,0x80,0x61,0x80,0x61,0x80,0x61,0x80,0x73,0x00,0x6E,0x00,0x60,0x00,0x60,0x00,0x60,0x00,0x60,0x00,
    0x00,0x00,0x0C,0x00,0x0C,0x00,0x00,0x00,0x1E,0x00,0x33,0x00,0x61,0x80,0x60,0x00,0x30,0x00,0x1E,0x00,0x03,0x00,0x01,0x80,0x01,0x80,0x61,0x80,0x33,0x00,0x1E,0x00,0x00,0x00,0x00,0x00,0x00,0x00,0x00,0x00,
    0x00,0x00,0x00,0x00,0x00,0x00,0x00,0x00,0x00,0x00,0x0C,0x00,0x0C,0x00,0x00,0x00,0x3F,0x00,0x61,0x80,0x60,0x00,0x3F,0x00,0x01,0x80,0x01,0x80,0x61,0x80,0x3F,0x00,0x00,0x00,0x00,0x00,0x00,0x00,0x00,0x00,
    0x00,0x00,0x0C,0x00,0x0C,0x00,0x00,0x00,0x7F,0x80,0x0C,0x00,0x0C,0x00,0x0C,0x00,0x0C,0x00,0x0C,0x00,0x0C,0x00,0x0C,0x00,0x0C,0x00,0x0C,0x00,0x0C,0x00,0x0C,0x00,0x00,0x00,0x00,0x00,0x00,0x00,0x00,0x00,
    0x00,0x00,0x00,0x00,0x18,0x00,0x18,0x00,0x00,0x00,0x18,0x00,0x18,0x00,0x18,0x00,0x7E,0x00,0x18,0x00,0x18,0x00,0x18,0x00,0x18,0x00,0x18,0x00,0x19,0x80,0x0F,0x00,0x00,0x00,0x00,0x00,0x00,0x00,0x00,0x00,
    0x00,0x00,0x18,0x00,0x0C,0x00,0x04,0x00,0x61,0x80,0x61,0x80,0x61,0x80,0x61,0x80,0x6D,0x80,0x6D,0x80,0x6D,0x80,0x6D,0x80,0x73,0x80,0x73,0x80,0x61,0x80,0x61,0x80,0x00,0x00,0x00,0x00,0x00,0x00,0x00,0x00,
    0x00,0x00,0x00,0x00,0x00,0x00,0x00,0x00,0x18,0x00,0x0C,0x00,0x06,0x00,0x00,0x00,0x61,0x80,0x61,0x80,0x61,0x80,0x6D,0x80,0x6D,0x80,0x6D,0x80,0x7F,0x80,0x33,0x00,0x00,0x00,0x00,0x00,0x00,0x00,0x00,0x00,
    0x00,0x00,0x06,0x00,0x0C,0x00,0x08,0x00,0x61,0x80,0x61,0x80,0x61,0x80,0x61,0x80,0x6D,0x80,0x6D,0x80,0x6D,0x80,0x6D,0x80,0x73,0x80,0x73,0x80,0x61,0x80,0x61,0x80,0x00,0x00,0x00,0x00,0x00,0x00,0x00,0x00,
    0x00,0x00,0x00,0x00,0x00,0x00,0x00,0x00,0x06,0x00,0x0C,0x00,0x18,0x00,0x00,0x00,0x61,0x80,0x61,0x80,0x61,0x80,0x6D,0x80,0x6D,0x80,0x6D,0x80,0x7F,0x80,0x33,0x00,0x00,0x00,0x00,0x00,0x00,0x00,0x00,0x00,
    0x00,0x00,0x33,0x00,0x33,0x00,0x00,0x00,0x61,0x80,0x61,0x80,0x61,0x80,0x61,0x80,0x6D,0x80,0x6D,0x80,0x6D,0x80,0x6D,0x80,0x73,0x80,0x73,0x80,0x61,0x80,0x61,0x80,0x00,0x00,0x00,0x00,0x00,0x00,0x00,0x00,
    0x00,0x00,0x00,0x00,0x00,0x00,0x00,0x00,0x00,0x00,0x33,0x00,0x33,0x00,0x00,0x00,0x61,0x80,0x61,0x80,0x61,0x80,0x6D,0x80,0x6D,0x80,0x6D,0x80,0x7F,0x80,0x33,0x00,0x00,0x00,0x00,0x00,0x00,0x00,0x00,0x00,
    0x30,0x00,0x18,0x00,0x0C,0x00,0x00,0x00,0x61,0x80,0x61,0x80,0x33,0x00,0x33,0x00,0x1E,0x00,0x1E,0x00,0x0C,0x00,0x0C,0x00,0x0C,0x00,0x0C,0x00,0x0C,0x00,0x0C,0x00,0x00,0x00,0x00,0x00,0x00,0x00,0x00,0x00,
    0x00,0x00,0x00,0x00,0x00,0x00,0x00,0x00,0x30,0x00,0x18,0x00,0x0C,0x00,0x00,0x00,0x61,0x80,0x61,0x80,0x61,0x80,0x61,0x80,0x61,0x80,0x61,0x80,0x33,0x80,0x1D,0x80,0x01,0x80,0x61,0x80,0x33,0x00,0x1E,0x00,
    0x00,0x00,0x00,0x00,0x00,0x00,0x0E,0x00,0x02,0x00,0x0C,0x00,0x00,0x00,0x00,0x00,0x3D,0x80,0x63,0x80,0x61,0x80,0x61,0x80,0x61,0x80,0x63,0x80,0x65,0x80,0x39,0x80,0x00,0x00,0x00,0x00,0x00,0x00,0x00,0x00,
    0x00,0x00,0x00,0x00,0x00,0x00,0x0E,0x00,0x08,0x00,0x06,0x00,0x00,0x00,0x00,0x00,0x3D,0x80,0x63,0x80,0x61,0x80,0x61,0x80,0x61,0x80,0x63,0x80,0x65,0x80,0x39,0x80,0x00,0x00,0x00,0x00,0x00,0x00,0x00,0x00,
    0x00,0x00,0x00,0x00,0x00,0x00,0x76,0x00,0x13,0x00,0x61,0x80,0x00,0x00,0x00,0x00,0x3D,0x80,0x63,0x80,0x61,0x80,0x61,0x80,0x61,0x80,0x63,0x80,0x65,0x80,0x39,0x80,0x00,0x00,0x00,0x00,0x00,0x00,0x00,0x00,
    0x00,0x00,0x00,0x00,0x00,0x00,0x76,0x00,0x43,0x00,0x31,0x80,0x00,0x00,0x00,0x00,0x3D,0x80,0x63,0x80,0x61,0x80,0x61,0x80,0x61,0x80,0x63,0x80,0x65,0x80,0x39,0x80,0x00,0x00,0x00,0x00,0x00,0x00,0x00,0x00,
    0x00,0x00,0x00,0x00,0x00,0x00,0x39,0x80,0x0B,0x00,0x36,0x00,0x00,0x00,0x00,0x00,0x3D,0x80,0x63,0x80,0x61,0x80,0x61,0x80,0x61,0x80,0x63,0x80,0x65,0x80,0x39,0x80,0x00,0x00,0x00,0x00,0x00,0x00,0x00,0x00,
    0x00,0x00,0x00,0x00,0x00,0x00,0x71,0x80,0x43,0x00,0x36,0x00,0x00,0x00,0x00,0x00,0x3D,0x80,0x63,0x80,0x61,0x80,0x61,0x80,0x61,0x80,0x63,0x80,0x65,0x80,0x39,0x80,0x00,0x00,0x00,0x00,0x00,0x00,0x00,0x00,
    0x00,0x00,0x00,0x00,0x19,0x00,0x3F,0x00,0x2E,0x00,0x02,0x00,0x0C,0x00,0x00,0x00,0x3D,0x80,0x63,0x80,0x61,0x80,0x61,0x80,0x61,0x80,0x63,0x80,0x65,0x80,0x39,0x80,0x00,0x00,0x00,0x00,0x00,0x00,0x00,0x00,
    0x00,0x00,0x00,0x00,0x19,0x00,0x3F,0x00,0x2E,0x00,0x08,0x00,0x06,0x00,0x00,0x00,0x3D,0x80,0x63,0x80,0x61,0x80,0x61,0x80,0x61,0x80,0x63,0x80,0x65,0x80,0x39,0x80,0x00,0x00,0x00,0x00,0x00,0x00,0x00,0x00,
    0x00,0x00,0x00,0x00,0x00,0x00,0xC6,0x00,0x4F,0x00,0x99,0x80,0x19,0x80,0x19,0x80,0x19,0x80,0x19,0x80,0x1F,0x80,0x19,0x80,0x19,0x80,0x19,0x80,0x19,0x80,0x19,0x80,0x00,0x00,0x00,0x00,0x00,0x00,0x00,0x00,
    0x00,0x00,0x00,0x00,0x00,0x00,0xC6,0x00,0x8F,0x00,0x59,0x80,0x19,0x80,0x19,0x80,0x19,0x80,0x19,0x80,0x1F,0x80,0x19,0x80,0x19,0x80,0x19,0x80,0x19,0x80,0x19,0x80,0x00,0x00,0x00,0x00,0x00,0x00,0x00,0x00,
    0x00,0x00,0x00,0x00,0x00,0x00,0xE3,0x00,0x57,0x80,0x8C,0xC0,0x0C,0xC0,0x0C,0xC0,0x0C,0xC0,0x0C,0xC0,0x0F,0xC0,0x0C,0xC0,0x0C,0xC0,0x0C,0xC0,0x0C,0xC0,0x0C,0xC0,0x00,0x00,0x00,0x00,0x00,0x00,0x00,0x00,
    0x00,0x00,0x00,0x00,0x00,0x00,0xE3,0x00,0x97,0x80,0x4C,0xC0,0x0C,0xC0,0x0C,0xC0,0x0C,0xC0,0x0C,0xC0,0x0F,0xC0,0x0C,0xC0,0x0C,0xC0,0x0C,0xC0,0x0C,0xC0,0x0C,0xC0,0x00,0x00,0x00,0x00,0x00,0x00,0x00,0x00,
    0x00,0x00,0x00,0x00,0x00,0x00,0xD6,0x00,0x6F,0x00,0x99,0x80,0x19,0x80,0x19,0x80,0x19,0x80,0x19,0x80,0x1F,0x80,0x19,0x80,0x19,0x80,0x19,0x80,0x19,0x80,0x19,0x80,0x00,0x00,0x00,0x00,0x00,0x00,0x00,0x00,
    0x00,0x00,0x00,0x00,0x00,0x00,0xD6,0x00,0xAF,0x00,0x59,0x80,0x19,0x80,0x19,0x80,0x19,0x80,0x19,0x80,0x1F,0x80,0x19,0x80,0x19,0x80,0x19,0x80,0x19,0x80,0x19,0x80,0x00,0x00,0x00,0x00,0x00,0x00,0x00,0x00,
    0x00,0x00,0x00,0x00,0x00,0x00,0xE6,0x00,0x0F,0x00,0xD9,0x80,0x59,0x80,0x99,0x80,0x19,0x80,0x19,0x80,0x1F,0x80,0x19,0x80,0x19,0x80,0x19,0x80,0x19,0x80,0x19,0x80,0x00,0x00,0x00,0x00,0x00,0x00,0x00,0x00,
    0x00,0x00,0x00,0x00,0x00,0x00,0xE6,0x00,0x0F,0x00,0xD9,0x80,0x99,0x80,0x59,0x80,0x19,0x80,0x19,0x80,0x1F,0x80,0x19,0x80,0x19,0x80,0x19,0x80,0x19,0x80,0x19,0x80,0x00,0x00,0x00,0x00,0x00,0x00,0x00,0x00,
    0x00,0x00,0x00,0x00,0x00,0x00,0x0E,0x00,0x02,0x00,0x0C,0x00,0x00,0x00,0x00,0x00,0x3F,0x00,0x61,0x80,0x60,0x00,0x3E,0x00,0x60,0x00,0x60,0x00,0x61,0x80,0x3F,0x00,0x00,0x00,0x00,0x00,0x00,0x00,0x00,0x00,
    0x00,0x00,0x00,0x00,0x00,0x00,0x0E,0x00,0x08,0x00,0x06,0x00,0x00,0x00,0x00,0x00,0x3F,0x00,0x61,0x80,0x60,0x00,0x3E,0x00,0x60,0x00,0x60,0x00,0x61,0x80,0x3F,0x00,0x00,0x00,0x00,0x00,0x00,0x00,0x00,0x00,
    0x00,0x00,0x00,0x00,0x00,0x00,0x76,0x00,0x13,0x00,0x61,0x80,0x00,0x00,0x00,0x00,0x3F,0x00,0x61,0x80,0x60,0x00,0x3E,0x00,0x60,0x00,0x60,0x00,0x61,0x80,0x3F,0x00,0x00,0x00,0x00,0x00,0x00,0x00,0x00,0x00,
    0x00,0x00,0x00,0x00,0x00,0x00,0x76,0x00,0x43,0x00,0x31,0x80,0x00,0x00,0x00,0x00,0x3F,0x00,0x61,0x80,0x60,0x00,0x3E,0x00,0x60,0x00,0x60,0x00,0x61,0x80,0x3F,0x00,0x00,0x00,0x00,0x00,0x00,0x00,0x00,0x00,
    0x00,0x00,0x00,0x00,0x00,0x00,0x39,0x80,0x0B,0x00,0x36,0x00,0x00,0x00,0x00,0x00,0x3F,0x00,0x61,0x80,0x60,0x00,0x3E,0x00,0x60,0x00,0x60,0x00,0x61,0x80,0x3F,0x00,0x00,0x00,0x00,0x00,0x00,0x00,0x00,0x00,
    0x00,0x00,0x00,0x00,0x00,0x00,0x71,0x80,0x43,0x00,0x36,0x00,0x00,0x00,0x00,0x00,0x3F,0x00,0x61,0x80,0x60,0x00,0x3E,0x00,0x60,0x00,0x60,0x00,0x61,0x80,0x3F,0x00,0x00,0x00,0x00,0x00,0x00,0x00,0x00,0x00,
    0x00,0x00,0x00,0x00,0x00,0x00,0xDF,0x80,0x58,0x00,0x98,0x00,0x18,0x00,0x18,0x00,0x18,0x00,0x1F,0x00,0x18,0x00,0x18,0x00,0x18,0x00,0x18,0x00,0x18,0x00,0x1F,0x80,0x00,0x00,0x00,0x00,0x00,0x00,0x00,0x00,
    0x00,0x00,0x00,0x00,0x00,0x00,0xDF,0x80,0x98,0x00,0x58,0x00,0x18,0x00,0x18,0x00,0x18,0x00,0x1F,0x00,0x18,0x00,0x18,0x00,0x18,0x00,0x18,0x00,0x18,0x00,0x1F,0x80,0x00,0x00,0x00,0x00,0x00,0x00,0x00,0x00,
    0x00,0x00,0x00,0x00,0x00,0x00,0xEF,0xC0,0x5C,0x00,0x8C,0x00,0x0C,0x00,0x0C,0x00,0x0C,0x00,0x0F,0x80,0x0C,0x00,0x0C,0x00,0x0C,0x00,0x0C,0x00,0x0C,0x00,0x0F,0xC0,0x00,0x00,0x00,0x00,0x00,0x00,0x00,0x00,
    0x00,0x00,0x00,0x00,0x00,0x00,0xEF,0xC0,0x9C,0x00,0x4C,0x00,0x0C,0x00,0x0C,0x00,0x0C,0x00,0x0F,0x80,0x0C,0x00,0x0C,0x00,0x0C,0x00,0x0C,0x00,0x0C,0x00,0x0F,0xC0,0x00,0x00,0x00,0x00,0x00,0x00,0x00,0x00,
    0x00,0x00,0x00,0x00,0x00,0x00,0xDF,0xC0,0x6C,0x00,0x8C,0x00,0x0C,0x00,0x0C,0x00,0x0C,0x00,0x0F,0x80,0x0C,0x00,0x0C,0x00,0x0C,0x00,0x0C,0x00,0x0C,0x00,0x0F,0xC0,0x00,0x00,0x00,0x00,0x00,0x00,0x00,0x00,
    0x00,0x00,0x00,0x00,0x00,0x00,0xDF,0xC0,0xAC,0x00,0x4C,0x00,0x0C,0x00,0x0C,0x00,0x0C,0x00,0x0F,0x80,0x0C,0x00,0x0C,0x00,0x0C,0x00,0x0C,0x00,0x0C,0x00,0x0F,0xC0,0x00,0x00,0x00,0x00,0x00,0x00,0x00,0x00,
    0x00,0x00,0x00,0x00,0x00,0x00,0x0E,0x00,0x02,0x00,0x0C,0x00,0x00,0x00,0x00,0x00,0x6E,0x00,0x73,0x00,0x61,0x80,0x61,0x80,0x61,0x80,0x61,0x80,0x61,0x80,0x61,0x80,0x01,0x80,0x01,0x80,0x01,0x80,0x01,0x80,
    0x00,0x00,0x00,0x00,0x00,0x00,0x0E,0x00,0x08,0x00,0x06,0x00,0x00,0x00,0x00,0x00,0x6E,0x00,0x73,0x00,0x61,0x80,0x61,0x80,0x61,0x80,0x61,0x80,0x61,0x80,0x61,0x80,0x01,0x80,0x01,0x80,0x01,0x80,0x01,0x80,
    0x00,0x00,0x00,0x00,0x00,0x00,0x76,0x00,0x13,0x00,0x61,0x80,0x00,0x00,0x00,0x00,0x6E,0x00,0x73,0x00,0x61,0x80,0x61,0x80,0x61,0x80,0x61,0x80,0x61,0x80,0x61,0x80,0x01,0x80,0x01,0x80,0x01,0x80,0x01,0x80,
    0x00,0x00,0x00,0x00,0x00,0x00,0x76,0x00,0x43,0x00,0x31,0x80,0x00,0x00,0x00,0x00,0x6E,0x00,0x73,0x00,0x61,0x80,0x61,0x80,0x61,0x80,0x61,0x80,0x61,0x80,0x61,0x80,0x01,0x80,0x01,0x80,0x01,0x80,0x01,0x80,
    0x00,0x00,0x00,0x00,0x00,0x00,0x39,0x80,0x0B,0x00,0x36,0x00,0x00,0x00,0x00,0x00,0x6E,0x00,0x73,0x00,0x61,0x80,0x61,0x80,0x61,0x80,0x61,0x80,0x61,0x80,0x61,0x80,0x01,0x80,0x01,0x80,0x01,0x80,0x01,0x80,
    0x00,0x00,0x00,0x00,0x00,0x00,0x71,0x80,0x43,0x00,0x36,0x00,0x00,0x00,0x00,0x00,0x6E,0x00,0x73,0x00,0x61,0x80,0x61,0x80,0x61,0x80,0x61,0x80,0x61,0x80,0x61,0x80,0x01,0x80,0x01,0x80,0x01,0x80,0x01,0x80,
    0x00,0x00,0x00,0x00,0x19,0x00,0x3F,0x00,0x2E,0x00,0x02,0x00,0x0C,0x00,0x00,0x00,0x6E,0x00,0x73,0x00,0x61,0x80,0x61,0x80,0x61,0x80,0x61,0x80,0x61,0x80,0x61,0x80,0x01,0x80,0x01,0x80,0x01,0x80,0x01,0x80,
    0x00,0x00,0x00,0x00,0x19,0x00,0x3F,0x00,0x2E,0x00,0x08,0x00,0x06,0x00,0x00,0x00,0x6E,0x00,0x73,0x00,0x61,0x80,0x61,0x80,0x61,0x80,0x61,0x80,0x61,0x80,0x61,0x80,0x01,0x80,0x01,0x80,0x01,0x80,0x01,0x80,
    0x00,0x00,0x00,0x00,0x00,0x00,0xD9,0x80,0x59,0x80,0x99,0x80,0x19,0x80,0x19,0x80,0x19,0x80,0x1F,0x80,0x19,0x80,0x19,0x80,0x19,0x80,0x19,0x80,0x19,0x80,0x19,0x80,0x00,0x00,0x00,0x00,0x00,0x00,0x00,0x00,
    0x00,0x00,0x00,0x00,0x00,0x00,0xD9,0x80,0x99,0x80,0x59,0x80,0x19,0x80,0x19,0x80,0x19,0x80,0x1F,0x80,0x19,0x80,0x19,0x80,0x19,0x80,0x19,0x80,0x19,0x80,0x19,0x80,0x00,0x00,0x00,0x00,0x00,0x00,0x00,0x00,
    0x00,0x00,0x00,0x00,0x00,0x00,0xEC,0xC0,0x5C,0xC0,0x8C,0xC0,0x0C,0xC0,0x0C,0xC0,0x0C,0xC0,0x0F,0xC0,0x0C,0xC0,0x0C,0xC0,0x0C,0xC0,0x0C,0xC0,0x0C,0xC0,0x0C,0xC0,0x00,0x00,0x00,0x00,0x00,0x00,0x00,0x00,
    0x00,0x00,0x00,0x00,0x00,0x00,0xEC,0xC0,0x9C,0xC0,0x4C,0xC0,0x0C,0xC0,0x0C,0xC0,0x0C,0xC0,0x0F,0xC0,0x0C,0xC0,0x0C,0xC0,0x0C,0xC0,0x0C,0xC0,0x0C,0xC0,0x0C,0xC0,0x00,0x00,0x00,0x00,0x00,0x00,0x00,0x00,
    0x00,0x00,0x00,0x00,0x00,0x00,0xDC,0xC0,0x6C,0xC0,0x8C,0xC0,0x0C,0xC0,0x0C,0xC0,0x0C,0xC0,0x0F,0xC0,0x0C,0xC0,0x0C,0xC0,0x0C,0xC0,0x0C,0xC0,0x0C,0xC0,0x0C,0xC0,0x00,0x00,0x00,0x00,0x00,0x00,0x00,0x00,
    0x00,0x00,0x00,0x00,0x00,0x00,0xDC,0xC0,0xAC,0xC0,0x4C,0xC0,0x0C,0xC0,0x0C,0xC0,0x0C,0xC0,0x0F,0xC0,0x0C,0xC0,0x0C,0xC0,0x0C,0xC0,0x0C,0xC0,0x0C,0xC0,0x0C,0xC0,0x00,0x00,0x00,0x00,0x00,0x00,0x00,0x00,
    0x00,0x00,0x00,0x00,0x00,0x00,0xF9,0x80,0x19,0x80,0xD9,0x80,0x59,0x80,0x99,0x80,0x19,0x80,0x1F,0x80,0x19,0x80,0x19,0x80,0x19,0x80,0x19,0x80,0x19,0x80,0x19,0x80,0x00,0x00,0x00,0x00,0x00,0x00,0x00,0x00,
    0x00,0x00,0x00,0x00,0x00,0x00,0xF9,0x80,0x19,0x80,0xD9,0x80,0x99,0x80,0x59,0x80,0x19,0x80,0x1F,0x80,0x19,0x80,0x19,0x80,0x19,0x80,0x19,0x80,0x19,0x80,0x19,0x80,0x00,0x00,0x00,0x00,0x00,0x00,0x00,0x00,
    0x00,0x00,0x00,0x00,0x00,0x00,0x1C,0x00,0x04,0x00,0x18,0x00,0x00,0x00,0x00,0x00,0x18,0x00,0x18,0x00,0x18,0x00,0x18,0x00,0x18,0x00,0x18,0x00,0x1B,0x00,0x0E,0x00,0x00,0x00,0x00,0x00,0x00,0x00,0x00,0x00,
    0x00,0x00,0x00,0x00,0x00,0x00,0x1C,0x00,0x10,0x00,0x0C,0x00,0x00,0x00,0x00,0x00,0x18,0x00,0x18,0x00,0x18,0x00,0x18,0x00,0x18,0x00,0x18,0x00,0x1B,0x00,0x0E,0x00,0x00,0x00,0x00,0x00,0x00,0x00,0x00,0x00,
    0x00,0x00,0x00,0x00,0x00,0x00,0x76,0x00,0x13,0x00,0x61,0x80,0x00,0x00,0x00,0x00,0x18,0x00,0x18,0x00,0x18,0x00,0x18,0x00,0x18,0x00,0x18,0x00,0x1B,0x00,0x0E,0x00,0x00,0x00,0x00,0x00,0x00,0x00,0x00,0x00,
    0x00,0x00,0x00,0x00,0x00,0x00,0x76,0x00,0x43,0x00,0x31,0x80,0x00,0x00,0x00,0x00,0x18,0x00,0x18,0x00,0x18,0x00,0x18,0x00,0x18,0x00,0x18,0x00,0x1B,0x00,0x0E,0x00,0x00,0x00,0x00,0x00,0x00,0x00,0x00,0x00,
    0x00,0x00,0x00,0x00,0x00,0x00,0x73,0x00,0x16,0x00,0x6C,0x00,0x00,0x00,0x00,0x00,0x18,0x00,0x18,0x00,0x18,0x00,0x18,0x00,0x18,0x00,0x18,0x00,0x1B,0x00,0x0E,0x00,0x00,0x00,0x00,0x00,0x00,0x00,0x00,0x00,
    0x00,0x00,0x00,0x00,0x00,0x00,0x71,0x80,0x43,0x00,0x36,0x00,0x00,0x00,0x00,0x00,0x18,0x00,0x18,0x00,0x18,0x00,0x18,0x00,0x18,0x00,0x18,0x00,0x1B,0x00,0x0E,0x00,0x00,0x00,0x00,0x00,0x00,0x00,0x00,0x00,
    0x00,0x00,0x00,0x00,0x32,0x00,0x7E,0x00,0x5C,0x00,0x04,0x00,0x18,0x00,0x00,0x00,0x18,0x00,0x18,0x00,0x18,0x00,0x18,0x00,0x18,0x00,0x18,0x00,0x1B,0x00,0x0E,0x00,0x00,0x00,0x00,0x00,0x00,0x00,0x00,0x00,
    0x00,0x00,0x00,0x00,0x32,0x00,0x7E,0x00,0x5C,0x00,0x10,0x00,0x0C,0x00,0x00,0x00,0x18,0x00,0x18,0x00,0x18,0x00,0x18,0x00,0x18,0x00,0x18,0x00,0x1B,0x00,0x0E,0x00,0x00,0x00,0x00,0x00,0x00,0x00,0x00,0x00,
    0x00,0x00,0x00,0x00,0x00,0x00,0xDE,0x00,0x4C,0x00,0x8C,0x00,0x0C,0x00,0x0C,0x00,0x0C,0x00,0x0C,0x00,0x0C,0x00,0x0C,0x00,0x0C,0x00,0x0C,0x00,0x0C,0x00,0x1E,0x00,0x00,0x00,0x00,0x00,0x00,0x00,0x00,0x00,
    0x00,0x00,0x00,0x00,0x00,0x00,0xDE,0x00,0x8C,0x00,0x4C,0x00,0x0C,0x00,0x0C,0x00,0x0C,0x00,0x0C,0x00,0x0C,0x00,0x0C,0x00,0x0C,0x00,0x0C,0x00,0x0C,0x00,0x1E,0x00,0x00,0x00,0x00,0x00,0x00,0x00,0x00,0x00,
    0x00,0x00,0x00,0x00,0x00,0x00,0xE7,0x80,0x53,0x00,0x83,0x00,0x03,0x00,0x03,0x00,0x03,0x00,0x03,0x00,0x03,0x00,0x03,0x00,0x03,0x00,0x03,0x00,0x03,0x00,0x07,0x80,0x00,0x00,0x00,0x00,0x00,0x00,0x00,0x00,
    0x00,0x00,0x00,0x00,0x00,0x00,0xE7,0x80,0x93,0x00,0x43,0x00,0x03,0x00,0x03,0x00,0x03,0x00,0x03,0x00,0x03,0x00,0x03,0x00,0x03,0x00,0x03,0x00,0x03,0x00,0x07,0x80,0x00,0x00,0x00,0x00,0x00,0x00,0x00,0x00,
    0x00,0x00,0x00,0x00,0x00,0x00,0xD7,0x80,0x63,0x00,0x83,0x00,0x03,0x00,0x03,0x00,0x03,0x00,0x03,0x00,0x03,0x00,0x03,0x00,0x03,0x00,0x03,0x00,0x03,0x00,0x07,0x80,0x00,0x00,0x00,0x00,0x00,0x00,0x00,0x00,
    0x00,0x00,0x00,0x00,0x00,0x00,0xD7,0x80,0xA3,0x00,0x43,0x00,0x03,0x00,0x03,0x00,0x03,0x00,0x03,0x00,0x03,0x00,0x03,0x00,0x03,0x00,0x03,0x00,0x03,0x00,0x07,0x80,0x00,0x00,0x00,0x00,0x00,0x00,0x00,0x00,
    0x00,0x00,0x00,0x00,0x00,0x00,0xEF,0x00,0x06,0x00,0xC6,0x00,0x46,0x00,0x86,0x00,0x06,0x00,0x06,0x00,0x06,0x00,0x06,0x00,0x06,0x00,0x06,0x00,0x06,0x00,0x0F,0x00,0x00,0x00,0x00,0x00,0x00,0x00,0x00,0x00,
    0x00,0x00,0x00,0x00,0x00,0x00,0xDE,0x00,0x0C,0x00,0xCC,0x00,0x8C,0x00,0x4C,0x00,0x0C,0x00,0x0C,0x00,0x0C,0x00,0x0C,0x00,0x0C,0x00,0x0C,0x00,0x0C,0x00,0x1E,0x00,0x00,0x00,0x00,0x00,0x00,0x00,0x00,0x00,
    0x00,0x00,0x00,0x00,0x00,0x00,0x0E,0x00,0x02,0x00,0x0C,0x00,0x00,0x00,0x00,0x00,0x1E,0x00,0x33,0x00,0x61,0x80,0x61,0x80,0x61,0x80,0x61,0x80,0x33,0x00,0x1E,0x00,0x00,0x00,0x00,0x00,0x00,0x00,0x00,0x00,
    0x00,0x00,0x00,0x00,0x00,0x00,0x0E,0x00,0x08,0x00,0x06,0x00,0x00,0x00,0x00,0x00,0x1E,0x00,0x33,0x00,0x61,0x80,0x61,0x80,0x61,0x80,0x61,0x80,0x33,0x00,0x1E,0x00,0x00,0x00,0x00,0x00,0x00,0x00,0x00,0x00,
    0x00,0x00,0x00,0x00,0x00,0x00,0x76,0x00,0x13,0x00,0x61,0x80,0x00,0x00,0x00,0x00,0x1E,0x00,0x33,0x00,0x61,0x80,0x61,0x80,0x61,0x80,0x61,0x80,0x33,0x00,0x1E,0x00,0x00,0x00,0x00,0x00,0x00,0x00,0x00,0x00,
    0x00,0x00,0x00,0x00,0x00,0x00,0x76,0x00,0x43,0x00,0x31,0x80,0x00,0x00,0x00,0x00,0x1E,0x00,0x33,0x00,0x61,0x80,0x61,0x80,0x61,0x80,0x61,0x80,0x33,0x00,0x1E,0x00,0x00,0x00,0x00,0x00,0x00,0x00,0x00,0x00,
    0x00,0x00,0x00,0x00,0x00,0x00,0x39,0x80,0x0B,0x00,0x36,0x00,0x00,0x00,0x00,0x00,0x1E,0x00,0x33,0x00,0x61,0x80,0x61,0x80,0x61,0x80,0x61,0x80,0x33,0x00,0x1E,0x00,0x00,0x00,0x00,0x00,0x00,0x00,0x00,0x00,
    0x00,0x00,0x00,0x00,0x00,0x00,0x71,0x80,0x43,0x00,0x36,0x00,0x00,0x00,0x00,0x00,0x1E,0x00,0x33,0x00,0x61,0x80,0x61,0x80,0x61,0x80,0x61,0x80,0x33,0x00,0x1E,0x00,0x00,0x00,0x00,0x00,0x00,0x00,0x00,0x00,
    0x00,0x00,0x00,0x00,0x00,0x00,0xC6,0x00,0x4F,0x00,0x99,0x80,0x19,0x80,0x19,0x80,0x19,0x80,0x19,0x80,0x19,0x80,0x19,0x80,0x19,0x80,0x19,0x80,0x0F,0x00,0x06,0x00,0x00,0x00,0x00,0x00,0x00,0x00,0x00,0x00,
    0x00,0x00,0x00,0x00,0x00,0x00,0xC6,0x00,0x8F,0x00,0x59,0x80,0x19,0x80,0x19,0x80,0x19,0x80,0x19,0x80,0x19,0x80,0x19,0x80,0x19,0x80,0x19,0x80,0x0F,0x00,0x06,0x00,0x00,0x00,0x00,0x00,0x00,0x00,0x00,0x00,
    0x00,0x00,0x00,0x00,0x00,0x00,0xE3,0x00,0x57,0x80,0x84,0xC0,0x0C,0xC0,0x0C,0xC0,0x0C,0xC0,0x0C,0xC0,0x0C,0xC0,0x0C,0xC0,0x0C,0xC0,0x0C,0xC0,0x07,0x80,0x03,0x00,0x00,0x00,0x00,0x00,0x00,0x00,0x00,0x00,
    0x00,0x00,0x00,0x00,0x00,0x00,0xE3,0x00,0x97,0x80,0x4C,0xC0,0x0C,0xC0,0x0C,0xC0,0x0C,0xC0,0x0C,0xC0,0x0C,0xC0,0x0C,0xC0,0x0C,0xC0,0x0C,0xC0,0x07,0x80,0x03,0x00,0x00,0x00,0x00,0x00,0x00,0x00,0x00,0x00,
    0x00,0x00,0x00,0x00,0x00,0x00,0xD3,0x00,0x67,0x80,0x8C,0xC0,0x0C,0xC0,0x0C,0xC0,0x0C,0xC0,0x0C,0xC0,0x0C,0xC0,0x0C,0xC0,0x0C,0xC0,0x0C,0xC0,0x07,0x80,0x03,0x00,0x00,0x00,0x00,0x00,0x00,0x00,0x00,0x00,
    0x00,0x00,0x00,0x00,0x00,0x00,0xD3,0x00,0xA7,0x80,0x4C,0xC0,0x0C,0xC0,0x0C,0xC0,0x0C,0xC0,0x0C,0xC0,0x0C,0xC0,0x0C,0xC0,0x0C,0xC0,0x0C,0xC0,0x07,0x80,0x03,0x00,0x00,0x00,0x00,0x00,0x00,0x00,0x00,0x00,
    0x00,0x00,0x00,0x00,0x00,0x00,0x0E,0x00,0x02,0x00,0x0C,0x00,0x00,0x00,0x00,0x00,0x61,0x80,0x61,0x80,0x61,0x80,0x61,0x80,0x61,0x80,0x61,0x80,0x33,0x00,0x1E,0x00,0x00,0x00,0x00,0x00,0x00,0x00,0x00,0x00,
    0x00,0x00,0x00,0x00,0x00,0x00,0x0E,0x00,0x08,0x00,0x06,0x00,0x00,0x00,0x00,0x00,0x61,0x80,0x61,0x80,0x61,0x80,0x61,0x80,0x61,0x80,0x61,0x80,0x33,0x00,0x1E,0x00,0x00,0x00,0x00,0x00,0x00,0x00,0x00,0x00,
    0x00,0x00,0x00,0x00,0x00,0x00,0x76,0x00,0x13,0x00,0x61,0x80,0x00,0x00,0x00,0x00,0x61,0x80,0x61,0x80,0x61,0x80,0x61,0x80,0x61,0x80,0x61,0x80,0x33,0x00,0x1E,0x00,0x00,0x00,0x00,0x00,0x00,0x00,0x00,0x00,
    0x00,0x00,0x00,0x00,0x00,0x00,0x76,0x00,0x43,0x00,0x31,0x80,0x00,0x00,0x00,0x00,0x61,0x80,0x61,0x80,0x61,0x80,0x61,0x80,0x61,0x80,0x61,0x80,0x33,0x00,0x1E,0x00,0x00,0x00,0x00,0x00,0x00,0x00,0x00,0x00,
    0x00,0x00,0x00,0x00,0x00,0x00,0x39,0x80,0x0B,0x00,0x36,0x00,0x00,0x00,0x00,0x00,0x61,0x80,0x61,0x80,0x61,0x80,0x61,0x80,0x61,0x80,0x61,0x80,0x33,0x00,0x1E,0x00,0x00,0x00,0x00,0x00,0x00,0x00,0x00,0x00,
    0x00,0x00,0x00,0x00,0x00,0x00,0x71,0x80,0x43,0x00,0x36,0x00,0x00,0x00,0x00,0x00,0x61,0x80,0x61,0x80,0x61,0x80,0x61,0x80,0x61,0x80,0x61,0x80,0x33,0x00,0x1E,0x00,0x00,0x00,0x00,0x00,0x00,0x00,0x00,0x00,
    0x00,0x00,0x00,0x00,0x19,0x00,0x3F,0x00,0x2E,0x00,0x02,0x00,0x0C,0x00,0x00,0x00,0x61,0x80,0x61,0x80,0x61,0x80,0x61,0x80,0x61,0x80,0x61,0x80,0x33,0x00,0x1E,0x00,0x00,0x00,0x00,0x00,0x00,0x00,0x00,0x00,
    0x00,0x00,0x00,0x00,0x19,0x00,0x3F,0x00,0x2E,0x00,0x08,0x00,0x06,0x00,0x00,0x00,0x61,0x80,0x61,0x80,0x61,0x80,0x61,0x80,0x61,0x80,0x61,0x80,0x33,0x00,0x1E,0x00,0x00,0x00,0x00,0x00,0x00,0x00,0x00,0x00,
    0x00,0x00,0x00,0x00,0x00,0x00,0xD9,0x80,0x99,0x80,0x59,0x80,0x19,0x80,0x19,0x80,0x0F,0x00,0x0F,0x00,0x06,0x00,0x06,0x00,0x06,0x00,0x06,0x00,0x06,0x00,0x06,0x00,0x00,0x00,0x00,0x00,0x00,0x00,0x00,0x00,
    0x00,0x00,0x00,0x00,0x00,0x00,0xEC,0xC0,0x9C,0xC0,0x4C,0xC0,0x0C,0xC0,0x0C,0xC0,0x07,0x80,0x07,0x80,0x03,0x00,0x03,0x00,0x03,0x00,0x03,0x00,0x03,0x00,0x03,0x00,0x00,0x00,0x00,0x00,0x00,0x00,0x00,0x00,
    0x00,0x00,0x00,0x00,0x00,0x00,0xDC,0xC0,0xAC,0xC0,0x4C,0xC0,0x0C,0xC0,0x0C,0xC0,0x07,0x80,0x07,0x80,0x03,0x00,0x03,0x00,0x03,0x00,0x03,0x00,0x03,0x00,0x03,0x00,0x00,0x00,0x00,0x00,0x00,0x00,0x00,0x00,
    0x00,0x00,0x00,0x00,0x00,0x00,0xEC,0xC0,0x0C,0xC0,0xCC,0xC0,0x8C,0xC0,0x4C,0xC0,0x07,0x80,0x07,0x80,0x03,0x00,0x03,0x00,0x03,0x00,0x03,0x00,0x03,0x00,0x03,0x00,0x00,0x00,0x00,0x00,0x00,0x00,0x00,0x00,
    0x00,0x00,0x00,0x00,0x00,0x00,0x0E,0x00,0x02,0x00,0x0C,0x00,0x00,0x00,0x00,0x00,0x61,0x80,0x6D,0x80,0x6D,0x80,0x6D,0x80,0x6D,0x80,0x6D,0x80,0x7F,0x80,0x33,0x00,0x00,0x00,0x00,0x00,0x00,0x00,0x00,0x00,
    0x00,0x00,0x00,0x00,0x00,0x00,0x0E,0x00,0x08,0x00,0x06,0x00,0x00,0x00,0x00,0x00,0x61,0x80,0x6D,0x80,0x6D,0x80,0x6D,0x80,0x6D,0x80,0x6D,0x80,0x7F,0x80,0x33,0x00,0x00,0x00,0x00,0x00,0x00,0x00,0x00,0x00,
    0x00,0x00,0x00,0x00,0x00,0x00,0x76,0x00,0x13,0x00,0x61,0x80,0x00,0x00,0x00,0x00,0x61,0x80,0x6D,0x80,0x6D,0x80,0x6D,0x80,0x6D,0x80,0x6D,0x80,0x7F,0x80,0x33,0x00,0x00,0x00,0x00,0x00,0x00,0x00,0x00,0x00,
    0x00,0x00,0x00,0x00,0x00,0x00,0x76,0x00,0x43,0x00,0x31,0x80,0x00,0x00,0x00,0x00,0x61,0x80,0x6D,0x80,0x6D,0x80,0x6D,0x80,0x6D,0x80,0x6D,0x80,0x7F,0x80,0x33,0x00,0x00,0x00,0x00,0x00,0x00,0x00,0x00,0x00,
    0x00,0x00,0x00,0x00,0x00,0x00,0x39,0x80,0x0B,0x00,0x36,0x00,0x00,0x00,0x00,0x00,0x61,0x80,0x6D,0x80,0x6D,0x80,0x6D,0x80,0x6D,0x80,0x6D,0x80,0x7F,0x80,0x33,0x00,0x00,0x00,0x00,0x00,0x00,0x00,0x00,0x00,
    0x00,0x00,0x00,0x00,0x00,0x00,0x71,0x80,0x43,0x00,0x36,0x00,0x00,0x00,0x00,0x00,0x61,0x80,0x6D,0x80,0x6D,0x80,0x6D,0x80,0x6D,0x80,0x6D,0x80,0x7F,0x80,0x33,0x00,0x00,0x00,0x00,0x00,0x00,0x00,0x00,0x00,
    0x00,0x00,0x00,0x00,0x19,0x00,0x3F,0x00,0x2E,0x00,0x02,0x00,0x0C,0x00,0x00,0x00,0x61,0x80,0x6D,0x80,0x6D,0x80,0x6D,0x80,0x6D,0x80,0x6D,0x80,0x7F,0x80,0x33,0x00,0x00,0x00,0x00,0x00,0x00,0x00,0x00,0x00,
    0x00,0x00,0x00,0x00,0x19,0x00,0x3F,0x00,0x2E,0x00,0x08,0x00,0x06,0x00,0x00,0x00,0x61,0x80,0x6D,0x80,0x6D,0x80,0x6D,0x80,0x6D,0x80,0x6D,0x80,0x7F,0x80,0x33,0x00,0x00,0x00,0x00,0x00,0x00,0x00,0x00,0x00,
    0x00,0x00,0x00,0x00,0x00,0x00,0xC6,0x00,0x4F,0x00,0x99,0x80,0x19,0x80,0x19,0x80,0x19,0x80,0x19,0x80,0x19,0x80,0x19,0x80,0x19,0x80,0x0F,0x00,0x06,0x00,0x1F,0x80,0x00,0x00,0x00,0x00,0x00,0x00,0x00,0x00,
    0x00,0x00,0x00,0x00,0x00,0x00,0xC6,0x00,0x8F,0x00,0x59,0x80,0x19,0x80,0x19,0x80,0x19,0x80,0x19,0x80,0x19,0x80,0x19,0x80,0x19,0x80,0x0F,0x00,0x06,0x00,0x1F,0x80,0x00,0x00,0x00,0x00,0x00,0x00,0x00,0x00,
    0x00,0x00,0x00,0x00,0x00,0x00,0xE3,0x00,0x57,0x80,0x8C,0xC0,0x0C,0xC0,0x0C,0xC0,0x0C,0xC0,0x0C,0xC0,0x0C,0xC0,0x0C,0xC0,0x0C,0xC0,0x07,0x80,0x03,0x00,0x0F,0xC0,0x00,0x00,0x00,0x00,0x00,0x00,0x00,0x00,
    0x00,0x00,0x00,0x00,0x00,0x00,0xE3,0x00,0x97,0x80,0x4C,0xC0,0x0C,0xC0,0x0C,0xC0,0x0C,0xC0,0x0C,0xC0,0x0C,0xC0,0x0C,0xC0,0x0C,0xC0,0x07,0x80,0x03,0x00,0x0F,0xC0,0x00,0x00,0x00,0x00,0x00,0x00,0x00,0x00,
    0x00,0x00,0x00,0x00,0x00,0x00,0xD3,0x00,0x67,0x80,0x8C,0xC0,0x0C,0xC0,0x0C,0xC0,0x0C,0xC0,0x0C,0xC0,0x0C,0xC0,0x0C,0xC0,0x0C,0xC0,0x07,0x80,0x03,0x00,0x0F,0xC0,0x00,0x00,0x00,0x00,0x00,0x00,0x00,0x00,
    0x00,0x00,0x00,0x00,0x00,0x00,0xD3,0x00,0xA7,0x80,0x4C,0xC0,0x0C,0xC0,0x0C,0xC0,0x0C,0xC0,0x0C,0xC0,0x0C,0xC0,0x0C,0xC0,0x0C,0xC0,0x07,0x80,0x03,0x00,0x0F,0xC0,0x00,0x00,0x00,0x00,0x00,0x00,0x00,0x00,
    0x00,0x00,0x00,0x00,0x00,0x00,0xE6,0x00,0x0F,0x00,0xD9,0x80,0x59,0x80,0x99,0x80,0x19,0x80,0x19,0x80,0x19,0x80,0x19,0x80,0x19,0x80,0x0F,0x00,0x06,0x00,0x1F,0x80,0x00,0x00,0x00,0x00,0x00,0x00,0x00,0x00,
    0x00,0x00,0x00,0x00,0x00,0x00,0xE6,0x00,0x0F,0x00,0xD9,0x80,0x99,0x80,0x59,0x80,0x19,0x80,0x19,0x80,0x19,0x80,0x19,0x80,0x19,0x80,0x0F,0x00,0x06,0x00,0x1F,0x80,0x00,0x00,0x00,0x00,0x00,0x00,0x00,0x00,
    0x00,0x00,0x00,0x00,0x00,0x00,0x30,0x00,0x18,0x00,0x0C,0x00,0x00,0x00,0x00,0x00,0x3D,0x80,0x63,0x80,0x61,0x80,0x61,0x80,0x61,0x80,0x63,0x80,0x65,0x80,0x39,0x80,0x00,0x00,0x00,0x00,0x00,0x00,0x00,0x00,
    0x00,0x00,0x00,0x00,0x00,0x00,0x03,0x00,0x06,0x00,0x0C,0x00,0x00,0x00,0x00,0x00,0x3D,0x80,0x63,0x80,0x61,0x80,0x61,0x80,0x61,0x80,0x63,0x80,0x65,0x80,0x39,0x80,0x00,0x00,0x00,0x00,0x00,0x00,0x00,0x00,
    0x00,0x00,0x00,0x00,0x00,0x00,0x30,0x00,0x18,0x00,0x0C,0x00,0x00,0x00,0x00,0x00,0x3F,0x00,0x61,0x80,0x60,0x00,0x3E,0x00,0x60,0x00,0x60,0x00,0x61,0x80,0x3F,0x00,0x00,0x00,0x00,0x00,0x00,0x00,0x00,0x00,
    0x00,0x00,0x00,0x00,0x00,0x00,0x03,0x00,0x06,0x00,0x0C,0x00,0x00,0x00,0x00,0x00,0x3F,0x00,0x61,0x80,0x60,0x00,0x3E,0x00,0x60,0x00,0x60,0x00,0x61,0x80,0x3F,0x00,0x00,0x00,0x00,0x00,0x00,0x00,0x00,0x00,
    0x00,0x00,0x00,0x00,0x00,0x00,0x30,0x00,0x18,0x00,0x0C,0x00,0x00,0x00,0x00,0x00,0x6E,0x00,0x73,0x00,0x61,0x80,0x61,0x80,0x61,0x80,0x61,0x80,0x61,0x80,0x61,0x80,0x01,0x80,0x01,0x80,0x01,0x80,0x01,0x80,
    0x00,0x00,0x00,0x00,0x00,0x00,0x03,0x00,0x06,0x00,0x0C,0x00,0x00,0x00,0x00,0x00,0x6E,0x00,0x73,0x00,0x61,0x80,0x61,0x80,0x61,0x80,0x61,0x80,0x61,0x80,0x61,0x80,0x01,0x80,0x01,0x80,0x01,0x80,0x01,0x80,
    0x00,0x00,0x00,0x00,0x00,0x00,0x60,0x00,0x30,0x00,0x18,0x00,0x00,0x00,0x00,0x00,0x18,0x00,0x18,0x00,0x18,0x00,0x18,0x00,0x18,0x00,0x18,0x00,0x1B,0x00,0x0E,0x00,0x00,0x00,0x00,0x00,0x00,0x00,0x00,0x00,
    0x00,0x00,0x00,0x00,0x00,0x00,0x06,0x00,0x0C,0x00,0x18,0x00,0x00,0x00,0x00,0x00,0x18,0x00,0x18,0x00,0x18,0x00,0x18,0x00,0x18,0x00,0x18,0x00,0x1B,0x00,0x0E,0x00,0x00,0x00,0x00,0x00,0x00,0x00,0x00,0x00,
    0x00,0x00,0x00,0x00,0x00,0x00,0x30,0x00,0x18,0x00,0x0C,0x00,0x00,0x00,0x00,0x00,0x1E,0x00,0x33,0x00,0x61,0x80,0x61,0x80,0x61,0x80,0x61,0x80,0x33,0x00,0x1E,0x00,0x00,0x00,0x00,0x00,0x00,0x00,0x00,0x00,
    0x00,0x00,0x00,0x00,0x00,0x00,0x03,0x00,0x06,0x00,0x0C,0x00,0x00,0x00,0x00,0x00,0x1E,0x00,0x33,0x00,0x61,0x80,0x61,0x80,0x61,0x80,0x61,0x80,0x33,0x00,0x1E,0x00,0x00,0x00,0x00,0x00,0x00,0x00,0x00,0x00,
    0x00,0x00,0x00,0x00,0x00,0x00,0x30,0x00,0x18,0x00,0x0C,0x00,0x00,0x00,0x00,0x00,0x61,0x80,0x61,0x80,0x61,0x80,0x61,0x80,0x61,0x80,0x61,0x80,0x33,0x00,0x1E,0x00,0x00,0x00,0x00,0x00,0x00,0x00,0x00,0x00,
    0x00,0x00,0x00,0x00,0x00,0x00,0x03,0x00,0x06,0x00,0x0C,0x00,0x00,0x00,0x00,0x00,0x61,0x80,0x61,0x80,0x61,0x80,0x61,0x80,0x61,0x80,0x61,0x80,0x33,0x00,0x1E,0x00,0x00,0x00,0x00,0x00,0x00,0x00,0x00,0x00,
    0x00,0x00,0x00,0x00,0x00,0x00,0x30,0x00,0x18,0x00,0x0C,0x00,0x00,0x00,0x00,0x00,0x61,0x80,0x6D,0x80,0x6D,0x80,0x6D,0x80,0x6D,0x80,0x6D,0x80,0x7F,0x80,0x33,0x00,0x00,0x00,0x00,0x00,0x00,0x00,0x00,0x00,
    0x00,0x00,0x00,0x00,0x00,0x00,0x03,0x00,0x06,0x00,0x0C,0x00,0x00,0x00,0x00,0x00,0x61,0x80,0x6D,0x80,0x6D,0x80,0x6D,0x80,0x6D,0x80,0x6D,0x80,0x7F,0x80,0x33,0x00,0x00,0x00,0x00,0x00,0x00,0x00,0x00,0x00,
    0x00,0x00,0x00,0x00,0x00,0x00,0x0E,0x00,0x02,0x00,0x0C,0x00,0x00,0x00,0x00,0x00,0x3D,0x80,0x63,0x80,0x61,0x80,0x61,0x80,0x61,0x80,0x63,0x80,0x65,0x80,0x39,0x80,0x00,0x00,0x0C,0x00,0x0C,0x00,0x06,0x00,
    0x00,0x00,0x00,0x00,0x00,0x00,0x0E,0x00,0x08,0x00,0x06,0x00,0x00,0x00,0x00,0x00,0x3D,0x80,0x63,0x80,0x61,0x80,0x61,0x80,0x61,0x80,0x63,0x80,0x65,0x80,0x39,0x80,0x00,0x00,0x0C,0x00,0x0C,0x00,0x06,0x00,
    0x00,0x00,0x00,0x00,0x00,0x00,0x76,0x00,0x13,0x00,0x61,0x80,0x00,0x00,0x00,0x00,0x3D,0x80,0x63,0x80,0x61,0x80,0x61,0x80,0x61,0x80,0x63,0x80,0x65,0x80,0x39,0x80,0x00,0x00,0x0C,0x00,0x0C,0x00,0x06,0x00,
    0x00,0x00,0x00,0x00,0x00,0x00,0x76,0x00,0x43,0x00,0x31,0x80,0x00,0x00,0x00,0x00,0x3D,0x80,0x63,0x80,0x61,0x80,0x61,0x80,0x61,0x80,0x63,0x80,0x65,0x80,0x39,0x80,0x00,0x00,0x0C,0x00,0x0C,0x00,0x06,0x00,
    0x00,0x00,0x00,0x00,0x00,0x00,0x39,0x80,0x0B,0x00,0x36,0x00,0x00,0x00,0x00,0x00,0x3D,0x80,0x63,0x80,0x61,0x80,0x61,0x80,0x61,0x80,0x63,0x80,0x65,0x80,0x39,0x80,0x00,0x00,0x0C,0x00,0x0C,0x00,0x06,0x00,
    0x00,0x00,0x00,0x00,0x00,0x00,0x71,0x80,0x43,0x00,0x36,0x00,0x00,0x00,0x00,0x00,0x3D,0x80,0x63,0x80,0x61,0x80,0x61,0x80,0x61,0x80,0x63,0x80,0x65,0x80,0x39,0x80,0x00,0x00,0x0C,0x00,0x0C,0x00,0x06,0x00,
    0x00,0x00,0x00,0x00,0x19,0x00,0x3F,0x00,0x2E,0x00,0x02,0x00,0x0C,0x00,0x00,0x00,0x3D,0x80,0x63,0x80,0x61,0x80,0x61,0x80,0x61,0x80,0x63,0x80,0x65,0x80,0x39,0x80,0x00,0x00,0x0C,0x00,0x0C,0x00,0x06,0x00,
    0x00,0x00,0x00,0x00,0x19,0x00,0x3F,0x00,0x2E,0x00,0x08,0x00,0x06,0x00,0x00,0x00,0x3D,0x80,0x63,0x80,0x61,0x80,0x61,0x80,0x61,0x80,0x63,0x80,0x65,0x80,0x39,0x80,0x00,0x00,0x0C,0x00,0x0C,0x00,0x06,0x00,
    0x00,0x00,0x00,0x00,0x00,0x00,0xC6,0x00,0x4F,0x00,0x99,0x80,0x19,0x80,0x19,0x80,0x19,0x80,0x19,0x80,0x1F,0x80,0x19,0x80,0x19,0x80,0x19,0x80,0x19,0x80,0x19,0x80,0x00,0x00,0x06,0x00,0x06,0x00,0x03,0x00,
    0x00,0x00,0x00,0x00,0x00,0x00,0xC6,0x00,0x8F,0x00,0x59,0x80,0x19,0x80,0x19,0x80,0x19,0x80,0x19,0x80,0x1F,0x80,0x19,0x80,0x19,0x80,0x19,0x80,0x19,0x80,0x19,0x80,0x00,0x00,0x06,0x00,0x06,0x00,0x03,0x00,
    0x00,0x00,0x00,0x00,0x00,0x00,0xE3,0x00,0x57,0x80,0x8C,0xC0,0x0C,0xC0,0x0C,0xC0,0x0C,0xC0,0x0C,0xC0,0x0F,0xC0,0x0C,0xC0,0x0C,0xC0,0x0C,0xC0,0x0C,0xC0,0x0C,0xC0,0x00,0x00,0x03,0x00,0x03,0x00,0x01,0x80,
    0x00,0x00,0x00,0x00,0x00,0x00,0xE3,0x00,0x97,0x80,0x4C,0xC0,0x0C,0xC0,0x0C,0xC0,0x0C,0xC0,0x0C,0xC0,0x0F,0xC0,0x0C,0xC0,0x0C,0xC0,0x0C,0xC0,0x0C,0xC0,0x0C,0xC0,0x00,0x00,0x03,0x00,0x03,0x00,0x01,0x80,
    0x00,0x00,0x00,0x00,0x00,0x00,0xD6,0x00,0x6F,0x00,0x99,0x80,0x19,0x80,0x19,0x80,0x19,0x80,0x19,0x80,0x1F,0x80,0x19,0x80,0x19,0x80,0x19,0x80,0x19,0x80,0x19,0x80,0x00,0x00,0x06,0x00,0x06,0x00,0x03,0x00,
    0x00,0x00,0x00,0x00,0x00,0x00,0xD6,0x00,0xAF,0x00,0x59,0x80,0x19,0x80,0x19,0x80,0x19,0x80,0x19,0x80,0x1F,0x80,0x19,0x80,0x19,0x80,0x19,0x80,0x19,0x80,0x19,0x80,0x00,0x00,0x06,0x00,0x06,0x00,0x03,0x00,
    0x00,0x00,0x00,0x00,0x00,0x00,0xE6,0x00,0x0F,0x00,0xD9,0x80,0x59,0x80,0x99,0x80,0x19,0x80,0x19,0x80,0x1F,0x80,0x19,0x80,0x19,0x80,0x19,0x80,0x19,0x80,0x19,0x80,0x00,0x00,0x06,0x00,0x06,0x00,0x03,0x00,
    0x00,0x00,0x00,0x00,0x00,0x00,0xE6,0x00,0x0F,0x00,0xD9,0x80,0x99,0x80,0x59,0x80,0x19,0x80,0x19,0x80,0x1F,0x80,0x19,0x80,0x19,0x80,0x19,0x80,0x19,0x80,0x19,0x80,0x00,0x00,0x06,0x00,0x06,0x00,0x03,0x00,
    0x00,0x00,0x00,0x00,0x00,0x00,0x0E,0x00,0x02,0x00,0x0C,0x00,0x00,0x00,0x00,0x00,0x6E,0x00,0x73,0x00,0x61,0x80,0x61,0x80,0x61,0x80,0x61,0x80,0x61,0x80,0x61,0x80,0x01,0x80,0x61,0x80,0x61,0x80,0x31,0x80,
    0x00,0x00,0x00,0x00,0x00,0x00,0x0E,0x00,0x08,0x00,0x06,0x00,0x00,0x00,0x00,0x00,0x6E,0x00,0x73,0x00,0x61,0x80,0x61,0x80,0x61,0x80,0x61,0x80,0x61,0x80,0x61,0x80,0x01,0x80,0x61,0x80,0x61,0x80,0x31,0x80,
    0x00,0x00,0x00,0x00,0x00,0x00,0x76,0x00,0x13,0x00,0x61,0x80,0x00,0x00,0x00,0x00,0x6E,0x00,0x73,0x00,0x61,0x80,0x61,0x80,0x61,0x80,0x61,0x80,0x61,0x80,0x61,0x80,0x01,0x80,0x61,0x80,0x61,0x80,0x31,0x80,
    0x00,0x00,0x00,0x00,0x00,0x00,0x76,0x00,0x43,0x00,0x31,0x80,0x00,0x00,0x00,0x00,0x6E,0x00,0x73,0x00,0x61,0x80,0x61,0x80,0x61,0x80,0x61,0x80,0x61,0x80,0x61,0x80,0x01,0x80,0x61,0x80,0x61,0x80,0x31,0x80,
    0x00,0x00,0x00,0x00,0x00,0x00,0x39,0x80,0x0B,0x00,0x36,0x00,0x00,0x00,0x00,0x00,0x6E,0x00,0x73,0x00,0x61,0x80,0x61,0x80,0x61,0x80,0x61,0x80,0x61,0x80,0x61,0x80,0x01,0x80,0x61,0x80,0x61,0x80,0x31,0x80,
    0x00,0x00,0x00,0x00,0x00,0x00,0x71,0x80,0x43,0x00,0x36,0x00,0x00,0x00,0x00,0x00,0x6E,0x00,0x73,0x00,0x61,0x80,0x61,0x80,0x61,0x80,0x61,0x80,0x61,0x80,0x61,0x80,0x01,0x80,0x61,0x80,0x61,0x80,0x31,0x80,
    0x00,0x00,0x00,0x00,0x19,0x00,0x3F,0x00,0x2E,0x00,0x02,0x00,0x0C,0x00,0x00,0x00,0x6E,0x00,0x73,0x00,0x61,0x80,0x61,0x80,0x61,0x80,0x61,0x80,0x61,0x80,0x61,0x80,0x01,0x80,0x61,0x80,0x61,0x80,0x31,0x80,
    0x00,0x00,0x00,0x00,0x19,0x00,0x3F,0x00,0x2E,0x00,0x08,0x00,0x06,0x00,0x00,0x00,0x6E,0x00,0x73,0x00,0x61,0x80,0x61,0x80,0x61,0x80,0x61,0x80,0x61,0x80,0x61,0x80,0x01,0x80,0x61,0x80,0x61,0x80,0x31,0x80,
    0x00,0x00,0x00,0x00,0x00,0x00,0xD9,0x80,0x59,0x80,0x99,0x80,0x19,0x80,0x19,0x80,0x19,0x80,0x1F,0x80,0x19,0x80,0x19,0x80,0x19,0x80,0x19,0x80,0x19,0x80,0x19,0x80,0x00,0x00,0x06,0x00,0x06,0x00,0x03,0x00,
    0x00,0x00,0x00,0x00,0x00,0x00,0xD9,0x80,0x99,0x80,0x59,0x80,0x19,0x80,0x19,0x80,0x19,0x80,0x1F,0x80,0x19,0x80,0x19,0x80,0x19,0x80,0x19,0x80,0x19,0x80,0x19,0x80,0x00,0x00,0x06,0x00,0x06,0x00,0x03,0x00,
    0x00,0x00,0x00,0x00,0x00,0x00,0xEC,0xC0,0x5C,0xC0,0x8C,0xC0,0x0C,0xC0,0x0C,0xC0,0x0C,0xC0,0x0F,0xC0,0x0C,0xC0,0x0C,0xC0,0x0C,0xC0,0x0C,0xC0,0x0C,0xC0,0x0C,0xC0,0x00,0x00,0x03,0x00,0x03,0x00,0x01,0x80,
    0x00,0x00,0x00,0x00,0x00,0x00,0xEC,0xC0,0x9C,0xC0,0x4C,0xC0,0x0C,0xC0,0x0C,0xC0,0x0C,0xC0,0x0F,0xC0,0x0C,0xC0,0x0C,0xC0,0x0C,0xC0,0x0C,0xC0,0x0C,0xC0,0x0C,0xC0,0x00,0x00,0x03,0x00,0x03,0x00,0x01,0x80,
    0x00,0x00,0x00,0x00,0x00,0x00,0xDC,0xC0,0x6C,0xC0,0x8C,0xC0,0x0C,0xC0,0x0C,0xC0,0x0C,0xC0,0x0F,0xC0,0x0C,0xC0,0x0C,0xC0,0x0C,0xC0,0x0C,0xC0,0x0C,0xC0,0x0C,0xC0,0x00,0x00,0x03,0x00,0x03,0x00,0x01,0x80,
    0x00,0x00,0x00,0x00,0x00,0x00,0xDC,0xC0,0xAC,0xC0,0x4C,0xC0,0x0C,0xC0,0x0C,0xC0,0x0C,0xC0,0x0F,0xC0,0x0C,0xC0,0x0C,0xC0,0x0C,0xC0,0x0C,0xC0,0x0C,0xC0,0x0C,0xC0,0x00,0x00,0x03,0x00,0x03,0x00,0x01,0x80,
    0x00,0x00,0x00,0x00,0x00,0x00,0xF9,0x80,0x19,0x80,0xD9,0x80,0x59,0x80,0x99,0x80,0x19,0x80,0x1F,0x80,0x19,0x80,0x19,0x80,0x19,0x80,0x19,0x80,0x19,0x80,0x19,0x80,0x00,0x00,0x06,0x00,0x06,0x00,0x03,0x00,
    0x00,0x00,0x00,0x00,0x00,0x00,0xF9,0x80,0x19,0x80,0xD9,0x80,0x99,0x80,0x59,0x80,0x19,0x80,0x1F,0x80,0x19,0x80,0x19,0x80,0x19,0x80,0x19,0x80,0x19,0x80,0x19,0x80,0x00,0x00,0x06,0x00,0x06,0x00,0x03,0x00,
    0x00,0x00,0x00,0x00,0x00,0x00,0x0E,0x00,0x02,0x00,0x0C,0x00,0x00,0x00,0x00,0x00,0x61,0x80,0x6D,0x80,0x6D,0x80,0x6D,0x80,0x6D,0x80,0x6D,0x80,0x7F,0x80,0x33,0x00,0x00,0x00,0x0C,0x00,0x0C,0x00,0x06,0x00,
    0x00,0x00,0x00,0x00,0x00,0x00,0x0E,0x00,0x08,0x00,0x06,0x00,0x00,0x00,0x00,0x00,0x61,0x80,0x6D,0x80,0x6D,0x80,0x6D,0x80,0x6D,0x80,0x6D,0x80,0x7F,0x80,0x33,0x00,0x00,0x00,0x0C,0x00,0x0C,0x00,0x06,0x00,
    0x00,0x00,0x00,0x00,0x00,0x00,0x76,0x00,0x13,0x00,0x61,0x80,0x00,0x00,0x00,0x00,0x61,0x80,0x6D,0x80,0x6D,0x80,0x6D,0x80,0x6D,0x80,0x6D,0x80,0x7F,0x80,0x33,0x00,0x00,0x00,0x0C,0x00,0x0C,0x00,0x06,0x00,
    0x00,0x00,0x00,0x00,0x00,0x00,0x76,0x00,0x43,0x00,0x31,0x80,0x00,0x00,0x00,0x00,0x61,0x80,0x6D,0x80,0x6D,0x80,0x6D,0x80,0x6D,0x80,0x6D,0x80,0x7F,0x80,0x33,0x00,0x00,0x00,0x0C,0x00,0x0C,0x00,0x06,0x00,
    0x00,0x00,0x00,0x00,0x00,0x00,0x39,0x80,0x0B,0x00,0x36,0x00,0x00,0x00,0x00,0x00,0x61,0x80,0x6D,0x80,0x6D,0x80,0x6D,0x80,0x6D,0x80,0x6D,0x80,0x7F,0x80,0x33,0x00,0x00,0x00,0x0C,0x00,0x0C,0x00,0x06,0x00,
    0x00,0x00,0x00,0x00,0x00,0x00,0x71,0x80,0x43,0x00,0x36,0x00,0x00,0x00,0x00,0x00,0x61,0x80,0x6D,0x80,0x6D,0x80,0x6D,0x80,0x6D,0x80,0x6D,0x80,0x7F,0x80,0x33,0x00,0x00,0x00,0x0C,0x00,0x0C,0x00,0x06,0x00,
    0x00,0x00,0x00,0x00,0x19,0x00,0x3F,0x00,0x2E,0x00,0x02,0x00,0x0C,0x00,0x00,0x00,0x61,0x80,0x6D,0x80,0x6D,0x80,0x6D,0x80,0x6D,0x80,0x6D,0x80,0x7F,0x80,0x33,0x00,0x00,0x00,0x0C,0x00,0x0C,0x00,0x06,0x00,
    0x00,0x00,0x00,0x00,0x19,0x00,0x3F,0x00,0x2E,0x00,0x08,0x00,0x06,0x00,0x00,0x00,0x61,0x80,0x6D,0x80,0x6D,0x80,0x6D,0x80,0x6D,0x80,0x6D,0x80,0x7F,0x80,0x33,0x00,0x00,0x00,0x0C,0x00,0x0C,0x00,0x06,0x00,
    0x00,0x00,0x00,0x00,0x00,0x00,0xC6,0x00,0x4F,0x00,0x99,0x80,0x19,0x80,0x19,0x80,0x19,0x80,0x19,0x80,0x19,0x80,0x19,0x80,0x19,0x80,0x0F,0x00,0x06,0x00,0x1F,0x80,0x00,0x00,0x06,0x00,0x06,0x00,0x03,0x00,
    0x00,0x00,0x00,0x00,0x00,0x00,0xC6,0x00,0x8F,0x00,0x59,0x80,0x19,0x80,0x19,0x80,0x19,0x80,0x19,0x80,0x19,0x80,0x19,0x80,0x19,0x80,0x0F,0x00,0x06,0x00,0x1F,0x80,0x00,0x00,0x06,0x00,0x06,0x00,0x03,0x00,
    0x00,0x00,0x00,0x00,0x00,0x00,0xE3,0x00,0x57,0x80,0x8C,0xC0,0x0C,0xC0,0x0C,0xC0,0x0C,0xC0,0x0C,0xC0,0x0C,0xC0,0x0C,0xC0,0x0C,0xC0,0x07,0x80,0x03,0x00,0x0F,0xC0,0x00,0x00,0x03,0x00,0x03,0x00,0x01,0x80,
    0x00,0x00,0x00,0x00,0x00,0x00,0xE3,0x00,0x97,0x80,0x4C,0xC0,0x0C,0xC0,0x0C,0xC0,0x0C,0xC0,0x0C,0xC0,0x0C,0xC0,0x0C,0xC0,0x0C,0xC0,0x07,0x80,0x03,0x00,0x0F,0xC0,0x00,0x00,0x03,0x00,0x03,0x00,0x01,0x80,
    0x00,0x00,0x00,0x00,0x00,0x00,0xD3,0x00,0x67,0x80,0x8C,0xC0,0x0C,0xC0,0x0C,0xC0,0x0C,0xC0,0x0C,0xC0,0x0C,0xC0,0x0C,0xC0,0x0C,0xC0,0x07,0x80,0x03,0x00,0x0F,0xC0,0x00,0x00,0x03,0x00,0x03,0x00,0x01,0x80,
    0x00,0x00,0x00,0x00,0x00,0x00,0xD3,0x00,0xA7,0x80,0x4C,0xC0,0x0C,0xC0,0x0C,0xC0,0x0C,0xC0,0x0C,0xC0,0x0C,0xC0,0x0C,0xC0,0x0C,0xC0,0x07,0x80,0x03,0x00,0x0F,0xC0,0x00,0x00,0x03,0x00,0x03,0x00,0x01,0x80,
    0x00,0x00,0x00,0x00,0x00,0x00,0xE6,0x00,0x0F,0x00,0xD9,0x80,0x59,0x80,0x99,0x80,0x19,0x80,0x19,0x80,0x19,0x80,0x19,0x80,0x19,0x80,0x0F,0x00,0x06,0x00,0x1F,0x80,0x00,0x00,0x06,0x00,0x06,0x00,0x03,0x00,
    0x00,0x00,0x00,0x00,0x00,0x00,0xE6,0x00,0x0F,0x00,0xD9,0x80,0x99,0x80,0x59,0x80,0x19,0x80,0x19,0x80,0x19,0x80,0x19,0x80,0x19,0x80,0x0F,0x00,0x06,0x00,0x1F,0x80,0x00,0x00,0x06,0x00,0x06,0x00,0x03,0x00,
    0x00,0x00,0x00,0x00,0x00,0x00,0x21,0x00,0x1E,0x00,0x00,0x00,0x00,0x00,0x00,0x00,0x3D,0x80,0x63,0x80,0x61,0x80,0x61,0x80,0x61,0x80,0x63,0x80,0x65,0x80,0x39,0x80,0x00,0x00,0x00,0x00,0x00,0x00,0x00,0x00,
    0x00,0x00,0x00,0x00,0x00,0x00,0x00,0x00,0x3F,0x00,0x00,0x00,0x00,0x00,0x00,0x00,0x3D,0x80,0x63,0x80,0x61,0x80,0x61,0x80,0x61,0x80,0x63,0x80,0x65,0x80,0x39,0x80,0x00,0x00,0x00,0x00,0x00,0x00,0x00,0x00,
    0x00,0x00,0x00,0x00,0x00,0x00,0x30,0x00,0x18,0x00,0x0C,0x00,0x00,0x00,0x00,0x00,0x3D,0x80,0x63,0x80,0x61,0x80,0x61,0x80,0x61,0x80,0x63,0x80,0x65,0x80,0x39,0x80,0x00,0x00,0x0C,0x00,0x0C,0x00,0x06,0x00,
    0x00,0x00,0x00,0x00,0x00,0x00,0x00,0x00,0x00,0x00,0x00,0x00,0x00,0x00,0x00,0x00,0x3D,0x80,0x63,0x80,0x61,0x80,0x61,0x80,0x61,0x80,0x63,0x80,0x65,0x80,0x39,0x80,0x00,0x00,0x0C,0x00,0x0C,0x00,0x06,0x00,
    0x00,0x00,0x00,0x00,0x00,0x00,0x03,0x00,0x06,0x00,0x0C,0x00,0x00,0x00,0x00,0x00,0x3D,0x80,0x63,0x80,0x61,0x80,0x61,0x80,0x61,0x80,0x63,0x80,0x65,0x80,0x39,0x80,0x00,0x00,0x0C,0x00,0x0C,0x00,0x06,0x00,
    0x00,0x00,0x00,0x00,0x00,0x00,0x19,0x00,0x3F,0x00,0x26,0x00,0x00,0x00,0x00,0x00,0x3D,0x80,0x63,0x80,0x61,0x80,0x61,0x80,0x61,0x80,0x63,0x80,0x65,0x80,0x39,0x80,0x00,0x00,0x00,0x00,0x00,0x00,0x00,0x00,
    0x00,0x00,0x00,0x00,0x00,0x00,0x19,0x00,0x3F,0x00,0x26,0x00,0x00,0x00,0x00,0x00,0x3D,0x80,0x63,0x80,0x61,0x80,0x61,0x80,0x61,0x80,0x63,0x80,0x65,0x80,0x39,0x80,0x00,0x00,0x0C,0x00,0x0C,0x00,0x06,0x00,
    0x00,0x00,0x21,0x00,0x1E,0x00,0x00,0x00,0x0C,0x00,0x1E,0x00,0x33,0x00,0x33,0x00,0x61,0x80,0x61,0x80,0x61,0x80,0x7F,0x80,0x61,0x80,0x61,0x80,0x61,0x80,0x61,0x80,0x00,0x00,0x00,0x00,0x00,0x00,0x00,0x00,
    0x00,0x00,0x3F,0x00,0x00,0x00,0x00,0x00,0x0C,0x00,0x1E,0x00,0x33,0x00,0x33,0x00,0x61,0x80,0x61,0x80,0x61,0x80,0x7F,0x80,0x61,0x80,0x61,0x80,0x61,0x80,0x61,0x80,0x00,0x00,0x00,0x00,0x00,0x00,0x00,0x00,
    0x00,0x00,0x00,0x00,0x00,0x00,0x86,0x00,0xCF,0x00,0x79,0x80,0x19,0x80,0x19,0x80,0x19,0x80,0x19,0x80,0x1F,0x80,0x19,0x80,0x19,0x80,0x19,0x80,0x19,0x80,0x19,0x80,0x00,0x00,0x00,0x00,0x00,0x00,0x00,0x00,
    0x00,0x00,0x00,0x00,0x00,0x00,0x36,0x00,0x6F,0x00,0x59,0x80,0x19,0x80,0x19,0x80,0x19,0x80,0x19,0x80,0x1F,0x80,0x19,0x80,0x19,0x80,0x19,0x80,0x19,0x80,0x19,0x80,0x00,0x00,0x00,0x00,0x00,0x00,0x00,0x00,
    0x00,0x00,0x00,0x00,0x00,0x00,0x0C,0x00,0x1E,0x00,0x33,0x00,0x33,0x00,0x61,0x80,0x61,0x80,0x61,0x80,0x7F,0x80,0x61,0x80,0x61,0x80,0x61,0x80,0x61,0x80,0x61,0x80,0x00,0x00,0x0C,0x00,0x0C,0x00,0x06,0x00,
    0x00,0x00,0x00,0x00,0x00,0x00,0x1C,0x00,0x04,0x00,0x18,0x00,0x00,0x00,0x00,0x00,0x00,0x00,0x00,0x00,0x00,0x00,0x00,0x00,0x00,0x00,0x00,0x00,0x00,0x00,0x00,0x00,0x00,0x00,0x00,0x00,0x00,0x00,0x00,0x00,
    0x00,0x00,0x00,0x00,0x00,0x00,0x00,0x00,0x00,0x00,0x00,0x00,0x00,0x00,0x00,0x00,0x00,0x00,0x00,0x00,0x00,0x00,0x18,0x00,0x18,0x00,0x18,0x00,0x1A,0x00,0x0C,0x00,0x00,0x00,0x00,0x00,0x00,0x00,0x00,0x00,
    0x00,0x00,0x00,0x00,0x00,0x00,0x1C,0x00,0x04,0x00,0x18,0x00,0x00,0x00,0x00,0x00,0x00,0x00,0x00,0x00,0x00,0x00,0x00,0x00,0x00,0x00,0x00,0x00,0x00,0x00,0x00,0x00,0x00,0x00,0x00,0x00,0x00,0x00,0x00,0x00,
    0x00,0x00,0x00,0x00,0x00,0x00,0x19,0x00,0x3F,0x00,0x26,0x00,0x00,0x00,0x00,0x00,0x00,0x00,0x00,0x00,0x00,0x00,0x00,0x00,0x00,0x00,0x00,0x00,0x00,0x00,0x00,0x00,0x00,0x00,0x00,0x00,0x00,0x00,0x00,0x00,
    0x00,0x00,0x00,0x00,0x00,0x00,0x19,0x00,0x3F,0x00,0x26,0x00,0x33,0x00,0x33,0x00,0x00,0x00,0x00,0x00,0x00,0x00,0x00,0x00,0x00,0x00,0x00,0x00,0x00,0x00,0x00,0x00,0x00,0x00,0x00,0x00,0x00,0x00,0x00,0x00,
    0x00,0x00,0x00,0x00,0x00,0x00,0x30,0x00,0x18,0x00,0x0C,0x00,0x00,0x00,0x00,0x00,0x6E,0x00,0x73,0x00,0x61,0x80,0x61,0x80,0x61,0x80,0x61,0x80,0x61,0x80,0x61,0x80,0x01,0x80,0x61,0x80,0x61,0x80,0x31,0x80,
    0x00,0x00,0x00,0x00,0x00,0x00,0x00,0x00,0x00,0x00,0x00,0x00,0x00,0x00,0x00,0x00,0x6E,0x00,0x73,0x00,0x61,0x80,0x61,0x80,0x61,0x80,0x61,0x80,0x61,0x80,0x61,0x80,0x01,0x80,0x61,0x80,0x61,0x80,0x31,0x80,
    0x00,0x00,0x00,0x00,0x00,0x00,0x03,0x00,0x06,0x00,0x0C,0x00,0x00,0x00,0x00,0x00,0x6E,0x00,0x73,0x00,0x61,0x80,0x61,0x80,0x61,0x80,0x61,0x80,0x61,0x80,0x61,0x80,0x01,0x80,0x61,0x80,0x61,0x80,0x31,0x80,
    0x00,0x00,0x00,0x00,0x00,0x00,0x19,0x00,0x3F,0x00,0x26,0x00,0x00,0x00,0x00,0x00,0x6E,0x00,0x73,0x00,0x61,0x80,0x61,0x80,0x61,0x80,0x61,0x80,0x61,0x80,0x61,0x80,0x01,0x80,0x01,0x80,0x01,0x80,0x01,0x80,
    0x00,0x00,0x00,0x00,0x00,0x00,0x19,0x00,0x3F,0x00,0x26,0x00,0x00,0x00,0x00,0x00,0x6E,0x00,0x73,0x00,0x61,0x80,0x61,0x80,0x61,0x80,0x61,0x80,0x61,0x80,0x61,0x80,0x01,0x80,0x61,0x80,0x61,0x80,0x31,0x80,
    0x00,0x00,0x00,0x00,0x00,0x00,0xDF,0x80,0x78,0x00,0x38,0x00,0x18,0x00,0x18,0x00,0x18,0x00,0x1F,0x00,0x18,0x00,0x18,0x00,0x18,0x00,0x18,0x00,0x18,0x00,0x1F,0x80,0x00,0x00,0x00,0x00,0x00,0x00,0x00,0x00,
    0x00,0x00,0x00,0x00,0x00,0x00,0x7F,0x80,0xD8,0x00,0x98,0x00,0x18,0x00,0x18,0x00,0x18,0x00,0x1F,0x00,0x18,0x00,0x18,0x00,0x18,0x00,0x18,0x00,0x18,0x00,0x1F,0x80,0x00,0x00,0x00,0x00,0x00,0x00,0x00,0x00,
    0x00,0x00,0x00,0x00,0x00,0x00,0xD9,0x80,0x79,0x80,0x39,0x80,0x19,0x80,0x19,0x80,0x19,0x80,0x1F,0x80,0x19,0x80,0x19,0x80,0x19,0x80,0x19,0x80,0x19,0x80,0x19,0x80,0x00,0x00,0x00,0x00,0x00,0x00,0x00,0x00,
    0x00,0x00,0x00,0x00,0x00,0x00,0x79,0x80,0xD9,0x80,0x99,0x80,0x19,0x80,0x19,0x80,0x19,0x80,0x1F,0x80,0x19,0x80,0x19,0x80,0x19,0x80,0x19,0x80,0x19,0x80,0x19,0x80,0x00,0x00,0x00,0x00,0x00,0x00,0x00,0x00,
    0x00,0x00,0x00,0x00,0x00,0x00,0x61,0x80,0x61,0x80,0x61,0x80,0x61,0x80,0x61,0x80,0x61,0x80,0x7F,0x80,0x61,0x80,0x61,0x80,0x61,0x80,0x61,0x80,0x61,0x80,0x61,0x80,0x00,0x00,0x0C,0x00,0x0C,0x00,0x06,0x00,
    0x00,0x00,0x00,0x00,0x00,0x00,0x76,0x00,0x13,0x00,0x61,0x80,0x00,0x00,0x00,0x00,0x00,0x00,0x00,0x00,0x00,0x00,0x00,0x00,0x00,0x00,0x00,0x00,0x00,0x00,0x00,0x00,0x00,0x00,0x00,0x00,0x00,0x00,0x00,0x00,
    0x00,0x00,0x00,0x00,0x00,0x00,0x39,0x80,0x0B,0x00,0x36,0x00,0x00,0x00,0x00,0x00,0x00,0x00,0x00,0x00,0x00,0x00,0x00,0x00,0x00,0x00,0x00,0x00,0x00,0x00,0x00,0x00,0x00,0x00,0x00,0x00,0x00,0x00,0x00,0x00,
    0x00,0x00,0x00,0x00,0x00,0x00,0x19,0x00,0x3F,0x00,0x2E,0x00,0x02,0x00,0x0C,0x00,0x00,0x00,0x00,0x00,0x00,0x00,0x00,0x00,0x00,0x00,0x00,0x00,0x00,0x00,0x00,0x00,0x00,0x00,0x00,0x00,0x00,0x00,0x00,0x00,
    0x00,0x00,0x00,0x00,0x00,0x00,0x42,0x00,0x3C,0x00,0x00,0x00,0x00,0x00,0x00,0x00,0x18,0x00,0x18,0x00,0x18,0x00,0x18,0x00,0x18,0x00,0x18,0x00,0x1B,0x00,0x0E,0x00,0x00,0x00,0x00,0x00,0x00,0x00,0x00,0x00,
    0x00,0x00,0x00,0x00,0x00,0x00,0x00,0x00,0x7E,0x00,0x00,0x00,0x00,0x00,0x00,0x00,0x18,0x00,0x18,0x00,0x18,0x00,0x18,0x00,0x18,0x00,0x18,0x00,0x1B,0x00,0x0E,0x00,0x00,0x00,0x00,0x00,0x00,0x00,0x00,0x00,
    0x00,0x00,0x00,0x00,0x00,0x00,0x18,0x00,0x6D,0x80,0x67,0x80,0x00,0x00,0x00,0x00,0x0C,0x00,0x0C,0x00,0x0C,0x00,0x0C,0x00,0x0C,0x00,0x0C,0x00,0x0D,0x80,0x07,0x00,0x00,0x00,0x00,0x00,0x00,0x00,0x00,0x00,
    0x00,0x00,0x00,0x00,0x00,0x00,0x06,0x00,0x6D,0x80,0x79,0x80,0x00,0x00,0x00,0x00,0x0C,0x00,0x0C,0x00,0x0C,0x00,0x0C,0x00,0x0C,0x00,0x0C,0x00,0x0D,0x80,0x07,0x00,0x00,0x00,0x00,0x00,0x00,0x00,0x00,0x00,
    0x00,0x00,0x00,0x00,0x00,0x00,0x32,0x00,0x7E,0x00,0x4C,0x00,0x00,0x00,0x00,0x00,0x18,0x00,0x18,0x00,0x18,0x00,0x18,0x00,0x18,0x00,0x18,0x00,0x1B,0x00,0x0E,0x00,0x00,0x00,0x00,0x00,0x00,0x00,0x00,0x00,
    0x00,0x00,0x00,0x00,0x32,0x00,0x7E,0x00,0x4C,0x00,0x66,0x00,0x66,0x00,0x00,0x00,0x18,0x00,0x18,0x00,0x18,0x00,0x18,0x00,0x18,0x00,0x18,0x00,0x1B,0x00,0x0E,0x00,0x00,0x00,0x00,0x00,0x00,0x00,0x00,0x00,
    0x00,0x00,0x21,0x00,0x1E,0x00,0x00,0x00,0x7F,0x80,0x0C,0x00,0x0C,0x00,0x0C,0x00,0x0C,0x00,0x0C,0x00,0x0C,0x00,0x0C,0x00,0x0C,0x00,0x0C,0x00,0x0C,0x00,0x7F,0x80,0x00,0x00,0x00,0x00,0x00,0x00,0x00,0x00,
    0x00,0x00,0x3F,0x00,0x00,0x00,0x00,0x00,0x7F,0x80,0x0C,0x00,0x0C,0x00,0x0C,0x00,0x0C,0x00,0x0C,0x00,0x0C,0x00,0x0C,0x00,0x0C,0x00,0x0C,0x00,0x0C,0x00,0x7F,0x80,0x00,0x00,0x00,0x00,0x00,0x00,0x00,0x00,
    0x00,0x00,0x00,0x00,0x00,0x00,0xDF,0x80,0x66,0x00,0x26,0x00,0x06,0x00,0x06,0x00,0x06,0x00,0x06,0x00,0x06,0x00,0x06,0x00,0x06,0x00,0x06,0x00,0x06,0x00,0x1F,0x80,0x00,0x00,0x00,0x00,0x00,0x00,0x00,0x00,
    0x00,0x00,0x00,0x00,0x00,0x00,0x7F,0x80,0xC6,0x00,0x86,0x00,0x06,0x00,0x06,0x00,0x06,0x00,0x06,0x00,0x06,0x00,0x06,0x00,0x06,0x00,0x06,0x00,0x06,0x00,0x1F,0x80,0x00,0x00,0x00,0x00,0x00,0x00,0x00,0x00,
    0x00,0x00,0x00,0x00,0x00,0x00,0x76,0x00,0x43,0x00,0x31,0x80,0x00,0x00,0x00,0x00,0x00,0x00,0x00,0x00,0x00,0x00,0x00,0x00,0x00,0x00,0x00,0x00,0x00,0x00,0x00,0x00,0x00,0x00,0x00,0x00,0x00,0x00,0x00,0x00,
    0x00,0x00,0x00,0x00,0x00,0x00,0x71,0x80,0x43,0x00,0x36,0x00,0x00,0x00,0x00,0x00,0x00,0x00,0x00,0x00,0x00,0x00,0x00,0x00,0x00,0x00,0x00,0x00,0x00,0x00,0x00,0x00,0x00,0x00,0x00,0x00,0x00,0x00,0x00,0x00,
    0x00,0x00,0x00,0x00,0x00,0x00,0x19,0x00,0x3F,0x00,0x2E,0x00,0x08,0x00,0x06,0x00,0x00,0x00,0x00,0x00,0x00,0x00,0x00,0x00,0x00,0x00,0x00,0x00,0x00,0x00,0x00,0x00,0x00,0x00,0x00,0x00,0x00,0x00,0x00,0x00,
    0x00,0x00,0x00,0x00,0x00,0x00,0x21,0x00,0x1E,0x00,0x00,0x00,0x00,0x00,0x00,0x00,0x61,0x80,0x61,0x80,0x61,0x80,0x61,0x80,0x61,0x80,0x61,0x80,0x33,0x00,0x1E,0x00,0x00,0x00,0x00,0x00,0x00,0x00,0x00,0x00,
    0x00,0x00,0x00,0x00,0x00,0x00,0x00,0x00,0x3F,0x00,0x00,0x00,0x00,0x00,0x00,0x00,0x61,0x80,0x61,0x80,0x61,0x80,0x61,0x80,0x61,0x80,0x61,0x80,0x33,0x00,0x1E,0x00,0x00,0x00,0x00,0x00,0x00,0x00,0x00,0x00,
    0x00,0x00,0x00,0x00,0x00,0x00,0x18,0x00,0x6D,0x80,0x67,0x80,0x00,0x00,0x00,0x00,0x61,0x80,0x61,0x80,0x61,0x80,0x61,0x80,0x61,0x80,0x61,0x80,0x33,0x00,0x1E,0x00,0x00,0x00,0x00,0x00,0x00,0x00,0x00,0x00,
    0x00,0x00,0x00,0x00,0x00,0x00,0x06,0x00,0x6D,0x80,0x79,0x80,0x00,0x00,0x00,0x00,0x61,0x80,0x61,0x80,0x61,0x80,0x61,0x80,0x61,0x80,0x61,0x80,0x33,0x00,0x1E,0x00,0x00,0x00,0x00,0x00,0x00,0x00,0x00,0x00,
    0x00,0x00,0x00,0x00,0x00,0x00,0x0E,0x00,0x02,0x00,0x0C,0x00,0x00,0x00,0x00,0x00,0x1E,0x00,0x33,0x00,0x61,0x80,0x61,0x80,0x61,0x80,0x61,0x80,0x73,0x00,0x7E,0x00,0x60,0x00,0x60,0x00,0x60,0x00,0x60,0x00,
    0x00,0x00,0x00,0x00,0x00,0x00,0x0E,0x00,0x08,0x00,0x06,0x00,0x00,0x00,0x00,0x00,0x1E,0x00,0x33,0x00,0x61,0x80,0x61,0x80,0x61,0x80,0x61,0x80,0x73,0x00,0x7E,0x00,0x60,0x00,0x60,0x00,0x60,0x00,0x60,0x00,
    0x00,0x00,0x00,0x00,0x00,0x00,0x19,0x00,0x3F,0x00,0x26,0x00,0x00,0x00,0x00,0x00,0x61,0x80,0x61,0x80,0x61,0x80,0x61,0x80,0x61,0x80,0x61,0x80,0x33,0x00,0x1E,0x00,0x00,0x00,0x00,0x00,0x00,0x00,0x00,0x00,
    0x00,0x00,0x00,0x00,0x19,0x00,0x3F,0x00,0x26,0x00,0x61,0x80,0x61,0x80,0x00,0x00,0x61,0x80,0x61,0x80,0x61,0x80,0x61,0x80,0x61,0x80,0x61,0x80,0x33,0x00,0x1E,0x00,0x00,0x00,0x00,0x00,0x00,0x00,0x00,0x00,
    0x00,0x00,0x21,0x00,0x1E,0x00,0x00,0x00,0x61,0x80,0x33,0x00,0x33,0x00,0x1E,0x00,0x1E,0x00,0x0C,0x00,0x0C,0x00,0x0C,0x00,0x0C,0x00,0x0C,0x00,0x0C,0x00,0x0C,0x00,0x00,0x00,0x00,0x00,0x00,0x00,0x00,0x00,
    0x00,0x00,0x3F,0x00,0x00,0x00,0x00,0x00,0x61,0x80,0x33,0x00,0x33,0x00,0x1E,0x00,0x1E,0x00,0x0C,0x00,0x0C,0x00,0x0C,0x00,0x0C,0x00,0x0C,0x00,0x0C,0x00,0x0C,0x00,0x00,0x00,0x00,0x00,0x00,0x00,0x00,0x00,
    0x00,0x00,0x00,0x00,0x00,0x00,0xD9,0x80,0x79,0x80,0x39,0x80,0x19,0x80,0x19,0x80,0x0F,0x00,0x0F,0x00,0x06,0x00,0x06,0x00,0x06,0x00,0x06,0x00,0x06,0x00,0x06,0x00,0x00,0x00,0x00,0x00,0x00,0x00,0x00,0x00,
    0x00,0x00,0x00,0x00,0x00,0x00,0x79,0x80,0xD9,0x80,0x99,0x80,0x19,0x80,0x19,0x80,0x0F,0x00,0x0F,0x00,0x06,0x00,0x06,0x00,0x06,0x00,0x06,0x00,0x06,0x00,0x06,0x00,0x00,0x00,0x00,0x00,0x00,0x00,0x00,0x00,
    0x00,0x00,0x00,0x00,0x00,0x00,0xDE,0x00,0x9B,0x00,0x59,0x80,0x19,0x80,0x19,0x80,0x19,0x80,0x1B,0x00,0x1E,0x00,0x18,0x00,0x18,0x00,0x18,0x00,0x18,0x00,0x18,0x00,0x00,0x00,0x00,0x00,0x00,0x00,0x00,0x00,
    0x00,0x00,0x00,0x00,0x00,0x00,0x18,0x00,0x6D,0x80,0x67,0x80,0x00,0x00,0x00,0x00,0x00,0x00,0x00,0x00,0x00,0x00,0x00,0x00,0x00,0x00,0x00,0x00,0x00,0x00,0x00,0x00,0x00,0x00,0x00,0x00,0x00,0x00,0x00,0x00,
    0x00,0x00,0x00,0x00,0x00,0x00,0x06,0x00,0x6D,0x80,0x79,0x80,0x00,0x00,0x00,0x00,0x00,0x00,0x00,0x00,0x00,0x00,0x00,0x00,0x00,0x00,0x00,0x00,0x00,0x00,0x00,0x00,0x00,0x00,0x00,0x00,0x00,0x00,0x00,0x00,
    0x00,0x00,0x00,0x00,0x00,0x00,0x18,0x00,0x0C,0x00,0x06,0x00,0x00,0x00,0x00,0x00,0x00,0x00,0x00,0x00,0x00,0x00,0x00,0x00,0x00,0x00,0x00,0x00,0x00,0x00,0x00,0x00,0x00,0x00,0x00,0x00,0x00,0x00,0x00,0x00,
    0x00,0x00,0x00,0x00,0x00,0x00,0x30,0x00,0x18,0x00,0x0C,0x00,0x00,0x00,0x00,0x00,0x61,0x80,0x6D,0x80,0x6D,0x80,0x6D,0x80,0x6D,0x80,0x6D,0x80,0x7F,0x80,0x33,0x00,0x00,0x00,0x0C,0x00,0x0C,0x00,0x06,0x00,
    0x00,0x00,0x00,0x00,0x00,0x00,0x00,0x00,0x00,0x00,0x00,0x00,0x00,0x00,0x00,0x00,0x61,0x80,0x6D,0x80,0x6D,0x80,0x6D,0x80,0x6D,0x80,0x6D,0x80,0x7F,0x80,0x33,0x00,0x00,0x00,0x0C,0x00,0x0C,0x00,0x06,0x00,
    0x00,0x00,0x00,0x00,0x00,0x00,0x03,0x00,0x06,0x00,0x0C,0x00,0x00,0x00,0x00,0x00,0x61,0x80,0x6D,0x80,0x6D,0x80,0x6D,0x80,0x6D,0x80,0x6D,0x80,0x7F,0x80,0x33,0x00,0x00,0x00,0x0C,0x00,0x0C,0x00,0x06,0x00,
    0x00,0x00,0x00,0x00,0x00,0x00,0x19,0x00,0x3F,0x00,0x26,0x00,0x00,0x00,0x00,0x00,0x61,0x80,0x6D,0x80,0x6D,0x80,0x6D,0x80,0x6D,0x80,0x6D,0x80,0x7F,0x80,0x33,0x00,0x00,0x00,0x00,0x00,0x00,0x00,0x00,0x00,
    0x00,0x00,0x00,0x00,0x00,0x00,0x19,0x00,0x3F,0x00,0x26,0x00,0x00,0x00,0x00,0x00,0x61,0x80,0x6D,0x80,0x6D,0x80,0x6D,0x80,0x6D,0x80,0x6D,0x80,0x7F,0x80,0x33,0x00,0x00,0x00,0x0C,0x00,0x0C,0x00,0x06,0x00,
    0x00,0x00,0x00,0x00,0x00,0x00,0xC6,0x00,0x6F,0x00,0x39,0x80,0x19,0x80,0x19,0x80,0x19,0x80,0x19,0x80,0x19,0x80,0x19,0x80,0x19,0x80,0x19,0x80,0x0F,0x00,0x06,0x00,0x00,0x00,0x00,0x00,0x00,0x00,0x00,0x00,
    0x00,0x00,0x00,0x00,0x00,0x00,0x36,0x00,0x6F,0x00,0x59,0x80,0x19,0x80,0x19,0x80,0x19,0x80,0x19,0x80,0x19,0x80,0x19,0x80,0x19,0x80,0x19,0x80,0x0F,0x00,0x06,0x00,0x00,0x00,0x00,0x00,0x00,0x00,0x00,0x00,
    0x00,0x00,0x00,0x00,0x00,0x00,0xC6,0x00,0x6F,0x00,0x39,0x80,0x19,0x80,0x19,0x80,0x19,0x80,0x19,0x80,0x19,0x80,0x19,0x80,0x19,0x80,0x0F,0x00,0x06,0x00,0x1F,0x80,0x00,0x00,0x00,0x00,0x00,0x00,0x00,0x00,
    0x00,0x00,0x00,0x00,0x00,0x00,0x36,0x00,0x6F,0x00,0x59,0x80,0x19,0x80,0x19,0x80,0x19,0x80,0x19,0x80,0x19,0x80,0x19,0x80,0x19,0x80,0x0F,0x00,0x06,0x00,0x1F,0x80,0x00,0x00,0x00,0x00,0x00,0x00,0x00,0x00,
    0x00,0x00,0x00,0x00,0x00,0x00,0x1E,0x00,0x33,0x00,0x61,0x80,0x61,0x80,0x61,0x80,0x61,0x80,0x61,0x80,0x61,0x80,0x61,0x80,0x61,0x80,0x33,0x00,0x12,0x00,0x73,0x80,0x00,0x00,0x0C,0x00,0x0C,0x00,0x06,0x00,
    0x00,0x00,0x00,0x00,0x00,0x00,0x06,0x00,0x0C,0x00,0x18,0x00,0x00,0x00,0x00,0x00,0x00,0x00,0x00,0x00,0x00,0x00,0x00,0x00,0x00,0x00,0x00,0x00,0x00,0x00,0x00,0x00,0x00,0x00,0x00,0x00,0x00,0x00,0x00,0x00,
    0x00,0x00,0x00,0x00,0x00,0x00,0x1C,0x00,0x10,0x00,0x0C,0x00,0x00,0x00,0x00,0x00,0x00,0x00,0x00,0x00,0x00,0x00,0x00,0x00,0x00,0x00,0x00,0x00,0x00,0x00,0x00,0x00,0x00,0x00,0x00,0x00,0x00,0x00,0x00,0x00,
    0x00,0x00,0x00,0x00,0x00,0x00,0x00,0x00,0x00,0x00,0x00,0x00,0x00,0x00,0x00,0x00,0x00,0x00,0x3F,0x00,0x00,0x00,0x00,0x00,0x00,0x00,0x00,0x00,0x00,0x00,0x00,0x00,0x00,0x00,0x00,0x00,0x00,0x00,0x00,0x00,
    0x00,0x00,0x00,0x00,0x00,0x00,0x00,0x00,0x00,0x00,0x00,0x00,0x00,0x00,0x00,0x00,0x00,0x00,0x3F,0x00,0x00,0x00,0x00,0x00,0x00,0x00,0x00,0x00,0x00,0x00,0x00,0x00,0x00,0x00,0x00,0x00,0x00,0x00,0x00,0x00,
    0x00,0x00,0x00,0x00,0x00,0x00,0x00,0x00,0x00,0x00,0x00,0x00,0x00,0x00,0x00,0x00,0x00,0x00,0x7F,0x80,0x00,0x00,0x00,0x00,0x00,0x00,0x00,0x00,0x00,0x00,0x00,0x00,0x00,0x00,0x00,0x00,0x00,0x00,0x00,0x00,
    0x00,0x00,0x00,0x00,0x00,0x00,0x00,0x00,0x00,0x00,0x00,0x00,0x00,0x00,0x00,0x00,0x00,0x00,0x7F,0x80,0x00,0x00,0x00,0x00,0x00,0x00,0x00,0x00,0x00,0x00,0x00,0x00,0x00,0x00,0x00,0x00,0x00,0x00,0x00,0x00,
    0x00,0x00,0x00,0x00,0x00,0x00,0x00,0x00,0x00,0x00,0x00,0x00,0x00,0x00,0x00,0x00,0x00,0x00,0xFF,0xC0,0x00,0x00,0x00,0x00,0x00,0x00,0x00,0x00,0x00,0x00,0x00,0x00,0x00,0x00,0x00,0x00,0x00,0x00,0x00,0x00,
    0x00,0x00,0x00,0x00,0x00,0x00,0x00,0x00,0x00,0x00,0x00,0x00,0x00,0x00,0x00,0x00,0x00,0x00,0xFF,0xC0,0x00,0x00,0x00,0x00,0x00,0x00,0x00,0x00,0x00,0x00,0x00,0x00,0x00,0x00,0x00,0x00,0x00,0x00,0x00,0x00,
    0x00,0x00,0x00,0x00,0x00,0x00,0x12,0x00,0x12,0x00,0x12,0x00,0x12,0x00,0x12,0x00,0x12,0x00,0x12,0x00,0x12,0x00,0x12,0x00,0x12,0x00,0x12,0x00,0x12,0x00,0x12,0x00,0x00,0x00,0x00,0x00,0x00,0x00,0x00,0x00,
    0x00,0x00,0x00,0x00,0x00,0x00,0x00,0x00,0x00,0x00,0x00,0x00,0x00,0x00,0x00,0x00,0x00,0x00,0x00,0x00,0x00,0x00,0x00,0x00,0x00,0x00,0x00,0x00,0x00,0x00,0x00,0x00,0x7F,0x80,0x00,0x00,0x7F,0x80,0x00,0x00,
    0x00,0x00,0x00,0x00,0x00,0x00,0x0C,0x00,0x18,0x00,0x1C,0x00,0x1C,0x00,0x00,0x00,0x00,0x00,0x00,0x00,0x00,0x00,0x00,0x00,0x00,0x00,0x00,0x00,0x00,0x00,0x00,0x00,0x00,0x00,0x00,0x00,0x00,0x00,0x00,0x00,
    0x00,0x00,0x00,0x00,0x00,0x00,0x0E,0x00,0x0E,0x00,0x06,0x00,0x0C,0x00,0x00,0x00,0x00,0x00,0x00,0x00,0x00,0x00,0x00,0x00,0x00,0x00,0x00,0x00,0x00,0x00,0x00,0x00,0x00,0x00,0x00,0x00,0x00,0x00,0x00,0x00,
    0x00,0x00,0x00,0x00,0x00,0x00,0x00,0x00,0x00,0x00,0x00,0x00,0x00,0x00,0x00,0x00,0x00,0x00,0x00,0x00,0x00,0x00,0x00,0x00,0x00,0x00,0x00,0x00,0x0E,0x00,0x0E,0x00,0x06,0x00,0x0C,0x00,0x00,0x00,0x00,0x00,
    0x00,0x00,0x00,0x00,0x00,0x00,0x0E,0x00,0x0E,0x00,0x0C,0x00,0x06,0x00,0x00,0x00,0x00,0x00,0x00,0x00,0x00,0x00,0x00,0x00,0x00,0x00,0x00,0x00,0x00,0x00,0x00,0x00,0x00,0x00,0x00,0x00,0x00,0x00,0x00,0x00,
    0x00,0x00,0x00,0x00,0x00,0x00,0x19,0x80,0x33,0x00,0x3B,0x80,0x3B,0x80,0x00,0x00,0x00,0x00,0x00,0x00,0x00,0x00,0x00,0x00,0x00,0x00,0x00,0x00,0x00,0x00,0x00,0x00,0x00,0x00,0x00,0x00,0x00,0x00,0x00,0x00,
    0x00,0x00,0x00,0x00,0x00,0x00,0x77,0x00,0x77,0x00,0x33,0x00,0x66,0x00,0x00,0x00,0x00,0x00,0x00,0x00,0x00,0x00,0x00,0x00,0x00,0x00,0x00,0x00,0x00,0x00,0x00,0x00,0x00,0x00,0x00,0x00,0x00,0x00,0x00,0x00,
    0x00,0x00,0x00,0x00,0x00,0x00,0x00,0x00,0x00,0x00,0x00,0x00,0x00,0x00,0x00,0x00,0x00,0x00,0x00,0x00,0x00,0x00,0x00,0x00,0x00,0x00,0x00,0x00,0x77,0x00,0x77,0x00,0x33,0x00,0x66,0x00,0x00,0x00,0x00,0x00,
    0x00,0x00,0x00,0x00,0x00,0x00,0x3B,0x80,0x3B,0x80,0x33,0x00,0x19,0x80,0x00,0x00,0x00,0x00,0x00,0x00,0x00,0x00,0x00,0x00,0x00,0x00,0x00,0x00,0x00,0x00,0x00,0x00,0x00,0x00,0x00,0x00,0x00,0x00,0x00,0x00,
    0x00,0x00,0x00,0x00,0x00,0x00,0x08,0x00,0x1C,0x00,0x08,0x00,0x49,0x00,0xFF,0x80,0x49,0x00,0x08,0x00,0x1C,0x00,0x08,0x00,0x08,0x00,0x08,0x00,0x08,0x00,0x08,0x00,0x00,0x00,0x00,0x00,0x00,0x00,0x00,0x00,
    0x00,0x00,0x00,0x00,0x00,0x00,0x08,0x00,0x1C,0x00,0x08,0x00,0x49,0x00,0xFF,0x80,0x49,0x00,0x08,0x00,0x49,0x00,0xFF,0x80,0x49,0x00,0x08,0x00,0x1C,0x00,0x08,0x00,0x00,0x00,0x00,0x00,0x00,0x00,0x00,0x00,
    0x00,0x00,0x00,0x00,0x00,0x00,0x00,0x00,0x00,0x00,0x00,0x00,0x00,0x00,0x1C,0x00,0x3E,0x00,0x3E,0x00,0x3E,0x00,0x1C,0x00,0x00,0x00,0x00,0x00,0x00,0x00,0x00,0x00,0x00,0x00,0x00,0x00,0x00,0x00,0x00,0x00,
    0x00,0x00,0x00,0x00,0x00,0x00,0x00,0x00,0x00,0x00,0x00,0x00,0x00,0x00,0x30,0x00,0x3C,0x00,0x3F,0x00,0x3C,0x00,0x30,0x00,0x00,0x00,0x00,0x00,0x00,0x00,0x00,0x00,0x00,0x00,0x00,0x00,0x00,0x00,0x00,0x00,
    0x00,0x00,0x00,0x00,0x00,0x00,0x00,0x00,0x00,0x00,0x00,0x00,0x00,0x00,0x00,0x00,0x00,0x00,0x00,0x00,0x00,0x00,0x00,0x00,0x00,0x00,0x00,0x00,0x0C,0x00,0x0C,0x00,0x00,0x00,0x00,0x00,0x00,0x00,0x00,0x00,
    0x00,0x00,0x00,0x00,0x00,0x00,0x00,0x00,0x00,0x00,0x00,0x00,0x00,0x00,0x00,0x00,0x00,0x00,0x00,0x00,0x00,0x00,0x00,0x00,0x00,0x00,0x00,0x00,0x63,0x00,0x63,0x00,0x00,0x00,0x00,0x00,0x00,0x00,0x00,0x00,
    0x00,0x00,0x00,0x00,0x00,0x00,0x00,0x00,0x00,0x00,0x00,0x00,0x00,0x00,0x00,0x00,0x00,0x00,0x00,0x00,0x00,0x00,0x00,0x00,0x00,0x00,0x00,0x00,0x6D,0x80,0x6D,0x80,0x00,0x00,0x00,0x00,0x00,0x00,0x00,0x00,
    0x00,0x00,0x00,0x00,0x00,0x00,0x00,0x00,0x00,0x00,0x00,0x00,0x00,0x00,0x00,0x00,0x00,0x00,0x0C,0x00,0x0C,0x00,0x00,0x00,0x00,0x00,0x00,0x00,0x00,0x00,0x00,0x00,0x00,0x00,0x00,0x00,0x00,0x00,0x00,0x00,
    0x00,0x00,0x00,0x00,0x00,0x00,0x00,0x00,0x11,0x80,0x29,0x00,0x2B,0x00,0x12,0x00,0x06,0x00,0x04,0x00,0x0C,0x00,0x08,0x00,0x1A,0x80,0x15,0x40,0x35,0x40,0x22,0x80,0x00,0x00,0x00,0x00,0x00,0x00,0x00,0x00,
    0x00,0x00,0x00,0x00,0x00,0x00,0x06,0x00,0x0C,0x00,0x18,0x00,0x30,0x00,0x00,0x00,0x00,0x00,0x00,0x00,0x00,0x00,0x00,0x00,0x00,0x00,0x00,0x00,0x00,0x00,0x00,0x00,0x00,0x00,0x00,0x00,0x00,0x00,0x00,0x00,
    0x00,0x00,0x00,0x00,0x00,0x00,0x0C,0xC0,0x19,0x80,0x33,0x00,0x66,0x00,0x00,0x00,0x00,0x00,0x00,0x00,0x00,0x00,0x00,0x00,0x00,0x00,0x00,0x00,0x00,0x00,0x00,0x00,0x00,0x00,0x00,0x00,0x00,0x00,0x00,0x00,
    0x00,0x00,0x00,0x00,0x00,0x00,0x1B,0x40,0x36,0xC0,0x6D,0x80,0xDB,0x00,0x00,0x00,0x00,0x00,0x00,0x00,0x00,0x00,0x00,0x00,0x00,0x00,0x00,0x00,0x00,0x00,0x00,0x00,0x00,0x00,0x00,0x00,0x00,0x00,0x00,0x00,
    0x00,0x00,0x00,0x00,0x30,0x00,0x18,0x00,0x0C,0x00,0x06,0x00,0x00,0x00,0x00,0x00,0x00,0x00,0x00,0x00,0x00,0x00,0x00,0x00,0x00,0x00,0x00,0x00,0x00,0x00,0x00,0x00,0x00,0x00,0x00,0x00,0x00,0x00,0x00,0x00,
    0x00,0x00,0x00,0x00,0xCC,0x00,0x66,0x00,0x33,0x00,0x19,0x80,0x00,0x00,0x00,0x00,0x00,0x00,0x00,0x00,0x00,0x00,0x00,0x00,0x00,0x00,0x00,0x00,0x00,0x00,0x00,0x00,0x00,0x00,0x00,0x00,0x00,0x00,0x00,0x00,
    0x00,0x00,0x00,0x00,0xB6,0x00,0xDB,0x00,0x6D,0x80,0x36,0xC0,0x00,0x00,0x00,0x00,0x00,0x00,0x00,0x00,0x00,0x00,0x00,0x00,0x00,0x00,0x00,0x00,0x00,0x00,0x00,0x00,0x00,0x00,0x00,0x00,0x00,0x00,0x00,0x00,
    0x00,0x00,0x00,0x00,0x00,0x00,0x00,0x00,0x00,0x00,0x01,0x00,0x03,0x00,0x06,0x00,0x0C,0x00,0x18,0x00,0x30,0x00,0x18,0x00,0x0C,0x00,0x06,0x00,0x03,0x00,0x01,0x00,0x00,0x00,0x00,0x00,0x00,0x00,0x00,0x00,
    0x00,0x00,0x00,0x00,0x00,0x00,0x00,0x00,0x00,0x00,0x20,0x00,0x30,0x00,0x18,0x00,0x0C,0x00,0x06,0x00,0x03,0x00,0x06,0x00,0x0C,0x00,0x18,0x00,0x30,0x00,0x20,0x00,0x00,0x00,0x00,0x00,0x00,0x00,0x00,0x00,
    0x00,0x00,0x00,0x00,0x00,0x00,0x33,0x00,0x33,0x00,0x33,0x00,0x33,0x00,0x33,0x00,0x33,0x00,0x33,0x00,0x33,0x00,0x33,0x00,0x33,0x00,0x00,0x00,0x33,0x00,0x33,0x00,0x00,0x00,0x00,0x00,0x00,0x00,0x00,0x00,
    0x00,0x00,0x00,0x00,0xFF,0xC0,0x00,0x00,0x00,0x00,0x00,0x00,0x00,0x00,0x00,0x00,0x00,0x00,0x00,0x00,0x00,0x00,0x00,0x00,0x00,0x00,0x00,0x00,0x00,0x00,0x00,0x00,0x00,0x00,0x00,0x00,0x00,0x00,0x00,0x00,
    0x00,0x00,0x00,0x00,0x00,0xC0,0x00,0xC0,0x01,0x80,0x01,0x80,0x03,0x00,0x03,0x00,0x06,0x00,0x06,0x00,0x0C,0x00,0x0C,0x00,0x18,0x00,0x18,0x00,0x30,0x00,0x30,0x00,0x60,0x00,0x60,0x00,0x00,0x00,0x00,0x00,
    0x00,0x00,0x00,0x00,0x00,0x00,0x1C,0x00,0x36,0x00,0x36,0x00,0x36,0x00,0x36,0x00,0x36,0x00,0x1C,0x00,0x00,0x00,0x00,0x00,0x00,0x00,0x00,0x00,0x00,0x00,0x00,0x00,0x00,0x00,0x00,0x00,0x00,0x00,0x00,0x00,
    0x00,0x00,0x00,0x00,0x30,0x00,0x30,0x00,0x00,0x00,0x70,0x00,0x30,0x00,0x30,0x00,0x30,0x00,0x78,0x00,0x00,0x00,0x00,0x00,0x00,0x00,0x00,0x00,0x00,0x00,0x00,0x00,0x00,0x00,0x00,0x00,0x00,0x00,0x00,0x00,
    0x00,0x00,0x00,0x00,0x00,0x00,0x0C,0x00,0x1C,0x00,0x3C,0x00,0x6C,0x00,0x7E,0x00,0x0C,0x00,0x0C,0x00,0x00,0x00,0x00,0x00,0x00,0x00,0x00,0x00,0x00,0x00,0x00,0x00,0x00,0x00,0x00,0x00,0x00,0x00,0x00,0x00,
    0x00,0x00,0x00,0x00,0x00,0x00,0x3E,0x00,0x30,0x00,0x30,0x00,0x3C,0x00,0x06,0x00,0x36,0x00,0x1C,0x00,0x00,0x00,0x00,0x00,0x00,0x00,0x00,0x00,0x00,0x00,0x00,0x00,0x00,0x00,0x00,0x00,0x00,0x00,0x00,0x00,
    0x00,0x00,0x00,0x00,0x00,0x00,0x1C,0x00,0x36,0x00,0x30,0x00,0x3C,0x00,0x36,0x00,0x36,0x00,0x1C,0x00,0x00,0x00,0x00,0x00,0x00,0x00,0x00,0x00,0x00,0x00,0x00,0x00,0x00,0x00,0x00,0x00,0x00,0x00,0x00,0x00,
    0x00,0x00,0x00,0x00,0x00,0x00,0x3E,0x00,0x06,0x00,0x06,0x00,0x0C,0x00,0x18,0x00,0x18,0x00,0x18,0x00,0x00,0x00,0x00,0x00,0x00,0x00,0x00,0x00,0x00,0x00,0x00,0x00,0x00,0x00,0x00,0x00,0x00,0x00,0x00,0x00,
    0x00,0x00,0x00,0x00,0x00,0x00,0x1C,0x00,0x36,0x00,0x36,0x00,0x1C,0x00,0x36,0x00,0x36,0x00,0x1C,0x00,0x00,0x00,0x00,0x00,0x00,0x00,0x00,0x00,0x00,0x00,0x00,0x00,0x00,0x00,0x00,0x00,0x00,0x00,0x00,0x00,
    0x00,0x00,0x00,0x00,0x00,0x00,0x1C,0x00,0x36,0x00,0x36,0x00,0x1E,0x00,0x06,0x00,0x36,0x00,0x1C,0x00,0x00,0x00,0x00,0x00,0x00,0x00,0x00,0x00,0x00,0x00,0x00,0x00,0x00,0x00,0x00,0x00,0x00,0x00,0x00,0x00,
    0x00,0x00,0x00,0x00,0x00,0x00,0x00,0x00,0x08,0x00,0x08,0x00,0x3E,0x00,0x08,0x00,0x08,0x00,0x00,0x00,0x00,0x00,0x00,0x00,0x00,0x00,0x00,0x00,0x00,0x00,0x00,0x00,0x00,0x00,0x00,0x00,0x00,0x00,0x00,0x00,
    0x00,0x00,0x00,0x00,0x00,0x00,0x00,0x00,0x00,0x00,0x00,0x00,0x3E,0x00,0x00,0x00,0x00,0x00,0x00,0x00,0x00,0x00,0x00,0x00,0x00,0x00,0x00,0x00,0x00,0x00,0x00,0x00,0x00,0x00,0x00,0x00,0x00,0x00,0x00,0x00,
    0x00,0x00,0x00,0x00,0x00,0x00,0x00,0x00,0x00,0x00,0x3E,0x00,0x00,0x00,0x3E,0x00,0x00,0x00,0x00,0x00,0x00,0x00,0x00,0x00,0x00,0x00,0x00,0x00,0x00,0x00,0x00,0x00,0x00,0x00,0x00,0x00,0x00,0x00,0x00,0x00,
    0x00,0x00,0x00,0x00,0x00,0x00,0x0C,0x00,0x18,0x00,0x18,0x00,0x18,0x00,0x18,0x00,0x18,0x00,0x0C,0x00,0x00,0x00,0x00,0x00,0x00,0x00,0x00,0x00,0x00,0x00,0x00,0x00,0x00,0x00,0x00,0x00,0x00,0x00,0x00,0x00,
    0x00,0x00,0x00,0x00,0x00,0x00,0x18,0x00,0x0C,0x00,0x0C,0x00,0x0C,0x00,0x0C,0x00,0x0C,0x00,0x18,0x00,0x00,0x00,0x00,0x00,0x00,0x00,0x00,0x00,0x00,0x00,0x00,0x00,0x00,0x00,0x00,0x00,0x00,0x00,0x00,0x00,
    0x00,0x00,0x00,0x00,0x00,0x00,0x00,0x00,0x00,0x00,0x3C,0x00,0x36,0x00,0x36,0x00,0x36,0x00,0x36,0x00,0x00,0x00,0x00,0x00,0x00,0x00,0x00,0x00,0x00,0x00,0x00,0x00,0x00,0x00,0x00,0x00,0x00,0x00,0x00,0x00,
    0x00,0x00,0x00,0x00,0x00,0x00,0x00,0x00,0x00,0x00,0x00,0x00,0x00,0x00,0x00,0x00,0x00,0x00,0x00,0x00,0x00,0x00,0x1C,0x00,0x36,0x00,0x36,0x00,0x36,0x00,0x36,0x00,0x36,0x00,0x1C,0x00,0x00,0x00,0x00,0x00,
    0x00,0x00,0x00,0x00,0x00,0x00,0x00,0x00,0x00,0x00,0x00,0x00,0x00,0x00,0x00,0x00,0x00,0x00,0x00,0x00,0x00,0x00,0x18,0x00,0x38,0x00,0x18,0x00,0x18,0x00,0x18,0x00,0x18,0x00,0x3C,0x00,0x00,0x00,0x00,0x00,
    0x00,0x00,0x00,0x00,0x00,0x00,0x00,0x00,0x00,0x00,0x00,0x00,0x00,0x00,0x00,0x00,0x00,0x00,0x00,0x00,0x00,0x00,0x1C,0x00,0x36,0x00,0x06,0x00,0x0C,0x00,0x18,0x00,0x30,0x00,0x3E,0x00,0x00,0x00,0x00,0x00,
    0x00,0x00,0x00,0x00,0x00,0x00,0x00,0x00,0x00,0x00,0x00,0x00,0x00,0x00,0x00,0x00,0x00,0x00,0x00,0x00,0x00,0x00,0x1C,0x00,0x36,0x00,0x06,0x00,0x0C,0x00,0x06,0x00,0x36,0x00,0x1C,0x00,0x00,0x00,0x00,0x00,
    0x00,0x00,0x00,0x00,0x00,0x00,0x00,0x00,0x00,0x00,0x00,0x00,0x00,0x00,0x00,0x00,0x00,0x00,0x00,0x00,0x00,0x00,0x0C,0x00,0x1C,0x00,0x3C,0x00,0x6C,0x00,0x7E,0x00,0x0C,0x00,0x0C,0x00,0x00,0x00,0x00,0x00,
    0x00,0x00,0x00,0x00,0x00,0x00,0x00,0x00,0x00,0x00,0x00,0x00,0x00,0x00,0x00,0x00,0x00,0x00,0x00,0x00,0x00,0x00,0x3E,0x00,0x30,0x00,0x30,0x00,0x3C,0x00,0x06,0x00,0x36,0x00,0x1C,0x00,0x00,0x00,0x00,0x00,
    0x00,0x00,0x00,0x00,0x00,0x00,0x00,0x00,0x00,0x00,0x00,0x00,0x00,0x00,0x00,0x00,0x00,0x00,0x00,0x00,0x00,0x00,0x1C,0x00,0x36,0x00,0x30,0x00,0x3C,0x00,0x36,0x00,0x36,0x00,0x1C,0x00,0x00,0x00,0x00,0x00,
    0x00,0x00,0x00,0x00,0x00,0x00,0x00,0x00,0x00,0x00,0x00,0x00,0x00,0x00,0x00,0x00,0x00,0x00,0x00,0x00,0x00,0x00,0x3E,0x00,0x06,0x00,0x06,0x00,0x0C,0x00,0x18,0x00,0x18,0x00,0x18,0x00,0x00,0x00,0x00,0x00,
    0x00,0x00,0x00,0x00,0x00,0x00,0x00,0x00,0x00,0x00,0x00,0x00,0x00,0x00,0x00,0x00,0x00,0x00,0x00,0x00,0x00,0x00,0x1C,0x00,0x36,0x00,0x36,0x00,0x1C,0x00,0x36,0x00,0x36,0x00,0x1C,0x00,0x00,0x00,0x00,0x00,
    0x00,0x00,0x00,0x00,0x00,0x00,0x00,0x00,0x00,0x00,0x00,0x00,0x00,0x00,0x00,0x00,0x00,0x00,0x00,0x00,0x00,0x00,0x1C,0x00,0x36,0x00,0x36,0x00,0x1E,0x00,0x06,0x00,0x36,0x00,0x1C,0x00,0x00,0x00,0x00,0x00,
    0x00,0x00,0x00,0x00,0x00,0x00,0x00,0x00,0x00,0x00,0x00,0x00,0x00,0x00,0x00,0x00,0x00,0x00,0x00,0x00,0x00,0x00,0x00,0x00,0x08,0x00,0x08,0x00,0x3E,0x00,0x08,0x00,0x08,0x00,0x00,0x00,0x00,0x00,0x00,0x00,
    0x00,0x00,0x00,0x00,0x00,0x00,0x00,0x00,0x00,0x00,0x00,0x00,0x00,0x00,0x00,0x00,0x00,0x00,0x00,0x00,0x00,0x00,0x00,0x00,0x00,0x00,0x00,0x00,0x3E,0x00,0x00,0x00,0x00,0x00,0x00,0x00,0x00,0x00,0x00,0x00,
    0x00,0x00,0x00,0x00,0x00,0x00,0x00,0x00,0x00,0x00,0x00,0x00,0x00,0x00,0x00,0x00,0x00,0x00,0x00,0x00,0x00,0x00,0x00,0x00,0x00,0x00,0x3E,0x00,0x00,0x00,0x3E,0x00,0x00,0x00,0x00,0x00,0x00,0x00,0x00,0x00,
    0x00,0x00,0x00,0x00,0x00,0x00,0x00,0x00,0x00,0x00,0x00,0x00,0x00,0x00,0x00,0x00,0x00,0x00,0x00,0x00,0x00,0x00,0x0C,0x00,0x18,0x00,0x18,0x00,0x18,0x00,0x18,0x00,0x18,0x00,0x0C,0x00,0x00,0x00,0x00,0x00,
    0x00,0x00,0x00,0x00,0x00,0x00,0x00,0x00,0x00,0x00,0x00,0x00,0x00,0x00,0x00,0x00,0x00,0x00,0x00,0x00,0x00,0x00,0x18,0x00,0x0C,0x00,0x0C,0x00,0x0C,0x00,0x0C,0x00,0x0C,0x00,0x18,0x00,0x00,0x00,0x00,0x00,
    0x00,0x00,0x00,0x00,0x00,0x00,0x7F,0x80,0x60,0x00,0x60,0x00,0x60,0x00,0x60,0x00,0x60,0x00,0x7E,0x00,0x60,0x00,0x6F,0x00,0x6D,0x80,0x6F,0x00,0x6D,0x80,0x6D,0x80,0x00,0x00,0x00,0x00,0x00,0x00,0x00,0x00,
    0x00,0x00,0x00,0x00,0x00,0x00,0x00,0x00,0x0F,0x00,0x19,0x80,0x19,0x80,0x18,0x00,0x7E,0x00,0x18,0x00,0x7E,0x00,0x18,0x00,0x18,0x00,0x7C,0x00,0x56,0xC0,0x73,0x80,0x00,0x00,0x00,0x00,0x00,0x00,0x00,0x00,
    0x00,0x00,0x00,0x00,0x00,0x00,0x7E,0x00,0x63,0x00,0x61,0x80,0xFF,0xC0,0x61,0x80,0x61,0x80,0x63,0x00,0x7E,0x00,0x60,0x00,0x60,0x00,0x60,0x00,0x60,0x00,0x60,0x00,0x00,0x00,0x00,0x00,0x00,0x00,0x00,0x00,
    0x00,0x00,0x00,0x00,0x00,0x00,0x01,0x80,0x01,0x80,0x7F,0x80,0x01,0x80,0x01,0x80,0x1D,0x80,0x33,0x80,0x61,0x80,0x61,0x80,0x61,0x80,0x61,0x80,0x33,0x80,0x1D,0x80,0x00,0x00,0x7F,0x80,0x00,0x00,0x00,0x00,
    0x00,0x00,0x00,0x00,0x00,0x00,0x00,0x00,0x00,0x00,0x0F,0x00,0x19,0x80,0x30,0x00,0x30,0x00,0x7F,0x00,0x30,0x00,0x7E,0x00,0x30,0x00,0x30,0x00,0x19,0x80,0x0F,0x00,0x00,0x00,0x00,0x00,0x00,0x00,0x00,0x00,
    0x00,0x00,0x00,0x00,0x00,0x00,0x30,0x00,0x3E,0x00,0x73,0x00,0x31,0x80,0x31,0x80,0x31,0x80,0x31,0x80,0x31,0x80,0x31,0x80,0x31,0x80,0x79,0x80,0x5D,0x80,0x77,0x00,0x00,0x00,0x00,0x00,0x00,0x00,0x00,0x00,
    0x18,0x00,0x30,0x00,0x7F,0x80,0x00,0x00,0x00,0x00,0x00,0x00,0x00,0x00,0x00,0x00,0x00,0x00,0x00,0x00,0x00,0x00,0x00,0x00,0x00,0x00,0x00,0x00,0x00,0x00,0x00,0x00,0x00,0x00,0x00,0x00,0x00,0x00,0x00,0x00,
    0x06,0x00,0x03,0x00,0x7F,0x80,0x00,0x00,0x00,0x00,0x00,0x00,0x00,0x00,0x00,0x00,0x00,0x00,0x00,0x00,0x00,0x00,0x00,0x00,0x00,0x00,0x00,0x00,0x00,0x00,0x00,0x00,0x00,0x00,0x00,0x00,0x00,0x00,0x00,0x00,
    0x00,0x00,0x00,0x00,0x0C,0x00,0x0C,0x00,0x0C,0x00,0x0C,0x00,0x0C,0x00,0x0C,0x00,0x0C,0x00,0x0C,0x00,0x0C,0x00,0x0C,0x00,0x0C,0x00,0x0C,0x00,0x0C,0x00,0x0C,0x00,0x0C,0x00,0x00,0x00,0x00,0x00,0x00,0x00,
    0x00,0x00,0x00,0x00,0x00,0x00,0x00,0x00,0x00,0x00,0x0C,0x00,0x0C,0x00,0x0C,0x00,0x0C,0x00,0x0C,0x00,0x0C,0x00,0x0C,0x00,0x0C,0x00,0x0C,0x00,0x0C,0x00,0x0C,0x00,0x00,0x00,0x00,0x00,0x00,0x00,0x00,0x00,
    0x5E,0x00,0x61,0x00,0x70,0x80,0x00,0x00,0x00,0x00,0x00,0x00,0x00,0x00,0x00,0x00,0x00,0x00,0x00,0x00,0x00,0x00,0x00,0x00,0x00,0x00,0x00,0x00,0x00,0x00,0x00,0x00,0x00,0x00,0x00,0x00,0x00,0x00,0x00,0x00,
    0x1E,0x80,0x21,0x80,0x43,0x80,0x00,0x00,0x00,0x00,0x00,0x00,0x00,0x00,0x00,0x00,0x00,0x00,0x00,0x00,0x00,0x00,0x00,0x00,0x00,0x00,0x00,0x00,0x00,0x00,0x00,0x00,0x00,0x00,0x00,0x00,0x00,0x00,0x00,0x00,
    0x10,0x00,0x30,0x00,0x7F,0x80,0x30,0x00,0x10,0x00,0x00,0x00,0x00,0x00,0x00,0x00,0x00,0x00,0x00,0x00,0x00,0x00,0x00,0x00,0x00,0x00,0x00,0x00,0x00,0x00,0x00,0x00,0x00,0x00,0x00,0x00,0x00,0x00,0x00,0x00,
    0x02,0x00,0x03,0x00,0x7F,0x80,0x03,0x00,0x02,0x00,0x00,0x00,0x00,0x00,0x00,0x00,0x00,0x00,0x00,0x00,0x00,0x00,0x00,0x00,0x00,0x00,0x00,0x00,0x00,0x00,0x00,0x00,0x00,0x00,0x00,0x00,0x00,0x00,0x00,0x00,
    0x00,0x00,0x00,0x00,0x00,0x00,0x1E,0x00,0x3B,0x00,0x79,0x80,0xD8,0x00,0xD8,0x00,0xD8,0x00,0xD8,0x00,0xD8,0x00,0xD8,0x00,0xD8,0x00,0x79,0x80,0x3B,0x00,0x1E,0x00,0x00,0x00,0x00,0x00,0x00,0x00,0x00,0x00,
    0x00,0x00,0x00,0x00,0x00,0x00,0x00,0x00,0x31,0x00,0x49,0x00,0x42,0x00,0x4A,0x00,0x34,0x00,0x04,0x00,0x08,0x00,0x0B,0x00,0x14,0x80,0x14,0x80,0x24,0x80,0x23,0x00,0x00,0x00,0x00,0x00,0x00,0x00,0x00,0x00,
    0x00,0x00,0x00,0x00,0x00,0x00,0x03,0x00,0x06,0x80,0x06,0x80,0x06,0x80,0x0C,0x80,0x0D,0x00,0x0D,0x00,0x0D,0x00,0x1A,0x00,0x1C,0x00,0x38,0x80,0x5B,0x00,0x0E,0x00,0x00,0x00,0x00,0x00,0x00,0x00,0x00,0x00,
    0x00,0x00,0x00,0x00,0x00,0x00,0xE1,0x80,0xF1,0x80,0xF1,0x80,0xF9,0x80,0xD9,0x80,0xDD,0x80,0xDD,0x80,0xDF,0x80,0xDF,0x80,0xDB,0x80,0xDB,0x80,0xD9,0x80,0xD9,0x80,0x00,0x00,0x00,0x00,0x00,0x00,0x00,0x00,
    0x00,0x00,0x00,0x00,0x00,0x00,0xCC,0x00,0xCC,0x00,0xCC,0x00,0xEC,0x00,0xEC,0x00,0xFF,0x80,0xFE,0xC0,0xDE,0xC0,0xDE,0xC0,0xCE,0xC0,0xCF,0x80,0xCC,0x00,0xCF,0xC0,0x00,0x00,0x00,0x00,0x00,0x00,0x00,0x00,
    0x00,0x00,0x00,0x00,0x00,0x00,0x1E,0x00,0x3B,0x00,0x79,0x80,0xD9,0x80,0xD9,0x80,0xD9,0x80,0xD9,0x80,0xD9,0x80,0xD9,0x80,0xD9,0x80,0x7F,0x80,0x3B,0x00,0x1F,0x00,0x01,0x80,0x00,0x00,0x00,0x00,0x00,0x00,
    0x00,0x00,0x00,0x00,0x00,0x00,0xFE,0x00,0xDB,0x00,0xD9,0x80,0xD9,0x80,0xD9,0x80,0xD9,0x80,0xDB,0x00,0xDE,0x00,0xDE,0x00,0xDB,0x00,0xDB,0x00,0xD9,0x80,0xD9,0x80,0x00,0x00,0x00,0x00,0x00,0x00,0x00,0x00,
    0x00,0x00,0x00,0x00,0x74,0x40,0x26,0xC0,0x25,0x40,0x24,0x40,0x24,0x40,0x00,0x00,0x00,0x00,0x00,0x00,0x00,0x00,0x00,0x00,0x00,0x00,0x00,0x00,0x00,0x00,0x00,0x00,0x00,0x00,0x00,0x00,0x00,0x00,0x00,0x00,
    0x00,0x00,0x00,0x00,0x00,0x00,0xFF,0x80,0x0D,0x80,0x0D,0x80,0x1B,0x00,0x1B,0x00,0x1B,0x00,0x36,0x00,0x36,0x00,0x6C,0x00,0x6C,0x00,0x6C,0x00,0xD8,0x00,0xFF,0x80,0x00,0x00,0x00,0x00,0x00,0x00,0x00,0x00,
    0x00,0x00,0x00,0x00,0x00,0x00,0x1E,0x00,0x33,0x00,0x61,0x80,0x61,0x80,0x61,0x80,0x61,0x80,0x61,0x80,0x61,0x80,0x61,0x80,0x33,0x00,0x12,0x00,0x52,0x80,0x73,0x80,0x00,0x00,0x00,0x00,0x00,0x00,0x00,0x00,
    0x00,0x00,0x00,0x00,0x00,0x00,0x73,0x80,0x52,0x80,0x12,0x00,0x33,0x00,0x61,0x80,0x61,0x80,0x61,0x80,0x61,0x80,0x61,0x80,0x61,0x80,0x61,0x80,0x33,0x00,0x1E,0x00,0x00,0x00,0x00,0x00,0x00,0x00,0x00,0x00,
    0x00,0x00,0x00,0x00,0x00,0x00,0x00,0x00,0x00,0x00,0x00,0x00,0x00,0x00,0x00,0x00,0x3E,0x00,0x63,0x00,0xE3,0x80,0xFF,0x80,0xE0,0x00,0xE3,0x80,0x63,0x00,0x3E,0x00,0x00,0x00,0x00,0x00,0x00,0x00,0x00,0x00,
    0x00,0x00,0x00,0x00,0x00,0x00,0x20,0x00,0x60,0x00,0x20,0x80,0x21,0x00,0x72,0x00,0x04,0x00,0x0B,0x00,0x14,0x80,0x23,0x00,0x44,0x80,0x04,0x80,0x03,0x00,0x00,0x00,0x00,0x00,0x00,0x00,0x00,0x00,0x00,0x00,
    0x00,0x00,0x00,0x00,0x00,0x00,0x30,0x00,0x48,0x00,0x10,0x80,0x09,0x00,0x4A,0x00,0x34,0x00,0x0B,0x00,0x14,0x80,0x23,0x00,0x44,0x80,0x04,0x80,0x03,0x00,0x00,0x00,0x00,0x00,0x00,0x00,0x00,0x00,0x00,0x00,
    0x00,0x00,0x00,0x00,0x00,0x00,0x78,0x00,0x40,0x00,0x70,0x80,0x09,0x00,0x4A,0x00,0x34,0x00,0x0B,0x00,0x14,0x80,0x23,0x00,0x44,0x80,0x04,0x80,0x03,0x00,0x00,0x00,0x00,0x00,0x00,0x00,0x00,0x00,0x00,0x00,
    0x00,0x00,0x00,0x00,0x00,0x00,0x78,0x00,0x08,0x00,0x10,0x80,0x21,0x00,0x22,0x00,0x24,0x00,0x0B,0x00,0x14,0x80,0x23,0x00,0x44,0x80,0x04,0x80,0x03,0x00,0x00,0x00,0x00,0x00,0x00,0x00,0x00,0x00,0x00,0x00,
    0x00,0x00,0x00,0x00,0x00,0x00,0x00,0x00,0x00,0x00,0x00,0x00,0x18,0x00,0x30,0x00,0x60,0x00,0xFF,0x80,0xFF,0x80,0x60,0x00,0x30,0x00,0x18,0x00,0x00,0x00,0x00,0x00,0x00,0x00,0x00,0x00,0x00,0x00,0x00,0x00,
    0x00,0x00,0x00,0x00,0x00,0x00,0x0C,0x00,0x1E,0x00,0x3F,0x00,0x6D,0x80,0x4C,0x80,0x0C,0x00,0x0C,0x00,0x0C,0x00,0x0C,0x00,0x0C,0x00,0x0C,0x00,0x0C,0x00,0x0C,0x00,0x00,0x00,0x00,0x00,0x00,0x00,0x00,0x00,
    0x00,0x00,0x00,0x00,0x00,0x00,0x00,0x00,0x00,0x00,0x00,0x00,0x0C,0x00,0x06,0x00,0x03,0x00,0xFF,0x80,0xFF,0x80,0x03,0x00,0x06,0x00,0x0C,0x00,0x00,0x00,0x00,0x00,0x00,0x00,0x00,0x00,0x00,0x00,0x00,0x00,
    0x00,0x00,0x00,0x00,0x00,0x00,0x0C,0x00,0x0C,0x00,0x0C,0x00,0x0C,0x00,0x0C,0x00,0x0C,0x00,0x0C,0x00,0x0C,0x00,0x4C,0x80,0x6D,0x80,0x3F,0x00,0x1E,0x00,0x0C,0x00,0x00,0x00,0x00,0x00,0x00,0x00,0x00,0x00,
    0x00,0x00,0x00,0x00,0x00,0x00,0x00,0x00,0x00,0x00,0x00,0x00,0x12,0x00,0x33,0x00,0x61,0x80,0xFF,0xC0,0xFF,0xC0,0x61,0x80,0x33,0x00,0x12,0x00,0x00,0x00,0x00,0x00,0x00,0x00,0x00,0x00,0x00,0x00,0x00,0x00,
    0x00,0x00,0x00,0x00,0x00,0x00,0x0C,0x00,0x1E,0x00,0x3F,0x00,0x6D,0x80,0x4C,0x80,0x0C,0x00,0x0C,0x00,0x0C,0x00,0x4C,0x80,0x6D,0x80,0x3F,0x00,0x1E,0x00,0x0C,0x00,0x00,0x00,0x00,0x00,0x00,0x00,0x00,0x00,
    0x00,0x00,0x00,0x00,0x00,0x00,0x00,0x00,0x00,0x00,0xFC,0x00,0xFE,0x00,0xF0,0x00,0xF8,0x00,0xDC,0x00,0xCE,0x00,0x47,0x00,0x03,0x80,0x01,0x80,0x00,0x00,0x00,0x00,0x00,0x00,0x00,0x00,0x00,0x00,0x00,0x00,
    0x00,0x00,0x00,0x00,0x00,0x00,0x00,0x00,0x00,0x00,0x1F,0x80,0x3F,0x80,0x07,0x80,0x0F,0x80,0x1D,0x80,0x39,0x80,0x71,0x00,0xE0,0x00,0xC0,0x00,0x00,0x00,0x00,0x00,0x00,0x00,0x00,0x00,0x00,0x00,0x00,0x00,
    0x00,0x00,0x00,0x00,0x00,0x00,0x00,0x00,0x00,0x00,0xC0,0x00,0xE0,0x00,0x71,0x00,0x39,0x80,0x1D,0x80,0x0F,0x80,0x07,0x80,0x3F,0x80,0x1F,0x80,0x00,0x00,0x00,0x00,0x00,0x00,0x00,0x00,0x00,0x00,0x00,0x00,
    0x00,0x00,0x00,0x00,0x00,0x00,0x00,0x00,0x00,0x00,0x01,0x80,0x03,0x80,0x47,0x00,0xCE,0x00,0xDC,0x00,0xF8,0x00,0xF0,0x00,0xFE,0x00,0xFC,0x00,0x00,0x00,0x00,0x00,0x00,0x00,0x00,0x00,0x00,0x00,0x00,0x00,
    0x00,0x00,0x00,0x00,0x00,0x00,0x00,0x00,0x00,0x00,0x00,0x00,0x19,0x80,0x31,0x80,0x61,0x80,0xFF,0x80,0xFF,0x80,0x61,0x80,0x31,0x80,0x19,0x80,0x00,0x00,0x00,0x00,0x00,0x00,0x00,0x00,0x00,0x00,0x00,0x00,
    0x00,0x00,0x00,0x00,0x00,0x00,0x0C,0x00,0x1E,0x00,0x3F,0x00,0x6D,0x80,0x4C,0x80,0x0C,0x00,0x0C,0x00,0x0C,0x00,0x0C,0x00,0x0C,0x00,0x0C,0x00,0x7F,0x80,0x7F,0x80,0x00,0x00,0x00,0x00,0x00,0x00,0x00,0x00,
    0x00,0x00,0x00,0x00,0x00,0x00,0x00,0x00,0x00,0x00,0x00,0x00,0xCC,0x00,0xC6,0x00,0xC3,0x00,0xFF,0x80,0xFF,0x80,0xC3,0x00,0xC6,0x00,0xCC,0x00,0x00,0x00,0x00,0x00,0x00,0x00,0x00,0x00,0x00,0x00,0x00,0x00,
    0x00,0x00,0x00,0x00,0x00,0x00,0x7F,0x80,0x7F,0x80,0x0C,0x00,0x0C,0x00,0x0C,0x00,0x0C,0x00,0x0C,0x00,0x0C,0x00,0x4C,0x80,0x6D,0x80,0x3F,0x00,0x1E,0x00,0x0C,0x00,0x00,0x00,0x00,0x00,0x00,0x00,0x00,0x00,
    0x00,0x00,0x00,0x00,0x00,0x00,0x0C,0x00,0x1E,0x00,0x3F,0x00,0x6D,0x80,0x4C,0x80,0x0C,0x00,0x4C,0x80,0x6D,0x80,0x3F,0x00,0x1E,0x00,0x0C,0x00,0x7F,0x80,0x7F,0x80,0x00,0x00,0x00,0x00,0x00,0x00,0x00,0x00,
    0x00,0x00,0x00,0x00,0x00,0x00,0x00,0x00,0x06,0x00,0x03,0x00,0xFF,0x80,0xFF,0x80,0x03,0x00,0x36,0x00,0x60,0x00,0xFF,0x80,0xFF,0x80,0x60,0x00,0x30,0x00,0x00,0x00,0x00,0x00,0x00,0x00,0x00,0x00,0x00,0x00,
    0x00,0x00,0x00,0x00,0x00,0x00,0x00,0x00,0x30,0x00,0x60,0x00,0xFF,0x80,0xFF,0x80,0x60,0x00,0x36,0x00,0x03,0x00,0xFF,0x80,0xFF,0x80,0x03,0x00,0x06,0x00,0x00,0x00,0x00,0x00,0x00,0x00,0x00,0x00,0x00,0x00,
    0x00,0x00,0x00,0x00,0x00,0x00,0x00,0x00,0x00,0x00,0x18,0x00,0x30,0x00,0x7F,0x80,0x7F,0x80,0x00,0x00,0x7F,0x80,0x7F,0x80,0x03,0x00,0x06,0x00,0x00,0x00,0x00,0x00,0x00,0x00,0x00,0x00,0x00,0x00,0x00,0x00,
    0x00,0x00,0x00,0x00,0x00,0x00,0x00,0x00,0x00,0x00,0x06,0x00,0x03,0x00,0x7F,0x80,0x7F,0x80,0x00,0x00,0x7F,0x80,0x7F,0x80,0x30,0x00,0x18,0x00,0x00,0x00,0x00,0x00,0x00,0x00,0x00,0x00,0x00,0x00,0x00,0x00,
    0x00,0x00,0x00,0x00,0x00,0x00,0x00,0x00,0x00,0x00,0x0C,0x00,0x18,0x00,0x3F,0x80,0x7F,0x80,0xC0,0x00,0x7F,0x80,0x3F,0x80,0x18,0x00,0x0C,0x00,0x00,0x00,0x00,0x00,0x00,0x00,0x00,0x00,0x00,0x00,0x00,0x00,
    0x00,0x00,0x00,0x00,0x00,0x00,0x08,0x00,0x1C,0x00,0x36,0x00,0x77,0x00,0xF7,0x80,0xB6,0x80,0x36,0x00,0x36,0x00,0x36,0x00,0x36,0x00,0x36,0x00,0x36,0x00,0x36,0x00,0x00,0x00,0x00,0x00,0x00,0x00,0x00,0x00,
    0x00,0x00,0x00,0x00,0x00,0x00,0x00,0x00,0x00,0x00,0x18,0x00,0x0C,0x00,0xFE,0x00,0xFF,0x00,0x01,0x80,0xFF,0x00,0xFE,0x00,0x0C,0x00,0x18,0x00,0x00,0x00,0x00,0x00,0x00,0x00,0x00,0x00,0x00,0x00,0x00,0x00,
    0x00,0x00,0x00,0x00,0x00,0x00,0x36,0x00,0x36,0x00,0x36,0x00,0x36,0x00,0x36,0x00,0x36,0x00,0x36,0x00,0xB6,0x80,0xF7,0x80,0x77,0x00,0x36,0x00,0x1C,0x00,0x08,0x00,0x00,0x00,0x00,0x00,0x00,0x00,0x00,0x00,
    0x00,0x00,0x00,0x00,0x00,0x00,0x00,0x00,0x00,0x00,0x12,0x00,0x33,0x00,0x7F,0x80,0xFF,0xC0,0x80,0xC0,0xFF,0xC0,0x7F,0x80,0x33,0x00,0x12,0x00,0x00,0x00,0x00,0x00,0x00,0x00,0x00,0x00,0x00,0x00,0x00,0x00,
    0x00,0x00,0x00,0x00,0x00,0x00,0x08,0x00,0x1C,0x00,0x36,0x00,0x77,0x00,0xF7,0x80,0xB6,0x80,0x36,0x00,0xB6,0x80,0xF7,0x80,0x77,0x00,0x36,0x00,0x1C,0x00,0x08,0x00,0x00,0x00,0x00,0x00,0x00,0x00,0x00,0x00,
    0x00,0x00,0x00,0x00,0x00,0x00,0x61,0x80,0x61,0x80,0x61,0x80,0x61,0x80,0x61,0x80,0x7F,0x80,0x61,0x80,0x61,0x80,0x61,0x80,0x33,0x00,0x33,0x00,0x1E,0x00,0x0C,0x00,0x00,0x00,0x00,0x00,0x00,0x00,0x00,0x00,
    0x00,0x00,0x00,0x00,0x1E,0x00,0x33,0x00,0x33,0x00,0x33,0x00,0x30,0x00,0x30,0x00,0x30,0x00,0x30,0x00,0x30,0x00,0x30,0x00,0x30,0x00,0x30,0x00,0x33,0x00,0x33,0x00,0x33,0x00,0x1E,0x00,0x00,0x00,0x00,0x00,
    0x00,0x00,0x00,0x00,0x00,0x00,0x1E,0x00,0x33,0x00,0x01,0x80,0x01,0x80,0x01,0x80,0x0F,0x80,0x19,0x80,0x31,0x80,0x61,0x80,0x63,0x00,0x63,0x00,0x66,0x00,0x3C,0x00,0x00,0x00,0x00,0x00,0x00,0x00,0x00,0x00,
    0x00,0x00,0x00,0x00,0x00,0x00,0x7F,0x80,0x01,0x80,0x01,0x80,0x01,0x80,0x01,0x80,0x01,0x80,0x7F,0x80,0x01,0x80,0x01,0x80,0x01,0x80,0x01,0x80,0x01,0x80,0x7F,0x80,0x00,0x00,0x00,0x00,0x00,0x00,0x00,0x00,
    0x00,0x00,0x00,0x00,0x0C,0x00,0x7F,0x80,0x0D,0x80,0x0D,0x80,0x0D,0x80,0x19,0x80,0x19,0x80,0x7F,0x80,0x19,0x80,0x19,0x80,0x31,0x80,0x31,0x80,0x31,0x80,0x7F,0x80,0x30,0x00,0x00,0x00,0x00,0x00,0x00,0x00,
    0x00,0x00,0x00,0x00,0x01,0x80,0x0D,0x80,0x1F,0x00,0x33,0x00,0x37,0x00,0x67,0x80,0x6D,0x80,0x6D,0x80,0x79,0x80,0x79,0x80,0x33,0x00,0x33,0x00,0x3E,0x00,0x6C,0x00,0x60,0x00,0x00,0x00,0x00,0x00,0x00,0x00,
    0x00,0x00,0x00,0x00,0x00,0x00,0x0C,0x00,0x0C,0x00,0x0C,0x00,0x1E,0x00,0x1E,0x00,0x1E,0x00,0x33,0x00,0x33,0x00,0x33,0x00,0x61,0x80,0x61,0x80,0x61,0x80,0x7F,0x80,0x00,0x00,0x00,0x00,0x00,0x00,0x00,0x00,
    0x00,0x00,0x00,0x00,0x00,0x00,0x7F,0x80,0x61,0x80,0x61,0x80,0x61,0x80,0x33,0x00,0x33,0x00,0x33,0x00,0x1E,0x00,0x1E,0x00,0x1E,0x00,0x0C,0x00,0x0C,0x00,0x0C,0x00,0x00,0x00,0x00,0x00,0x00,0x00,0x00,0x00,
    0x00,0x00,0x00,0x00,0x00,0x00,0x00,0x00,0x00,0x00,0x00,0x00,0x00,0x00,0x1F,0x80,0x30,0x00,0x60,0x00,0x60,0x00,0x7F,0x80,0x60,0x00,0x60,0x00,0x30,0x00,0x1F,0x80,0x00,0x00,0x00,0x00,0x00,0x00,0x00,0x00,
    0x00,0x00,0x00,0x00,0x00,0x00,0x00,0x00,0x00,0x00,0x00,0x00,0x03,0x00,0x1F,0x80,0x36,0x00,0x66,0x00,0x66,0x00,0x7F,0x80,0x6C,0x00,0x6C,0x00,0x38,0x00,0x1F,0x80,0x18,0x00,0x00,0x00,0x00,0x00,0x00,0x00,
    0x00,0x00,0x00,0x00,0x00,0x00,0x00,0x00,0x00,0x00,0x00,0x00,0x00,0x00,0x7E,0x00,0x03,0x00,0x01,0x80,0x01,0x80,0x7F,0x80,0x01,0x80,0x01,0x80,0x03,0x00,0x7E,0x00,0x00,0x00,0x00,0x00,0x00,0x00,0x00,0x00,
    0x00,0x00,0x00,0x00,0x00,0x00,0x00,0x00,0x00,0x00,0x00,0x00,0x06,0x00,0x7E,0x00,0x07,0x00,0x0D,0x80,0x0D,0x80,0x7F,0x80,0x19,0x80,0x19,0x80,0x1B,0x00,0x7E,0x00,0x30,0x00,0x00,0x00,0x00,0x00,0x00,0x00,
    0x00,0x00,0x00,0x00,0xFF,0x80,0x63,0x00,0x63,0x00,0x63,0x00,0x63,0x00,0x63,0x00,0x63,0x00,0x63,0x00,0x63,0x00,0x63,0x00,0x63,0x00,0x63,0x00,0x63,0x00,0x63,0x00,0x63,0x00,0xF3,0x80,0x00,0x00,0x00,0x00,
    0x00,0x00,0x00,0x00,0x7F,0x80,0x30,0x80,0x30,0x80,0x18,0x00,0x18,0x00,0x0C,0x00,0x0C,0x00,0x06,0x00,0x06,0x00,0x0C,0x00,0x0C,0x00,0x18,0x00,0x18,0x00,0x30,0x80,0x30,0x80,0x7F,0x80,0x00,0x00,0x00,0x00,
    0x00,0x00,0x00,0x00,0x00,0x00,0x00,0x00,0x00,0x00,0x00,0x00,0x00,0x00,0x00,0x00,0x00,0x00,0x7F,0x80,0x00,0x00,0x00,0x00,0x00,0x00,0x00,0x00,0x00,0x00,0x00,0x00,0x00,0x00,0x00,0x00,0x00,0x00,0x00,0x00,
    0x00,0x00,0x00,0x00,0x00,0x00,0x00,0x00,0x00,0x00,0x00,0x00,0x00,0x00,0x7F,0x80,0x00,0x00,0x0C,0x00,0x0C,0x00,0x7F,0x80,0x0C,0x00,0x0C,0x00,0x00,0x00,0x00,0x00,0x00,0x00,0x00,0x00,0x00,0x00,0x00,0x00,
    0x00,0x00,0x00,0x00,0x00,0x00,0x00,0x00,0x01,0x80,0x01,0x80,0x03,0x00,0x03,0x00,0x06,0x00,0x06,0x00,0x0C,0x00,0x0C,0x00,0x18,0x00,0x18,0x00,0x30,0x00,0x30,0x00,0x00,0x00,0x00,0x00,0x00,0x00,0x00,0x00,
    0x00,0x00,0x00,0x00,0x00,0x00,0x00,0x00,0x00,0x00,0x00,0x00,0x00,0x00,0x0C,0x00,0x12,0x00,0x12,0x00,0x0C,0x00,0x00,0x00,0x00,0x00,0x00,0x00,0x00,0x00,0x00,0x00,0x00,0x00,0x00,0x00,0x00,0x00,0x00,0x00,
    0x00,0x00,0x00,0x00,0x00,0x00,0x00,0x00,0x00,0x00,0x00,0x00,0x00,0x00,0x0C,0x00,0x1E,0x00,0x1E,0x00,0x0C,0x00,0x00,0x00,0x00,0x00,0x00,0x00,0x00,0x00,0x00,0x00,0x00,0x00,0x00,0x00,0x00,0x00,0x00,0x00,
    0x00,0x00,0x00,0x00,0x07,0xC0,0x06,0x00,0x06,0x00,0x0C,0x00,0x0C,0x00,0xCC,0x00,0xD8,0x00,0xD8,0x00,0xD8,0x00,0xF0,0x00,0x70,0x00,0x70,0x00,0x60,0x00,0x60,0x00,0x00,0x00,0x00,0x00,0x00,0x00,0x00,0x00,
    0x00,0x00,0x00,0x00,0x00,0x00,0x00,0x00,0x00,0x00,0x00,0x00,0x00,0x00,0x31,0x80,0x4A,0x00,0x44,0x00,0x4A,0x00,0x31,0x80,0x00,0x00,0x00,0x00,0x00,0x00,0x00,0x00,0x00,0x00,0x00,0x00,0x00,0x00,0x00,0x00,
    0x00,0x00,0x00,0x00,0x00,0x00,0x00,0x00,0x00,0x00,0x00,0x00,0x00,0x00,0x63,0x00,0x94,0x80,0x88,0x80,0x94,0x80,0x63,0x00,0x00,0x00,0x00,0x00,0x00,0x00,0x00,0x00,0x00,0x00,0x00,0x00,0x00,0x00,0x00,0x00,
    0x00,0x00,0x00,0x00,0x00,0x00,0x00,0x00,0x00,0x00,0x00,0x00,0x00,0x00,0x00,0x00,0x60,0x00,0x60,0x00,0x60,0x00,0x60,0x00,0x60,0x00,0x60,0x00,0x7F,0x80,0x7F,0x80,0x00,0x00,0x00,0x00,0x00,0x00,0x00,0x00,
    0x00,0x00,0x00,0x00,0x00,0x00,0x00,0x00,0x00,0x00,0x00,0x00,0x00,0x00,0x00,0x80,0x01,0x80,0x33,0x00,0x1E,0x00,0x0C,0x00,0x1E,0x00,0x36,0x00,0x7F,0x80,0x7F,0x80,0x03,0x00,0x03,0x00,0x00,0x00,0x00,0x00,
    0x00,0x00,0x00,0x00,0x00,0x00,0x0C,0x00,0x0C,0x00,0x0C,0x00,0x0D,0x80,0x0F,0x00,0x0E,0x00,0x0C,0x00,0x1C,0x00,0x3C,0x00,0x6C,0x00,0x0C,0x00,0x0C,0x00,0x0C,0x00,0x00,0x00,0x00,0x00,0x00,0x00,0x00,0x00,
    0x00,0x00,0x00,0x00,0x00,0x00,0x33,0x00,0x33,0x00,0x33,0x00,0x33,0x00,0x33,0x00,0x33,0x00,0x33,0x00,0x33,0x00,0x33,0x00,0x33,0x00,0x33,0x00,0x33,0x00,0x33,0x00,0x00,0x00,0x00,0x00,0x00,0x00,0x00,0x00,
    0x00,0x00,0x00,0x00,0x00,0x00,0x33,0x00,0x33,0x00,0x33,0xC0,0x33,0x80,0x33,0x00,0x37,0x00,0x3F,0x00,0x3B,0x00,0x33,0x00,0x73,0x00,0xF3,0x00,0x33,0x00,0x33,0x00,0x00,0x00,0x00,0x00,0x00,0x00,0x00,0x00,
    0x00,0x00,0x00,0x00,0x00,0x00,0x00,0x00,0x00,0x00,0x00,0x00,0x00,0x00,0x00,0x00,0x0C,0x00,0x0C,0x00,0x1E,0x00,0x1E,0x00,0x33,0x00,0x33,0x00,0x61,0x80,0x61,0x80,0x00,0x00,0x00,0x00,0x00,0x00,0x00,0x00,
    0x00,0x00,0x00,0x00,0x00,0x00,0x00,0x00,0x00,0x00,0x00,0x00,0x00,0x00,0x00,0x00,0x61,0x80,0x61,0x80,0x33,0x00,0x33,0x00,0x1E,0x00,0x1E,0x00,0x0C,0x00,0x0C,0x00,0x00,0x00,0x00,0x00,0x00,0x00,0x00,0x00,
    0x00,0x00,0x00,0x00,0x00,0x00,0x00,0x00,0x00,0x00,0x00,0x00,0x00,0x00,0x00,0x00,0x1E,0x00,0x33,0x00,0x61,0x80,0x61,0x80,0x61,0x80,0x61,0x80,0x61,0x80,0x61,0x80,0x00,0x00,0x00,0x00,0x00,0x00,0x00,0x00,
    0x00,0x00,0x00,0x00,0x00,0x00,0x00,0x00,0x00,0x00,0x00,0x00,0x00,0x00,0x00,0x00,0x61,0x80,0x61,0x80,0x61,0x80,0x61,0x80,0x61,0x80,0x61,0x80,0x33,0x00,0x1E,0x00,0x00,0x00,0x00,0x00,0x00,0x00,0x00,0x00,
    0x00,0x00,0x07,0x00,0x0D,0x80,0x0D,0x80,0x0C,0x00,0x0C,0x00,0x0C,0x00,0x0C,0x00,0x0C,0x00,0x0C,0x00,0x0C,0x00,0x0C,0x00,0x0C,0x00,0x0C,0x00,0x0C,0x00,0x0C,0x00,0x6C,0x00,0x6C,0x00,0x38,0x00,0x00,0x00,
    0x00,0x00,0x07,0x00,0x0D,0x80,0x0D,0x80,0x0C,0x00,0x0C,0x00,0x1E,0x00,0x3F,0x00,0x6D,0x80,0x6D,0x80,0x6D,0x80,0x6D,0x80,0x3F,0x00,0x1E,0x00,0x0C,0x00,0x0C,0x00,0x6C,0x00,0x6C,0x00,0x38,0x00,0x00,0x00,
    0x00,0x00,0x00,0x00,0x00,0x00,0x00,0x00,0x00,0x00,0x00,0x00,0x00,0x00,0x00,0x00,0x00,0x00,0x39,0x80,0x6D,0x80,0x67,0x00,0x00,0x00,0x00,0x00,0x00,0x00,0x00,0x00,0x00,0x00,0x00,0x00,0x00,0x00,0x00,0x00,
    0x00,0x00,0x00,0x00,0x00,0x00,0x00,0x00,0x00,0x00,0x00,0x00,0x00,0x00,0x00,0x00,0x39,0x80,0x6D,0x80,0x67,0x00,0x00,0x00,0x7F,0x80,0x00,0x00,0x00,0x00,0x00,0x00,0x00,0x00,0x00,0x00,0x00,0x00,0x00,0x00,
    0x00,0x00,0x00,0x00,0x00,0x00,0x00,0x00,0x00,0x00,0x00,0x00,0x00,0x00,0x39,0x80,0x6D,0x80,0x67,0x00,0x00,0x00,0x7F,0x80,0x00,0x00,0x7F,0x80,0x00,0x00,0x00,0x00,0x00,0x00,0x00,0x00,0x00,0x00,0x00,0x00,
    0x00,0x00,0x00,0x00,0x00,0x00,0x00,0x00,0x00,0x00,0x00,0x00,0x00,0x00,0x39,0x80,0x6D,0x80,0x67,0x00,0x00,0x00,0x39,0x80,0x6D,0x80,0x67,0x00,0x00,0x00,0x00,0x00,0x00,0x00,0x00,0x00,0x00,0x00,0x00,0x00,
    0x00,0x00,0x00,0x00,0x00,0x00,0x00,0x00,0x00,0x00,0x00,0x00,0x04,0x00,0x3D,0x80,0x6D,0x80,0x67,0x00,0x0C,0x00,0x39,0x80,0x6D,0x80,0x6F,0x00,0x08,0x00,0x00,0x00,0x00,0x00,0x00,0x00,0x00,0x00,0x00,0x00,
    0x00,0x00,0x00,0x00,0x00,0x00,0x00,0x00,0x00,0x00,0x0C,0x00,0x1E,0x00,0x33,0x00,0x00,0x00,0x7F,0x80,0x00,0x00,0x00,0x00,0x7F,0x80,0x00,0x00,0x00,0x00,0x00,0x00,0x00,0x00,0x00,0x00,0x00,0x00,0x00,0x00,
    0x00,0x00,0x00,0x00,0x1C,0x00,0x22,0x00,0x04,0x00,0x08,0x00,0x00,0x00,0x08,0x00,0x00,0x00,0x7F,0x80,0x00,0x00,0x00,0x00,0x7F,0x80,0x00,0x00,0x00,0x00,0x00,0x00,0x00,0x00,0x00,0x00,0x00,0x00,0x00,0x00,
    0x00,0x00,0x00,0x00,0x00,0x00,0x00,0x00,0x00,0x00,0x00,0x00,0x03,0x00,0x03,0x00,0x06,0x00,0x7F,0x80,0x0C,0x00,0x0C,0x00,0x7F,0x80,0x18,0x00,0x30,0x00,0x30,0x00,0x00,0x00,0x00,0x00,0x00,0x00,0x00,0x00,
    0x00,0x00,0x00,0x00,0x00,0x00,0x00,0x00,0x00,0x00,0x00,0x00,0x7F,0x80,0x00,0x00,0x00,0x00,0x7F,0x80,0x00,0x00,0x00,0x00,0x7F,0x80,0x00,0x00,0x00,0x00,0x00,0x00,0x00,0x00,0x00,0x00,0x00,0x00,0x00,0x00,
    0x00,0x00,0x00,0x00,0x00,0x00,0x00,0x00,0x03,0x00,0x03,0x00,0x7F,0x80,0x06,0x00,0x06,0x00,0x7F,0x80,0x18,0x00,0x18,0x00,0x7F,0x80,0x30,0x00,0x30,0x00,0x00,0x00,0x00,0x00,0x00,0x00,0x00,0x00,0x00,0x00,
    0x00,0x00,0x00,0x00,0x00,0x00,0x00,0x00,0x00,0x00,0x00,0x00,0x03,0x80,0x0E,0x00,0x38,0x00,0xE0,0x00,0x38,0x00,0x0E,0x00,0x03,0x80,0x00,0x00,0x00,0x00,0xFF,0x80,0x00,0x00,0x00,0x00,0x00,0x00,0x00,0x00,
    0x00,0x00,0x00,0x00,0x00,0x00,0x00,0x00,0x00,0x00,0x00,0x00,0xE0,0x00,0x38,0x00,0x0E,0x00,0x03,0x80,0x0E,0x00,0x38,0x00,0xE0,0x00,0x00,0x00,0x00,0x00,0xFF,0x80,0x00,0x00,0x00,0x00,0x00,0x00,0x00,0x00,
    0x00,0x00,0x00,0x00,0x00,0x00,0x00,0x00,0x04,0x40,0x0C,0xC0,0x19,0x80,0x33,0x00,0x66,0x00,0xCC,0x00,0x66,0x00,0x33,0x00,0x19,0x80,0x0C,0xC0,0x06,0x40,0x00,0x00,0x00,0x00,0x00,0x00,0x00,0x00,0x00,0x00,
    0x00,0x00,0x00,0x00,0x00,0x00,0x00,0x00,0x88,0x00,0xCC,0x00,0x66,0x00,0x33,0x00,0x19,0x80,0x0C,0xC0,0x19,0x80,0x33,0x00,0x66,0x00,0xCC,0x00,0x98,0x00,0x00,0x00,0x00,0x00,0x00,0x00,0x00,0x00,0x00,0x00,
    0x00,0x00,0x00,0x00,0x00,0x00,0x00,0x00,0x00,0x00,0x00,0x00,0x00,0x00,0x1F,0x80,0x30,0x00,0x60,0x00,0x60,0x00,0x60,0x00,0x60,0x00,0x60,0x00,0x30,0x00,0x1F,0x80,0x00,0x00,0x00,0x00,0x00,0x00,0x00,0x00,
    0x00,0x00,0x00,0x00,0x00,0x00,0x00,0x00,0x00,0x00,0x00,0x00,0x00,0x00,0x7E,0x00,0x03,0x00,0x01,0x80,0x01,0x80,0x01,0x80,0x01,0x80,0x01,0x80,0x03,0x00,0x7E,0x00,0x00,0x00,0x00,0x00,0x00,0x00,0x00,0x00,
    0x00,0x00,0x00,0x00,0x00,0x00,0x00,0x00,0x00,0x00,0x00,0x00,0x03,0x00,0x1F,0x80,0x36,0x00,0x66,0x00,0x66,0x00,0x6C,0x00,0x6C,0x00,0x6C,0x00,0x38,0x00,0x1F,0x80,0x18,0x00,0x00,0x00,0x00,0x00,0x00,0x00,
    0x00,0x00,0x00,0x00,0x00,0x00,0x00,0x00,0x00,0x00,0x00,0x00,0x06,0x00,0x7E,0x00,0x07,0x00,0x0D,0x80,0x0D,0x80,0x0D,0x80,0x19,0x80,0x19,0x80,0x1B,0x00,0x7E,0x00,0x30,0x00,0x00,0x00,0x00,0x00,0x00,0x00,
    0x00,0x00,0x00,0x00,0x00,0x00,0x00,0x00,0x00,0x00,0x1F,0x80,0x30,0x00,0x60,0x00,0x60,0x00,0x60,0x00,0x60,0x00,0x60,0x00,0x30,0x00,0x1F,0x80,0x00,0x00,0x7F,0x80,0x00,0x00,0x00,0x00,0x00,0x00,0x00,0x00,
    0x00,0x00,0x00,0x00,0x00,0x00,0x00,0x00,0x00,0x00,0x7E,0x00,0x03,0x00,0x01,0x80,0x01,0x80,0x01,0x80,0x01,0x80,0x01,0x80,0x03,0x00,0x7E,0x00,0x00,0x00,0x7F,0x80,0x00,0x00,0x00,0x00,0x00,0x00,0x00,0x00,
    0x00,0x00,0x00,0x00,0x00,0x00,0x00,0x00,0x03,0x00,0x1F,0x80,0x36,0x00,0x66,0x00,0x66,0x00,0x6C,0x00,0x6C,0x00,0x6C,0x00,0x38,0x00,0x1F,0x80,0x18,0x00,0x7F,0x80,0x30,0x00,0x00,0x00,0x00,0x00,0x00,0x00,
    0x00,0x00,0x00,0x00,0x00,0x00,0x00,0x00,0x06,0x00,0x7E,0x00,0x07,0x00,0x0D,0x80,0x0D,0x80,0x0D,0x80,0x19,0x80,0x19,0x80,0x1B,0x00,0x7E,0x00,0x30,0x00,0x7F,0x80,0x60,0x00,0x00,0x00,0x00,0x00,0x00,0x00,
    0x00,0x00,0x00,0x00,0x00,0x00,0x00,0x00,0x00,0x00,0x1F,0x80,0x30,0x00,0x60,0x00,0x60,0x00,0x60,0x00,0x60,0x00,0x60,0x00,0x30,0x00,0x1F,0x80,0x06,0x00,0x7F,0x80,0x18,0x00,0x00,0x00,0x00,0x00,0x00,0x00,
    0x00,0x00,0x00,0x00,0x00,0x00,0x00,0x00,0x00,0x00,0x7E,0x00,0x03,0x00,0x01,0x80,0x01,0x80,0x01,0x80,0x01,0x80,0x01,0x80,0x03,0x00,0x7E,0x00,0x06,0x00,0x7F,0x80,0x18,0x00,0x00,0x00,0x00,0x00,0x00,0x00,
    0x00,0x00,0x00,0x00,0x00,0x00,0x00,0x00,0x00,0x00,0x3F,0x00,0x6D,0x80,0xCC,0xC0,0xCC,0xC0,0xFF,0xC0,0xCC,0xC0,0xCC,0xC0,0x6D,0x80,0x3F,0x00,0x00,0x00,0x00,0x00,0x00,0x00,0x00,0x00,0x00,0x00,0x00,0x00,
    0x00,0x00,0x00,0x00,0x00,0x00,0x00,0x00,0x00,0x00,0x3F,0x00,0x61,0x80,0xF3,0xC0,0xDE,0xC0,0xCC,0xC0,0xDE,0xC0,0xF3,0xC0,0x61,0x80,0x3F,0x00,0x00,0x00,0x00,0x00,0x00,0x00,0x00,0x00,0x00,0x00,0x00,0x00,
    0x00,0x00,0x00,0x00,0x00,0x00,0x7F,0x80,0x0C,0x00,0x0C,0x00,0x0C,0x00,0x0C,0x00,0x0C,0x00,0x0C,0x00,0x0C,0x00,0x0C,0x00,0x0C,0x00,0x0C,0x00,0x0C,0x00,0x0C,0x00,0x00,0x00,0x00,0x00,0x00,0x00,0x00,0x00,
    0x00,0x00,0x00,0x00,0x00,0x00,0x0C,0x00,0x0C,0x00,0x0C,0x00,0x0C,0x00,0x0C,0x00,0x0C,0x00,0x0C,0x00,0x0C,0x00,0x0C,0x00,0x0C,0x00,0x0C,0x00,0x0C,0x00,0x7F,0x80,0x00,0x00,0x00,0x00,0x00,0x00,0x00,0x00,
    0x00,0x00,0x00,0x00,0x00,0x00,0x00,0x00,0x30,0x00,0x30,0x00,0x30,0x00,0x30,0x00,0x30,0x00,0x3F,0x00,0x30,0x00,0x30,0x00,0x30,0x00,0x30,0x00,0x30,0x00,0x00,0x00,0x00,0x00,0x00,0x00,0x00,0x00,0x00,0x00,
    0x00,0x00,0x00,0x00,0x00,0x00,0x00,0x00,0x30,0x00,0x30,0x00,0x30,0x00,0x30,0x00,0x3F,0x00,0x30,0x00,0x3F,0x00,0x30,0x00,0x30,0x00,0x30,0x00,0x30,0x00,0x00,0x00,0x00,0x00,0x00,0x00,0x00,0x00,0x00,0x00,
    0x00,0x00,0x00,0x00,0x0C,0x00,0x0C,0x00,0x1E,0x00,0x1E,0x00,0x1E,0x00,0x33,0x00,0x33,0x00,0x33,0x00,0x33,0x00,0x61,0x80,0x61,0x80,0x61,0x80,0x61,0x80,0xC0,0xC0,0xC0,0xC0,0xC0,0xC0,0x00,0x00,0x00,0x00,
    0x00,0x00,0x00,0x00,0xC0,0xC0,0xC0,0xC0,0xC0,0xC0,0x61,0x80,0x61,0x80,0x61,0x80,0x61,0x80,0x33,0x00,0x33,0x00,0x33,0x00,0x33,0x00,0x1E,0x00,0x1E,0x00,0x1E,0x00,0x0C,0x00,0x0C,0x00,0x00,0x00,0x00,0x00,
    0x00,0x00,0x00,0x00,0x3E,0x00,0x63,0x00,0xC1,0x80,0xC1,0x80,0xC1,0x80,0xC1,0x80,0xC1,0x80,0xC1,0x80,0xC1,0x80,0xC1,0x80,0xC1,0x80,0xC1,0x80,0xC1,0x80,0xC1,0x80,0xC1,0x80,0xC1,0x80,0x00,0x00,0x00,0x00,
    0x00,0x00,0x00,0x00,0xC1,0x80,0xC1,0x80,0xC1,0x80,0xC1,0x80,0xC1,0x80,0xC1,0x80,0xC1,0x80,0xC1,0x80,0xC1,0x80,0xC1,0x80,0xC1,0x80,0xC1,0x80,0xC1,0x80,0xC1,0x80,0x63,0x00,0x3E,0x00,0x00,0x00,0x00,0x00,
    0x00,0x00,0x00,0x00,0x00,0x00,0x00,0x00,0x00,0x00,0x00,0x00,0x00,0x00,0x00,0x00,0x1C,0x00,0x1C,0x00,0x1C,0x00,0x00,0x00,0x00,0x00,0x00,0x00,0x00,0x00,0x00,0x00,0x00,0x00,0x00,0x00,0x00,0x00,0x00,0x00,
    0x00,0x00,0x00,0x00,0x00,0x00,0x0C,0x00,0x0C,0x00,0x00,0x00,0x00,0x00,0x00,0x00,0x00,0x00,0x0C,0x00,0x0C,0x00,0x00,0x00,0x00,0x00,0x00,0x00,0x00,0x00,0x0C,0x00,0x0C,0x00,0x00,0x00,0x00,0x00,0x00,0x00,
    0x00,0x00,0x00,0x00,0x00,0x00,0x00,0x00,0x00,0x00,0x00,0x00,0x00,0x00,0x00,0x00,0x00,0x00,0x6D,0x80,0x6D,0x80,0x00,0x00,0x00,0x00,0x00,0x00,0x00,0x00,0x00,0x00,0x00,0x00,0x00,0x00,0x00,0x00,0x00,0x00,
    0x00,0x00,0x00,0x00,0x00,0x00,0x01,0x80,0x01,0x80,0x00,0x00,0x00,0x00,0x00,0x00,0x00,0x00,0x0C,0x00,0x0C,0x00,0x00,0x00,0x00,0x00,0x00,0x00,0x00,0x00,0x60,0x00,0x60,0x00,0x00,0x00,0x00,0x00,0x00,0x00,
    0x00,0x00,0x00,0x00,0x00,0x00,0x60,0x00,0x60,0x00,0x00,0x00,0x00,0x00,0x00,0x00,0x00,0x00,0x0C,0x00,0x0C,0x00,0x00,0x00,0x00,0x00,0x00,0x00,0x00,0x00,0x01,0x80,0x01,0x80,0x00,0x00,0x00,0x00,0x00,0x00,
    0x00,0x00,0x00,0x00,0x00,0x00,0x00,0x00,0x00,0x00,0x00,0x00,0x00,0x00,0x00,0x80,0x3F,0x80,0x63,0x00,0xC7,0x80,0xCD,0x80,0xD9,0x80,0xF1,0x80,0x63,0x00,0xFE,0x00,0x80,0x00,0x00,0x00,0x00,0x00,0x00,0x00,
    0x00,0x00,0x00,0x00,0x00,0x00,0x00,0x00,0x00,0x00,0x00,0x00,0x0C,0x00,0x1E,0x00,0x33,0x00,0x61,0x80,0x61,0x80,0x61,0x80,0x61,0x80,0x61,0x80,0x61,0x80,0x7F,0x80,0x00,0x00,0x00,0x00,0x00,0x00,0x00,0x00,
    0x00,0x00,0x00,0x00,0x00,0x00,0x3F,0x00,0x30,0x00,0x30,0x00,0x30,0x00,0x30,0x00,0x30,0x00,0x30,0x00,0x30,0x00,0x30,0x00,0x30,0x00,0x30,0x00,0x30,0x00,0x30,0x00,0x00,0x00,0x00,0x00,0x00,0x00,0x00,0x00,
    0x00,0x00,0x00,0x00,0x00,0x00,0x3F,0x00,0x03,0x00,0x03,0x00,0x03,0x00,0x03,0x00,0x03,0x00,0x03,0x00,0x03,0x00,0x03,0x00,0x03,0x00,0x03,0x00,0x03,0x00,0x03,0x00,0x00,0x00,0x00,0x00,0x00,0x00,0x00,0x00,
    0x00,0x00,0x00,0x00,0x00,0x00,0x30,0x00,0x30,0x00,0x30,0x00,0x30,0x00,0x30,0x00,0x30,0x00,0x30,0x00,0x30,0x00,0x30,0x00,0x30,0x00,0x30,0x00,0x30,0x00,0x3F,0x00,0x00,0x00,0x00,0x00,0x00,0x00,0x00,0x00,
    0x00,0x00,0x00,0x00,0x00,0x00,0x03,0x00,0x03,0x00,0x03,0x00,0x03,0x00,0x03,0x00,0x03,0x00,0x03,0x00,0x03,0x00,0x03,0x00,0x03,0x00,0x03,0x00,0x03,0x00,0x3F,0x00,0x00,0x00,0x00,0x00,0x00,0x00,0x00,0x00,
    0x00,0x00,0x00,0x00,0x00,0x00,0x00,0x00,0x00,0x00,0x00,0x00,0x00,0x00,0x00,0x00,0x7F,0x80,0x7F,0x80,0x60,0x00,0x60,0x00,0x00,0x00,0x00,0x00,0x00,0x00,0x00,0x00,0x00,0x00,0x00,0x00,0x00,0x00,0x00,0x00,
    0x00,0x00,0x07,0x00,0x0D,0x80,0x0D,0x80,0x0C,0x00,0x0C,0x00,0x0C,0x00,0x0C,0x00,0x0C,0x00,0x0C,0x00,0x0C,0x00,0x0C,0x00,0x0C,0x00,0x0C,0x00,0x0C,0x00,0x0C,0x00,0x0C,0x00,0x0C,0x00,0x0C,0x00,0x0C,0x00,
    0x0C,0x00,0x0C,0x00,0x0C,0x00,0x0C,0x00,0x0C,0x00,0x0C,0x00,0x0C,0x00,0x0C,0x00,0x0C,0x00,0x0C,0x00,0x0C,0x00,0x0C,0x00,0x0C,0x00,0x0C,0x00,0x0C,0x00,0x0C,0x00,0x6C,0x00,0x6C,0x00,0x38,0x00,0x00,0x00,
    0xFF,0xC0,0x00,0x00,0x00,0x00,0x00,0x00,0x00,0x00,0x00,0x00,0x00,0x00,0x00,0x00,0x00,0x00,0x00,0x00,0x00,0x00,0x00,0x00,0x00,0x00,0x00,0x00,0x00,0x00,0x00,0x00,0x00,0x00,0x00,0x00,0x00,0x00,0x00,0x00,
    0x00,0x00,0x00,0x00,0x00,0x00,0x00,0x00,0x00,0x00,0xFF,0xC0,0x00,0x00,0x00,0x00,0x00,0x00,0x00,0x00,0x00,0x00,0x00,0x00,0x00,0x00,0x00,0x00,0x00,0x00,0x00,0x00,0x00,0x00,0x00,0x00,0x00,0x00,0x00,0x00,
    0x00,0x00,0x00,0x00,0x00,0x00,0x00,0x00,0x00,0x00,0x00,0x00,0x00,0x00,0x00,0x00,0x00,0x00,0x00,0x00,0x00,0x00,0x00,0x00,0x00,0x00,0x00,0x00,0xFF,0xC0,0x00,0x00,0x00,0x00,0x00,0x00,0x00,0x00,0x00,0x00,
    0x00,0x00,0x00,0x00,0x00,0x00,0x00,0x00,0x00,0x00,0x00,0x00,0x00,0x00,0x00,0x00,0x00,0x00,0x00,0x00,0x00,0x00,0x00,0x00,0x00,0x00,0x00,0x00,0x00,0x00,0x00,0x00,0x00,0x00,0x00,0x00,0x00,0x00,0xFF,0xC0,
    0x00,0x00,0x00,0x00,0x66,0x00,0x66,0x00,0x66,0x00,0x7E,0x00,0x66,0x00,0x66,0x00,0x66,0x00,0x00,0x00,0x1F,0x80,0x06,0x00,0x06,0x00,0x06,0x00,0x06,0x00,0x06,0x00,0x00,0x00,0x00,0x00,0x00,0x00,0x00,0x00,
    0x00,0x00,0x00,0x00,0x30,0x00,0x30,0x00,0x30,0x00,0x30,0x00,0x30,0x00,0x3E,0x00,0x00,0x00,0x0F,0x80,0x0C,0x00,0x0C,0x00,0x0F,0x00,0x0C,0x00,0x0C,0x00,0x0C,0x00,0x00,0x00,0x00,0x00,0x00,0x00,0x00,0x00,
    0x00,0x00,0x00,0x00,0x66,0x00,0x66,0x00,0x66,0x00,0x3C,0x00,0x3C,0x00,0x18,0x00,0x18,0x00,0x00,0x00,0x1F,0x80,0x06,0x00,0x06,0x00,0x06,0x00,0x06,0x00,0x06,0x00,0x00,0x00,0x00,0x00,0x00,0x00,0x00,0x00,
    0x00,0x00,0x00,0x00,0x7C,0x00,0x60,0x00,0x60,0x00,0x78,0x00,0x60,0x00,0x60,0x00,0x60,0x00,0x0F,0x80,0x0C,0x00,0x0C,0x00,0x0F,0x00,0x0C,0x00,0x0C,0x00,0x0C,0x00,0x00,0x00,0x00,0x00,0x00,0x00,0x00,0x00,
    0x00,0x00,0x00,0x00,0x3C,0x00,0x66,0x00,0x60,0x00,0x60,0x00,0x66,0x00,0x3C,0x00,0x00,0x00,0x1F,0x00,0x19,0x80,0x19,0x80,0x1F,0x00,0x1E,0x00,0x1B,0x00,0x19,0x80,0x00,0x00,0x00,0x00,0x00,0x00,0x00,0x00,
    0x00,0x00,0x00,0x00,0x66,0x00,0x76,0x00,0x7E,0x00,0x7E,0x00,0x6E,0x00,0x66,0x00,0x00,0x00,0x0C,0x00,0x0C,0x00,0x0C,0x00,0x0C,0x00,0x0C,0x00,0x0C,0x00,0x0F,0x80,0x00,0x00,0x00,0x00,0x00,0x00,0x00,0x00,
    0x00,0x00,0x00,0x00,0x00,0x00,0x00,0x00,0x00,0x00,0x00,0x00,0x00,0x00,0x00,0x00,0x00,0x00,0xFF,0xC0,0x00,0x00,0x00,0x00,0x00,0x00,0x00,0x00,0x00,0x00,0x00,0x00,0x00,0x00,0x00,0x00,0x00,0x00,0x00,0x00,
    0x00,0x00,0x00,0x00,0x00,0x00,0x00,0x00,0x00,0x00,0x00,0x00,0x00,0x00,0x00,0x00,0x00,0x00,0xFF,0xC0,0xFF,0xC0,0x00,0x00,0x00,0x00,0x00,0x00,0x00,0x00,0x00,0x00,0x00,0x00,0x00,0x00,0x00,0x00,0x00,0x00,
    0x08,0x00,0x08,0x00,0x08,0x00,0x08,0x00,0x08,0x00,0x08,0x00,0x08,0x00,0x08,0x00,0x08,0x00,0x08,0x00,0x08,0x00,0x08,0x00,0x08,0x00,0x08,0x00,0x08,0x00,0x08,0x00,0x08,0x00,0x08,0x00,0x08,0x00,0x08,0x00,
    0x0C,0x00,0x0C,0x00,0x0C,0x00,0x0C,0x00,0x0C,0x00,0x0C,0x00,0x0C,0x00,0x0C,0x00,0x0C,0x00,0x0C,0x00,0x0C,0x00,0x0C,0x00,0x0C,0x00,0x0C,0x00,0x0C,0x00,0x0C,0x00,0x0C,0x00,0x0C,0x00,0x0C,0x00,0x0C,0x00,
    0x00,0x00,0x00,0x00,0x00,0x00,0x00,0x00,0x00,0x00,0x00,0x00,0x00,0x00,0x00,0x00,0x00,0x00,0xDD,0x80,0x00,0x00,0x00,0x00,0x00,0x00,0x00,0x00,0x00,0x00,0x00,0x00,0x00,0x00,0x00,0x00,0x00,0x00,0x00,0x00,
    0x00,0x00,0x00,0x00,0x00,0x00,0x00,0x00,0x00,0x00,0x00,0x00,0x00,0x00,0x00,0x00,0x00,0x00,0xDD,0x80,0xDD,0x80,0x00,0x00,0x00,0x00,0x00,0x00,0x00,0x00,0x00,0x00,0x00,0x00,0x00,0x00,0x00,0x00,0x00,0x00,
    0x00,0x00,0x08,0x00,0x08,0x00,0x08,0x00,0x08,0x00,0x00,0x00,0x00,0x00,0x08,0x00,0x08,0x00,0x08,0x00,0x08,0x00,0x08,0x00,0x00,0x00,0x00,0x00,0x08,0x00,0x08,0x00,0x08,0x00,0x08,0x00,0x08,0x00,0x00,0x00,
    0x00,0x00,0x0C,0x00,0x0C,0x00,0x0C,0x00,0x0C,0x00,0x00,0x00,0x00,0x00,0x0C,0x00,0x0C,0x00,0x0C,0x00,0x0C,0x00,0x0C,0x00,0x0C,0x00,0x00,0x00,0x00,0x00,0x0C,0x00,0x0C,0x00,0x0C,0x00,0x0C,0x00,0x00,0x00,
    0x00,0x00,0x00,0x00,0x00,0x00,0x00,0x00,0x00,0x00,0x00,0x00,0x00,0x00,0x00,0x00,0x00,0x00,0xB5,0x80,0x00,0x00,0x00,0x00,0x00,0x00,0x00,0x00,0x00,0x00,0x00,0x00,0x00,0x00,0x00,0x00,0x00,0x00,0x00,0x00,
    0x00,0x00,0x00,0x00,0x00,0x00,0x00,0x00,0x00,0x00,0x00,0x00,0x00,0x00,0x00,0x00,0x00,0x00,0xB5,0x80,0xB5,0x80,0x00,0x00,0x00,0x00,0x00,0x00,0x00,0x00,0x00,0x00,0x00,0x00,0x00,0x00,0x00,0x00,0x00,0x00,
    0x08,0x00,0x08,0x00,0x08,0x00,0x08,0x00,0x00,0x00,0x08,0x00,0x08,0x00,0x08,0x00,0x08,0x00,0x00,0x00,0x08,0x00,0x08,0x00,0x08,0x00,0x08,0x00,0x00,0x00,0x08,0x00,0x08,0x00,0x08,0x00,0x08,0x00,0x00,0x00,
    0x0C,0x00,0x0C,0x00,0x0C,0x00,0x0C,0x00,0x00,0x00,0x0C,0x00,0x0C,0x00,0x0C,0x00,0x0C,0x00,0x00,0x00,0x0C,0x00,0x0C,0x00,0x0C,0x00,0x0C,0x00,0x00,0x00,0x0C,0x00,0x0C,0x00,0x0C,0x00,0x0C,0x00,0x00,0x00,
    0x00,0x00,0x00,0x00,0x00,0x00,0x00,0x00,0x00,0x00,0x00,0x00,0x00,0x00,0x00,0x00,0x00,0x00,0x0F,0xC0,0x08,0x00,0x08,0x00,0x08,0x00,0x08,0x00,0x08,0x00,0x08,0x00,0x08,0x00,0x08,0x00,0x08,0x00,0x08,0x00,
    0x00,0x00,0x00,0x00,0x00,0x00,0x00,0x00,0x00,0x00,0x00,0x00,0x00,0x00,0x00,0x00,0x00,0x00,0x0F,0xC0,0x0F,0xC0,0x08,0x00,0x08,0x00,0x08,0x00,0x08,0x00,0x08,0x00,0x08,0x00,0x08,0x00,0x08,0x00,0x08,0x00,
    0x00,0x00,0x00,0x00,0x00,0x00,0x00,0x00,0x00,0x00,0x00,0x00,0x00,0x00,0x00,0x00,0x00,0x00,0x0F,0xC0,0x0C,0x00,0x0C,0x00,0x0C,0x00,0x0C,0x00,0x0C,0x00,0x0C,0x00,0x0C,0x00,0x0C,0x00,0x0C,0x00,0x0C,0x00,
    0x00,0x00,0x00,0x00,0x00,0x00,0x00,0x00,0x00,0x00,0x00,0x00,0x00,0x00,0x00,0x00,0x00,0x00,0x0F,0xC0,0x0F,0xC0,0x0C,0x00,0x0C,0x00,0x0C,0x00,0x0C,0x00,0x0C,0x00,0x0C,0x00,0x0C,0x00,0x0C,0x00,0x0C,0x00,
    0x00,0x00,0x00,0x00,0x00,0x00,0x00,0x00,0x00,0x00,0x00,0x00,0x00,0x00,0x00,0x00,0x00,0x00,0xF8,0x00,0x08,0x00,0x08,0x00,0x08,0x00,0x08,0x00,0x08,0x00,0x08,0x00,0x08,0x00,0x08,0x00,0x08,0x00,0x08,0x00,
    0x00,0x00,0x00,0x00,0x00,0x00,0x00,0x00,0x00,0x00,0x00,0x00,0x00,0x00,0x00,0x00,0x00,0x00,0xF8,0x00,0xF8,0x00,0x08,0x00,0x08,0x00,0x08,0x00,0x08,0x00,0x08,0x00,0x08,0x00,0x08,0x00,0x08,0x00,0x08,0x00,
    0x00,0x00,0x00,0x00,0x00,0x00,0x00,0x00,0x00,0x00,0x00,0x00,0x00,0x00,0x00,0x00,0x00,0x00,0xFC,0x00,0x0C,0x00,0x0C,0x00,0x0C,0x00,0x0C,0x00,0x0C,0x00,0x0C,0x00,0x0C,0x00,0x0C,0x00,0x0C,0x00,0x0C,0x00,
    0x00,0x00,0x00,0x00,0x00,0x00,0x00,0x00,0x00,0x00,0x00,0x00,0x00,0x00,0x00,0x00,0x00,0x00,0xFC,0x00,0xFC,0x00,0x0C,0x00,0x0C,0x00,0x0C,0x00,0x0C,0x00,0x0C,0x00,0x0C,0x00,0x0C,0x00,0x0C,0x00,0x0C,0x00,
    0x08,0x00,0x08,0x00,0x08,0x00,0x08,0x00,0x08,0x00,0x08,0x00,0x08,0x00,0x08,0x00,0x08,0x00,0x0F,0xC0,0x00,0x00,0x00,0x00,0x00,0x00,0x00,0x00,0x00,0x00,0x00,0x00,0x00,0x00,0x00,0x00,0x00,0x00,0x00,0x00,
    0x08,0x00,0x08,0x00,0x08,0x00,0x08,0x00,0x08,0x00,0x08,0x00,0x08,0x00,0x08,0x00,0x08,0x00,0x0F,0xC0,0x0F,0xC0,0x00,0x00,0x00,0x00,0x00,0x00,0x00,0x00,0x00,0x00,0x00,0x00,0x00,0x00,0x00,0x00,0x00,0x00,
    0x0C,0x00,0x0C,0x00,0x0C,0x00,0x0C,0x00,0x0C,0x00,0x0C,0x00,0x0C,0x00,0x0C,0x00,0x0C,0x00,0x0F,0xC0,0x00,0x00,0x00,0x00,0x00,0x00,0x00,0x00,0x00,0x00,0x00,0x00,0x00,0x00,0x00,0x00,0x00,0x00,0x00,0x00,
    0x0C,0x00,0x0C,0x00,0x0C,0x00,0x0C,0x00,0x0C,0x00,0x0C,0x00,0x0C,0x00,0x0C,0x00,0x0C,0x00,0x0F,0xC0,0x0F,0xC0,0x00,0x00,0x00,0x00,0x00,0x00,0x00,0x00,0x00,0x00,0x00,0x00,0x00,0x00,0x00,0x00,0x00,0x00,
    0x08,0x00,0x08,0x00,0x08,0x00,0x08,0x00,0x08,0x00,0x08,0x00,0x08,0x00,0x08,0x00,0x08,0x00,0xF8,0x00,0x00,0x00,0x00,0x00,0x00,0x00,0x00,0x00,0x00,0x00,0x00,0x00,0x00,0x00,0x00,0x00,0x00,0x00,0x00,0x00,
    0x08,0x00,0x08,0x00,0x08,0x00,0x08,0x00,0x08,0x00,0x08,0x00,0x08,0x00,0x08,0x00,0x08,0x00,0xF8,0x00,0xF8,0x00,0x00,0x00,0x00,0x00,0x00,0x00,0x00,0x00,0x00,0x00,0x00,0x00,0x00,0x00,0x00,0x00,0x00,0x00,
    0x0C,0x00,0x0C,0x00,0x0C,0x00,0x0C,0x00,0x0C,0x00,0x0C,0x00,0x0C,0x00,0x0C,0x00,0x0C,0x00,0xFC,0x00,0x00,0x00,0x00,0x00,0x00,0x00,0x00,0x00,0x00,0x00,0x00,0x00,0x00,0x00,0x00,0x00,0x00,0x00,0x00,0x00,
    0x0C,0x00,0x0C,0x00,0x0C,0x00,0x0C,0x00,0x0C,0x00,0x0C,0x00,0x0C,0x00,0x0C,0x00,0x0C,0x00,0xFC,0x00,0xFC,0x00,0x00,0x00,0x00,0x00,0x00,0x00,0x00,0x00,0x00,0x00,0x00,0x00,0x00,0x00,0x00,0x00,0x00,0x00,
    0x08,0x00,0x08,0x00,0x08,0x00,0x08,0x00,0x08,0x00,0x08,0x00,0x08,0x00,0x08,0x00,0x08,0x00,0x0F,0xC0,0x08,0x00,0x08,0x00,0x08,0x00,0x08,0x00,0x08,0x00,0x08,0x00,0x08,0x00,0x08,0x00,0x08,0x00,0x08,0x00,
    0x08,0x00,0x08,0x00,0x08,0x00,0x08,0x00,0x08,0x00,0x08,0x00,0x08,0x00,0x08,0x00,0x08,0x00,0x0F,0xC0,0x0F,0xC0,0x08,0x00,0x08,0x00,0x08,0x00,0x08,0x00,0x08,0x00,0x08,0x00,0x08,0x00,0x08,0x00,0x08,0x00,
    0x0C,0x00,0x0C,0x00,0x0C,0x00,0x0C,0x00,0x0C,0x00,0x0C,0x00,0x0C,0x00,0x0C,0x00,0x0C,0x00,0x0F,0xC0,0x08,0x00,0x08,0x00,0x08,0x00,0x08,0x00,0x08,0x00,0x08,0x00,0x08,0x00,0x08,0x00,0x08,0x00,0x08,0x00,
    0x08,0x00,0x08,0x00,0x08,0x00,0x08,0x00,0x08,0x00,0x08,0x00,0x08,0x00,0x08,0x00,0x08,0x00,0x0F,0xC0,0x0C,0x00,0x0C,0x00,0x0C,0x00,0x0C,0x00,0x0C,0x00,0x0C,0x00,0x0C,0x00,0x0C,0x00,0x0C,0x00,0x0C,0x00,
    0x0C,0x00,0x0C,0x00,0x0C,0x00,0x0C,0x00,0x0C,0x00,0x0C,0x00,0x0C,0x00,0x0C,0x00,0x0C,0x00,0x0F,0xC0,0x0C,0x00,0x0C,0x00,0x0C,0x00,0x0C,0x00,0x0C,0x00,0x0C,0x00,0x0C,0x00,0x0C,0x00,0x0C,0x00,0x0C,0x00,
    0x0C,0x00,0x0C,0x00,0x0C,0x00,0x0C,0x00,0x0C,0x00,0x0C,0x00,0x0C,0x00,0x0C,0x00,0x0C,0x00,0x0F,0xC0,0x0F,0xC0,0x08,0x00,0x08,0x00,0x08,0x00,0x08,0x00,0x08,0x00,0x08,0x00,0x08,0x00,0x08,0x00,0x08,0x00,
    0x08,0x00,0x08,0x00,0x08,0x00,0x08,0x00,0x08,0x00,0x08,0x00,0x08,0x00,0x08,0x00,0x08,0x00,0x0F,0xC0,0x0F,0xC0,0x0C,0x00,0x0C,0x00,0x0C,0x00,0x0C,0x00,0x0C,0x00,0x0C,0x00,0x0C,0x00,0x0C,0x00,0x0C,0x00,
    0x0C,0x00,0x0C,0x00,0x0C,0x00,0x0C,0x00,0x0C,0x00,0x0C,0x00,0x0C,0x00,0x0C,0x00,0x0C,0x00,0x0F,0xC0,0x0F,0xC0,0x0C,0x00,0x0C,0x00,0x0C,0x00,0x0C,0x00,0x0C,0x00,0x0C,0x00,0x0C,0x00,0x0C,0x00,0x0C,0x00,
    0x08,0x00,0x08,0x00,0x08,0x00,0x08,0x00,0x08,0x00,0x08,0x00,0x08,0x00,0x08,0x00,0x08,0x00,0xF8,0x00,0x08,0x00,0x08,0x00,0x08,0x00,0x08,0x00,0x08,0x00,0x08,0x00,0x08,0x00,0x08,0x00,0x08,0x00,0x08,0x00,
    0x08,0x00,0x08,0x00,0x08,0x00,0x08,0x00,0x08,0x00,0x08,0x00,0x08,0x00,0x08,0x00,0x08,0x00,0xF8,0x00,0xF8,0x00,0x08,0x00,0x08,0x00,0x08,0x00,0x08,0x00,0x08,0x00,0x08,0x00,0x08,0x00,0x08,0x00,0x08,0x00,
    0x0C,0x00,0x0C,0x00,0x0C,0x00,0x0C,0x00,0x0C,0x00,0x0C,0x00,0x0C,0x00,0x0C,0x00,0x0C,0x00,0xFC,0x00,0x08,0x00,0x08,0x00,0x08,0x00,0x08,0x00,0x08,0x00,0x08,0x00,0x08,0x00,0x08,0x00,0x08,0x00,0x08,0x00,
    0x08,0x00,0x08,0x00,0x08,0x00,0x08,0x00,0x08,0x00,0x08,0x00,0x08,0x00,0x08,0x00,0x08,0x00,0xFC,0x00,0x0C,0x00,0x0C,0x00,0x0C,0x00,0x0C,0x00,0x0C,0x00,0x0C,0x00,0x0C,0x00,0x0C,0x00,0x0C,0x00,0x0C,0x00,
    0x0C,0x00,0x0C,0x00,0x0C,0x00,0x0C,0x00,0x0C,0x00,0x0C,0x00,0x0C,0x00,0x0C,0x00,0x0C,0x00,0xFC,0x00,0x0C,0x00,0x0C,0x00,0x0C,0x00,0x0C,0x00,0x0C,0x00,0x0C,0x00,0x0C,0x00,0x0C,0x00,0x0C,0x00,0x0C,0x00,
    0x0C,0x00,0x0C,0x00,0x0C,0x00,0x0C,0x00,0x0C,0x00,0x0C,0x00,0x0C,0x00,0x0C,0x00,0x0C,0x00,0xFC,0x00,0xFC,0x00,0x08,0x00,0x08,0x00,0x08,0x00,0x08,0x00,0x08,0x00,0x08,0x00,0x08,0x00,0x08,0x00,0x08,0x00,
    0x08,0x00,0x08,0x00,0x08,0x00,0x08,0x00,0x08,0x00,0x08,0x00,0x08,0x00,0x08,0x00,0x08,0x00,0xFC,0x00,0xFC,0x00,0x0C,0x00,0x0C,0x00,0x0C,0x00,0x0C,0x00,0x0C,0x00,0x0C,0x00,0x0C,0x00,0x0C,0x00,0x0C,0x00,
    0x0C,0x00,0x0C,0x00,0x0C,0x00,0x0C,0x00,0x0C,0x00,0x0C,0x00,0x0C,0x00,0x0C,0x00,0x0C,0x00,0xFC,0x00,0xFC,0x00,0x0C,0x00,0x0C,0x00,0x0C,0x00,0x0C,0x00,0x0C,0x00,0x0C,0x00,0x0C,0x00,0x0C,0x00,0x0C,0x00,
    0x00,0x00,0x00,0x00,0x00,0x00,0x00,0x00,0x00,0x00,0x00,0x00,0x00,0x00,0x00,0x00,0x00,0x00,0xFF,0xC0,0x08,0x00,0x08,0x00,0x08,0x00,0x08,0x00,0x08,0x00,0x08,0x00,0x08,0x00,0x08,0x00,0x08,0x00,0x08,0x00,
    0x00,0x00,0x00,0x00,0x00,0x00,0x00,0x00,0x00,0x00,0x00,0x00,0x00,0x00,0x00,0x00,0x00,0x00,0xFF,0xC0,0xF8,0x00,0x08,0x00,0x08,0x00,0x08,0x00,0x08,0x00,0x08,0x00,0x08,0x00,0x08,0x00,0x08,0x00,0x08,0x00,
    0x00,0x00,0x00,0x00,0x00,0x00,0x00,0x00,0x00,0x00,0x00,0x00,0x00,0x00,0x00,0x00,0x00,0x00,0xFF,0xC0,0x0F,0xC0,0x08,0x00,0x08,0x00,0x08,0x00,0x08,0x00,0x08,0x00,0x08,0x00,0x08,0x00,0x08,0x00,0x08,0x00,
    0x00,0x00,0x00,0x00,0x00,0x00,0x00,0x00,0x00,0x00,0x00,0x00,0x00,0x00,0x00,0x00,0x00,0x00,0xFF,0xC0,0xFF,0xC0,0x08,0x00,0x08,0x00,0x08,0x00,0x08,0x00,0x08,0x00,0x08,0x00,0x08,0x00,0x08,0x00,0x08,0x00,
    0x00,0x00,0x00,0x00,0x00,0x00,0x00,0x00,0x00,0x00,0x00,0x00,0x00,0x00,0x00,0x00,0x00,0x00,0xFF,0xC0,0x0C,0x00,0x0C,0x00,0x0C,0x00,0x0C,0x00,0x0C,0x00,0x0C,0x00,0x0C,0x00,0x0C,0x00,0x0C,0x00,0x0C,0x00,
    0x00,0x00,0x00,0x00,0x00,0x00,0x00,0x00,0x00,0x00,0x00,0x00,0x00,0x00,0x00,0x00,0x00,0x00,0xFF,0xC0,0xFC,0x00,0x0C,0x00,0x0C,0x00,0x0C,0x00,0x0C,0x00,0x0C,0x00,0x0C,0x00,0x0C,0x00,0x0C,0x00,0x0C,0x00,
    0x00,0x00,0x00,0x00,0x00,0x00,0x00,0x00,0x00,0x00,0x00,0x00,0x00,0x00,0x00,0x00,0x00,0x00,0xFF,0xC0,0x0F,0xC0,0x0C,0x00,0x0C,0x00,0x0C,0x00,0x0C,0x00,0x0C,0x00,0x0C,0x00,0x0C,0x00,0x0C,0x00,0x0C,0x00,
    0x00,0x00,0x00,0x00,0x00,0x00,0x00,0x00,0x00,0x00,0x00,0x00,0x00,0x00,0x00,0x00,0x00,0x00,0xFF,0xC0,0xFF,0xC0,0x0C,0x00,0x0C,0x00,0x0C,0x00,0x0C,0x00,0x0C,0x00,0x0C,0x00,0x0C,0x00,0x0C,0x00,0x0C,0x00,
    0x08,0x00,0x08,0x00,0x08,0x00,0x08,0x00,0x08,0x00,0x08,0x00,0x08,0x00,0x08,0x00,0x08,0x00,0xFF,0xC0,0x00,0x00,0x00,0x00,0x00,0x00,0x00,0x00,0x00,0x00,0x00,0x00,0x00,0x00,0x00,0x00,0x00,0x00,0x00,0x00,
    0x08,0x00,0x08,0x00,0x08,0x00,0x08,0x00,0x08,0x00,0x08,0x00,0x08,0x00,0x08,0x00,0x08,0x00,0xFF,0xC0,0xF8,0x00,0x00,0x00,0x00,0x00,0x00,0x00,0x00,0x00,0x00,0x00,0x00,0x00,0x00,0x00,0x00,0x00,0x00,0x00,
    0x08,0x00,0x08,0x00,0x08,0x00,0x08,0x00,0x08,0x00,0x08,0x00,0x08,0x00,0x08,0x00,0x08,0x00,0xFF,0xC0,0x0F,0xC0,0x00,0x00,0x00,0x00,0x00,0x00,0x00,0x00,0x00,0x00,0x00,0x00,0x00,0x00,0x00,0x00,0x00,0x00,
    0x08,0x00,0x08,0x00,0x08,0x00,0x08,0x00,0x08,0x00,0x08,0x00,0x08,0x00,0x08,0x00,0x08,0x00,0xFF,0xC0,0xFF,0xC0,0x00,0x00,0x00,0x00,0x00,0x00,0x00,0x00,0x00,0x00,0x00,0x00,0x00,0x00,0x00,0x00,0x00,0x00,
    0x0C,0x00,0x0C,0x00,0x0C,0x00,0x0C,0x00,0x0C,0x00,0x0C,0x00,0x0C,0x00,0x0C,0x00,0x0C,0x00,0xFF,0xC0,0x00,0x00,0x00,0x00,0x00,0x00,0x00,0x00,0x00,0x00,0x00,0x00,0x00,0x00,0x00,0x00,0x00,0x00,0x00,0x00,
    0x0C,0x00,0x0C,0x00,0x0C,0x00,0x0C,0x00,0x0C,0x00,0x0C,0x00,0x0C,0x00,0x0C,0x00,0x0C,0x00,0xFF,0xC0,0xFC,0x00,0x00,0x00,0x00,0x00,0x00,0x00,0x00,0x00,0x00,0x00,0x00,0x00,0x00,0x00,0x00,0x00,0x00,0x00,
    0x0C,0x00,0x0C,0x00,0x0C,0x00,0x0C,0x00,0x0C,0x00,0x0C,0x00,0x0C,0x00,0x0C,0x00,0x0C,0x00,0xFF,0xC0,0x0F,0xC0,0x00,0x00,0x00,0x00,0x00,0x00,0x00,0x00,0x00,0x00,0x00,0x00,0x00,0x00,0x00,0x00,0x00,0x00,
    0x0C,0x00,0x0C,0x00,0x0C,0x00,0x0C,0x00,0x0C,0x00,0x0C,0x00,0x0C,0x00,0x0C,0x00,0x0C,0x00,0xFF,0xC0,0xFF,0xC0,0x00,0x00,0x00,0x00,0x00,0x00,0x00,0x00,0x00,0x00,0x00,0x00,0x00,0x00,0x00,0x00,0x00,0x00,
    0x08,0x00,0x08,0x00,0x08,0x00,0x08,0x00,0x08,0x00,0x08,0x00,0x08,0x00,0x08,0x00,0x08,0x00,0xFF,0xC0,0x08,0x00,0x08,0x00,0x08,0x00,0x08,0x00,0x08,0x00,0x08,0x00,0x08,0x00,0x08,0x00,0x08,0x00,0x08,0x00,
    0x08,0x00,0x08,0x00,0x08,0x00,0x08,0x00,0x08,0x00,0x08,0x00,0x08,0x00,0x08,0x00,0x08,0x00,0xFF,0xC0,0xF8,0x00,0x08,0x00,0x08,0x00,0x08,0x00,0x08,0x00,0x08,0x00,0x08,0x00,0x08,0x00,0x08,0x00,0x08,0x00,
    0x08,0x00,0x08,0x00,0x08,0x00,0x08,0x00,0x08,0x00,0x08,0x00,0x08,0x00,0x08,0x00,0x08,0x00,0xFF,0xC0,0x0F,0xC0,0x08,0x00,0x08,0x00,0x08,0x00,0x08,0x00,0x08,0x00,0x08,0x00,0x08,0x00,0x08,0x00,0x08,0x00,
    0x08,0x00,0x08,0x00,0x08,0x00,0x08,0x00,0x08,0x00,0x08,0x00,0x08,0x00,0x08,0x00,0x08,0x00,0xFF,0xC0,0xFF,0xC0,0x08,0x00,0x08,0x00,0x08,0x00,0x08,0x00,0x08,0x00,0x08,0x00,0x08,0x00,0x08,0x00,0x08,0x00,
    0x0C,0x00,0x0C,0x00,0x0C,0x00,0x0C,0x00,0x0C,0x00,0x0C,0x00,0x0C,0x00,0x0C,0x00,0x0C,0x00,0xFF,0xC0,0x08,0x00,0x08,0x00,0x08,0x00,0x08,0x00,0x08,0x00,0x08,0x00,0x08,0x00,0x08,0x00,0x08,0x00,0x08,0x00,
    0x08,0x00,0x08,0x00,0x08,0x00,0x08,0x00,0x08,0x00,0x08,0x00,0x08,0x00,0x08,0x00,0x08,0x00,0xFF,0xC0,0x0C,0x00,0x0C,0x00,0x0C,0x00,0x0C,0x00,0x0C,0x00,0x0C,0x00,0x0C,0x00,0x0C,0x00,0x0C,0x00,0x0C,0x00,
    0x0C,0x00,0x0C,0x00,0x0C,0x00,0x0C,0x00,0x0C,0x00,0x0C,0x00,0x0C,0x00,0x0C,0x00,0x0C,0x00,0xFF,0xC0,0x0C,0x00,0x0C,0x00,0x0C,0x00,0x0C,0x00,0x0C,0x00,0x0C,0x00,0x0C,0x00,0x0C,0x00,0x0C,0x00,0x0C,0x00,
    0x0C,0x00,0x0C,0x00,0x0C,0x00,0x0C,0x00,0x0C,0x00,0x0C,0x00,0x0C,0x00,0x0C,0x00,0x0C,0x00,0xFF,0xC0,0xFC,0x00,0x08,0x00,0x08,0x00,0x08,0x00,0x08,0x00,0x08,0x00,0x08,0x00,0x08,0x00,0x08,0x00,0x08,0x00,
    0x0C,0x00,0x0C,0x00,0x0C,0x00,0x0C,0x00,0x0C,0x00,0x0C,0x00,0x0C,0x00,0x0C,0x00,0x0C,0x00,0xFF,0xC0,0x0F,0xC0,0x08,0x00,0x08,0x00,0x08,0x00,0x08,0x00,0x08,0x00,0x08,0x00,0x08,0x00,0x08,0x00,0x08,0x00,
    0x08,0x00,0x08,0x00,0x08,0x00,0x08,0x00,0x08,0x00,0x08,0x00,0x08,0x00,0x08,0x00,0x08,0x00,0xFF,0xC0,0xFC,0x00,0x0C,0x00,0x0C,0x00,0x0C,0x00,0x0C,0x00,0x0C,0x00,0x0C,0x00,0x0C,0x00,0x0C,0x00,0x0C,0x00,
    0x08,0x00,0x08,0x00,0x08,0x00,0x08,0x00,0x08,0x00,0x08,0x00,0x08,0x00,0x08,0x00,0x08,0x00,0xFF,0xC0,0x0F,0xC0,0x0C,0x00,0x0C,0x00,0x0C,0x00,0x0C,0x00,0x0C,0x00,0x0C,0x00,0x0C,0x00,0x0C,0x00,0x0C,0x00,
    0x0C,0x00,0x0C,0x00,0x0C,0x00,0x0C,0x00,0x0C,0x00,0x0C,0x00,0x0C,0x00,0x0C,0x00,0x0C,0x00,0xFF,0xC0,0xFF,0xC0,0x08,0x00,0x08,0x00,0x08,0x00,0x08,0x00,0x08,0x00,0x08,0x00,0x08,0x00,0x08,0x00,0x08,0x00,
    0x08,0x00,0x08,0x00,0x08,0x00,0x08,0x00,0x08,0x00,0x08,0x00,0x08,0x00,0x08,0x00,0x08,0x00,0xFF,0xC0,0xFF,0xC0,0x0C,0x00,0x0C,0x00,0x0C,0x00,0x0C,0x00,0x0C,0x00,0x0C,0x00,0x0C,0x00,0x0C,0x00,0x0C,0x00,
    0x0C,0x00,0x0C,0x00,0x0C,0x00,0x0C,0x00,0x0C,0x00,0x0C,0x00,0x0C,0x00,0x0C,0x00,0x0C,0x00,0xFF,0xC0,0xFC,0x00,0x0C,0x00,0x0C,0x00,0x0C,0x00,0x0C,0x00,0x0C,0x00,0x0C,0x00,0x0C,0x00,0x0C,0x00,0x0C,0x00,
    0x0C,0x00,0x0C,0x00,0x0C,0x00,0x0C,0x00,0x0C,0x00,0x0C,0x00,0x0C,0x00,0x0C,0x00,0x0C,0x00,0xFF,0xC0,0x0F,0xC0,0x0C,0x00,0x0C,0x00,0x0C,0x00,0x0C,0x00,0x0C,0x00,0x0C,0x00,0x0C,0x00,0x0C,0x00,0x0C,0x00,
    0x0C,0x00,0x0C,0x00,0x0C,0x00,0x0C,0x00,0x0C,0x00,0x0C,0x00,0x0C,0x00,0x0C,0x00,0x0C,0x00,0xFF,0xC0,0xFF,0xC0,0x0C,0x00,0x0C,0x00,0x0C,0x00,0x0C,0x00,0x0C,0x00,0x0C,0x00,0x0C,0x00,0x0C,0x00,0x0C,0x00,
    0x00,0x00,0x00,0x00,0x00,0x00,0x00,0x00,0x00,0x00,0x00,0x00,0x00,0x00,0x00,0x00,0x00,0x00,0xF7,0x80,0x00,0x00,0x00,0x00,0x00,0x00,0x00,0x00,0x00,0x00,0x00,0x00,0x00,0x00,0x00,0x00,0x00,0x00,0x00,0x00,
    0x00,0x00,0x00,0x00,0x00,0x00,0x00,0x00,0x00,0x00,0x00,0x00,0x00,0x00,0x00,0x00,0x00,0x00,0xF7,0x80,0xF7,0x80,0x00,0x00,0x00,0x00,0x00,0x00,0x00,0x00,0x00,0x00,0x00,0x00,0x00,0x00,0x00,0x00,0x00,0x00,
    0x00,0x00,0x08,0x00,0x08,0x00,0x08,0x00,0x08,0x00,0x08,0x00,0x08,0x00,0x08,0x00,0x00,0x00,0x00,0x00,0x00,0x00,0x08,0x00,0x08,0x00,0x08,0x00,0x08,0x00,0x08,0x00,0x08,0x00,0x08,0x00,0x00,0x00,0x00,0x00,
    0x00,0x00,0x0C,0x00,0x0C,0x00,0x0C,0x00,0x0C,0x00,0x0C,0x00,0x0C,0x00,0x0C,0x00,0x00,0x00,0x00,0x00,0x00,0x00,0x0C,0x00,0x0C,0x00,0x0C,0x00,0x0C,0x00,0x0C,0x00,0x0C,0x00,0x0C,0x00,0x00,0x00,0x00,0x00,
    0x00,0x00,0x00,0x00,0x00,0x00,0x00,0x00,0x00,0x00,0x00,0x00,0x00,0x00,0x00,0x00,0xFF,0xC0,0x00,0x00,0xFF,0xC0,0x00,0x00,0x00,0x00,0x00,0x00,0x00,0x00,0x00,0x00,0x00,0x00,0x00,0x00,0x00,0x00,0x00,0x00,
    0x12,0x00,0x12,0x00,0x12,0x00,0x12,0x00,0x12,0x00,0x12,0x00,0x12,0x00,0x12,0x00,0x12,0x00,0x12,0x00,0x12,0x00,0x12,0x00,0x12,0x00,0x12,0x00,0x12,0x00,0x12,0x00,0x12,0x00,0x12,0x00,0x12,0x00,0x12,0x00,
    0x00,0x00,0x00,0x00,0x00,0x00,0x00,0x00,0x00,0x00,0x00,0x00,0x00,0x00,0x00,0x00,0x0F,0xC0,0x08,0x00,0x0F,0xC0,0x08,0x00,0x08,0x00,0x08,0x00,0x08,0x00,0x08,0x00,0x08,0x00,0x08,0x00,0x08,0x00,0x08,0x00,
    0x00,0x00,0x00,0x00,0x00,0x00,0x00,0x00,0x00,0x00,0x00,0x00,0x00,0x00,0x00,0x00,0x00,0x00,0x1F,0xC0,0x12,0x00,0x12,0x00,0x12,0x00,0x12,0x00,0x12,0x00,0x12,0x00,0x12,0x00,0x12,0x00,0x12,0x00,0x12,0x00,
    0x00,0x00,0x00,0x00,0x00,0x00,0x00,0x00,0x00,0x00,0x00,0x00,0x00,0x00,0x00,0x00,0x1F,0xC0,0x10,0x00,0x13,0xC0,0x12,0x00,0x12,0x00,0x12,0x00,0x12,0x00,0x12,0x00,0x12,0x00,0x12,0x00,0x12,0x00,0x12,0x00,
    0x00,0x00,0x00,0x00,0x00,0x00,0x00,0x00,0x00,0x00,0x00,0x00,0x00,0x00,0x00,0x00,0xF8,0x00,0x08,0x00,0xF8,0x00,0x08,0x00,0x08,0x00,0x08,0x00,0x08,0x00,0x08,0x00,0x08,0x00,0x08,0x00,0x08,0x00,0x08,0x00,
    0x00,0x00,0x00,0x00,0x00,0x00,0x00,0x00,0x00,0x00,0x00,0x00,0x00,0x00,0x00,0x00,0x00,0x00,0xFE,0x00,0x12,0x00,0x12,0x00,0x12,0x00,0x12,0x00,0x12,0x00,0x12,0x00,0x12,0x00,0x12,0x00,0x12,0x00,0x12,0x00,
    0x00,0x00,0x00,0x00,0x00,0x00,0x00,0x00,0x00,0x00,0x00,0x00,0x00,0x00,0x00,0x00,0xFE,0x00,0x02,0x00,0xF2,0x00,0x12,0x00,0x12,0x00,0x12,0x00,0x12,0x00,0x12,0x00,0x12,0x00,0x12,0x00,0x12,0x00,0x12,0x00,
    0x08,0x00,0x08,0x00,0x08,0x00,0x08,0x00,0x08,0x00,0x08,0x00,0x08,0x00,0x08,0x00,0x0F,0xC0,0x08,0x00,0x0F,0xC0,0x00,0x00,0x00,0x00,0x00,0x00,0x00,0x00,0x00,0x00,0x00,0x00,0x00,0x00,0x00,0x00,0x00,0x00,
    0x12,0x00,0x12,0x00,0x12,0x00,0x12,0x00,0x12,0x00,0x12,0x00,0x12,0x00,0x12,0x00,0x12,0x00,0x1F,0xC0,0x00,0x00,0x00,0x00,0x00,0x00,0x00,0x00,0x00,0x00,0x00,0x00,0x00,0x00,0x00,0x00,0x00,0x00,0x00,0x00,
    0x12,0x00,0x12,0x00,0x12,0x00,0x12,0x00,0x12,0x00,0x12,0x00,0x12,0x00,0x12,0x00,0x13,0xC0,0x10,0x00,0x1F,0xC0,0x00,0x00,0x00,0x00,0x00,0x00,0x00,0x00,0x00,0x00,0x00,0x00,0x00,0x00,0x00,0x00,0x00,0x00,
    0x08,0x00,0x08,0x00,0x08,0x00,0x08,0x00,0x08,0x00,0x08,0x00,0x08,0x00,0x08,0x00,0xF8,0x00,0x08,0x00,0xF8,0x00,0x00,0x00,0x00,0x00,0x00,0x00,0x00,0x00,0x00,0x00,0x00,0x00,0x00,0x00,0x00,0x00,0x00,0x00,
    0x12,0x00,0x12,0x00,0x12,0x00,0x12,0x00,0x12,0x00,0x12,0x00,0x12,0x00,0x12,0x00,0x12,0x00,0xFE,0x00,0x00,0x00,0x00,0x00,0x00,0x00,0x00,0x00,0x00,0x00,0x00,0x00,0x00,0x00,0x00,0x00,0x00,0x00,0x00,0x00,
    0x12,0x00,0x12,0x00,0x12,0x00,0x12,0x00,0x12,0x00,0x12,0x00,0x12,0x00,0x12,0x00,0xF2,0x00,0x02,0x00,0xFE,0x00,0x00,0x00,0x00,0x00,0x00,0x00,0x00,0x00,0x00,0x00,0x00,0x00,0x00,0x00,0x00,0x00,0x00,0x00,
    0x08,0x00,0x08,0x00,0x08,0x00,0x08,0x00,0x08,0x00,0x08,0x00,0x08,0x00,0x08,0x00,0x0F,0xC0,0x08,0x00,0x0F,0xC0,0x08,0x00,0x08,0x00,0x08,0x00,0x08,0x00,0x08,0x00,0x08,0x00,0x08,0x00,0x08,0x00,0x08,0x00,
    0x12,0x00,0x12,0x00,0x12,0x00,0x12,0x00,0x12,0x00,0x12,0x00,0x12,0x00,0x12,0x00,0x12,0x00,0x13,0xC0,0x12,0x00,0x12,0x00,0x12,0x00,0x12,0x00,0x12,0x00,0x12,0x00,0x12,0x00,0x12,0x00,0x12,0x00,0x12,0x00,
    0x12,0x00,0x12,0x00,0x12,0x00,0x12,0x00,0x12,0x00,0x12,0x00,0x12,0x00,0x12,0x00,0x13,0xC0,0x10,0x00,0x13,0xC0,0x12,0x00,0x12,0x00,0x12,0x00,0x12,0x00,0x12,0x00,0x12,0x00,0x12,0x00,0x12,0x00,0x12,0x00,
    0x08,0x00,0x08,0x00,0x08,0x00,0x08,0x00,0x08,0x00,0x08,0x00,0x08,0x00,0x08,0x00,0xF8,0x00,0x08,0x00,0xF8,0x00,0x08,0x00,0x08,0x00,0x08,0x00,0x08,0x00,0x08,0x00,0x08,0x00,0x08,0x00,0x08,0x00,0x08,0x00,
    0x12,0x00,0x12,0x00,0x12,0x00,0x12,0x00,0x12,0x00,0x12,0x00,0x12,0x00,0x12,0x00,0x12,0x00,0xF2,0x00,0x12,0x00,0x12,0x00,0x12,0x00,0x12,0x00,0x12,0x00,0x12,0x00,0x12,0x00,0x12,0x00,0x12,0x00,0x12,0x00,
    0x12,0x00,0x12,0x00,0x12,0x00,0x12,0x00,0x12,0x00,0x12,0x00,0x12,0x00,0x12,0x00,0xF2,0x00,0x02,0x00,0xF2,0x00,0x12,0x00,0x12,0x00,0x12,0x00,0x12,0x00,0x12,0x00,0x12,0x00,0x12,0x00,0x12,0x00,0x12,0x00,
    0x00,0x00,0x00,0x00,0x00,0x00,0x00,0x00,0x00,0x00,0x00,0x00,0x00,0x00,0x00,0x00,0xFF,0xC0,0x00,0x00,0xFF,0xC0,0x08,0x00,0x08,0x00,0x08,0x00,0x08,0x00,0x08,0x00,0x08,0x00,0x08,0x00,0x08,0x00,0x08,0x00,
    0x00,0x00,0x00,0x00,0x00,0x00,0x00,0x00,0x00,0x00,0x00,0x00,0x00,0x00,0x00,0x00,0x00,0x00,0xFF,0xC0,0x12,0x00,0x12,0x00,0x12,0x00,0x12,0x00,0x12,0x00,0x12,0x00,0x12,0x00,0x12,0x00,0x12,0x00,0x12,0x00,
    0x00,0x00,0x00,0x00,0x00,0x00,0x00,0x00,0x00,0x00,0x00,0x00,0x00,0x00,0x00,0x00,0xFF,0xC0,0x00,0x00,0xF3,0xC0,0x12,0x00,0x12,0x00,0x12,0x00,0x12,0x00,0x12,0x00,0x12,0x00,0x12,0x00,0x12,0x00,0x12,0x00,
    0x08,0x00,0x08,0x00,0x08,0x00,0x08,0x00,0x08,0x00,0x08,0x00,0x08,0x00,0x08,0x00,0xFF,0xC0,0x00,0x00,0xFF,0xC0,0x00,0x00,0x00,0x00,0x00,0x00,0x00,0x00,0x00,0x00,0x00,0x00,0x00,0x00,0x00,0x00,0x00,0x00,
    0x12,0x00,0x12,0x00,0x12,0x00,0x12,0x00,0x12,0x00,0x12,0x00,0x12,0x00,0x12,0x00,0x12,0x00,0xFF,0xC0,0x00,0x00,0x00,0x00,0x00,0x00,0x00,0x00,0x00,0x00,0x00,0x00,0x00,0x00,0x00,0x00,0x00,0x00,0x00,0x00,
    0x12,0x00,0x12,0x00,0x12,0x00,0x12,0x00,0x12,0x00,0x12,0x00,0x12,0x00,0x12,0x00,0xF3,0xC0,0x00,0x00,0xFF,0xC0,0x00,0x00,0x00,0x00,0x00,0x00,0x00,0x00,0x00,0x00,0x00,0x00,0x00,0x00,0x00,0x00,0x00,0x00,
    0x08,0x00,0x08,0x00,0x08,0x00,0x08,0x00,0x08,0x00,0x08,0x00,0x08,0x00,0x08,0x00,0xFF,0xC0,0x08,0x00,0xFF,0xC0,0x08,0x00,0x08,0x00,0x08,0x00,0x08,0x00,0x08,0x00,0x08,0x00,0x08,0x00,0x08,0x00,0x08,0x00,
    0x12,0x00,0x12,0x00,0x12,0x00,0x12,0x00,0x12,0x00,0x12,0x00,0x12,0x00,0x12,0x00,0x12,0x00,0xFF,0xC0,0x12,0x00,0x12,0x00,0x12,0x00,0x12,0x00,0x12,0x00,0x12,0x00,0x12,0x00,0x12,0x00,0x12,0x00,0x12,0x00,
    0x12,0x00,0x12,0x00,0x12,0x00,0x12,0x00,0x12,0x00,0x12,0x00,0x12,0x00,0x12,0x00,0xF3,0xC0,0x00,0x00,0xF3,0xC0,0x12,0x00,0x12,0x00,0x12,0x00,0x12,0x00,0x12,0x00,0x12,0x00,0x12,0x00,0x12,0x00,0x12,0x00,
    0x00,0x00,0x00,0x00,0x00,0x00,0x00,0x00,0x00,0x00,0x00,0x00,0x00,0x00,0x00,0x00,0x00,0x00,0x00,0xC0,0x03,0x00,0x04,0x00,0x04,0x00,0x08,0x00,0x08,0x00,0x08,0x00,0x08,0x00,0x08,0x00,0x08,0x00,0x08,0x00,
    0x00,0x00,0x00,0x00,0x00,0x00,0x00,0x00,0x00,0x00,0x00,0x00,0x00,0x00,0x00,0x00,0x00,0x00,0x80,0x00,0x60,0x00,0x10,0x00,0x10,0x00,0x08,0x00,0x08,0x00,0x08,0x00,0x08,0x00,0x08,0x00,0x08,0x00,0x08,0x00,
    0x08,0x00,0x08,0x00,0x08,0x00,0x08,0x00,0x08,0x00,0x08,0x00,0x10,0x00,0x10,0x00,0x60,0x00,0x80,0x00,0x00,0x00,0x00,0x00,0x00,0x00,0x00,0x00,0x00,0x00,0x00,0x00,0x00,0x00,0x00,0x00,0x00,0x00,0x00,0x00,
    0x08,0x00,0x08,0x00,0x08,0x00,0x08,0x00,0x08,0x00,0x08,0x00,0x04,0x00,0x04,0x00,0x03,0x00,0x00,0xC0,0x00,0x00,0x00,0x00,0x00,0x00,0x00,0x00,0x00,0x00,0x00,0x00,0x00,0x00,0x00,0x00,0x00,0x00,0x00,0x00,
    0x00,0x40,0x00,0x40,0x00,0x80,0x00,0x80,0x01,0x00,0x01,0x00,0x02,0x00,0x02,0x00,0x04,0x00,0x04,0x00,0x08,0x00,0x08,0x00,0x10,0x00,0x10,0x00,0x20,0x00,0x20,0x00,0x40,0x00,0x40,0x00,0x80,0x00,0x80,0x00,
    0x80,0x00,0x80,0x00,0x40,0x00,0x40,0x00,0x20,0x00,0x20,0x00,0x10,0x00,0x10,0x00,0x08,0x00,0x08,0x00,0x04,0x00,0x04,0x00,0x02,0x00,0x02,0x00,0x01,0x00,0x01,0x00,0x00,0x80,0x00,0x80,0x00,0x40,0x00,0x40,
    0x80,0x40,0x80,0x40,0x40,0x80,0x40,0x80,0x21,0x00,0x21,0x00,0x12,0x00,0x12,0x00,0x0C,0x00,0x0C,0x00,0x0C,0x00,0x0C,0x00,0x12,0x00,0x12,0x00,0x21,0x00,0x21,0x00,0x40,0x80,0x40,0x80,0x80,0x40,0x80,0x40,
    0x00,0x00,0x00,0x00,0x00,0x00,0x00,0x00,0x00,0x00,0x00,0x00,0x00,0x00,0x00,0x00,0x00,0x00,0xF8,0x00,0x00,0x00,0x00,0x00,0x00,0x00,0x00,0x00,0x00,0x00,0x00,0x00,0x00,0x00,0x00,0x00,0x00,0x00,0x00,0x00,
    0x08,0x00,0x08,0x00,0x08,0x00,0x08,0x00,0x08,0x00,0x08,0x00,0x08,0x00,0x08,0x00,0x08,0x00,0x08,0x00,0x00,0x00,0x00,0x00,0x00,0x00,0x00,0x00,0x00,0x00,0x00,0x00,0x00,0x00,0x00,0x00,0x00,0x00,0x00,0x00,
    0x00,0x00,0x00,0x00,0x00,0x00,0x00,0x00,0x00,0x00,0x00,0x00,0x00,0x00,0x00,0x00,0x00,0x00,0x07,0xC0,0x00,0x00,0x00,0x00,0x00,0x00,0x00,0x00,0x00,0x00,0x00,0x00,0x00,0x00,0x00,0x00,0x00,0x00,0x00,0x00,
    0x00,0x00,0x00,0x00,0x00,0x00,0x00,0x00,0x00,0x00,0x00,0x00,0x00,0x00,0x00,0x00,0x00,0x00,0x00,0x00,0x08,0x00,0x08,0x00,0x08,0x00,0x08,0x00,0x08,0x00,0x08,0x00,0x08,0x00,0x08,0x00,0x08,0x00,0x08,0x00,
    0x00,0x00,0x00,0x00,0x00,0x00,0x00,0x00,0x00,0x00,0x00,0x00,0x00,0x00,0x00,0x00,0x00,0x00,0xFC,0x00,0xFC,0x00,0x00,0x00,0x00,0x00,0x00,0x00,0x00,0x00,0x00,0x00,0x00,0x00,0x00,0x00,0x00,0x00,0x00,0x00,
    0x0C,0x00,0x0C,0x00,0x0C,0x00,0x0C,0x00,0x0C,0x00,0x0C,0x00,0x0C,0x00,0x0C,0x00,0x0C,0x00,0x0C,0x00,0x0C,0x00,0x00,0x00,0x00,0x00,0x00,0x00,0x00,0x00,0x00,0x00,0x00,0x00,0x00,0x00,0x00,0x00,0x00,0x00,
    0x00,0x00,0x00,0x00,0x00,0x00,0x00,0x00,0x00,0x00,0x00,0x00,0x00,0x00,0x00,0x00,0x00,0x00,0x0F,0xC0,0x0F,0xC0,0x00,0x00,0x00,0x00,0x00,0x00,0x00,0x00,0x00,0x00,0x00,0x00,0x00,0x00,0x00,0x00,0x00,0x00,
    0x00,0x00,0x00,0x00,0x00,0x00,0x00,0x00,0x00,0x00,0x00,0x00,0x00,0x00,0x00,0x00,0x00,0x00,0x0C,0x00,0x0C,0x00,0x0C,0x00,0x0C,0x00,0x0C,0x00,0x0C,0x00,0x0C,0x00,0x0C,0x00,0x0C,0x00,0x0C,0x00,0x0C,0x00,
    0x00,0x00,0x00,0x00,0x00,0x00,0x00,0x00,0x00,0x00,0x00,0x00,0x00,0x00,0x00,0x00,0x00,0x00,0xFF,0xC0,0x0F,0xC0,0x00,0x00,0x00,0x00,0x00,0x00,0x00,0x00,0x00,0x00,0x00,0x00,0x00,0x00,0x00,0x00,0x00,0x00,
    0x08,0x00,0x08,0x00,0x08,0x00,0x08,0x00,0x08,0x00,0x08,0x00,0x08,0x00,0x08,0x00,0x08,0x00,0x0C,0x00,0x0C,0x00,0x0C,0x00,0x0C,0x00,0x0C,0x00,0x0C,0x00,0x0C,0x00,0x0C,0x00,0x0C,0x00,0x0C,0x00,0x0C,0x00,
    0x00,0x00,0x00,0x00,0x00,0x00,0x00,0x00,0x00,0x00,0x00,0x00,0x00,0x00,0x00,0x00,0x00,0x00,0xFF,0xC0,0xFC,0x00,0x00,0x00,0x00,0x00,0x00,0x00,0x00,0x00,0x00,0x00,0x00,0x00,0x00,0x00,0x00,0x00,0x00,0x00,
    0x0C,0x00,0x0C,0x00,0x0C,0x00,0x0C,0x00,0x0C,0x00,0x0C,0x00,0x0C,0x00,0x0C,0x00,0x0C,0x00,0x0C,0x00,0x0C,0x00,0x08,0x00,0x08,0x00,0x08,0x00,0x08,0x00,0x08,0x00,0x08,0x00,0x08,0x00,0x08,0x00,0x08,0x00,
    0xFF,0xC0,0xFF,0xC0,0xFF,0xC0,0xFF,0xC0,0xFF,0xC0,0xFF,0xC0,0xFF,0xC0,0xFF,0xC0,0xFF,0xC0,0xFF,0xC0,0x00,0x00,0x00,0x00,0x00,0x00,0x00,0x00,0x00,0x00,0x00,0x00,0x00,0x00,0x00,0x00,0x00,0x00,0x00,0x00,
    0x00,0x00,0x00,0x00,0x00,0x00,0x00,0x00,0x00,0x00,0x00,0x00,0x00,0x00,0x00,0x00,0x00,0x00,0x00,0x00,0x00,0x00,0x00,0x00,0x00,0x00,0x00,0x00,0x00,0x00,0x00,0x00,0x00,0x00,0xFF,0xC0,0xFF,0xC0,0xFF,0xC0,
    0x00,0x00,0x00,0x00,0x00,0x00,0x00,0x00,0x00,0x00,0x00,0x00,0x00,0x00,0x00,0x00,0x00,0x00,0x00,0x00,0x00,0x00,0x00,0x00,0x00,0x00,0x00,0x00,0x00,0x00,0xFF,0xC0,0xFF,0xC0,0xFF,0xC0,0xFF,0xC0,0xFF,0xC0,
    0x00,0x00,0x00,0x00,0x00,0x00,0x00,0x00,0x00,0x00,0x00,0x00,0x00,0x00,0x00,0x00,0x00,0x00,0x00,0x00,0x00,0x00,0x00,0x00,0xFF,0xC0,0xFF,0xC0,0xFF,0xC0,0xFF,0xC0,0xFF,0xC0,0xFF,0xC0,0xFF,0xC0,0xFF,0xC0,
    0x00,0x00,0x00,0x00,0x00,0x00,0x00,0x00,0x00,0x00,0x00,0x00,0x00,0x00,0x00,0x00,0x00,0x00,0x00,0x00,0xFF,0xC0,0xFF,0xC0,0xFF,0xC0,0xFF,0xC0,0xFF,0xC0,0xFF,0xC0,0xFF,0xC0,0xFF,0xC0,0xFF,0xC0,0xFF,0xC0,
    0x00,0x00,0x00,0x00,0x00,0x00,0x00,0x00,0x00,0x00,0x00,0x00,0x00,0x00,0x00,0x00,0xFF,0xC0,0xFF,0xC0,0xFF,0xC0,0xFF,0xC0,0xFF,0xC0,0xFF,0xC0,0xFF,0xC0,0xFF,0xC0,0xFF,0xC0,0xFF,0xC0,0xFF,0xC0,0xFF,0xC0,
    0x00,0x00,0x00,0x00,0x00,0x00,0x00,0x00,0x00,0x00,0xFF,0xC0,0xFF,0xC0,0xFF,0xC0,0xFF,0xC0,0xFF,0xC0,0xFF,0xC0,0xFF,0xC0,0xFF,0xC0,0xFF,0xC0,0xFF,0xC0,0xFF,0xC0,0xFF,0xC0,0xFF,0xC0,0xFF,0xC0,0xFF,0xC0,
    0x00,0x00,0x00,0x00,0x00,0x00,0xFF,0xC0,0xFF,0xC0,0xFF,0xC0,0xFF,0xC0,0xFF,0xC0,0xFF,0xC0,0xFF,0xC0,0xFF,0xC0,0xFF,0xC0,0xFF,0xC0,0xFF,0xC0,0xFF,0xC0,0xFF,0xC0,0xFF,0xC0,0xFF,0xC0,0xFF,0xC0,0xFF,0xC0,
    0xFF,0xC0,0xFF,0xC0,0xFF,0xC0,0xFF,0xC0,0xFF,0xC0,0xFF,0xC0,0xFF,0xC0,0xFF,0xC0,0xFF,0xC0,0xFF,0xC0,0xFF,0xC0,0xFF,0xC0,0xFF,0xC0,0xFF,0xC0,0xFF,0xC0,0xFF,0xC0,0xFF,0xC0,0xFF,0xC0,0xFF,0xC0,0xFF,0xC0,
    0xFF,0x80,0xFF,0x80,0xFF,0x80,0xFF,0x80,0xFF,0x80,0xFF,0x80,0xFF,0x80,0xFF,0x80,0xFF,0x80,0xFF,0x80,0xFF,0x80,0xFF,0x80,0xFF,0x80,0xFF,0x80,0xFF,0x80,0xFF,0x80,0xFF,0x80,0xFF,0x80,0xFF,0x80,0xFF,0x80,
    0xFE,0x00,0xFE,0x00,0xFE,0x00,0xFE,0x00,0xFE,0x00,0xFE,0x00,0xFE,0x00,0xFE,0x00,0xFE,0x00,0xFE,0x00,0xFE,0x00,0xFE,0x00,0xFE,0x00,0xFE,0x00,0xFE,0x00,0xFE,0x00,0xFE,0x00,0xFE,0x00,0xFE,0x00,0xFE,0x00,
    0xFC,0x00,0xFC,0x00,0xFC,0x00,0xFC,0x00,0xFC,0x00,0xFC,0x00,0xFC,0x00,0xFC,0x00,0xFC,0x00,0xFC,0x00,0xFC,0x00,0xFC,0x00,0xFC,0x00,0xFC,0x00,0xFC,0x00,0xFC,0x00,0xFC,0x00,0xFC,0x00,0xFC,0x00,0xFC,0x00,
    0xF8,0x00,0xF8,0x00,0xF8,0x00,0xF8,0x00,0xF8,0x00,0xF8,0x00,0xF8,0x00,0xF8,0x00,0xF8,0x00,0xF8,0x00,0xF8,0x00,0xF8,0x00,0xF8,0x00,0xF8,0x00,0xF8,0x00,0xF8,0x00,0xF8,0x00,0xF8,0x00,0xF8,0x00,0xF8,0x00,
    0xF0,0x00,0xF0,0x00,0xF0,0x00,0xF0,0x00,0xF0,0x00,0xF0,0x00,0xF0,0x00,0xF0,0x00,0xF0,0x00,0xF0,0x00,0xF0,0x00,0xF0,0x00,0xF0,0x00,0xF0,0x00,0xF0,0x00,0xF0,0x00,0xF0,0x00,0xF0,0x00,0xF0,0x00,0xF0,0x00,
    0xE0,0x00,0xE0,0x00,0xE0,0x00,0xE0,0x00,0xE0,0x00,0xE0,0x00,0xE0,0x00,0xE0,0x00,0xE0,0x00,0xE0,0x00,0xE0,0x00,0xE0,0x00,0xE0,0x00,0xE0,0x00,0xE0,0x00,0xE0,0x00,0xE0,0x00,0xE0,0x00,0xE0,0x00,0xE0,0x00,
    0x80,0x00,0x80,0x00,0x80,0x00,0x80,0x00,0x80,0x00,0x80,0x00,0x80,0x00,0x80,0x00,0x80,0x00,0x80,0x00,0x80,0x00,0x80,0x00,0x80,0x00,0x80,0x00,0x80,0x00,0x80,0x00,0x80,0x00,0x80,0x00,0x80,0x00,0x80,0x00,
    0x07,0xC0,0x07,0xC0,0x07,0xC0,0x07,0xC0,0x07,0xC0,0x07,0xC0,0x07,0xC0,0x07,0xC0,0x07,0xC0,0x07,0xC0,0x07,0xC0,0x07,0xC0,0x07,0xC0,0x07,0xC0,0x07,0xC0,0x07,0xC0,0x07,0xC0,0x07,0xC0,0x07,0xC0,0x07,0xC0,
    0x55,0x40,0x00,0x00,0xAA,0x80,0x00,0x00,0x55,0x40,0x00,0x00,0xAA,0x80,0x00,0x00,0x55,0x40,0x00,0x00,0xAA,0x80,0x00,0x00,0x55,0x40,0x00,0x00,0xAA,0x80,0x00,0x00,0x55,0x40,0x00,0x00,0xAA,0x80,0x00,0x00,
    0x55,0x40,0xAA,0x80,0x55,0x40,0xAA,0x80,0x55,0x40,0xAA,0x80,0x55,0x40,0xAA,0x80,0x55,0x40,0xAA,0x80,0x55,0x40,0xAA,0x80,0x55,0x40,0xAA,0x80,0x55,0x40,0xAA,0x80,0x55,0x40,0xAA,0x80,0x55,0x40,0xAA,0x80,
    0x55,0x40,0xFF,0xC0,0xAA,0x80,0xFF,0xC0,0x55,0x40,0xFF,0xC0,0xAA,0x80,0xFF,0xC0,0x55,0x40,0xFF,0xC0,0xAA,0x80,0xFF,0xC0,0x55,0x40,0xFF,0xC0,0xAA,0x80,0xFF,0xC0,0x55,0x40,0xFF,0xC0,0xAA,0x80,0xFF,0xC0,
    0xFF,0xC0,0xFF,0xC0,0xFF,0xC0,0x00,0x00,0x00,0x00,0x00,0x00,0x00,0x00,0x00,0x00,0x00,0x00,0x00,0x00,0x00,0x00,0x00,0x00,0x00,0x00,0x00,0x00,0x00,0x00,0x00,0x00,0x00,0x00,0x00,0x00,0x00,0x00,0x00,0x00,
    0x00,0x40,0x00,0x40,0x00,0x40,0x00,0x40,0x00,0x40,0x00,0x40,0x00,0x40,0x00,0x40,0x00,0x40,0x00,0x40,0x00,0x40,0x00,0x40,0x00,0x40,0x00,0x40,0x00,0x40,0x00,0x40,0x00,0x40,0x00,0x40,0x00,0x40,0x00,0x40,
    0x00,0x00,0x00,0x00,0x00,0x00,0x00,0x00,0x00,0x00,0x00,0x00,0x00,0x00,0x00,0x00,0x00,0x00,0x00,0x00,0xF8,0x00,0xF8,0x00,0xF8,0x00,0xF8,0x00,0xF8,0x00,0xF8,0x00,0xF8,0x00,0xF8,0x00,0xF8,0x00,0xF8,0x00,
    0x00,0x00,0x00,0x00,0x00,0x00,0x00,0x00,0x00,0x00,0x00,0x00,0x00,0x00,0x00,0x00,0x00,0x00,0x00,0x00,0x07,0xC0,0x07,0xC0,0x07,0xC0,0x07,0xC0,0x07,0xC0,0x07,0xC0,0x07,0xC0,0x07,0xC0,0x07,0xC0,0x07,0xC0,
    0xF8,0x00,0xF8,0x00,0xF8,0x00,0xF8,0x00,0xF8,0x00,0xF8,0x00,0xF8,0x00,0xF8,0x00,0xF8,0x00,0xF8,0x00,0x00,0x00,0x00,0x00,0x00,0x00,0x00,0x00,0x00,0x00,0x00,0x00,0x00,0x00,0x00,0x00,0x00,0x00,0x00,0x00,
    0xF8,0x00,0xF8,0x00,0xF8,0x00,0xF8,0x00,0xF8,0x00,0xF8,0x00,0xF8,0x00,0xF8,0x00,0xF8,0x00,0xF8,0x00,0xFF,0xC0,0xFF,0xC0,0xFF,0xC0,0xFF,0xC0,0xFF,0xC0,0xFF,0xC0,0xFF,0xC0,0xFF,0xC0,0xFF,0xC0,0xFF,0xC0,
    0xF8,0x00,0xF8,0x00,0xF8,0x00,0xF8,0x00,0xF8,0x00,0xF8,0x00,0xF8,0x00,0xF8,0x00,0xF8,0x00,0xF8,0x00,0x07,0xC0,0x07,0xC0,0x07,0xC0,0x07,0xC0,0x07,0xC0,0x07,0xC0,0x07,0xC0,0x07,0xC0,0x07,0xC0,0x07,0xC0,
    0xFF,0xC0,0xFF,0xC0,0xFF,0xC0,0xFF,0xC0,0xFF,0xC0,0xFF,0xC0,0xFF,0xC0,0xFF,0xC0,0xFF,0xC0,0xFF,0xC0,0xF8,0x00,0xF8,0x00,0xF8,0x00,0xF8,0x00,0xF8,0x00,0xF8,0x00,0xF8,0x00,0xF8,0x00,0xF8,0x00,0xF8,0x00,
    0xFF,0xC0,0xFF,0xC0,0xFF,0xC0,0xFF,0xC0,0xFF,0xC0,0xFF,0xC0,0xFF,0xC0,0xFF,0xC0,0xFF,0xC0,0xFF,0xC0,0x07,0xC0,0x07,0xC0,0x07,0xC0,0x07,0xC0,0x07,0xC0,0x07,0xC0,0x07,0xC0,0x07,0xC0,0x07,0xC0,0x07,0xC0,
    0x07,0xC0,0x07,0xC0,0x07,0xC0,0x07,0xC0,0x07,0xC0,0x07,0xC0,0x07,0xC0,0x07,0xC0,0x07,0xC0,0x07,0xC0,0x00,0x00,0x00,0x00,0x00,0x00,0x00,0x00,0x00,0x00,0x00,0x00,0x00,0x00,0x00,0x00,0x00,0x00,0x00,0x00,
    0x07,0xC0,0x07,0xC0,0x07,0xC0,0x07,0xC0,0x07,0xC0,0x07,0xC0,0x07,0xC0,0x07,0xC0,0x07,0xC0,0x07,0xC0,0xF8,0x00,0xF8,0x00,0xF8,0x00,0xF8,0x00,0xF8,0x00,0xF8,0x00,0xF8,0x00,0xF8,0x00,0xF8,0x00,0xF8,0x00,
    0x07,0xC0,0x07,0xC0,0x07,0xC0,0x07,0xC0,0x07,0xC0,0x07,0xC0,0x07,0xC0,0x07,0xC0,0x07,0xC0,0x07,0xC0,0xFF,0xC0,0xFF,0xC0,0xFF,0xC0,0xFF,0xC0,0xFF,0xC0,0xFF,0xC0,0xFF,0xC0,0xFF,0xC0,0xFF,0xC0,0xFF,0xC0,
    0x00,0x00,0x00,0x00,0x00,0x00,0x00,0x00,0x00,0x00,0x00,0x00,0x00,0x00,0x7F,0x80,0x7F,0x80,0x7F,0x80,0x7F,0x80,0x7F,0x80,0x7F,0x80,0x7F,0x80,0x7F,0x80,0x00,0x00,0x00,0x00,0x00,0x00,0x00,0x00,0x00,0x00,
    0x00,0x00,0x00,0x00,0x00,0x00,0x00,0x00,0x00,0x00,0x00,0x00,0x00,0x00,0x7F,0x80,0x40,0x80,0x40,0x80,0x40,0x80,0x40,0x80,0x40,0x80,0x40,0x80,0x7F,0x80,0x00,0x00,0x00,0x00,0x00,0x00,0x00,0x00,0x00,0x00,
    0x00,0x00,0x00,0x00,0x00,0x00,0x00,0x00,0x00,0x00,0x00,0x00,0x00,0x00,0x00,0x00,0x00,0x00,0x1E,0x00,0x1E,0x00,0x1E,0x00,0x1E,0x00,0x00,0x00,0x00,0x00,0x00,0x00,0x00,0x00,0x00,0x00,0x00,0x00,0x00,0x00,
    0x00,0x00,0x00,0x00,0x00,0x00,0x00,0x00,0x00,0x00,0x00,0x00,0x00,0x00,0x00,0x00,0x00,0x00,0x1E,0x00,0x12,0x00,0x12,0x00,0x1E,0x00,0x00,0x00,0x00,0x00,0x00,0x00,0x00,0x00,0x00,0x00,0x00,0x00,0x00,0x00,
    0x00,0x00,0x00,0x00,0x00,0x00,0x00,0x00,0x00,0x00,0x00,0x00,0x00,0x00,0x7F,0x80,0x7F,0x80,0x7F,0x80,0x7F,0x80,0x7F,0x80,0x7F,0x80,0x00,0x00,0x00,0x00,0x00,0x00,0x00,0x00,0x00,0x00,0x00,0x00,0x00,0x00,
    0x00,0x00,0x00,0x00,0x00,0x00,0x3F,0x00,0x3F,0x00,0x3F,0x00,0x3F,0x00,0x3F,0x00,0x3F,0x00,0x3F,0x00,0x3F,0x00,0x3F,0x00,0x3F,0x00,0x3F,0x00,0x3F,0x00,0x3F,0x00,0x00,0x00,0x00,0x00,0x00,0x00,0x00,0x00,
    0x00,0x00,0x00,0x00,0x00,0x00,0x00,0x00,0x00,0x00,0x00,0x00,0x0C,0x00,0x0C,0x00,0x1E,0x00,0x1E,0x00,0x3F,0x00,0x3F,0x00,0x7F,0x80,0x7F,0x80,0x00,0x00,0x00,0x00,0x00,0x00,0x00,0x00,0x00,0x00,0x00,0x00,
    0x00,0x00,0x00,0x00,0x00,0x00,0x00,0x00,0x00,0x00,0x00,0x00,0x0C,0x00,0x0C,0x00,0x12,0x00,0x12,0x00,0x21,0x00,0x21,0x00,0x40,0x80,0x7F,0x80,0x00,0x00,0x00,0x00,0x00,0x00,0x00,0x00,0x00,0x00,0x00,0x00,
    0x00,0x00,0x00,0x00,0x00,0x00,0x00,0x00,0x00,0x00,0x00,0x00,0x00,0x00,0x70,0x00,0x7E,0x00,0x7F,0x80,0x7E,0x00,0x70,0x00,0x00,0x00,0x00,0x00,0x00,0x00,0x00,0x00,0x00,0x00,0x00,0x00,0x00,0x00,0x00,0x00,
    0x00,0x00,0x00,0x00,0x00,0x00,0x00,0x00,0x00,0x00,0x00,0x00,0x00,0x00,0x70,0x00,0x4E,0x00,0x41,0x80,0x4E,0x00,0x70,0x00,0x00,0x00,0x00,0x00,0x00,0x00,0x00,0x00,0x00,0x00,0x00,0x00,0x00,0x00,0x00,0x00,
    0x00,0x00,0x00,0x00,0x00,0x00,0x00,0x00,0x00,0x00,0x00,0x00,0x7F,0x80,0x7F,0x80,0x3F,0x00,0x3F,0x00,0x1E,0x00,0x1E,0x00,0x0C,0x00,0x0C,0x00,0x00,0x00,0x00,0x00,0x00,0x00,0x00,0x00,0x00,0x00,0x00,0x00,
    0x00,0x00,0x00,0x00,0x00,0x00,0x00,0x00,0x00,0x00,0x00,0x00,0x7F,0x80,0x40,0x80,0x21,0x00,0x21,0x00,0x12,0x00,0x12,0x00,0x0C,0x00,0x0C,0x00,0x00,0x00,0x00,0x00,0x00,0x00,0x00,0x00,0x00,0x00,0x00,0x00,
    0x00,0x00,0x00,0x00,0x00,0x00,0x00,0x00,0x00,0x00,0x00,0x00,0x00,0x00,0x03,0x80,0x1F,0x80,0x7F,0x80,0x1F,0x80,0x03,0x80,0x00,0x00,0x00,0x00,0x00,0x00,0x00,0x00,0x00,0x00,0x00,0x00,0x00,0x00,0x00,0x00,
    0x00,0x00,0x00,0x00,0x00,0x00,0x00,0x00,0x00,0x00,0x00,0x00,0x00,0x00,0x03,0x80,0x1C,0x80,0x60,0x80,0x1C,0x80,0x03,0x80,0x00,0x00,0x00,0x00,0x00,0x00,0x00,0x00,0x00,0x00,0x00,0x00,0x00,0x00,0x00,0x00,
    0x00,0x00,0x00,0x00,0x00,0x00,0x00,0x00,0x00,0x00,0x00,0x00,0x0C,0x00,0x1E,0x00,0x3F,0x00,0x7F,0x80,0x7F,0x80,0x3F,0x00,0x1E,0x00,0x0C,0x00,0x00,0x00,0x00,0x00,0x00,0x00,0x00,0x00,0x00,0x00,0x00,0x00,
    0x00,0x00,0x00,0x00,0x04,0x00,0x0A,0x00,0x0A,0x00,0x11,0x00,0x11,0x00,0x20,0x80,0x20,0x80,0x40,0x40,0x20,0x80,0x20,0x80,0x11,0x00,0x11,0x00,0x0A,0x00,0x0A,0x00,0x04,0x00,0x00,0x00,0x00,0x00,0x00,0x00,
    0x00,0x00,0x00,0x00,0x00,0x00,0x00,0x00,0x00,0x00,0x00,0x00,0x00,0x00,0x1E,0x00,0x21,0x00,0x40,0x80,0x40,0x80,0x40,0x80,0x40,0x80,0x21,0x00,0x1E,0x00,0x00,0x00,0x00,0x00,0x00,0x00,0x00,0x00,0x00,0x00,
    0x00,0x00,0x00,0x00,0x00,0x00,0x00,0x00,0x00,0x00,0x00,0x00,0x00,0x00,0x14,0x00,0x00,0x00,0x41,0x00,0x00,0x00,0x41,0x00,0x00,0x00,0x14,0x00,0x00,0x00,0x00,0x00,0x00,0x00,0x00,0x00,0x00,0x00,0x00,0x00,
    0x00,0x00,0x00,0x00,0x00,0x00,0x00,0x00,0x00,0x00,0x00,0x00,0x00,0x00,0x1E,0x00,0x3F,0x00,0x7F,0x80,0x7F,0x80,0x7F,0x80,0x7F,0x80,0x3F,0x00,0x1E,0x00,0x00,0x00,0x00,0x00,0x00,0x00,0x00,0x00,0x00,0x00,
    0xFF,0xC0,0xFF,0xC0,0xFF,0xC0,0xFF,0xC0,0xFF,0xC0,0xFF,0xC0,0xE1,0xC0,0xC0,0xC0,0x80,0x40,0x80,0x40,0x80,0x40,0x80,0x40,0xC0,0xC0,0xE1,0xC0,0xFF,0xC0,0xFF,0xC0,0xFF,0xC0,0xFF,0xC0,0xFF,0xC0,0xFF,0xC0,
    0xFF,0xC0,0xFF,0xC0,0xFF,0xC0,0xFF,0xC0,0xFF,0xC0,0xFF,0xC0,0xE1,0xC0,0xDE,0xC0,0xBF,0x40,0xBF,0x40,0xBF,0x40,0xBF,0x40,0xDE,0xC0,0xE1,0xC0,0xFF,0xC0,0xFF,0xC0,0xFF,0xC0,0xFF,0xC0,0xFF,0xC0,0xFF,0xC0,
    0x00,0x00,0x00,0x00,0x00,0x00,0x00,0x00,0x00,0x00,0x00,0x00,0x00,0x00,0x0E,0x00,0x11,0x00,0x11,0x00,0x11,0x00,0x0E,0x00,0x00,0x00,0x00,0x00,0x00,0x00,0x00,0x00,0x00,0x00,0x00,0x00,0x00,0x00,0x00,0x00,
    0x00,0x00,0x00,0x00,0x00,0x00,0x00,0x00,0x00,0x00,0x00,0x00,0x08,0x00,0x41,0x00,0x1C,0x00,0x3E,0x00,0xBE,0x80,0x3E,0x00,0x1C,0x00,0x41,0x00,0x08,0x00,0x00,0x00,0x00,0x00,0x00,0x00,0x00,0x00,0x00,0x00,
    0x00,0x00,0x00,0x00,0x00,0x00,0x00,0x00,0x00,0x00,0x00,0x00,0x1E,0x00,0x21,0x00,0x40,0x80,0x52,0x80,0x40,0x80,0x52,0x80,0x4C,0x80,0x21,0x00,0x1E,0x00,0x00,0x00,0x00,0x00,0x00,0x00,0x00,0x00,0x00,0x00,
    0x00,0x00,0x00,0x00,0x00,0x00,0x00,0x00,0x00,0x00,0x00,0x00,0x1E,0x00,0x3F,0x00,0x7F,0x80,0x6D,0x80,0x7F,0x80,0x6D,0x80,0x73,0x80,0x3F,0x00,0x1E,0x00,0x00,0x00,0x00,0x00,0x00,0x00,0x00,0x00,0x00,0x00,
    0x00,0x00,0x00,0x00,0x00,0x00,0x00,0x00,0x00,0x00,0x08,0x00,0x08,0x00,0x88,0x80,0x41,0x00,0x1C,0x00,0x22,0x00,0xA2,0x80,0x22,0x00,0x1C,0x00,0x41,0x00,0x88,0x80,0x08,0x00,0x08,0x00,0x00,0x00,0x00,0x00,
    0x00,0x00,0x00,0x00,0x00,0x00,0x00,0x00,0x00,0x00,0x41,0x00,0x22,0x00,0x1C,0x00,0x22,0x00,0x41,0x00,0x41,0x00,0x41,0x00,0x22,0x00,0x1C,0x00,0x08,0x00,0x08,0x00,0x3E,0x00,0x08,0x00,0x08,0x00,0x00,0x00,
    0x00,0x00,0x00,0x00,0x00,0x00,0x00,0x00,0x00,0x00,0x00,0x00,0x00,0x00,0x00,0x00,0x1C,0x00,0x22,0x00,0x41,0x00,0x41,0x00,0x41,0x00,0x22,0x00,0x1C,0x00,0x08,0x00,0x08,0x00,0x3E,0x00,0x08,0x00,0x08,0x00,
    0x00,0x00,0x00,0x00,0x00,0x00,0x00,0x00,0x08,0x00,0x08,0x00,0x3E,0x00,0x08,0x00,0x08,0x00,0x1C,0x00,0x22,0x00,0x41,0x00,0x41,0x00,0x41,0x00,0x22,0x00,0x1C,0x00,0x00,0x00,0x00,0x00,0x00,0x00,0x00,0x00,
    0x00,0x00,0x00,0x00,0x00,0x00,0x00,0x00,0x00,0x00,0x00,0x00,0x07,0x80,0x01,0x80,0x02,0x80,0x1C,0x80,0x22,0x00,0x41,0x00,0x41,0x00,0x41,0x00,0x22,0x00,0x1C,0x00,0x00,0x00,0x00,0x00,0x00,0x00,0x00,0x00,
    0x00,0x00,0x00,0x00,0x00,0x00,0x00,0x00,0x00,0x00,0x04,0x00,0x04,0x00,0x0E,0x00,0x1F,0x00,0x3F,0x80,0x7F,0xC0,0x7F,0xC0,0x7F,0xC0,0x35,0x80,0x04,0x00,0x1F,0x00,0x00,0x00,0x00,0x00,0x00,0x00,0x00,0x00,
    0x00,0x00,0x00,0x00,0x00,0x00,0x00,0x00,0x00,0x00,0x00,0x00,0x00,0x00,0x31,0x80,0x4A,0x40,0x44,0x40,0x40,0x40,0x20,0x80,0x11,0x00,0x0A,0x00,0x04,0x00,0x04,0x00,0x00,0x00,0x00,0x00,0x00,0x00,0x00,0x00,
    0x00,0x00,0x00,0x00,0x00,0x00,0x00,0x00,0x00,0x00,0x04,0x00,0x0A,0x00,0x0A,0x00,0x11,0x00,0x11,0x00,0x20,0x80,0x11,0x00,0x11,0x00,0x0A,0x00,0x0A,0x00,0x04,0x00,0x00,0x00,0x00,0x00,0x00,0x00,0x00,0x00,
    0x00,0x00,0x00,0x00,0x00,0x00,0x00,0x00,0x00,0x00,0x00,0x00,0x0E,0x00,0x0E,0x00,0x0E,0x00,0x04,0x00,0x75,0xC0,0x7F,0xC0,0x75,0xC0,0x04,0x00,0x04,0x00,0x1F,0x00,0x00,0x00,0x00,0x00,0x00,0x00,0x00,0x00,
    0x00,0x00,0x00,0x00,0x00,0x00,0x00,0x00,0x00,0x00,0x04,0x00,0x04,0x00,0x0A,0x00,0x11,0x00,0x20,0x80,0x40,0x40,0x40,0x40,0x4E,0x40,0x35,0x80,0x04,0x00,0x1F,0x00,0x00,0x00,0x00,0x00,0x00,0x00,0x00,0x00,
    0x00,0x00,0x00,0x00,0x00,0x00,0x00,0x00,0x00,0x00,0x00,0x00,0x00,0x00,0x31,0x80,0x7B,0xC0,0x7F,0xC0,0x7F,0xC0,0x3F,0x80,0x1F,0x00,0x0E,0x00,0x04,0x00,0x04,0x00,0x00,0x00,0x00,0x00,0x00,0x00,0x00,0x00,
    0x00,0x00,0x00,0x00,0x00,0x00,0x00,0x00,0x00,0x00,0x04,0x00,0x0E,0x00,0x0E,0x00,0x1F,0x00,0x1F,0x00,0x3F,0x80,0x1F,0x00,0x1F,0x00,0x0E,0x00,0x0E,0x00,0x04,0x00,0x00,0x00,0x00,0x00,0x00,0x00,0x00,0x00,
    0x00,0x00,0x04,0x00,0x07,0x00,0x07,0xC0,0x06,0xC0,0x06,0x00,0x06,0x00,0x06,0x00,0x06,0x00,0x06,0x00,0x06,0x00,0x06,0x00,0x1E,0x00,0x3E,0x00,0x7E,0x00,0x7E,0x00,0x7C,0x00,0x38,0x00,0x00,0x00,0x00,0x00,
    0x00,0x00,0x18,0x00,0x1E,0x00,0x1F,0x80,0x1B,0x80,0x19,0x80,0x19,0x80,0x19,0x80,0x19,0x80,0x79,0x80,0xF9,0x80,0xF1,0x80,0x61,0x80,0x07,0x80,0x0F,0x80,0x0F,0x00,0x06,0x00,0x00,0x00,0x00,0x00,0x00,0x00,
    0x00,0x00,0x18,0x00,0x1E,0x00,0x1F,0x80,0x1B,0x80,0x1D,0x80,0x1F,0x80,0x1B,0x80,0x19,0x80,0x79,0x80,0xF9,0x80,0xF1,0x80,0x61,0x80,0x07,0x80,0x0F,0x80,0x0F,0x00,0x06,0x00,0x00,0x00,0x00,0x00,0x00,0x00,
    0x00,0x00,0x00,0x00,0x00,0x00,0x60,0x00,0x60,0x00,0x60,0x00,0x60,0x00,0x60,0x00,0x60,0x00,0x6F,0x00,0x79,0x80,0x61,0x80,0x61,0x80,0x63,0x00,0x6E,0x00,0x78,0x00,0x00,0x00,0x00,0x00,0x00,0x00,0x00,0x00,
    0x00,0x00,0x00,0x00,0x00,0x00,0x10,0x00,0x30,0x00,0x30,0x00,0x33,0x00,0x3F,0x00,0x33,0x00,0x33,0x00,0x33,0x00,0x3F,0x00,0x33,0x00,0x03,0x00,0x03,0x00,0x02,0x00,0x00,0x00,0x00,0x00,0x00,0x00,0x00,0x00,
    0x00,0x00,0x00,0x00,0x00,0x00,0x01,0x00,0x13,0x00,0x33,0x00,0x33,0x80,0x3F,0x00,0x73,0x00,0x33,0x00,0x33,0x80,0x3F,0x00,0x73,0x00,0x33,0x00,0x32,0x00,0x20,0x00,0x00,0x00,0x00,0x00,0x00,0x00,0x00,0x00,
    0x00,0x00,0x00,0x00,0x00,0x00,0x01,0x00,0x03,0x00,0x02,0x00,0x06,0x00,0x04,0x00,0x0C,0x00,0x08,0x00,0x0C,0x00,0x04,0x00,0x06,0x00,0x02,0x00,0x03,0x00,0x01,0x00,0x00,0x00,0x00,0x00,0x00,0x00,0x00,0x00,
    0x00,0x00,0x00,0x00,0x00,0x00,0x08,0x00,0x0C,0x00,0x04,0x00,0x06,0x00,0x02,0x00,0x03,0x00,0x01,0x00,0x03,0x00,0x02,0x00,0x06,0x00,0x04,0x00,0x0C,0x00,0x08,0x00,0x00,0x00,0x00,0x00,0x00,0x00,0x00,0x00,
    0x00,0x00,0x00,0x00,0x00,0x00,0x00,0x00,0x00,0x00,0x00,0x00,0x00,0x00,0x00,0x00,0x00,0x00,0x00,0x00,0x00,0x00,0x00,0x00,0x00,0x00,0x00,0x00,0x00,0x00,0x00,0x00,0x00,0x00,0x00,0x00,0x00,0x00,0x00,0x00,
    0x00,0x00,0x70,0x00,0x70,0x00,0x70,0x00,0x00,0x00,0x00,0x00,0x00,0x00,0x00,0x00,0x00,0x00,0x00,0x00,0x00,0x00,0x00,0x00,0x00,0x00,0x00,0x00,0x00,0x00,0x00,0x00,0x00,0x00,0x00,0x00,0x00,0x00,0x00,0x00,
    0x00,0x00,0x00,0x00,0x00,0x00,0x00,0x00,0x00,0x00,0x70,0x00,0x70,0x00,0x70,0x00,0x00,0x00,0x00,0x00,0x00,0x00,0x00,0x00,0x00,0x00,0x00,0x00,0x00,0x00,0x00,0x00,0x00,0x00,0x00,0x00,0x00,0x00,0x00,0x00,
    0x00,0x00,0x70,0x00,0x70,0x00,0x70,0x00,0x00,0x00,0x70,0x00,0x70,0x00,0x70,0x00,0x00,0x00,0x00,0x00,0x00,0x00,0x00,0x00,0x00,0x00,0x00,0x00,0x00,0x00,0x00,0x00,0x00,0x00,0x00,0x00,0x00,0x00,0x00,0x00,
    0x00,0x00,0x00,0x00,0x00,0x00,0x00,0x00,0x00,0x00,0x00,0x00,0x00,0x00,0x00,0x00,0x00,0x00,0x70,0x00,0x70,0x00,0x70,0x00,0x00,0x00,0x00,0x00,0x00,0x00,0x00,0x00,0x00,0x00,0x00,0x00,0x00,0x00,0x00,0x00,
    0x00,0x00,0x70,0x00,0x70,0x00,0x70,0x00,0x00,0x00,0x00,0x00,0x00,0x00,0x00,0x00,0x00,0x00,0x70,0x00,0x70,0x00,0x70,0x00,0x00,0x00,0x00,0x00,0x00,0x00,0x00,0x00,0x00,0x00,0x00,0x00,0x00,0x00,0x00,0x00,
    0x00,0x00,0x00,0x00,0x00,0x00,0x00,0x00,0x00,0x00,0x70,0x00,0x70,0x00,0x70,0x00,0x00,0x00,0x70,0x00,0x70,0x00,0x70,0x00,0x00,0x00,0x00,0x00,0x00,0x00,0x00,0x00,0x00,0x00,0x00,0x00,0x00,0x00,0x00,0x00,
    0x00,0x00,0x70,0x00,0x70,0x00,0x70,0x00,0x00,0x00,0x70,0x00,0x70,0x00,0x70,0x00,0x00,0x00,0x70,0x00,0x70,0x00,0x70,0x00,0x00,0x00,0x00,0x00,0x00,0x00,0x00,0x00,0x00,0x00,0x00,0x00,0x00,0x00,0x00,0x00,
    0x00,0x00,0x07,0x00,0x07,0x00,0x07,0x00,0x00,0x00,0x00,0x00,0x00,0x00,0x00,0x00,0x00,0x00,0x00,0x00,0x00,0x00,0x00,0x00,0x00,0x00,0x00,0x00,0x00,0x00,0x00,0x00,0x00,0x00,0x00,0x00,0x00,0x00,0x00,0x00,
    0x00,0x00,0x77,0x00,0x77,0x00,0x77,0x00,0x00,0x00,0x00,0x00,0x00,0x00,0x00,0x00,0x00,0x00,0x00,0x00,0x00,0x00,0x00,0x00,0x00,0x00,0x00,0x00,0x00,0x00,0x00,0x00,0x00,0x00,0x00,0x00,0x00,0x00,0x00,0x00,
    0x00,0x00,0x07,0x00,0x07,0x00,0x07,0x00,0x00,0x00,0x70,0x00,0x70,0x00,0x70,0x00,0x00,0x00,0x00,0x00,0x00,0x00,0x00,0x00,0x00,0x00,0x00,0x00,0x00,0x00,0x00,0x00,0x00,0x00,0x00,0x00,0x00,0x00,0x00,0x00,
    0x00,0x00,0x77,0x00,0x77,0x00,0x77,0x00,0x00,0x00,0x70,0x00,0x70,0x00,0x70,0x00,0x00,0x00,0x00,0x00,0x00,0x00,0x00,0x00,0x00,0x00,0x00,0x00,0x00,0x00,0x00,0x00,0x00,0x00,0x00,0x00,0x00,0x00,0x00,0x00,
    0x00,0x00,0x07,0x00,0x07,0x00,0x07,0x00,0x00,0x00,0x00,0x00,0x00,0x00,0x00,0x00,0x00,0x00,0x70,0x00,0x70,0x00,0x70,0x00,0x00,0x00,0x00,0x00,0x00,0x00,0x00,0x00,0x00,0x00,0x00,0x00,0x00,0x00,0x00,0x00,
    0x00,0x00,0x77,0x00,0x77,0x00,0x77,0x00,0x00,0x00,0x00,0x00,0x00,0x00,0x00,0x00,0x00,0x00,0x70,0x00,0x70,0x00,0x70,0x00,0x00,0x00,0x00,0x00,0x00,0x00,0x00,0x00,0x00,0x00,0x00,0x00,0x00,0x00,0x00,0x00,
    0x00,0x00,0x07,0x00,0x07,0x00,0x07,0x00,0x00,0x00,0x70,0x00,0x70,0x00,0x70,0x00,0x00,0x00,0x70,0x00,0x70,0x00,0x70,0x00,0x00,0x00,0x00,0x00,0x00,0x00,0x00,0x00,0x00,0x00,0x00,0x00,0x00,0x00,0x00,0x00,
    0x00,0x00,0x77,0x00,0x77,0x00,0x77,0x00,0x00,0x00,0x70,0x00,0x70,0x00,0x70,0x00,0x00,0x00,0x70,0x00,0x70,0x00,0x70,0x00,0x00,0x00,0x00,0x00,0x00,0x00,0x00,0x00,0x00,0x00,0x00,0x00,0x00,0x00,0x00,0x00,
    0x00,0x00,0x00,0x00,0x00,0x00,0x00,0x00,0x00,0x00,0x07,0x00,0x07,0x00,0x07,0x00,0x00,0x00,0x00,0x00,0x00,0x00,0x00,0x00,0x00,0x00,0x00,0x00,0x00,0x00,0x00,0x00,0x00,0x00,0x00,0x00,0x00,0x00,0x00,0x00,
    0x00,0x00,0x70,0x00,0x70,0x00,0x70,0x00,0x00,0x00,0x07,0x00,0x07,0x00,0x07,0x00,0x00,0x00,0x00,0x00,0x00,0x00,0x00,0x00,0x00,0x00,0x00,0x00,0x00,0x00,0x00,0x00,0x00,0x00,0x00,0x00,0x00,0x00,0x00,0x00,
    0x00,0x00,0x00,0x00,0x00,0x00,0x00,0x00,0x00,0x00,0x77,0x00,0x77,0x00,0x77,0x00,0x00,0x00,0x00,0x00,0x00,0x00,0x00,0x00,0x00,0x00,0x00,0x00,0x00,0x00,0x00,0x00,0x00,0x00,0x00,0x00,0x00,0x00,0x00,0x00,
    0x00,0x00,0x70,0x00,0x70,0x00,0x70,0x00,0x00,0x00,0x77,0x00,0x77,0x00,0x77,0x00,0x00,0x00,0x00,0x00,0x00,0x00,0x00,0x00,0x00,0x00,0x00,0x00,0x00,0x00,0x00,0x00,0x00,0x00,0x00,0x00,0x00,0x00,0x00,0x00,
    0x00,0x00,0x00,0x00,0x00,0x00,0x00,0x00,0x00,0x00,0x07,0x00,0x07,0x00,0x07,0x00,0x00,0x00,0x70,0x00,0x70,0x00,0x70,0x00,0x00,0x00,0x00,0x00,0x00,0x00,0x00,0x00,0x00,0x00,0x00,0x00,0x00,0x00,0x00,0x00,
    0x00,0x00,0x70,0x00,0x70,0x00,0x70,0x00,0x00,0x00,0x07,0x00,0x07,0x00,0x07,0x00,0x00,0x00,0x70,0x00,0x70,0x00,0x70,0x00,0x00,0x00,0x00,0x00,0x00,0x00,0x00,0x00,0x00,0x00,0x00,0x00,0x00,0x00,0x00,0x00,
    0x00,0x00,0x00,0x00,0x00,0x00,0x00,0x00,0x00,0x00,0x77,0x00,0x77,0x00,0x77,0x00,0x00,0x00,0x70,0x00,0x70,0x00,0x70,0x00,0x00,0x00,0x00,0x00,0x00,0x00,0x00,0x00,0x00,0x00,0x00,0x00,0x00,0x00,0x00,0x00,
    0x00,0x00,0x70,0x00,0x70,0x00,0x70,0x00,0x00,0x00,0x77,0x00,0x77,0x00,0x77,0x00,0x00,0x00,0x70,0x00,0x70,0x00,0x70,0x00,0x00,0x00,0x00,0x00,0x00,0x00,0x00,0x00,0x00,0x00,0x00,0x00,0x00,0x00,0x00,0x00,
    0x00,0x00,0x07,0x00,0x07,0x00,0x07,0x00,0x00,0x00,0x07,0x00,0x07,0x00,0x07,0x00,0x00,0x00,0x00,0x00,0x00,0x00,0x00,0x00,0x00,0x00,0x00,0x00,0x00,0x00,0x00,0x00,0x00,0x00,0x00,0x00,0x00,0x00,0x00,0x00,
    0x00,0x00,0x77,0x00,0x77,0x00,0x77,0x00,0x00,0x00,0x07,0x00,0x07,0x00,0x07,0x00,0x00,0x00,0x00,0x00,0x00,0x00,0x00,0x00,0x00,0x00,0x00,0x00,0x00,0x00,0x00,0x00,0x00,0x00,0x00,0x00,0x00,0x00,0x00,0x00,
    0x00,0x00,0x07,0x00,0x07,0x00,0x07,0x00,0x00,0x00,0x77,0x00,0x77,0x00,0x77,0x00,0x00,0x00,0x00,0x00,0x00,0x00,0x00,0x00,0x00,0x00,0x00,0x00,0x00,0x00,0x00,0x00,0x00,0x00,0x00,0x00,0x00,0x00,0x00,0x00,
    0x00,0x00,0x77,0x00,0x77,0x00,0x77,0x00,0x00,0x00,0x77,0x00,0x77,0x00,0x77,0x00,0x00,0x00,0x00,0x00,0x00,0x00,0x00,0x00,0x00,0x00,0x00,0x00,0x00,0x00,0x00,0x00,0x00,0x00,0x00,0x00,0x00,0x00,0x00,0x00,
    0x00,0x00,0x07,0x00,0x07,0x00,0x07,0x00,0x00,0x00,0x07,0x00,0x07,0x00,0x07,0x00,0x00,0x00,0x70,0x00,0x70,0x00,0x70,0x00,0x00,0x00,0x00,0x00,0x00,0x00,0x00,0x00,0x00,0x00,0x00,0x00,0x00,0x00,0x00,0x00,
    0x00,0x00,0x77,0x00,0x77,0x00,0x77,0x00,0x00,0x00,0x07,0x00,0x07,0x00,0x07,0x00,0x00,0x00,0x70,0x00,0x70,0x00,0x70,0x00,0x00,0x00,0x00,0x00,0x00,0x00,0x00,0x00,0x00,0x00,0x00,0x00,0x00,0x00,0x00,0x00,
    0x00,0x00,0x07,0x00,0x07,0x00,0x07,0x00,0x00,0x00,0x77,0x00,0x77,0x00,0x77,0x00,0x00,0x00,0x70,0x00,0x70,0x00,0x70,0x00,0x00,0x00,0x00,0x00,0x00,0x00,0x00,0x00,0x00,0x00,0x00,0x00,0x00,0x00,0x00,0x00,
    0x00,0x00,0x77,0x00,0x77,0x00,0x77,0x00,0x00,0x00,0x77,0x00,0x77,0x00,0x77,0x00,0x00,0x00,0x70,0x00,0x70,0x00,0x70,0x00,0x00,0x00,0x00,0x00,0x00,0x00,0x00,0x00,0x00,0x00,0x00,0x00,0x00,0x00,0x00,0x00,
    0x00,0x00,0x00,0x00,0x00,0x00,0x00,0x00,0x00,0x00,0x00,0x00,0x00,0x00,0x00,0x00,0x00,0x00,0x07,0x00,0x07,0x00,0x07,0x00,0x00,0x00,0x00,0x00,0x00,0x00,0x00,0x00,0x00,0x00,0x00,0x00,0x00,0x00,0x00,0x00,
    0x00,0x00,0x70,0x00,0x70,0x00,0x70,0x00,0x00,0x00,0x00,0x00,0x00,0x00,0x00,0x00,0x00,0x00,0x07,0x00,0x07,0x00,0x07,0x00,0x00,0x00,0x00,0x00,0x00,0x00,0x00,0x00,0x00,0x00,0x00,0x00,0x00,0x00,0x00,0x00,
    0x00,0x00,0x00,0x00,0x00,0x00,0x00,0x00,0x00,0x00,0x70,0x00,0x70,0x00,0x70,0x00,0x00,0x00,0x07,0x00,0x07,0x00,0x07,0x00,0x00,0x00,0x00,0x00,0x00,0x00,0x00,0x00,0x00,0x00,0x00,0x00,0x00,0x00,0x00,0x00,
    0x00,0x00,0x70,0x00,0x70,0x00,0x70,0x00,0x00,0x00,0x70,0x00,0x70,0x00,0x70,0x00,0x00,0x00,0x07,0x00,0x07,0x00,0x07,0x00,0x00,0x00,0x00,0x00,0x00,0x00,0x00,0x00,0x00,0x00,0x00,0x00,0x00,0x00,0x00,0x00,
    0x00,0x00,0x00,0x00,0x00,0x00,0x00,0x00,0x00,0x00,0x00,0x00,0x00,0x00,0x00,0x00,0x00,0x00,0x77,0x00,0x77,0x00,0x77,0x00,0x00,0x00,0x00,0x00,0x00,0x00,0x00,0x00,0x00,0x00,0x00,0x00,0x00,0x00,0x00,0x00,
    0x00,0x00,0x70,0x00,0x70,0x00,0x70,0x00,0x00,0x00,0x00,0x00,0x00,0x00,0x00,0x00,0x00,0x00,0x77,0x00,0x77,0x00,0x77,0x00,0x00,0x00,0x00,0x00,0x00,0x00,0x00,0x00,0x00,0x00,0x00,0x00,0x00,0x00,0x00,0x00,
    0x00,0x00,0x00,0x00,0x00,0x00,0x00,0x00,0x00,0x00,0x70,0x00,0x70,0x00,0x70,0x00,0x00,0x00,0x77,0x00,0x77,0x00,0x77,0x00,0x00,0x00,0x00,0x00,0x00,0x00,0x00,0x00,0x00,0x00,0x00,0x00,0x00,0x00,0x00,0x00,
    0x00,0x00,0x70,0x00,0x70,0x00,0x70,0x00,0x00,0x00,0x70,0x00,0x70,0x00,0x70,0x00,0x00,0x00,0x77,0x00,0x77,0x00,0x77,0x00,0x00,0x00,0x00,0x00,0x00,0x00,0x00,0x00,0x00,0x00,0x00,0x00,0x00,0x00,0x00,0x00,
    0x00,0x00,0x07,0x00,0x07,0x00,0x07,0x00,0x00,0x00,0x00,0x00,0x00,0x00,0x00,0x00,0x00,0x00,0x07,0x00,0x07,0x00,0x07,0x00,0x00,0x00,0x00,0x00,0x00,0x00,0x00,0x00,0x00,0x00,0x00,0x00,0x00,0x00,0x00,0x00,
    0x00,0x00,0x77,0x00,0x77,0x00,0x77,0x00,0x00,0x00,0x00,0x00,0x00,0x00,0x00,0x00,0x00,0x00,0x07,0x00,0x07,0x00,0x07,0x00,0x00,0x00,0x00,0x00,0x00,0x00,0x00,0x00,0x00,0x00,0x00,0x00,0x00,0x00,0x00,0x00,
    0x00,0x00,0x07,0x00,0x07,0x00,0x07,0x00,0x00,0x00,0x70,0x00,0x70,0x00,0x70,0x00,0x00,0x00,0x07,0x00,0x07,0x00,0x07,0x00,0x00,0x00,0x00,0x00,0x00,0x00,0x00,0x00,0x00,0x00,0x00,0x00,0x00,0x00,0x00,0x00,
    0x00,0x00,0x77,0x00,0x77,0x00,0x77,0x00,0x00,0x00,0x70,0x00,0x70,0x00,0x70,0x00,0x00,0x00,0x07,0x00,0x07,0x00,0x07,0x00,0x00,0x00,0x00,0x00,0x00,0x00,0x00,0x00,0x00,0x00,0x00,0x00,0x00,0x00,0x00,0x00,
    0x00,0x00,0x07,0x00,0x07,0x00,0x07,0x00,0x00,0x00,0x00,0x00,0x00,0x00,0x00,0x00,0x00,0x00,0x77,0x00,0x77,0x00,0x77,0x00,0x00,0x00,0x00,0x00,0x00,0x00,0x00,0x00,0x00,0x00,0x00,0x00,0x00,0x00,0x00,0x00,
    0x00,0x00,0x77,0x00,0x77,0x00,0x77,0x00,0x00,0x00,0x00,0x00,0x00,0x00,0x00,0x00,0x00,0x00,0x77,0x00,0x77,0x00,0x77,0x00,0x00,0x00,0x00,0x00,0x00,0x00,0x00,0x00,0x00,0x00,0x00,0x00,0x00,0x00,0x00,0x00,
    0x00,0x00,0x07,0x00,0x07,0x00,0x07,0x00,0x00,0x00,0x70,0x00,0x70,0x00,0x70,0x00,0x00,0x00,0x77,0x00,0x77,0x00,0x77,0x00,0x00,0x00,0x00,0x00,0x00,0x00,0x00,0x00,0x00,0x00,0x00,0x00,0x00,0x00,0x00,0x00,
    0x00,0x00,0x77,0x00,0x77,0x00,0x77,0x00,0x00,0x00,0x70,0x00,0x70,0x00,0x70,0x00,0x00,0x00,0x77,0x00,0x77,0x00,0x77,0x00,0x00,0x00,0x00,0x00,0x00,0x00,0x00,0x00,0x00,0x00,0x00,0x00,0x00,0x00,0x00,0x00,
    0x00,0x00,0x00,0x00,0x00,0x00,0x00,0x00,0x00,0x00,0x07,0x00,0x07,0x00,0x07,0x00,0x00,0x00,0x07,0x00,0x07,0x00,0x07,0x00,0x00,0x00,0x00,0x00,0x00,0x00,0x00,0x00,0x00,0x00,0x00,0x00,0x00,0x00,0x00,0x00,
    0x00,0x00,0x70,0x00,0x70,0x00,0x70,0x00,0x00,0x00,0x07,0x00,0x07,0x00,0x07,0x00,0x00,0x00,0x07,0x00,0x07,0x00,0x07,0x00,0x00,0x00,0x00,0x00,0x00,0x00,0x00,0x00,0x00,0x00,0x00,0x00,0x00,0x00,0x00,0x00,
    0x00,0x00,0x00,0x00,0x00,0x00,0x00,0x00,0x00,0x00,0x77,0x00,0x77,0x00,0x77,0x00,0x00,0x00,0x07,0x00,0x07,0x00,0x07,0x00,0x00,0x00,0x00,0x00,0x00,0x00,0x00,0x00,0x00,0x00,0x00,0x00,0x00,0x00,0x00,0x00,
    0x00,0x00,0x70,0x00,0x70,0x00,0x70,0x00,0x00,0x00,0x77,0x00,0x77,0x00,0x77,0x00,0x00,0x00,0x07,0x00,0x07,0x00,0x07,0x00,0x00,0x00,0x00,0x00,0x00,0x00,0x00,0x00,0x00,0x00,0x00,0x00,0x00,0x00,0x00,0x00,
    0x00,0x00,0x00,0x00,0x00,0x00,0x00,0x00,0x00,0x00,0x07,0x00,0x07,0x00,0x07,0x00,0x00,0x00,0x77,0x00,0x77,0x00,0x77,0x00,0x00,0x00,0x00,0x00,0x00,0x00,0x00,0x00,0x00,0x00,0x00,0x00,0x00,0x00,0x00,0x00,
    0x00,0x00,0x70,0x00,0x70,0x00,0x70,0x00,0x00,0x00,0x07,0x00,0x07,0x00,0x07,0x00,0x00,0x00,0x77,0x00,0x77,0x00,0x77,0x00,0x00,0x00,0x00,0x00,0x00,0x00,0x00,0x00,0x00,0x00,0x00,0x00,0x00,0x00,0x00,0x00,
    0x00,0x00,0x00,0x00,0x00,0x00,0x00,0x00,0x00,0x00,0x77,0x00,0x77,0x00,0x77,0x00,0x00,0x00,0x77,0x00,0x77,0x00,0x77,0x00,0x00,0x00,0x00,0x00,0x00,0x00,0x00,0x00,0x00,0x00,0x00,0x00,0x00,0x00,0x00,0x00,
    0x00,0x00,0x70,0x00,0x70,0x00,0x70,0x00,0x00,0x00,0x77,0x00,0x77,0x00,0x77,0x00,0x00,0x00,0x77,0x00,0x77,0x00,0x77,0x00,0x00,0x00,0x00,0x00,0x00,0x00,0x00,0x00,0x00,0x00,0x00,0x00,0x00,0x00,0x00,0x00,
    0x00,0x00,0x07,0x00,0x07,0x00,0x07,0x00,0x00,0x00,0x07,0x00,0x07,0x00,0x07,0x00,0x00,0x00,0x07,0x00,0x07,0x00,0x07,0x00,0x00,0x00,0x00,0x00,0x00,0x00,0x00,0x00,0x00,0x00,0x00,0x00,0x00,0x00,0x00,0x00,
    0x00,0x00,0x77,0x00,0x77,0x00,0x77,0x00,0x00,0x00,0x07,0x00,0x07,0x00,0x07,0x00,0x00,0x00,0x07,0x00,0x07,0x00,0x07,0x00,0x00,0x00,0x00,0x00,0x00,0x00,0x00,0x00,0x00,0x00,0x00,0x00,0x00,0x00,0x00,0x00,
    0x00,0x00,0x07,0x00,0x07,0x00,0x07,0x00,0x00,0x00,0x77,0x00,0x77,0x00,0x77,0x00,0x00,0x00,0x07,0x00,0x07,0x00,0x07,0x00,0x00,0x00,0x00,0x00,0x00,0x00,0x00,0x00,0x00,0x00,0x00,0x00,0x00,0x00,0x00,0x00,
    0x00,0x00,0x77,0x00,0x77,0x00,0x77,0x00,0x00,0x00,0x77,0x00,0x77,0x00,0x77,0x00,0x00,0x00,0x07,0x00,0x07,0x00,0x07,0x00,0x00,0x00,0x00,0x00,0x00,0x00,0x00,0x00,0x00,0x00,0x00,0x00,0x00,0x00,0x00,0x00,
    0x00,0x00,0x07,0x00,0x07,0x00,0x07,0x00,0x00,0x00,0x07,0x00,0x07,0x00,0x07,0x00,0x00,0x00,0x77,0x00,0x77,0x00,0x77,0x00,0x00,0x00,0x00,0x00,0x00,0x00,0x00,0x00,0x00,0x00,0x00,0x00,0x00,0x00,0x00,0x00,
    0x00,0x00,0x77,0x00,0x77,0x00,0x77,0x00,0x00,0x00,0x07,0x00,0x07,0x00,0x07,0x00,0x00,0x00,0x77,0x00,0x77,0x00,0x77,0x00,0x00,0x00,0x00,0x00,0x00,0x00,0x00,0x00,0x00,0x00,0x00,0x00,0x00,0x00,0x00,0x00,
    0x00,0x00,0x07,0x00,0x07,0x00,0x07,0x00,0x00,0x00,0x77,0x00,0x77,0x00,0x77,0x00,0x00,0x00,0x77,0x00,0x77,0x00,0x77,0x00,0x00,0x00,0x00,0x00,0x00,0x00,0x00,0x00,0x00,0x00,0x00,0x00,0x00,0x00,0x00,0x00,
    0x00,0x00,0x77,0x00,0x77,0x00,0x77,0x00,0x00,0x00,0x77,0x00,0x77,0x00,0x77,0x00,0x00,0x00,0x77,0x00,0x77,0x00,0x77,0x00,0x00,0x00,0x00,0x00,0x00,0x00,0x00,0x00,0x00,0x00,0x00,0x00,0x00,0x00,0x00,0x00,
    0x00,0x00,0x00,0x00,0x00,0x00,0x00,0x00,0x00,0x00,0x00,0x00,0x00,0x00,0x00,0x00,0x00,0x00,0x00,0x00,0x00,0x00,0x00,0x00,0x00,0x00,0x70,0x00,0x70,0x00,0x70,0x00,0x00,0x00,0x00,0x00,0x00,0x00,0x00,0x00,
    0x00,0x00,0x70,0x00,0x70,0x00,0x70,0x00,0x00,0x00,0x00,0x00,0x00,0x00,0x00,0x00,0x00,0x00,0x00,0x00,0x00,0x00,0x00,0x00,0x00,0x00,0x70,0x00,0x70,0x00,0x70,0x00,0x00,0x00,0x00,0x00,0x00,0x00,0x00,0x00,
    0x00,0x00,0x00,0x00,0x00,0x00,0x00,0x00,0x00,0x00,0x70,0x00,0x70,0x00,0x70,0x00,0x00,0x00,0x00,0x00,0x00,0x00,0x00,0x00,0x00,0x00,0x70,0x00,0x70,0x00,0x70,0x00,0x00,0x00,0x00,0x00,0x00,0x00,0x00,0x00,
    0x00,0x00,0x70,0x00,0x70,0x00,0x70,0x00,0x00,0x00,0x70,0x00,0x70,0x00,0x70,0x00,0x00,0x00,0x00,0x00,0x00,0x00,0x00,0x00,0x00,0x00,0x70,0x00,0x70,0x00,0x70,0x00,0x00,0x00,0x00,0x00,0x00,0x00,0x00,0x00,
    0x00,0x00,0x00,0x00,0x00,0x00,0x00,0x00,0x00,0x00,0x00,0x00,0x00,0x00,0x00,0x00,0x00,0x00,0x70,0x00,0x70,0x00,0x70,0x00,0x00,0x00,0x70,0x00,0x70,0x00,0x70,0x00,0x00,0x00,0x00,0x00,0x00,0x00,0x00,0x00,
    0x00,0x00,0x70,0x00,0x70,0x00,0x70,0x00,0x00,0x00,0x00,0x00,0x00,0x00,0x00,0x00,0x00,0x00,0x70,0x00,0x70,0x00,0x70,0x00,0x00,0x00,0x70,0x00,0x70,0x00,0x70,0x00,0x00,0x00,0x00,0x00,0x00,0x00,0x00,0x00,
    0x00,0x00,0x00,0x00,0x00,0x00,0x00,0x00,0x00,0x00,0x70,0x00,0x70,0x00,0x70,0x00,0x00,0x00,0x70,0x00,0x70,0x00,0x70,0x00,0x00,0x00,0x70,0x00,0x70,0x00,0x70,0x00,0x00,0x00,0x00,0x00,0x00,0x00,0x00,0x00,
    0x00,0x00,0x70,0x00,0x70,0x00,0x70,0x00,0x00,0x00,0x70,0x00,0x70,0x00,0x70,0x00,0x00,0x00,0x70,0x00,0x70,0x00,0x70,0x00,0x00,0x00,0x70,0x00,0x70,0x00,0x70,0x00,0x00,0x00,0x00,0x00,0x00,0x00,0x00,0x00,
    0x00,0x00,0x07,0x00,0x07,0x00,0x07,0x00,0x00,0x00,0x00,0x00,0x00,0x00,0x00,0x00,0x00,0x00,0x00,0x00,0x00,0x00,0x00,0x00,0x00,0x00,0x70,0x00,0x70,0x00,0x70,0x00,0x00,0x00,0x00,0x00,0x00,0x00,0x00,0x00,
    0x00,0x00,0x77,0x00,0x77,0x00,0x77,0x00,0x00,0x00,0x00,0x00,0x00,0x00,0x00,0x00,0x00,0x00,0x00,0x00,0x00,0x00,0x00,0x00,0x00,0x00,0x70,0x00,0x70,0x00,0x70,0x00,0x00,0x00,0x00,0x00,0x00,0x00,0x00,0x00,
    0x00,0x00,0x07,0x00,0x07,0x00,0x07,0x00,0x00,0x00,0x70,0x00,0x70,0x00,0x70,0x00,0x00,0x00,0x00,0x00,0x00,0x00,0x00,0x00,0x00,0x00,0x70,0x00,0x70,0x00,0x70,0x00,0x00,0x00,0x00,0x00,0x00,0x00,0x00,0x00,
    0x00,0x00,0x77,0x00,0x77,0x00,0x77,0x00,0x00,0x00,0x70,0x00,0x70,0x00,0x70,0x00,0x00,0x00,0x00,0x00,0x00,0x00,0x00,0x00,0x00,0x00,0x70,0x00,0x70,0x00,0x70,0x00,0x00,0x00,0x00,0x00,0x00,0x00,0x00,0x00,
    0x00,0x00,0x07,0x00,0x07,0x00,0x07,0x00,0x00,0x00,0x00,0x00,0x00,0x00,0x00,0x00,0x00,0x00,0x70,0x00,0x70,0x00,0x70,0x00,0x00,0x00,0x70,0x00,0x70,0x00,0x70,0x00,0x00,0x00,0x00,0x00,0x00,0x00,0x00,0x00,
    0x00,0x00,0x77,0x00,0x77,0x00,0x77,0x00,0x00,0x00,0x00,0x00,0x00,0x00,0x00,0x00,0x00,0x00,0x70,0x00,0x70,0x00,0x70,0x00,0x00,0x00,0x70,0x00,0x70,0x00,0x70,0x00,0x00,0x00,0x00,0x00,0x00,0x00,0x00,0x00,
    0x00,0x00,0x07,0x00,0x07,0x00,0x07,0x00,0x00,0x00,0x70,0x00,0x70,0x00,0x70,0x00,0x00,0x00,0x70,0x00,0x70,0x00,0x70,0x00,0x00,0x00,0x70,0x00,0x70,0x00,0x70,0x00,0x00,0x00,0x00,0x00,0x00,0x00,0x00,0x00,
    0x00,0x00,0x77,0x00,0x77,0x00,0x77,0x00,0x00,0x00,0x70,0x00,0x70,0x00,0x70,0x00,0x00,0x00,0x70,0x00,0x70,0x00,0x70,0x00,0x00,0x00,0x70,0x00,0x70,0x00,0x70,0x00,0x00,0x00,0x00,0x00,0x00,0x00,0x00,0x00,
    0x00,0x00,0x00,0x00,0x00,0x00,0x00,0x00,0x00,0x00,0x07,0x00,0x07,0x00,0x07,0x00,0x00,0x00,0x00,0x00,0x00,0x00,0x00,0x00,0x00,0x00,0x70,0x00,0x70,0x00,0x70,0x00,0x00,0x00,0x00,0x00,0x00,0x00,0x00,0x00,
    0x00,0x00,0x70,0x00,0x70,0x00,0x70,0x00,0x00,0x00,0x07,0x00,0x07,0x00,0x07,0x00,0x00,0x00,0x00,0x00,0x00,0x00,0x00,0x00,0x00,0x00,0x70,0x00,0x70,0x00,0x70,0x00,0x00,0x00,0x00,0x00,0x00,0x00,0x00,0x00,
    0x00,0x00,0x00,0x00,0x00,0x00,0x00,0x00,0x00,0x00,0x77,0x00,0x77,0x00,0x77,0x00,0x00,0x00,0x00,0x00,0x00,0x00,0x00,0x00,0x00,0x00,0x70,0x00,0x70,0x00,0x70,0x00,0x00,0x00,0x00,0x00,0x00,0x00,0x00,0x00,
    0x00,0x00,0x70,0x00,0x70,0x00,0x70,0x00,0x00,0x00,0x77,0x00,0x77,0x00,0x77,0x00,0x00,0x00,0x00,0x00,0x00,0x00,0x00,0x00,0x00,0x00,0x70,0x00,0x70,0x00,0x70,0x00,0x00,0x00,0x00,0x00,0x00,0x00,0x00,0x00,
    0x00,0x00,0x00,0x00,0x00,0x00,0x00,0x00,0x00,0x00,0x07,0x00,0x07,0x00,0x07,0x00,0x00,0x00,0x70,0x00,0x70,0x00,0x70,0x00,0x00,0x00,0x70,0x00,0x70,0x00,0x70,0x00,0x00,0x00,0x00,0x00,0x00,0x00,0x00,0x00,
    0x00,0x00,0x70,0x00,0x70,0x00,0x70,0x00,0x00,0x00,0x07,0x00,0x07,0x00,0x07,0x00,0x00,0x00,0x70,0x00,0x70,0x00,0x70,0x00,0x00,0x00,0x70,0x00,0x70,0x00,0x70,0x00,0x00,0x00,0x00,0x00,0x00,0x00,0x00,0x00,
    0x00,0x00,0x00,0x00,0x00,0x00,0x00,0x00,0x00,0x00,0x77,0x00,0x77,0x00,0x77,0x00,0x00,0x00,0x70,0x00,0x70,0x00,0x70,0x00,0x00,0x00,0x70,0x00,0x70,0x00,0x70,0x00,0x00,0x00,0x00,0x00,0x00,0x00,0x00,0x00,
    0x00,0x00,0x70,0x00,0x70,0x00,0x70,0x00,0x00,0x00,0x77,0x00,0x77,0x00,0x77,0x00,0x00,0x00,0x70,0x00,0x70,0x00,0x70,0x00,0x00,0x00,0x70,0x00,0x70,0x00,0x70,0x00,0x00,0x00,0x00,0x00,0x00,0x00,0x00,0x00,
    0x00,0x00,0x07,0x00,0x07,0x00,0x07,0x00,0x00,0x00,0x07,0x00,0x07,0x00,0x07,0x00,0x00,0x00,0x00,0x00,0x00,0x00,0x00,0x00,0x00,0x00,0x70,0x00,0x70,0x00,0x70,0x00,0x00,0x00,0x00,0x00,0x00,0x00,0x00,0x00,
    0x00,0x00,0x77,0x00,0x77,0x00,0x77,0x00,0x00,0x00,0x07,0x00,0x07,0x00,0x07,0x00,0x00,0x00,0x00,0x00,0x00,0x00,0x00,0x00,0x00,0x00,0x70,0x00,0x70,0x00,0x70,0x00,0x00,0x00,0x00,0x00,0x00,0x00,0x00,0x00,
    0x00,0x00,0x07,0x00,0x07,0x00,0x07,0x00,0x00,0x00,0x77,0x00,0x77,0x00,0x77,0x00,0x00,0x00,0x00,0x00,0x00,0x00,0x00,0x00,0x00,0x00,0x70,0x00,0x70,0x00,0x70,0x00,0x00,0x00,0x00,0x00,0x00,0x00,0x00,0x00,
    0x00,0x00,0x77,0x00,0x77,0x00,0x77,0x00,0x00,0x00,0x77,0x00,0x77,0x00,0x77,0x00,0x00,0x00,0x00,0x00,0x00,0x00,0x00,0x00,0x00,0x00,0x70,0x00,0x70,0x00,0x70,0x00,0x00,0x00,0x00,0x00,0x00,0x00,0x00,0x00,
    0x00,0x00,0x07,0x00,0x07,0x00,0x07,0x00,0x00,0x00,0x07,0x00,0x07,0x00,0x07,0x00,0x00,0x00,0x70,0x00,0x70,0x00,0x70,0x00,0x00,0x00,0x70,0x00,0x70,0x00,0x70,0x00,0x00,0x00,0x00,0x00,0x00,0x00,0x00,0x00,
    0x00,0x00,0x77,0x00,0x77,0x00,0x77,0x00,0x00,0x00,0x07,0x00,0x07,0x00,0x07,0x00,0x00,0x00,0x70,0x00,0x70,0x00,0x70,0x00,0x00,0x00,0x70,0x00,0x70,0x00,0x70,0x00,0x00,0x00,0x00,0x00,0x00,0x00,0x00,0x00,
    0x00,0x00,0x07,0x00,0x07,0x00,0x07,0x00,0x00,0x00,0x77,0x00,0x77,0x00,0x77,0x00,0x00,0x00,0x70,0x00,0x70,0x00,0x70,0x00,0x00,0x00,0x70,0x00,0x70,0x00,0x70,0x00,0x00,0x00,0x00,0x00,0x00,0x00,0x00,0x00,
    0x00,0x00,0x77,0x00,0x77,0x00,0x77,0x00,0x00,0x00,0x77,0x00,0x77,0x00,0x77,0x00,0x00,0x00,0x70,0x00,0x70,0x00,0x70,0x00,0x00,0x00,0x70,0x00,0x70,0x00,0x70,0x00,0x00,0x00,0x00,0x00,0x00,0x00,0x00,0x00,
    0x00,0x00,0x00,0x00,0x00,0x00,0x00,0x00,0x00,0x00,0x00,0x00,0x00,0x00,0x00,0x00,0x00,0x00,0x07,0x00,0x07,0x00,0x07,0x00,0x00,0x00,0x70,0x00,0x70,0x00,0x70,0x00,0x00,0x00,0x00,0x00,0x00,0x00,0x00,0x00,
    0x00,0x00,0x70,0x00,0x70,0x00,0x70,0x00,0x00,0x00,0x00,0x00,0x00,0x00,0x00,0x00,0x00,0x00,0x07,0x00,0x07,0x00,0x07,0x00,0x00,0x00,0x70,0x00,0x70,0x00,0x70,0x00,0x00,0x00,0x00,0x00,0x00,0x00,0x00,0x00,
    0x00,0x00,0x00,0x00,0x00,0x00,0x00,0x00,0x00,0x00,0x70,0x00,0x70,0x00,0x70,0x00,0x00,0x00,0x07,0x00,0x07,0x00,0x07,0x00,0x00,0x00,0x70,0x00,0x70,0x00,0x70,0x00,0x00,0x00,0x00,0x00,0x00,0x00,0x00,0x00,
    0x00,0x00,0x70,0x00,0x70,0x00,0x70,0x00,0x00,0x00,0x70,0x00,0x70,0x00,0x70,0x00,0x00,0x00,0x07,0x00,0x07,0x00,0x07,0x00,0x00,0x00,0x70,0x00,0x70,0x00,0x70,0x00,0x00,0x00,0x00,0x00,0x00,0x00,0x00,0x00,
    0x00,0x00,0x00,0x00,0x00,0x00,0x00,0x00,0x00,0x00,0x00,0x00,0x00,0x00,0x00,0x00,0x00,0x00,0x77,0x00,0x77,0x00,0x77,0x00,0x00,0x00,0x70,0x00,0x70,0x00,0x70,0x00,0x00,0x00,0x00,0x00,0x00,0x00,0x00,0x00,
    0x00,0x00,0x70,0x00,0x70,0x00,0x70,0x00,0x00,0x00,0x00,0x00,0x00,0x00,0x00,0x00,0x00,0x00,0x77,0x00,0x77,0x00,0x77,0x00,0x00,0x00,0x70,0x00,0x70,0x00,0x70,0x00,0x00,0x00,0x00,0x00,0x00,0x00,0x00,0x00,
    0x00,0x00,0x00,0x00,0x00,0x00,0x00,0x00,0x00,0x00,0x70,0x00,0x70,0x00,0x70,0x00,0x00,0x00,0x77,0x00,0x77,0x00,0x77,0x00,0x00,0x00,0x70,0x00,0x70,0x00,0x70,0x00,0x00,0x00,0x00,0x00,0x00,0x00,0x00,0x00,
    0x00,0x00,0x70,0x00,0x70,0x00,0x70,0x00,0x00,0x00,0x70,0x00,0x70,0x00,0x70,0x00,0x00,0x00,0x77,0x00,0x77,0x00,0x77,0x00,0x00,0x00,0x70,0x00,0x70,0x00,0x70,0x00,0x00,0x00,0x00,0x00,0x00,0x00,0x00,0x00,
    0x00,0x00,0x07,0x00,0x07,0x00,0x07,0x00,0x00,0x00,0x00,0x00,0x00,0x00,0x00,0x00,0x00,0x00,0x07,0x00,0x07,0x00,0x07,0x00,0x00,0x00,0x70,0x00,0x70,0x00,0x70,0x00,0x00,0x00,0x00,0x00,0x00,0x00,0x00,0x00,
    0x00,0x00,0x77,0x00,0x77,0x00,0x77,0x00,0x00,0x00,0x00,0x00,0x00,0x00,0x00,0x00,0x00,0x00,0x07,0x00,0x07,0x00,0x07,0x00,0x00,0x00,0x70,0x00,0x70,0x00,0x70,0x00,0x00,0x00,0x00,0x00,0x00,0x00,0x00,0x00,
    0x00,0x00,0x07,0x00,0x07,0x00,0x07,0x00,0x00,0x00,0x70,0x00,0x70,0x00,0x70,0x00,0x00,0x00,0x07,0x00,0x07,0x00,0x07,0x00,0x00,0x00,0x70,0x00,0x70,0x00,0x70,0x00,0x00,0x00,0x00,0x00,0x00,0x00,0x00,0x00,
    0x00,0x00,0x77,0x00,0x77,0x00,0x77,0x00,0x00,0x00,0x70,0x00,0x70,0x00,0x70,0x00,0x00,0x00,0x07,0x00,0x07,0x00,0x07,0x00,0x00,0x00,0x70,0x00,0x70,0x00,0x70,0x00,0x00,0x00,0x00,0x00,0x00,0x00,0x00,0x00,
    0x00,0x00,0x07,0x00,0x07,0x00,0x07,0x00,0x00,0x00,0x00,0x00,0x00,0x00,0x00,0x00,0x00,0x00,0x77,0x00,0x77,0x00,0x77,0x00,0x00,0x00,0x70,0x00,0x70,0x00,0x70,0x00,0x00,0x00,0x00,0x00,0x00,0x00,0x00,0x00,
    0x00,0x00,0x77,0x00,0x77,0x00,0x77,0x00,0x00,0x00,0x00,0x00,0x00,0x00,0x00,0x00,0x00,0x00,0x77,0x00,0x77,0x00,0x77,0x00,0x00,0x00,0x70,0x00,0x70,0x00,0x70,0x00,0x00,0x00,0x00,0x00,0x00,0x00,0x00,0x00,
    0x00,0x00,0x07,0x00,0x07,0x00,0x07,0x00,0x00,0x00,0x70,0x00,0x70,0x00,0x70,0x00,0x00,0x00,0x77,0x00,0x77,0x00,0x77,0x00,0x00,0x00,0x70,0x00,0x70,0x00,0x70,0x00,0x00,0x00,0x00,0x00,0x00,0x00,0x00,0x00,
    0x00,0x00,0x77,0x00,0x77,0x00,0x77,0x00,0x00,0x00,0x70,0x00,0x70,0x00,0x70,0x00,0x00,0x00,0x77,0x00,0x77,0x00,0x77,0x00,0x00,0x00,0x70,0x00,0x70,0x00,0x70,0x00,0x00,0x00,0x00,0x00,0x00,0x00,0x00,0x00,
    0x00,0x00,0x00,0x00,0x00,0x00,0x00,0x00,0x00,0x00,0x07,0x00,0x07,0x00,0x07,0x00,0x00,0x00,0x07,0x00,0x07,0x00,0x07,0x00,0x00,0x00,0x70,0x00,0x70,0x00,0x70,0x00,0x00,0x00,0x00,0x00,0x00,0x00,0x00,0x00,
    0x00,0x00,0x70,0x00,0x70,0x00,0x70,0x00,0x00,0x00,0x07,0x00,0x07,0x00,0x07,0x00,0x00,0x00,0x07,0x00,0x07,0x00,0x07,0x00,0x00,0x00,0x70,0x00,0x70,0x00,0x70,0x00,0x00,0x00,0x00,0x00,0x00,0x00,0x00,0x00,
    0x00,0x00,0x00,0x00,0x00,0x00,0x00,0x00,0x00,0x00,0x77,0x00,0x77,0x00,0x77,0x00,0x00,0x00,0x07,0x00,0x07,0x00,0x07,0x00,0x00,0x00,0x70,0x00,0x70,0x00,0x70,0x00,0x00,0x00,0x00,0x00,0x00,0x00,0x00,0x00,
    0x00,0x00,0x70,0x00,0x70,0x00,0x70,0x00,0x00,0x00,0x77,0x00,0x77,0x00,0x77,0x00,0x00,0x00,0x07,0x00,0x07,0x00,0x07,0x00,0x00,0x00,0x70,0x00,0x70,0x00,0x70,0x00,0x00,0x00,0x00,0x00,0x00,0x00,0x00,0x00,
    0x00,0x00,0x00,0x00,0x00,0x00,0x00,0x00,0x00,0x00,0x07,0x00,0x07,0x00,0x07,0x00,0x00,0x00,0x77,0x00,0x77,0x00,0x77,0x00,0x00,0x00,0x70,0x00,0x70,0x00,0x70,0x00,0x00,0x00,0x00,0x00,0x00,0x00,0x00,0x00,
    0x00,0x00,0x70,0x00,0x70,0x00,0x70,0x00,0x00,0x00,0x07,0x00,0x07,0x00,0x07,0x00,0x00,0x00,0x77,0x00,0x77,0x00,0x77,0x00,0x00,0x00,0x70,0x00,0x70,0x00,0x70,0x00,0x00,0x00,0x00,0x00,0x00,0x00,0x00,0x00,
    0x00,0x00,0x00,0x00,0x00,0x00,0x00,0x00,0x00,0x00,0x77,0x00,0x77,0x00,0x77,0x00,0x00,0x00,0x77,0x00,0x77,0x00,0x77,0x00,0x00,0x00,0x70,0x00,0x70,0x00,0x70,0x00,0x00,0x00,0x00,0x00,0x00,0x00,0x00,0x00,
    0x00,0x00,0x70,0x00,0x70,0x00,0x70,0x00,0x00,0x00,0x77,0x00,0x77,0x00,0x77,0x00,0x00,0x00,0x77,0x00,0x77,0x00,0x77,0x00,0x00,0x00,0x70,0x00,0x70,0x00,0x70,0x00,0x00,0x00,0x00,0x00,0x00,0x00,0x00,0x00,
    0x00,0x00,0x07,0x00,0x07,0x00,0x07,0x00,0x00,0x00,0x07,0x00,0x07,0x00,0x07,0x00,0x00,0x00,0x07,0x00,0x07,0x00,0x07,0x00,0x00,0x00,0x70,0x00,0x70,0x00,0x70,0x00,0x00,0x00,0x00,0x00,0x00,0x00,0x00,0x00,
    0x00,0x00,0x77,0x00,0x77,0x00,0x77,0x00,0x00,0x00,0x07,0x00,0x07,0x00,0x07,0x00,0x00,0x00,0x07,0x00,0x07,0x00,0x07,0x00,0x00,0x00,0x70,0x00,0x70,0x00,0x70,0x00,0x00,0x00,0x00,0x00,0x00,0x00,0x00,0x00,
    0x00,0x00,0x07,0x00,0x07,0x00,0x07,0x00,0x00,0x00,0x77,0x00,0x77,0x00,0x77,0x00,0x00,0x00,0x07,0x00,0x07,0x00,0x07,0x00,0x00,0x00,0x70,0x00,0x70,0x00,0x70,0x00,0x00,0x00,0x00,0x00,0x00,0x00,0x00,0x00,
    0x00,0x00,0x77,0x00,0x77,0x00,0x77,0x00,0x00,0x00,0x77,0x00,0x77,0x00,0x77,0x00,0x00,0x00,0x07,0x00,0x07,0x00,0x07,0x00,0x00,0x00,0x70,0x00,0x70,0x00,0x70,0x00,0x00,0x00,0x00,0x00,0x00,0x00,0x00,0x00,
    0x00,0x00,0x07,0x00,0x07,0x00,0x07,0x00,0x00,0x00,0x07,0x00,0x07,0x00,0x07,0x00,0x00,0x00,0x77,0x00,0x77,0x00,0x77,0x00,0x00,0x00,0x70,0x00,0x70,0x00,0x70,0x00,0x00,0x00,0x00,0x00,0x00,0x00,0x00,0x00,
    0x00,0x00,0x77,0x00,0x77,0x00,0x77,0x00,0x00,0x00,0x07,0x00,0x07,0x00,0x07,0x00,0x00,0x00,0x77,0x00,0x77,0x00,0x77,0x00,0x00,0x00,0x70,0x00,0x70,0x00,0x70,0x00,0x00,0x00,0x00,0x00,0x00,0x00,0x00,0x00,
    0x00,0x00,0x07,0x00,0x07,0x00,0x07,0x00,0x00,0x00,0x77,0x00,0x77,0x00,0x77,0x00,0x00,0x00,0x77,0x00,0x77,0x00,0x77,0x00,0x00,0x00,0x70,0x00,0x70,0x00,0x70,0x00,0x00,0x00,0x00,0x00,0x00,0x00,0x00,0x00,
    0x00,0x00,0x77,0x00,0x77,0x00,0x77,0x00,0x00,0x00,0x77,0x00,0x77,0x00,0x77,0x00,0x00,0x00,0x77,0x00,0x77,0x00,0x77,0x00,0x00,0x00,0x70,0x00,0x70,0x00,0x70,0x00,0x00,0x00,0x00,0x00,0x00,0x00,0x00,0x00,
    0x00,0x00,0x00,0x00,0x00,0x00,0x00,0x00,0x00,0x00,0x00,0x00,0x00,0x00,0x00,0x00,0x00,0x00,0x00,0x00,0x00,0x00,0x00,0x00,0x00,0x00,0x07,0x00,0x07,0x00,0x07,0x00,0x00,0x00,0x00,0x00,0x00,0x00,0x00,0x00,
    0x00,0x00,0x70,0x00,0x70,0x00,0x70,0x00,0x00,0x00,0x00,0x00,0x00,0x00,0x00,0x00,0x00,0x00,0x00,0x00,0x00,0x00,0x00,0x00,0x00,0x00,0x07,0x00,0x07,0x00,0x07,0x00,0x00,0x00,0x00,0x00,0x00,0x00,0x00,0x00,
    0x00,0x00,0x00,0x00,0x00,0x00,0x00,0x00,0x00,0x00,0x70,0x00,0x70,0x00,0x70,0x00,0x00,0x00,0x00,0x00,0x00,0x00,0x00,0x00,0x00,0x00,0x07,0x00,0x07,0x00,0x07,0x00,0x00,0x00,0x00,0x00,0x00,0x00,0x00,0x00,
    0x00,0x00,0x70,0x00,0x70,0x00,0x70,0x00,0x00,0x00,0x70,0x00,0x70,0x00,0x70,0x00,0x00,0x00,0x00,0x00,0x00,0x00,0x00,0x00,0x00,0x00,0x07,0x00,0x07,0x00,0x07,0x00,0x00,0x00,0x00,0x00,0x00,0x00,0x00,0x00,
    0x00,0x00,0x00,0x00,0x00,0x00,0x00,0x00,0x00,0x00,0x00,0x00,0x00,0x00,0x00,0x00,0x00,0x00,0x70,0x00,0x70,0x00,0x70,0x00,0x00,0x00,0x07,0x00,0x07,0x00,0x07,0x00,0x00,0x00,0x00,0x00,0x00,0x00,0x00,0x00,
    0x00,0x00,0x70,0x00,0x70,0x00,0x70,0x00,0x00,0x00,0x00,0x00,0x00,0x00,0x00,0x00,0x00,0x00,0x70,0x00,0x70,0x00,0x70,0x00,0x00,0x00,0x07,0x00,0x07,0x00,0x07,0x00,0x00,0x00,0x00,0x00,0x00,0x00,0x00,0x00,
    0x00,0x00,0x00,0x00,0x00,0x00,0x00,0x00,0x00,0x00,0x70,0x00,0x70,0x00,0x70,0x00,0x00,0x00,0x70,0x00,0x70,0x00,0x70,0x00,0x00,0x00,0x07,0x00,0x07,0x00,0x07,0x00,0x00,0x00,0x00,0x00,0x00,0x00,0x00,0x00,
    0x00,0x00,0x70,0x00,0x70,0x00,0x70,0x00,0x00,0x00,0x70,0x00,0x70,0x00,0x70,0x00,0x00,0x00,0x70,0x00,0x70,0x00,0x70,0x00,0x00,0x00,0x07,0x00,0x07,0x00,0x07,0x00,0x00,0x00,0x00,0x00,0x00,0x00,0x00,0x00,
    0x00,0x00,0x07,0x00,0x07,0x00,0x07,0x00,0x00,0x00,0x00,0x00,0x00,0x00,0x00,0x00,0x00,0x00,0x00,0x00,0x00,0x00,0x00,0x00,0x00,0x00,0x07,0x00,0x07,0x00,0x07,0x00,0x00,0x00,0x00,0x00,0x00,0x00,0x00,0x00,
    0x00,0x00,0x77,0x00,0x77,0x00,0x77,0x00,0x00,0x00,0x00,0x00,0x00,0x00,0x00,0x00,0x00,0x00,0x00,0x00,0x00,0x00,0x00,0x00,0x00,0x00,0x07,0x00,0x07,0x00,0x07,0x00,0x00,0x00,0x00,0x00,0x00,0x00,0x00,0x00,
    0x00,0x00,0x07,0x00,0x07,0x00,0x07,0x00,0x00,0x00,0x70,0x00,0x70,0x00,0x70,0x00,0x00,0x00,0x00,0x00,0x00,0x00,0x00,0x00,0x00,0x00,0x07,0x00,0x07,0x00,0x07,0x00,0x00,0x00,0x00,0x00,0x00,0x00,0x00,0x00,
    0x00,0x00,0x77,0x00,0x77,0x00,0x77,0x00,0x00,0x00,0x70,0x00,0x70,0x00,0x70,0x00,0x00,0x00,0x00,0x00,0x00,0x00,0x00,0x00,0x00,0x00,0x07,0x00,0x07,0x00,0x07,0x00,0x00,0x00,0x00,0x00,0x00,0x00,0x00,0x00,
    0x00,0x00,0x07,0x00,0x07,0x00,0x07,0x00,0x00,0x00,0x00,0x00,0x00,0x00,0x00,0x00,0x00,0x00,0x70,0x00,0x70,0x00,0x70,0x00,0x00,0x00,0x07,0x00,0x07,0x00,0x07,0x00,0x00,0x00,0x00,0x00,0x00,0x00,0x00,0x00,
    0x00,0x00,0x77,0x00,0x77,0x00,0x77,0x00,0x00,0x00,0x00,0x00,0x00,0x00,0x00,0x00,0x00,0x00,0x70,0x00,0x70,0x00,0x70,0x00,0x00,0x00,0x07,0x00,0x07,0x00,0x07,0x00,0x00,0x00,0x00,0x00,0x00,0x00,0x00,0x00,
    0x00,0x00,0x07,0x00,0x07,0x00,0x07,0x00,0x00,0x00,0x70,0x00,0x70,0x00,0x70,0x00,0x00,0x00,0x70,0x00,0x70,0x00,0x70,0x00,0x00,0x00,0x07,0x00,0x07,0x00,0x07,0x00,0x00,0x00,0x00,0x00,0x00,0x00,0x00,0x00,
    0x00,0x00,0x77,0x00,0x77,0x00,0x77,0x00,0x00,0x00,0x70,0x00,0x70,0x00,0x70,0x00,0x00,0x00,0x70,0x00,0x70,0x00,0x70,0x00,0x00,0x00,0x07,0x00,0x07,0x00,0x07,0x00,0x00,0x00,0x00,0x00,0x00,0x00,0x00,0x00,
    0x00,0x00,0x00,0x00,0x00,0x00,0x00,0x00,0x00,0x00,0x07,0x00,0x07,0x00,0x07,0x00,0x00,0x00,0x00,0x00,0x00,0x00,0x00,0x00,0x00,0x00,0x07,0x00,0x07,0x00,0x07,0x00,0x00,0x00,0x00,0x00,0x00,0x00,0x00,0x00,
    0x00,0x00,0x70,0x00,0x70,0x00,0x70,0x00,0x00,0x00,0x07,0x00,0x07,0x00,0x07,0x00,0x00,0x00,0x00,0x00,0x00,0x00,0x00,0x00,0x00,0x00,0x07,0x00,0x07,0x00,0x07,0x00,0x00,0x00,0x00,0x00,0x00,0x00,0x00,0x00,
    0x00,0x00,0x00,0x00,0x00,0x00,0x00,0x00,0x00,0x00,0x77,0x00,0x77,0x00,0x77,0x00,0x00,0x00,0x00,0x00,0x00,0x00,0x00,0x00,0x00,0x00,0x07,0x00,0x07,0x00,0x07,0x00,0x00,0x00,0x00,0x00,0x00,0x00,0x00,0x00,
    0x00,0x00,0x70,0x00,0x70,0x00,0x70,0x00,0x00,0x00,0x77,0x00,0x77,0x00,0x77,0x00,0x00,0x00,0x00,0x00,0x00,0x00,0x00,0x00,0x00,0x00,0x07,0x00,0x07,0x00,0x07,0x00,0x00,0x00,0x00,0x00,0x00,0x00,0x00,0x00,
    0x00,0x00,0x00,0x00,0x00,0x00,0x00,0x00,0x00,0x00,0x07,0x00,0x07,0x00,0x07,0x00,0x00,0x00,0x70,0x00,0x70,0x00,0x70,0x00,0x00,0x00,0x07,0x00,0x07,0x00,0x07,0x00,0x00,0x00,0x00,0x00,0x00,0x00,0x00,0x00,
    0x00,0x00,0x70,0x00,0x70,0x00,0x70,0x00,0x00,0x00,0x07,0x00,0x07,0x00,0x07,0x00,0x00,0x00,0x70,0x00,0x70,0x00,0x70,0x00,0x00,0x00,0x07,0x00,0x07,0x00,0x07,0x00,0x00,0x00,0x00,0x00,0x00,0x00,0x00,0x00,
    0x00,0x00,0x00,0x00,0x00,0x00,0x00,0x00,0x00,0x00,0x77,0x00,0x77,0x00,0x77,0x00,0x00,0x00,0x70,0x00,0x70,0x00,0x70,0x00,0x00,0x00,0x07,0x00,0x07,0x00,0x07,0x00,0x00,0x00,0x00,0x00,0x00,0x00,0x00,0x00,
    0x00,0x00,0x70,0x00,0x70,0x00,0x70,0x00,0x00,0x00,0x77,0x00,0x77,0x00,0x77,0x00,0x00,0x00,0x70,0x00,0x70,0x00,0x70,0x00,0x00,0x00,0x07,0x00,0x07,0x00,0x07,0x00,0x00,0x00,0x00,0x00,0x00,0x00,0x00,0x00,
    0x00,0x00,0x07,0x00,0x07,0x00,0x07,0x00,0x00,0x00,0x07,0x00,0x07,0x00,0x07,0x00,0x00,0x00,0x00,0x00,0x00,0x00,0x00,0x00,0x00,0x00,0x07,0x00,0x07,0x00,0x07,0x00,0x00,0x00,0x00,0x00,0x00,0x00,0x00,0x00,
    0x00,0x00,0x77,0x00,0x77,0x00,0x77,0x00,0x00,0x00,0x07,0x00,0x07,0x00,0x07,0x00,0x00,0x00,0x00,0x00,0x00,0x00,0x00,0x00,0x00,0x00,0x07,0x00,0x07,0x00,0x07,0x00,0x00,0x00,0x00,0x00,0x00,0x00,0x00,0x00,
    0x00,0x00,0x07,0x00,0x07,0x00,0x07,0x00,0x00,0x00,0x77,0x00,0x77,0x00,0x77,0x00,0x00,0x00,0x00,0x00,0x00,0x00,0x00,0x00,0x00,0x00,0x07,0x00,0x07,0x00,0x07,0x00,0x00,0x00,0x00,0x00,0x00,0x00,0x00,0x00,
    0x00,0x00,0x77,0x00,0x77,0x00,0x77,0x00,0x00,0x00,0x77,0x00,0x77,0x00,0x77,0x00,0x00,0x00,0x00,0x00,0x00,0x00,0x00,0x00,0x00,0x00,0x07,0x00,0x07,0x00,0x07,0x00,0x00,0x00,0x00,0x00,0x00,0x00,0x00,0x00,
    0x00,0x00,0x07,0x00,0x07,0x00,0x07,0x00,0x00,0x00,0x07,0x00,0x07,0x00,0x07,0x00,0x00,0x00,0x70,0x00,0x70,0x00,0x70,0x00,0x00,0x00,0x07,0x00,0x07,0x00,0x07,0x00,0x00,0x00,0x00,0x00,0x00,0x00,0x00,0x00,
    0x00,0x00,0x77,0x00,0x77,0x00,0x77,0x00,0x00,0x00,0x07,0x00,0x07,0x00,0x07,0x00,0x00,0x00,0x70,0x00,0x70,0x00,0x70,0x00,0x00,0x00,0x07,0x00,0x07,0x00,0x07,0x00,0x00,0x00,0x00,0x00,0x00,0x00,0x00,0x00,
    0x00,0x00,0x07,0x00,0x07,0x00,0x07,0x00,0x00,0x00,0x77,0x00,0x77,0x00,0x77,0x00,0x00,0x00,0x70,0x00,0x70,0x00,0x70,0x00,0x00,0x00,0x07,0x00,0x07,0x00,0x07,0x00,0x00,0x00,0x00,0x00,0x00,0x00,0x00,0x00,
    0x00,0x00,0x77,0x00,0x77,0x00,0x77,0x00,0x00,0x00,0x77,0x00,0x77,0x00,0x77,0x00,0x00,0x00,0x70,0x00,0x70,0x00,0x70,0x00,0x00,0x00,0x07,0x00,0x07,0x00,0x07,0x00,0x00,0x00,0x00,0x00,0x00,0x00,0x00,0x00,
    0x00,0x00,0x00,0x00,0x00,0x00,0x00,0x00,0x00,0x00,0x00,0x00,0x00,0x00,0x00,0x00,0x00,0x00,0x07,0x00,0x07,0x00,0x07,0x00,0x00,0x00,0x07,0x00,0x07,0x00,0x07,0x00,0x00,0x00,0x00,0x00,0x00,0x00,0x00,0x00,
    0x00,0x00,0x70,0x00,0x70,0x00,0x70,0x00,0x00,0x00,0x00,0x00,0x00,0x00,0x00,0x00,0x00,0x00,0x07,0x00,0x07,0x00,0x07,0x00,0x00,0x00,0x07,0x00,0x07,0x00,0x07,0x00,0x00,0x00,0x00,0x00,0x00,0x00,0x00,0x00,
    0x00,0x00,0x00,0x00,0x00,0x00,0x00,0x00,0x00,0x00,0x70,0x00,0x70,0x00,0x70,0x00,0x00,0x00,0x07,0x00,0x07,0x00,0x07,0x00,0x00,0x00,0x07,0x00,0x07,0x00,0x07,0x00,0x00,0x00,0x00,0x00,0x00,0x00,0x00,0x00,
    0x00,0x00,0x70,0x00,0x70,0x00,0x70,0x00,0x00,0x00,0x70,0x00,0x70,0x00,0x70,0x00,0x00,0x00,0x07,0x00,0x07,0x00,0x07,0x00,0x00,0x00,0x07,0x00,0x07,0x00,0x07,0x00,0x00,0x00,0x00,0x00,0x00,0x00,0x00,0x00,
    0x00,0x00,0x00,0x00,0x00,0x00,0x00,0x00,0x00,0x00,0x00,0x00,0x00,0x00,0x00,0x00,0x00,0x00,0x77,0x00,0x77,0x00,0x77,0x00,0x00,0x00,0x07,0x00,0x07,0x00,0x07,0x00,0x00,0x00,0x00,0x00,0x00,0x00,0x00,0x00,
    0x00,0x00,0x70,0x00,0x70,0x00,0x70,0x00,0x00,0x00,0x00,0x00,0x00,0x00,0x00,0x00,0x00,0x00,0x77,0x00,0x77,0x00,0x77,0x00,0x00,0x00,0x07,0x00,0x07,0x00,0x07,0x00,0x00,0x00,0x00,0x00,0x00,0x00,0x00,0x00,
    0x00,0x00,0x00,0x00,0x00,0x00,0x00,0x00,0x00,0x00,0x70,0x00,0x70,0x00,0x70,0x00,0x00,0x00,0x77,0x00,0x77,0x00,0x77,0x00,0x00,0x00,0x07,0x00,0x07,0x00,0x07,0x00,0x00,0x00,0x00,0x00,0x00,0x00,0x00,0x00,
    0x00,0x00,0x70,0x00,0x70,0x00,0x70,0x00,0x00,0x00,0x70,0x00,0x70,0x00,0x70,0x00,0x00,0x00,0x77,0x00,0x77,0x00,0x77,0x00,0x00,0x00,0x07,0x00,0x07,0x00,0x07,0x00,0x00,0x00,0x00,0x00,0x00,0x00,0x00,0x00,
    0x00,0x00,0x07,0x00,0x07,0x00,0x07,0x00,0x00,0x00,0x00,0x00,0x00,0x00,0x00,0x00,0x00,0x00,0x07,0x00,0x07,0x00,0x07,0x00,0x00,0x00,0x07,0x00,0x07,0x00,0x07,0x00,0x00,0x00,0x00,0x00,0x00,0x00,0x00,0x00,
    0x00,0x00,0x77,0x00,0x77,0x00,0x77,0x00,0x00,0x00,0x00,0x00,0x00,0x00,0x00,0x00,0x00,0x00,0x07,0x00,0x07,0x00,0x07,0x00,0x00,0x00,0x07,0x00,0x07,0x00,0x07,0x00,0x00,0x00,0x00,0x00,0x00,0x00,0x00,0x00,
    0x00,0x00,0x07,0x00,0x07,0x00,0x07,0x00,0x00,0x00,0x70,0x00,0x70,0x00,0x70,0x00,0x00,0x00,0x07,0x00,0x07,0x00,0x07,0x00,0x00,0x00,0x07,0x00,0x07,0x00,0x07,0x00,0x00,0x00,0x00,0x00,0x00,0x00,0x00,0x00,
    0x00,0x00,0x77,0x00,0x77,0x00,0x77,0x00,0x00,0x00,0x70,0x00,0x70,0x00,0x70,0x00,0x00,0x00,0x07,0x00,0x07,0x00,0x07,0x00,0x00,0x00,0x07,0x00,0x07,0x00,0x07,0x00,0x00,0x00,0x00,0x00,0x00,0x00,0x00,0x00,
    0x00,0x00,0x07,0x00,0x07,0x00,0x07,0x00,0x00,0x00,0x00,0x00,0x00,0x00,0x00,0x00,0x00,0x00,0x77,0x00,0x77,0x00,0x77,0x00,0x00,0x00,0x07,0x00,0x07,0x00,0x07,0x00,0x00,0x00,0x00,0x00,0x00,0x00,0x00,0x00,
    0x00,0x00,0x77,0x00,0x77,0x00,0x77,0x00,0x00,0x00,0x00,0x00,0x00,0x00,0x00,0x00,0x00,0x00,0x77,0x00,0x77,0x00,0x77,0x00,0x00,0x00,0x07,0x00,0x07,0x00,0x07,0x00,0x00,0x00,0x00,0x00,0x00,0x00,0x00,0x00,
    0x00,0x00,0x07,0x00,0x07,0x00,0x07,0x00,0x00,0x00,0x70,0x00,0x70,0x00,0x70,0x00,0x00,0x00,0x77,0x00,0x77,0x00,0x77,0x00,0x00,0x00,0x07,0x00,0x07,0x00,0x07,0x00,0x00,0x00,0x00,0x00,0x00,0x00,0x00,0x00,
    0x00,0x00,0x77,0x00,0x77,0x00,0x77,0x00,0x00,0x00,0x70,0x00,0x70,0x00,0x70,0x00,0x00,0x00,0x77,0x00,0x77,0x00,0x77,0x00,0x00,0x00,0x07,0x00,0x07,0x00,0x07,0x00,0x00,0x00,0x00,0x00,0x00,0x00,0x00,0x00,
    0x00,0x00,0x00,0x00,0x00,0x00,0x00,0x00,0x00,0x00,0x07,0x00,0x07,0x00,0x07,0x00,0x00,0x00,0x07,0x00,0x07,0x00,0x07,0x00,0x00,0x00,0x07,0x00,0x07,0x00,0x07,0x00,0x00,0x00,0x00,0x00,0x00,0x00,0x00,0x00,
    0x00,0x00,0x70,0x00,0x70,0x00,0x70,0x00,0x00,0x00,0x07,0x00,0x07,0x00,0x07,0x00,0x00,0x00,0x07,0x00,0x07,0x00,0x07,0x00,0x00,0x00,0x07,0x00,0x07,0x00,0x07,0x00,0x00,0x00,0x00,0x00,0x00,0x00,0x00,0x00,
    0x00,0x00,0x00,0x00,0x00,0x00,0x00,0x00,0x00,0x00,0x77,0x00,0x77,0x00,0x77,0x00,0x00,0x00,0x07,0x00,0x07,0x00,0x07,0x00,0x00,0x00,0x07,0x00,0x07,0x00,0x07,0x00,0x00,0x00,0x00,0x00,0x00,0x00,0x00,0x00,
    0x00,0x00,0x70,0x00,0x70,0x00,0x70,0x00,0x00,0x00,0x77,0x00,0x77,0x00,0x77,0x00,0x00,0x00,0x07,0x00,0x07,0x00,0x07,0x00,0x00,0x00,0x07,0x00,0x07,0x00,0x07,0x00,0x00,0x00,0x00,0x00,0x00,0x00,0x00,0x00,
    0x00,0x00,0x00,0x00,0x00,0x00,0x00,0x00,0x00,0x00,0x07,0x00,0x07,0x00,0x07,0x00,0x00,0x00,0x77,0x00,0x77,0x00,0x77,0x00,0x00,0x00,0x07,0x00,0x07,0x00,0x07,0x00,0x00,0x00,0x00,0x00,0x00,0x00,0x00,0x00,
    0x00,0x00,0x70,0x00,0x70,0x00,0x70,0x00,0x00,0x00,0x07,0x00,0x07,0x00,0x07,0x00,0x00,0x00,0x77,0x00,0x77,0x00,0x77,0x00,0x00,0x00,0x07,0x00,0x07,0x00,0x07,0x00,0x00,0x00,0x00,0x00,0x00,0x00,0x00,0x00,
    0x00,0x00,0x00,0x00,0x00,0x00,0x00,0x00,0x00,0x00,0x77,0x00,0x77,0x00,0x77,0x00,0x00,0x00,0x77,0x00,0x77,0x00,0x77,0x00,0x00,0x00,0x07,0x00,0x07,0x00,0x07,0x00,0x00,0x00,0x00,0x00,0x00,0x00,0x00,0x00,
    0x00,0x00,0x70,0x00,0x70,0x00,0x70,0x00,0x00,0x00,0x77,0x00,0x77,0x00,0x77,0x00,0x00,0x00,0x77,0x00,0x77,0x00,0x77,0x00,0x00,0x00,0x07,0x00,0x07,0x00,0x07,0x00,0x00,0x00,0x00,0x00,0x00,0x00,0x00,0x00,
    0x00,0x00,0x07,0x00,0x07,0x00,0x07,0x00,0x00,0x00,0x07,0x00,0x07,0x00,0x07,0x00,0x00,0x00,0x07,0x00,0x07,0x00,0x07,0x00,0x00,0x00,0x07,0x00,0x07,0x00,0x07,0x00,0x00,0x00,0x00,0x00,0x00,0x00,0x00,0x00,
    0x00,0x00,0x77,0x00,0x77,0x00,0x77,0x00,0x00,0x00,0x07,0x00,0x07,0x00,0x07,0x00,0x00,0x00,0x07,0x00,0x07,0x00,0x07,0x00,0x00,0x00,0x07,0x00,0x07,0x00,0x07,0x00,0x00,0x00,0x00,0x00,0x00,0x00,0x00,0x00,
    0x00,0x00,0x07,0x00,0x07,0x00,0x07,0x00,0x00,0x00,0x77,0x00,0x77,0x00,0x77,0x00,0x00,0x00,0x07,0x00,0x07,0x00,0x07,0x00,0x00,0x00,0x07,0x00,0x07,0x00,0x07,0x00,0x00,0x00,0x00,0x00,0x00,0x00,0x00,0x00,
    0x00,0x00,0x77,0x00,0x77,0x00,0x77,0x00,0x00,0x00,0x77,0x00,0x77,0x00,0x77,0x00,0x00,0x00,0x07,0x00,0x07,0x00,0x07,0x00,0x00,0x00,0x07,0x00,0x07,0x00,0x07,0x00,0x00,0x00,0x00,0x00,0x00,0x00,0x00,0x00,
    0x00,0x00,0x07,0x00,0x07,0x00,0x07,0x00,0x00,0x00,0x07,0x00,0x07,0x00,0x07,0x00,0x00,0x00,0x77,0x00,0x77,0x00,0x77,0x00,0x00,0x00,0x07,0x00,0x07,0x00,0x07,0x00,0x00,0x00,0x00,0x00,0x00,0x00,0x00,0x00,
    0x00,0x00,0x77,0x00,0x77,0x00,0x77,0x00,0x00,0x00,0x07,0x00,0x07,0x00,0x07,0x00,0x00,0x00,0x77,0x00,0x77,0x00,0x77,0x00,0x00,0x00,0x07,0x00,0x07,0x00,0x07,0x00,0x00,0x00,0x00,0x00,0x00,0x00,0x00,0x00,
    0x00,0x00,0x07,0x00,0x07,0x00,0x07,0x00,0x00,0x00,0x77,0x00,0x77,0x00,0x77,0x00,0x00,0x00,0x77,0x00,0x77,0x00,0x77,0x00,0x00,0x00,0x07,0x00,0x07,0x00,0x07,0x00,0x00,0x00,0x00,0x00,0x00,0x00,0x00,0x00,
    0x00,0x00,0x77,0x00,0x77,0x00,0x77,0x00,0x00,0x00,0x77,0x00,0x77,0x00,0x77,0x00,0x00,0x00,0x77,0x00,0x77,0x00,0x77,0x00,0x00,0x00,0x07,0x00,0x07,0x00,0x07,0x00,0x00,0x00,0x00,0x00,0x00,0x00,0x00,0x00,
    0x00,0x00,0x00,0x00,0x00,0x00,0x00,0x00,0x00,0x00,0x00,0x00,0x00,0x00,0x00,0x00,0x00,0x00,0x00,0x00,0x00,0x00,0x00,0x00,0x00,0x00,0x77,0x00,0x77,0x00,0x77,0x00,0x00,0x00,0x00,0x00,0x00,0x00,0x00,0x00,
    0x00,0x00,0x70,0x00,0x70,0x00,0x70,0x00,0x00,0x00,0x00,0x00,0x00,0x00,0x00,0x00,0x00,0x00,0x00,0x00,0x00,0x00,0x00,0x00,0x00,0x00,0x77,0x00,0x77,0x00,0x77,0x00,0x00,0x00,0x00,0x00,0x00,0x00,0x00,0x00,
    0x00,0x00,0x00,0x00,0x00,0x00,0x00,0x00,0x00,0x00,0x70,0x00,0x70,0x00,0x70,0x00,0x00,0x00,0x00,0x00,0x00,0x00,0x00,0x00,0x00,0x00,0x77,0x00,0x77,0x00,0x77,0x00,0x00,0x00,0x00,0x00,0x00,0x00,0x00,0x00,
    0x00,0x00,0x70,0x00,0x70,0x00,0x70,0x00,0x00,0x00,0x70,0x00,0x70,0x00,0x70,0x00,0x00,0x00,0x00,0x00,0x00,0x00,0x00,0x00,0x00,0x00,0x77,0x00,0x77,0x00,0x77,0x00,0x00,0x00,0x00,0x00,0x00,0x00,0x00,0x00,
    0x00,0x00,0x00,0x00,0x00,0x00,0x00,0x00,0x00,0x00,0x00,0x00,0x00,0x00,0x00,0x00,0x00,0x00,0x70,0x00,0x70,0x00,0x70,0x00,0x00,0x00,0x77,0x00,0x77,0x00,0x77,0x00,0x00,0x00,0x00,0x00,0x00,0x00,0x00,0x00,
    0x00,0x00,0x70,0x00,0x70,0x00,0x70,0x00,0x00,0x00,0x00,0x00,0x00,0x00,0x00,0x00,0x00,0x00,0x70,0x00,0x70,0x00,0x70,0x00,0x00,0x00,0x77,0x00,0x77,0x00,0x77,0x00,0x00,0x00,0x00,0x00,0x00,0x00,0x00,0x00,
    0x00,0x00,0x00,0x00,0x00,0x00,0x00,0x00,0x00,0x00,0x70,0x00,0x70,0x00,0x70,0x00,0x00,0x00,0x70,0x00,0x70,0x00,0x70,0x00,0x00,0x00,0x77,0x00,0x77,0x00,0x77,0x00,0x00,0x00,0x00,0x00,0x00,0x00,0x00,0x00,
    0x00,0x00,0x70,0x00,0x70,0x00,0x70,0x00,0x00,0x00,0x70,0x00,0x70,0x00,0x70,0x00,0x00,0x00,0x70,0x00,0x70,0x00,0x70,0x00,0x00,0x00,0x77,0x00,0x77,0x00,0x77,0x00,0x00,0x00,0x00,0x00,0x00,0x00,0x00,0x00,
    0x00,0x00,0x07,0x00,0x07,0x00,0x07,0x00,0x00,0x00,0x00,0x00,0x00,0x00,0x00,0x00,0x00,0x00,0x00,0x00,0x00,0x00,0x00,0x00,0x00,0x00,0x77,0x00,0x77,0x00,0x77,0x00,0x00,0x00,0x00,0x00,0x00,0x00,0x00,0x00,
    0x00,0x00,0x77,0x00,0x77,0x00,0x77,0x00,0x00,0x00,0x00,0x00,0x00,0x00,0x00,0x00,0x00,0x00,0x00,0x00,0x00,0x00,0x00,0x00,0x00,0x00,0x77,0x00,0x77,0x00,0x77,0x00,0x00,0x00,0x00,0x00,0x00,0x00,0x00,0x00,
    0x00,0x00,0x07,0x00,0x07,0x00,0x07,0x00,0x00,0x00,0x70,0x00,0x70,0x00,0x70,0x00,0x00,0x00,0x00,0x00,0x00,0x00,0x00,0x00,0x00,0x00,0x77,0x00,0x77,0x00,0x77,0x00,0x00,0x00,0x00,0x00,0x00,0x00,0x00,0x00,
    0x00,0x00,0x77,0x00,0x77,0x00,0x77,0x00,0x00,0x00,0x70,0x00,0x70,0x00,0x70,0x00,0x00,0x00,0x00,0x00,0x00,0x00,0x00,0x00,0x00,0x00,0x77,0x00,0x77,0x00,0x77,0x00,0x00,0x00,0x00,0x00,0x00,0x00,0x00,0x00,
    0x00,0x00,0x07,0x00,0x07,0x00,0x07,0x00,0x00,0x00,0x00,0x00,0x00,0x00,0x00,0x00,0x00,0x00,0x70,0x00,0x70,0x00,0x70,0x00,0x00,0x00,0x77,0x00,0x77,0x00,0x77,0x00,0x00,0x00,0x00,0x00,0x00,0x00,0x00,0x00,
    0x00,0x00,0x77,0x00,0x77,0x00,0x77,0x00,0x00,0x00,0x00,0x00,0x00,0x00,0x00,0x00,0x00,0x00,0x70,0x00,0x70,0x00,0x70,0x00,0x00,0x00,0x77,0x00,0x77,0x00,0x77,0x00,0x00,0x00,0x00,0x00,0x00,0x00,0x00,0x00,
    0x00,0x00,0x07,0x00,0x07,0x00,0x07,0x00,0x00,0x00,0x70,0x00,0x70,0x00,0x70,0x00,0x00,0x00,0x70,0x00,0x70,0x00,0x70,0x00,0x00,0x00,0x77,0x00,0x77,0x00,0x77,0x00,0x00,0x00,0x00,0x00,0x00,0x00,0x00,0x00,
    0x00,0x00,0x77,0x00,0x77,0x00,0x77,0x00,0x00,0x00,0x70,0x00,0x70,0x00,0x70,0x00,0x00,0x00,0x70,0x00,0x70,0x00,0x70,0x00,0x00,0x00,0x77,0x00,0x77,0x00,0x77,0x00,0x00,0x00,0x00,0x00,0x00,0x00,0x00,0x00,
    0x00,0x00,0x00,0x00,0x00,0x00,0x00,0x00,0x00,0x00,0x07,0x00,0x07,0x00,0x07,0x00,0x00,0x00,0x00,0x00,0x00,0x00,0x00,0x00,0x00,0x00,0x77,0x00,0x77,0x00,0x77,0x00,0x00,0x00,0x00,0x00,0x00,0x00,0x00,0x00,
    0x00,0x00,0x70,0x00,0x70,0x00,0x70,0x00,0x00,0x00,0x07,0x00,0x07,0x00,0x07,0x00,0x00,0x00,0x00,0x00,0x00,0x00,0x00,0x00,0x00,0x00,0x77,0x00,0x77,0x00,0x77,0x00,0x00,0x00,0x00,0x00,0x00,0x00,0x00,0x00,
    0x00,0x00,0x00,0x00,0x00,0x00,0x00,0x00,0x00,0x00,0x77,0x00,0x77,0x00,0x77,0x00,0x00,0x00,0x00,0x00,0x00,0x00,0x00,0x00,0x00,0x00,0x77,0x00,0x77,0x00,0x77,0x00,0x00,0x00,0x00,0x00,0x00,0x00,0x00,0x00,
    0x00,0x00,0x70,0x00,0x70,0x00,0x70,0x00,0x00,0x00,0x77,0x00,0x77,0x00,0x77,0x00,0x00,0x00,0x00,0x00,0x00,0x00,0x00,0x00,0x00,0x00,0x77,0x00,0x77,0x00,0x77,0x00,0x00,0x00,0x00,0x00,0x00,0x00,0x00,0x00,
    0x00,0x00,0x00,0x00,0x00,0x00,0x00,0x00,0x00,0x00,0x07,0x00,0x07,0x00,0x07,0x00,0x00,0x00,0x70,0x00,0x70,0x00,0x70,0x00,0x00,0x00,0x77,0x00,0x77,0x00,0x77,0x00,0x00,0x00,0x00,0x00,0x00,0x00,0x00,0x00,
    0x00,0x00,0x70,0x00,0x70,0x00,0x70,0x00,0x00,0x00,0x07,0x00,0x07,0x00,0x07,0x00,0x00,0x00,0x70,0x00,0x70,0x00,0x70,0x00,0x00,0x00,0x77,0x00,0x77,0x00,0x77,0x00,0x00,0x00,0x00,0x00,0x00,0x00,0x00,0x00,
    0x00,0x00,0x00,0x00,0x00,0x00,0x00,0x00,0x00,0x00,0x77,0x00,0x77,0x00,0x77,0x00,0x00,0x00,0x70,0x00,0x70,0x00,0x70,0x00,0x00,0x00,0x77,0x00,0x77,0x00,0x77,0x00,0x00,0x00,0x00,0x00,0x00,0x00,0x00,0x00,
    0x00,0x00,0x70,0x00,0x70,0x00,0x70,0x00,0x00,0x00,0x77,0x00,0x77,0x00,0x77,0x00,0x00,0x00,0x70,0x00,0x70,0x00,0x70,0x00,0x00,0x00,0x77,0x00,0x77,0x00,0x77,0x00,0x00,0x00,0x00,0x00,0x00,0x00,0x00,0x00,
    0x00,0x00,0x07,0x00,0x07,0x00,0x07,0x00,0x00,0x00,0x07,0x00,0x07,0x00,0x07,0x00,0x00,0x00,0x00,0x00,0x00,0x00,0x00,0x00,0x00,0x00,0x77,0x00,0x77,0x00,0x77,0x00,0x00,0x00,0x00,0x00,0x00,0x00,0x00,0x00,
    0x00,0x00,0x77,0x00,0x77,0x00,0x77,0x00,0x00,0x00,0x07,0x00,0x07,0x00,0x07,0x00,0x00,0x00,0x00,0x00,0x00,0x00,0x00,0x00,0x00,0x00,0x77,0x00,0x77,0x00,0x77,0x00,0x00,0x00,0x00,0x00,0x00,0x00,0x00,0x00,
    0x00,0x00,0x07,0x00,0x07,0x00,0x07,0x00,0x00,0x00,0x77,0x00,0x77,0x00,0x77,0x00,0x00,0x00,0x00,0x00,0x00,0x00,0x00,0x00,0x00,0x00,0x77,0x00,0x77,0x00,0x77,0x00,0x00,0x00,0x00,0x00,0x00,0x00,0x00,0x00,
    0x00,0x00,0x77,0x00,0x77,0x00,0x77,0x00,0x00,0x00,0x77,0x00,0x77,0x00,0x77,0x00,0x00,0x00,0x00,0x00,0x00,0x00,0x00,0x00,0x00,0x00,0x77,0x00,0x77,0x00,0x77,0x00,0x00,0x00,0x00,0x00,0x00,0x00,0x00,0x00,
    0x00,0x00,0x07,0x00,0x07,0x00,0x07,0x00,0x00,0x00,0x07,0x00,0x07,0x00,0x07,0x00,0x00,0x00,0x70,0x00,0x70,0x00,0x70,0x00,0x00,0x00,0x77,0x00,0x77,0x00,0x77,0x00,0x00,0x00,0x00,0x00,0x00,0x00,0x00,0x00,
    0x00,0x00,0x77,0x00,0x77,0x00,0x77,0x00,0x00,0x00,0x07,0x00,0x07,0x00,0x07,0x00,0x00,0x00,0x70,0x00,0x70,0x00,0x70,0x00,0x00,0x00,0x77,0x00,0x77,0x00,0x77,0x00,0x00,0x00,0x00,0x00,0x00,0x00,0x00,0x00,
    0x00,0x00,0x07,0x00,0x07,0x00,0x07,0x00,0x00,0x00,0x77,0x00,0x77,0x00,0x77,0x00,0x00,0x00,0x70,0x00,0x70,0x00,0x70,0x00,0x00,0x00,0x77,0x00,0x77,0x00,0x77,0x00,0x00,0x00,0x00,0x00,0x00,0x00,0x00,0x00,
    0x00,0x00,0x77,0x00,0x77,0x00,0x77,0x00,0x00,0x00,0x77,0x00,0x77,0x00,0x77,0x00,0x00,0x00,0x70,0x00,0x70,0x00,0x70,0x00,0x00,0x00,0x77,0x00,0x77,0x00,0x77,0x00,0x00,0x00,0x00,0x00,0x00,0x00,0x00,0x00,
    0x00,0x00,0x00,0x00,0x00,0x00,0x00,0x00,0x00,0x00,0x00,0x00,0x00,0x00,0x00,0x00,0x00,0x00,0x07,0x00,0x07,0x00,0x07,0x00,0x00,0x00,0x77,0x00,0x77,0x00,0x77,0x00,0x00,0x00,0x00,0x00,0x00,0x00,0x00,0x00,
    0x00,0x00,0x70,0x00,0x70,0x00,0x70,0x00,0x00,0x00,0x00,0x00,0x00,0x00,0x00,0x00,0x00,0x00,0x07,0x00,0x07,0x00,0x07,0x00,0x00,0x00,0x77,0x00,0x77,0x00,0x77,0x00,0x00,0x00,0x00,0x00,0x00,0x00,0x00,0x00,
    0x00,0x00,0x00,0x00,0x00,0x00,0x00,0x00,0x00,0x00,0x70,0x00,0x70,0x00,0x70,0x00,0x00,0x00,0x07,0x00,0x07,0x00,0x07,0x00,0x00,0x00,0x77,0x00,0x77,0x00,0x77,0x00,0x00,0x00,0x00,0x00,0x00,0x00,0x00,0x00,
    0x00,0x00,0x70,0x00,0x70,0x00,0x70,0x00,0x00,0x00,0x70,0x00,0x70,0x00,0x70,0x00,0x00,0x00,0x07,0x00,0x07,0x00,0x07,0x00,0x00,0x00,0x77,0x00,0x77,0x00,0x77,0x00,0x00,0x00,0x00,0x00,0x00,0x00,0x00,0x00,
    0x00,0x00,0x00,0x00,0x00,0x00,0x00,0x00,0x00,0x00,0x00,0x00,0x00,0x00,0x00,0x00,0x00,0x00,0x77,0x00,0x77,0x00,0x77,0x00,0x00,0x00,0x77,0x00,0x77,0x00,0x77,0x00,0x00,0x00,0x00,0x00,0x00,0x00,0x00,0x00,
    0x00,0x00,0x70,0x00,0x70,0x00,0x70,0x00,0x00,0x00,0x00,0x00,0x00,0x00,0x00,0x00,0x00,0x00,0x77,0x00,0x77,0x00,0x77,0x00,0x00,0x00,0x77,0x00,0x77,0x00,0x77,0x00,0x00,0x00,0x00,0x00,0x00,0x00,0x00,0x00,
    0x00,0x00,0x00,0x00,0x00,0x00,0x00,0x00,0x00,0x00,0x70,0x00,0x70,0x00,0x70,0x00,0x00,0x00,0x77,0x00,0x77,0x00,0x77,0x00,0x00,0x00,0x77,0x00,0x77,0x00,0x77,0x00,0x00,0x00,0x00,0x00,0x00,0x00,0x00,0x00,
    0x00,0x00,0x70,0x00,0x70,0x00,0x70,0x00,0x00,0x00,0x70,0x00,0x70,0x00,0x70,0x00,0x00,0x00,0x77,0x00,0x77,0x00,0x77,0x00,0x00,0x00,0x77,0x00,0x77,0x00,0x77,0x00,0x00,0x00,0x00,0x00,0x00,0x00,0x00,0x00,
    0x00,0x00,0x07,0x00,0x07,0x00,0x07,0x00,0x00,0x00,0x00,0x00,0x00,0x00,0x00,0x00,0x00,0x00,0x07,0x00,0x07,0x00,0x07,0x00,0x00,0x00,0x77,0x00,0x77,0x00,0x77,0x00,0x00,0x00,0x00,0x00,0x00,0x00,0x00,0x00,
    0x00,0x00,0x77,0x00,0x77,0x00,0x77,0x00,0x00,0x00,0x00,0x00,0x00,0x00,0x00,0x00,0x00,0x00,0x07,0x00,0x07,0x00,0x07,0x00,0x00,0x00,0x77,0x00,0x77,0x00,0x77,0x00,0x00,0x00,0x00,0x00,0x00,0x00,0x00,0x00,
    0x00,0x00,0x07,0x00,0x07,0x00,0x07,0x00,0x00,0x00,0x70,0x00,0x70,0x00,0x70,0x00,0x00,0x00,0x07,0x00,0x07,0x00,0x07,0x00,0x00,0x00,0x77,0x00,0x77,0x00,0x77,0x00,0x00,0x00,0x00,0x00,0x00,0x00,0x00,0x00,
    0x00,0x00,0x77,0x00,0x77,0x00,0x77,0x00,0x00,0x00,0x70,0x00,0x70,0x00,0x70,0x00,0x00,0x00,0x07,0x00,0x07,0x00,0x07,0x00,0x00,0x00,0x77,0x00,0x77,0x00,0x77,0x00,0x00,0x00,0x00,0x00,0x00,0x00,0x00,0x00,
    0x00,0x00,0x07,0x00,0x07,0x00,0x07,0x00,0x00,0x00,0x00,0x00,0x00,0x00,0x00,0x00,0x00,0x00,0x77,0x00,0x77,0x00,0x77,0x00,0x00,0x00,0x77,0x00,0x77,0x00,0x77,0x00,0x00,0x00,0x00,0x00,0x00,0x00,0x00,0x00,
    0x00,0x00,0x77,0x00,0x77,0x00,0x77,0x00,0x00,0x00,0x00,0x00,0x00,0x00,0x00,0x00,0x00,0x00,0x77,0x00,0x77,0x00,0x77,0x00,0x00,0x00,0x77,0x00,0x77,0x00,0x77,0x00,0x00,0x00,0x00,0x00,0x00,0x00,0x00,0x00,
    0x00,0x00,0x07,0x00,0x07,0x00,0x07,0x00,0x00,0x00,0x70,0x00,0x70,0x00,0x70,0x00,0x00,0x00,0x77,0x00,0x77,0x00,0x77,0x00,0x00,0x00,0x77,0x00,0x77,0x00,0x77,0x00,0x00,0x00,0x00,0x00,0x00,0x00,0x00,0x00,
    0x00,0x00,0x77,0x00,0x77,0x00,0x77,0x00,0x00,0x00,0x70,0x00,0x70,0x00,0x70,0x00,0x00,0x00,0x77,0x00,0x77,0x00,0x77,0x00,0x00,0x00,0x77,0x00,0x77,0x00,0x77,0x00,0x00,0x00,0x00,0x00,0x00,0x00,0x00,0x00,
    0x00,0x00,0x00,0x00,0x00,0x00,0x00,0x00,0x00,0x00,0x07,0x00,0x07,0x00,0x07,0x00,0x00,0x00,0x07,0x00,0x07,0x00,0x07,0x00,0x00,0x00,0x77,0x00,0x77,0x00,0x77,0x00,0x00,0x00,0x00,0x00,0x00,0x00,0x00,0x00,
    0x00,0x00,0x70,0x00,0x70,0x00,0x70,0x00,0x00,0x00,0x07,0x00,0x07,0x00,0x07,0x00,0x00,0x00,0x07,0x00,0x07,0x00,0x07,0x00,0x00,0x00,0x77,0x00,0x77,0x00,0x77,0x00,0x00,0x00,0x00,0x00,0x00,0x00,0x00,0x00,
    0x00,0x00,0x00,0x00,0x00,0x00,0x00,0x00,0x00,0x00,0x77,0x00,0x77,0x00,0x77,0x00,0x00,0x00,0x07,0x00,0x07,0x00,0x07,0x00,0x00,0x00,0x77,0x00,0x77,0x00,0x77,0x00,0x00,0x00,0x00,0x00,0x00,0x00,0x00,0x00,
    0x00,0x00,0x70,0x00,0x70,0x00,0x70,0x00,0x00,0x00,0x77,0x00,0x77,0x00,0x77,0x00,0x00,0x00,0x07,0x00,0x07,0x00,0x07,0x00,0x00,0x00,0x77,0x00,0x77,0x00,0x77,0x00,0x00,0x00,0x00,0x00,0x00,0x00,0x00,0x00,
    0x00,0x00,0x00,0x00,0x00,0x00,0x00,0x00,0x00,0x00,0x07,0x00,0x07,0x00,0x07,0x00,0x00,0x00,0x77,0x00,0x77,0x00,0x77,0x00,0x00,0x00,0x77,0x00,0x77,0x00,0x77,0x00,0x00,0x00,0x00,0x00,0x00,0x00,0x00,0x00,
    0x00,0x00,0x70,0x00,0x70,0x00,0x70,0x00,0x00,0x00,0x07,0x00,0x07,0x00,0x07,0x00,0x00,0x00,0x77,0x00,0x77,0x00,0x77,0x00,0x00,0x00,0x77,0x00,0x77,0x00,0x77,0x00,0x00,0x00,0x00,0x00,0x00,0x00,0x00,0x00,
    0x00,0x00,0x00,0x00,0x00,0x00,0x00,0x00,0x00,0x00,0x77,0x00,0x77,0x00,0x77,0x00,0x00,0x00,0x77,0x00,0x77,0x00,0x77,0x00,0x00,0x00,0x77,0x00,0x77,0x00,0x77,0x00,0x00,0x00,0x00,0x00,0x00,0x00,0x00,0x00,
    0x00,0x00,0x70,0x00,0x70,0x00,0x70,0x00,0x00,0x00,0x77,0x00,0x77,0x00,0x77,0x00,0x00,0x00,0x77,0x00,0x77,0x00,0x77,0x00,0x00,0x00,0x77,0x00,0x77,0x00,0x77,0x00,0x00,0x00,0x00,0x00,0x00,0x00,0x00,0x00,
    0x00,0x00,0x07,0x00,0x07,0x00,0x07,0x00,0x00,0x00,0x07,0x00,0x07,0x00,0x07,0x00,0x00,0x00,0x07,0x00,0x07,0x00,0x07,0x00,0x00,0x00,0x77,0x00,0x77,0x00,0x77,0x00,0x00,0x00,0x00,0x00,0x00,0x00,0x00,0x00,
    0x00,0x00,0x77,0x00,0x77,0x00,0x77,0x00,0x00,0x00,0x07,0x00,0x07,0x00,0x07,0x00,0x00,0x00,0x07,0x00,0x07,0x00,0x07,0x00,0x00,0x00,0x77,0x00,0x77,0x00,0x77,0x00,0x00,0x00,0x00,0x00,0x00,0x00,0x00,0x00,
    0x00,0x00,0x07,0x00,0x07,0x00,0x07,0x00,0x00,0x00,0x77,0x00,0x77,0x00,0x77,0x00,0x00,0x00,0x07,0x00,0x07,0x00,0x07,0x00,0x00,0x00,0x77,0x00,0x77,0x00,0x77,0x00,0x00,0x00,0x00,0x00,0x00,0x00,0x00,0x00,
    0x00,0x00,0x77,0x00,0x77,0x00,0x77,0x00,0x00,0x00,0x77,0x00,0x77,0x00,0x77,0x00,0x00,0x00,0x07,0x00,0x07,0x00,0x07,0x00,0x00,0x00,0x77,0x00,0x77,0x00,0x77,0x00,0x00,0x00,0x00,0x00,0x00,0x00,0x00,0x00,
    0x00,0x00,0x07,0x00,0x07,0x00,0x07,0x00,0x00,0x00,0x07,0x00,0x07,0x00,0x07,0x00,0x00,0x00,0x77,0x00,0x77,0x00,0x77,0x00,0x00,0x00,0x77,0x00,0x77,0x00,0x77,0x00,0x00,0x00,0x00,0x00,0x00,0x00,0x00,0x00,
    0x00,0x00,0x77,0x00,0x77,0x00,0x77,0x00,0x00,0x00,0x07,0x00,0x07,0x00,0x07,0x00,0x00,0x00,0x77,0x00,0x77,0x00,0x77,0x00,0x00,0x00,0x77,0x00,0x77,0x00,0x77,0x00,0x00,0x00,0x00,0x00,0x00,0x00,0x00,0x00,
    0x00,0x00,0x07,0x00,0x07,0x00,0x07,0x00,0x00,0x00,0x77,0x00,0x77,0x00,0x77,0x00,0x00,0x00,0x77,0x00,0x77,0x00,0x77,0x00,0x00,0x00,0x77,0x00,0x77,0x00,0x77,0x00,0x00,0x00,0x00,0x00,0x00,0x00,0x00,0x00,
    0x00,0x00,0x77,0x00,0x77,0x00,0x77,0x00,0x00,0x00,0x77,0x00,0x77,0x00,0x77,0x00,0x00,0x00,0x77,0x00,0x77,0x00,0x77,0x00,0x00,0x00,0x77,0x00,0x77,0x00,0x77,0x00,0x00,0x00,0x00,0x00,0x00,0x00,0x00,0x00,
    0x00,0x00,0x00,0x00,0x00,0x00,0x1E,0x00,0x31,0x00,0x33,0x00,0x33,0x00,0x30,0x00,0x7F,0x00,0x33,0x00,0x33,0x00,0x33,0x00,0x33,0x00,0x33,0x00,0x33,0x00,0x37,0x80,0x00,0x00,0x00,0x00,0x00,0x00,0x00,0x00,
    0x00,0x00,0x00,0x00,0x00,0x00,0x1F,0x00,0x33,0x00,0x63,0x00,0x63,0x00,0x63,0x00,0xFB,0x00,0x63,0x00,0x63,0x00,0x63,0x00,0x63,0x00,0x63,0x00,0x63,0x00,0x67,0x80,0x00,0x00,0x00,0x00,0x00,0x00,0x00,0x00,
    0x00,0x00,0x00,0x00,0x00,0x00,0x3F,0x00,0x61,0x80,0x4C,0x80,0x4C,0x80,0x7C,0x80,0x79,0x80,0x73,0x80,0x73,0x80,0x73,0x80,0x7F,0x80,0x73,0x80,0x73,0x80,0x3F,0x00,0x00,0x00,0x00,0x00,0x00,0x00,0x00,0x00,
};
const GfxFont font_10x20 = { 10, 20, 16, 13, 1596, codes_10x20, rows_10x20 };

